ticker,trading_date,signal_date,entry_date,exit_date,open,high,low,close,volume,ma10_ma50_ratio,close_ma10_ratio,dist_ma10_ma50_pct,ma10_slope_3d,ma50_slope_3d,golden_cross,return_3d,return_5d,rsi,macd_hist,volume_ratio_20,volume_change_pct,atr_pct,rolling_std_10,body_ratio,upper_wick_ratio,lower_wick_ratio,close_position,entry_price,exit_price,future_max_return_h,future_min_return_h,realized_return_gross,realized_return_net,bars_held,exit_reason,target_hit,buy_label
ACB,2023-04-25,2023-04-25,2023-04-26,2023-05-05,14.25,14.33,14.13,14.16,6174679,,,,,,0,,,,0.0,,,,,0.4500000000000009,0.4000000000000018,0.14999999999999733,0.14999999999999733,14.16,14.45,0.024717514124293682,-0.008474576271186529,0.020480225988700473,0.017480225988700474,5.0,timeout,0.0,1.0
ACB,2023-04-26,2023-04-26,2023-04-27,2023-05-08,14.16,14.19,14.04,14.16,3857901,,,,,,0,,,,0.0,,-0.3752062252952745,,,0.0,0.19999999999999526,0.8000000000000047,0.8000000000000047,14.19,14.658269999999998,0.033121916842847154,-0.004228329809725095,0.03299999999999992,0.02999999999999992,5.0,target,1.0,1.0
ACB,2023-04-27,2023-04-27,2023-04-28,2023-05-08,14.19,14.33,14.13,14.16,2182535,,,,,,0,,,,0.0,,-0.434268790204829,,,0.14999999999999733,0.7000000000000053,0.14999999999999733,0.14999999999999733,14.19,14.658269999999998,0.03523608174770976,-0.002114164904862492,0.03299999999999992,0.02999999999999992,4.0,target,1.0,1.0
ACB,2023-04-28,2023-04-28,2023-05-04,2023-05-10,14.19,14.3,14.16,14.19,9771508,,,,,,0,0.0021186440677964935,,,0.0019145299145293393,,3.47713690731191,,,0.0,0.7857142857142911,0.21428571428570886,0.21428571428570886,14.25,14.6,0.03087719298245606,0.0,0.024561403508772006,0.021561403508772007,5.0,timeout,0.0,1.0
ACB,2023-05-04,2023-05-04,2023-05-05,2023-05-11,14.25,14.51,14.25,14.48,4305729,,,,,,0,0.02259887005649719,,,0.021516916258796925,,-0.5593588011185172,,,0.884615384615387,0.11538461538461302,0.0,0.884615384615387,14.36,14.6,0.024373259052924867,0.0,0.01671309192200554,0.013713091922005542,5.0,timeout,0.0,1.0
ACB,2023-05-05,2023-05-05,2023-05-08,2023-05-12,14.36,14.51,14.36,14.45,2625328,,,,,,0,0.020480225988700473,0.020480225988700473,,0.030707425032693435,,-0.3902709622458822,,,0.5999999999999976,0.40000000000000235,0.0,0.5999999999999976,14.45,14.66,0.01799307958477514,-0.0020761245674739692,0.01453287197231834,0.01153287197231834,5.0,timeout,0.0,1.0
ACB,2023-05-08,2023-05-08,2023-05-09,2023-05-15,14.45,14.66,14.42,14.63,2305309,,,,,,0,0.03100775193798455,0.03319209039548032,,0.04622190996913701,,-0.12189676870851951,,,0.7500000000000056,0.12499999999999722,0.12499999999999722,0.8750000000000028,14.66,14.66,0.011596180081855367,-0.008185538881309795,0.0,-0.003,5.0,timeout,0.0,0.0
ACB,2023-05-09,2023-05-09,2023-05-10,2023-05-16,14.66,14.69,14.54,14.6,3108187,,,,,,0,0.008287292817679592,0.031073446327683607,,0.05137978722738375,,0.3482734852464464,,,0.40000000000000235,0.19999999999999526,0.40000000000000235,0.40000000000000235,14.6,14.66,0.015753424657534376,-0.004109589041095929,0.004109589041095818,0.001109589041095818,5.0,timeout,0.0,1.0
ACB,2023-05-10,2023-05-10,2023-05-11,2023-05-17,14.6,14.63,14.54,14.6,1961379,,,,,,0,0.01038062283737018,0.028893587033121948,,0.05157338397128314,,-0.36896364343586796,,,0.0,0.3333333333333399,0.6666666666666601,0.6666666666666601,14.66,14.6,0.011596180081855367,-0.008185538881309795,-0.004092769440654842,-0.007092769440654842,5.0,timeout,0.0,0.0
ACB,2023-05-11,2023-05-11,2023-05-12,2023-05-18,14.66,14.71,14.54,14.6,2556201,,1.0136777060334652,,,,0,-0.002050580997949525,0.008287292817679592,,0.04852777102737389,,0.30326724207815015,,,0.35294117647058765,0.29411764705882476,0.35294117647058765,0.35294117647058765,14.66,14.66,0.011596180081855367,-0.008185538881309795,0.0,-0.003,5.0,timeout,0.0,0.0
ACB,2023-05-12,2023-05-12,2023-05-15,2023-05-19,14.66,14.69,14.54,14.66,2348036,,1.0143222860305818,,,,0,0.004109589041095818,0.01453287197231834,,0.047329995490949586,,-0.08143530184050474,,0.007304616048257239,0.0,0.19999999999999526,0.8000000000000047,0.8000000000000047,14.77,14.63,0.004062288422478133,-0.01760324983073802,-0.009478672985781866,-0.012478672985781866,5.0,timeout,0.0,0.0
ACB,2023-05-15,2023-05-15,2023-05-16,2023-05-22,14.77,14.83,14.63,14.66,6385662,,1.0108253464800385,,,,0,0.004109589041095818,0.002050580997949414,,0.043416263553169146,,1.719575849774024,,0.007304616048257239,0.5499999999999992,0.30000000000000354,0.14999999999999733,0.14999999999999733,14.66,14.69,0.005457025920873049,-0.01023192360163716,0.0020463847203273655,-0.0009536152796726345,5.0,timeout,0.0,0.0
ACB,2023-05-16,2023-05-16,2023-05-17,2023-05-23,14.66,14.69,14.6,14.66,1463588,,1.0073524359238644,,0.010414496979795906,,0,0.004109589041095818,0.004109589041095818,,0.03790643260830816,,-0.7708008973854238,,0.007304616048257239,0.0,0.33333333333332676,0.6666666666666733,0.6666666666666733,14.66,14.86,0.023874488403820004,-0.01023192360163716,0.013642564802182733,0.010642564802182734,5.0,timeout,0.0,1.0
ACB,2023-05-17,2023-05-17,2023-05-18,2023-05-24,14.66,14.74,14.57,14.6,3449491,,1.0004111278607648,,0.009755760049816598,,0,-0.004092769440654842,0.0,,0.027769575913420635,,1.3568729724485307,0.011839530332681035,0.00768909734471498,0.3529411764705913,0.47058823529411825,0.17647058823529044,0.17647058823529044,14.6,14.74,0.02808219178082183,-0.006164383561643838,0.009589041095890538,0.006589041095890538,5.0,timeout,0.0,1.0
ACB,2023-05-18,2023-05-18,2023-05-19,2023-05-25,14.6,14.71,14.57,14.66,3353042,,1.0032849712565015,,0.007515686409708344,,0,0.0,0.004109589041095818,83.78378378378353,0.022858807074515722,,-0.027960357049779283,0.011498733190411248,0.004698333770173424,0.4285714285714304,0.35714285714286076,0.21428571428570886,0.6428571428571392,14.69,14.71,0.021783526208305037,-0.012253233492171556,0.001361470388019148,-0.001638529611980852,5.0,timeout,0.0,0.0
ACB,2023-05-19,2023-05-19,2023-05-22,2023-05-26,14.69,14.69,14.51,14.63,4008117,,1.0,,0.005291005291005346,,0,-0.0020463847203273655,-0.0020463847203273655,80.51948051948037,0.015685389886016837,,0.19536737088291756,0.011668782345474095,0.0046963442015823306,0.33333333333332676,0.0,0.6666666666666733,0.6666666666666733,14.66,14.66,0.023874488403820004,-0.004092769440654842,0.0,-0.003,5.0,timeout,0.0,0.0
ACB,2023-05-22,2023-05-22,2023-05-23,2023-05-29,14.66,14.69,14.6,14.69,4585906,,1.0036895326591964,,0.002877895025352961,,0,0.006164383561643838,0.0020463847203273655,81.92771084337332,0.013177670496516636,,0.14415472402626972,0.011086258873869517,0.0028681027166108687,0.33333333333332676,0.0,0.6666666666666733,1.0,14.77,14.74,0.016249153689912088,-0.011509817197020933,-0.0020311442112389555,-0.0050311442112389556,5.0,timeout,0.0,0.0
ACB,2023-05-23,2023-05-23,2023-05-24,2023-05-24,14.77,15.01,14.66,14.86,21726379,,1.013504296821716,,0.003421845058855455,,0,0.013642564802182733,0.013642564802182733,84.53608247422665,0.020715687335361735,,3.7376415914325323,0.011968852143818515,0.004396195483310925,0.257142857142857,0.42857142857143005,0.314285714285713,0.57142857142857,14.95,14.651,0.0,-0.02341137123745818,-0.020000000000000018,-0.023000000000000017,1.0,stop,0.0,0.0
ACB,2023-05-24,2023-05-24,2023-05-25,2023-05-31,14.95,14.95,14.63,14.74,11051426,,1.004360861270101,,0.0031442241968555606,,0,0.007518796992481258,0.009589041095890538,66.24999999999994,0.015600683976295715,,-0.49133603901506095,0.012066291917038195,0.005388287391201897,0.6562500000000002,0.0,0.34374999999999983,0.34374999999999983,14.77,14.89,0.008124576844956044,-0.011509817197020933,0.008124576844956044,0.005124576844956044,5.0,timeout,0.0,1.0
ACB,2023-05-25,2023-05-25,2023-05-26,2023-06-01,14.77,14.77,14.6,14.71,8792333,,1.001566010757813,,0.003484558622574463,,0,0.001361470388019148,0.003410641200545683,66.25000000000009,0.008531182244253838,1.6587314565676337,-0.20441642553639683,0.012188015926969028,0.005466773401314596,0.3529411764705809,0.0,0.6470588235294191,0.6470588235294191,14.77,15.257409999999998,0.033175355450236976,-0.009478672985781866,0.03299999999999992,0.02999999999999992,5.0,target,1.0,1.0
ACB,2023-05-26,2023-05-26,2023-05-29,2023-06-01,14.77,14.77,14.63,14.66,8563241,,0.9981616395451759,,0.0017050879825402099,,0,-0.013458950201884257,0.002050580997949414,52.2388059701492,-0.000688563806822029,1.5799148456690988,-0.026055883006251057,0.011742350419021634,0.005471898952943831,0.7857142857142885,0.0,0.21428571428571155,0.21428571428571155,14.71,15.19543,0.054384772263766035,-0.003399048266485405,0.03299999999999992,0.02999999999999992,4.0,target,1.0,1.0
ACB,2023-05-29,2023-05-29,2023-05-30,2023-06-02,14.71,14.83,14.66,14.74,16577082,,1.0030622660768969,,0.0012946306895613713,,0,0.0,0.0034036759700477592,59.72222222222227,-0.002474861344514162,2.7372880518413405,0.9358420485888461,0.011775537894940877,0.005736139223365073,0.17647058823529044,0.5294117647058817,0.2941176470588278,0.47058823529411825,14.83,15.319389999999999,0.04855023600809183,-0.011463250168577188,0.03299999999999992,0.02999999999999992,4.0,target,1.0,1.0
ACB,2023-05-30,2023-05-30,2023-05-31,2023-06-01,14.83,14.83,14.66,14.77,22599203,,1.0043519651842785,,0.001293661060801865,,0,0.004078857919782353,-0.00605652759084796,61.333333333333364,-0.0026936191764696943,3.1933952999631963,0.36327991862500286,0.012138504690975906,0.005750185884043934,0.3529411764705913,0.0,0.6470588235294087,0.6470588235294087,14.77,15.257409999999998,0.05280974949221395,-0.007447528774542911,0.03299999999999992,0.02999999999999992,2.0,target,1.0,1.0
ACB,2023-05-31,2023-05-31,2023-06-01,2023-06-07,14.77,14.89,14.66,14.89,29156480,,1.010519172039362,,0.003268196364131448,,0,0.01568894952251032,0.010176390773405819,66.66666666666674,0.0038313232044297207,3.6236758726747813,0.2901552324654988,0.012328504269404185,0.0058998847248596335,0.5217391304347859,0.0,0.478260869565214,1.0,15.09,15.33,0.030483764082173792,-0.011928429423459175,0.015904572564612307,0.012904572564612308,5.0,timeout,0.0,1.0
ACB,2023-06-01,2023-06-01,2023-06-02,2023-06-08,15.09,15.26,14.91,15.02,12769486,,1.0168573556292737,,0.00517182715209219,,0,0.01899592944369055,0.021074099252209377,69.14893617021278,0.014870482247594491,1.5077391694688875,-0.5620360894044822,0.01326802358759747,0.006255115927316065,0.200000000000001,0.485714285714286,0.314285714285713,0.314285714285713,15.09,15.16,0.030483764082173792,-0.002650762094101977,0.004638833664678543,0.0016388336646785432,5.0,timeout,0.0,1.0
ACB,2023-06-02,2023-06-02,2023-06-05,2023-06-09,15.09,15.51,15.05,15.3,15034657,,1.0311362717347352,,0.008975928192574534,,0,0.035883547731889065,0.043656207366985056,76.22950819672135,0.0376991306169881,1.654021292805825,0.1773893639884958,0.014379084967320245,0.007827583623874914,0.45652173913043753,0.4565217391304337,0.08695652173912875,0.5434782608695663,15.44,15.1312,0.007124352331606243,-0.03173575129533679,-0.020000000000000018,-0.023000000000000017,5.0,stop,0.0,0.0
ACB,2023-06-05,2023-06-05,2023-06-06,2023-06-09,15.44,15.55,15.19,15.26,13849317,,1.0245048674051696,,0.010858500169664165,,0,0.02484889187374062,0.03527815468113982,73.8095238095238,0.046212910659544665,1.432644395837072,-0.07884050830025591,0.015680584160269604,0.008148558286718942,0.49999999999999756,0.3055555555555579,0.1944444444444446,0.1944444444444446,15.3,14.994,0.009150326797385588,-0.022875816993464193,-0.020000000000000018,-0.023000000000000017,4.0,stop,0.0,0.0
ACB,2023-06-06,2023-06-06,2023-06-07,2023-06-09,15.3,15.33,15.23,15.3,9945382,,1.0241649374121427,,0.011373637533004244,,0,0.018641810918775148,0.035883547731889065,78.22580645161294,0.05030818667584769,0.99366175058951,-0.28188646414837637,0.015312791783380008,0.007683604845647436,0.0,0.29999999999999466,0.7000000000000053,0.7000000000000053,15.3,14.994,0.009150326797385588,-0.022875816993464193,-0.020000000000000018,-0.023000000000000017,3.0,stop,0.0,0.0
ACB,2023-06-07,2023-06-07,2023-06-08,2023-06-09,15.3,15.44,15.3,15.33,9182063,,1.0221362848379782,,0.01078312441029805,,0,0.0019607843137254832,0.029550033579583523,77.68595041322315,0.0506665096613334,0.8854572560737737,-0.07675109915335576,0.015282825458950685,0.0066726172614968585,0.21428571428571155,0.7857142857142885,0.0,0.21428571428571155,15.3,14.994,0.004575163398692794,-0.022875816993464193,-0.020000000000000018,-0.023000000000000017,2.0,stop,0.0,0.0
ACB,2023-06-08,2023-06-08,2023-06-09,2023-06-15,15.3,15.37,15.16,15.16,9682980,,1.0077777039154423,,0.00993622020812368,,0,-0.006553079947575369,0.009320905459387463,69.6296296296296,0.03578478701308127,0.9027414949080421,0.05455386224206915,0.015595552205050862,0.00804789030526275,0.6666666666666723,0.3333333333333277,0.0,0.0,15.19,15.23,0.011849901250822859,-0.01579986833443059,0.0026333113890717463,-0.00036668861092825373,5.0,timeout,0.0,0.0
ACB,2023-06-09,2023-06-09,2023-06-12,2023-06-16,15.19,15.19,14.95,15.12,7469378,,1.0020544767711579,,0.010040832719726778,,0,-0.01176470588235301,-0.01176470588235301,66.16541353383457,0.020345759030629518,0.6801311895652377,-0.22860751545495295,0.016345427059712755,0.007983544496163305,0.2916666666666676,0.0,0.7083333333333324,0.7083333333333324,15.19,15.3,0.02106649111257397,-0.013824884792626668,0.0072416063199474134,0.004241606319947413,5.0,timeout,0.0,1.0
ACB,2023-06-12,2023-06-12,2023-06-13,2023-06-19,15.19,15.19,14.98,15.05,4291860,,0.9953703703703705,,0.008134417922389447,,0,-0.0182648401826484,-0.013761467889908174,57.72357723577242,0.0034058602052370324,0.39456052987861334,-0.42540597088539367,0.015757000474608426,0.008287290260842725,0.6666666666666639,0.0,0.33333333333333615,0.33333333333333615,15.09,15.19,0.027833001988071482,-0.004638833664678654,0.0066269052352552205,0.0036269052352552204,5.0,timeout,0.0,1.0
ACB,2023-06-13,2023-06-13,2023-06-14,2023-06-20,15.09,15.16,15.02,15.16,7973577,,1.0000659674120984,,0.007711227813600896,,0,0.0,-0.0091503267973857,67.21311475409834,-0.0021073210566887046,0.7117314271891544,0.8578371615103941,0.014794572182434964,0.008447947431699968,0.5,0.0,0.5,1.0,15.19,15.19,0.02106649111257397,-0.006583278472679366,0.0,-0.003,5.0,timeout,0.0,0.0
ACB,2023-06-14,2023-06-14,2023-06-15,2023-06-21,15.19,15.37,15.16,15.19,8033115,,1.0000658371189677,,0.006627344423089543,,0,0.004629629629629539,-0.0091324200913242,69.67213114754092,-0.005270057144746931,0.7026713163895489,0.00746691227788987,0.014953446816514606,0.008225365582999574,0.0,0.8571428571428595,0.14285714285714043,0.14285714285714043,15.19,15.23,0.02106649111257397,-0.006583278472679366,0.0026333113890717463,-0.00036668861092825373,5.0,timeout,0.0,0.0
ACB,2023-06-15,2023-06-15,2023-06-16,2023-06-22,15.19,15.23,15.12,15.23,5407844,,1.0013149243918473,,0.005952380952381153,,0,0.01196013289036535,0.00461741424802109,73.55371900826445,-0.006143595717173794,0.4688208130681468,-0.3268061019915687,0.014773473407747859,0.007892476480680128,0.36363636363636803,0.0,0.6363636363636319,1.0,15.23,15.19,0.018384766907419525,-0.009192383453709874,-0.0026263952724885353,-0.005626395272488535,5.0,timeout,0.0,0.0
ACB,2023-06-16,2023-06-16,2023-06-19,2023-06-23,15.23,15.51,15.16,15.3,14414202,,1.0059171597633136,,0.003364338017019408,,0,0.00923482849604218,0.011904761904762085,73.33333333333333,-0.00360798488861655,1.195673879600571,1.6654248902150286,0.01554621848739495,0.005315747948171093,0.200000000000001,0.599999999999998,0.200000000000001,0.400000000000002,15.3,15.37,0.004575163398692794,-0.013725490196078494,0.004575163398692794,0.0015751633986927941,5.0,timeout,0.0,1.0
ACB,2023-06-19,2023-06-19,2023-06-20,2023-06-26,15.3,15.33,15.16,15.19,4660937,,0.9991449056107348,,0.000921719665547549,,0,0.0,0.009302325581395321,66.40624999999996,-0.010547462331052027,0.38650956094200845,-0.6766427305514381,0.01565879808144455,0.005746424670061928,0.6470588235294191,0.17647058823529044,0.17647058823529044,0.17647058823529044,15.19,15.691269999999998,0.03949967083607642,-0.006583278472679366,0.03299999999999992,0.02999999999999992,5.0,target,1.0,1.0
ACB,2023-06-20,2023-06-20,2023-06-21,2023-06-26,15.19,15.23,15.09,15.19,5639608,,0.9998683517640864,,-0.0011834319526630166,,0,-0.0026263952724885353,0.0019788918205805306,62.931034482758555,-0.016017979844178548,0.5010887643110047,0.20997301615533526,0.015235587322486591,0.0056500043770664025,0.0,0.28571428571429114,0.7142857142857089,0.7142857142857089,15.16,15.660279999999998,0.04419525065963059,-0.0026385224274406704,0.03299999999999992,0.02999999999999992,4.0,target,1.0,1.0
ACB,2023-06-21,2023-06-21,2023-06-22,2023-06-26,15.16,15.23,15.12,15.23,5484088,,1.003161638782769,,-0.0018408941485864583,,0,-0.004575163398692794,0.0026333113890717463,59.81308411214953,-0.017691793395581856,0.49962803408182904,-0.027576384741634485,0.013976174842885283,0.005689153194461153,0.6363636363636319,0.0,0.36363636363636803,1.0,15.26,15.76358,0.03735255570117957,-0.006553079947575369,0.03299999999999992,0.02999999999999992,3.0,target,1.0,1.0
ACB,2023-06-22,2023-06-22,2023-06-23,2023-06-26,15.26,15.37,15.19,15.19,7976555,,1.000329272308199,,-0.0011839768466750389,,0,0.0,-0.0026263952724885353,43.37349397590357,-0.02196325231552876,0.7294148894302577,0.4544907010974295,0.012555252515752844,0.004458280176952802,0.38888888888889106,0.6111111111111089,0.0,0.0,15.23,15.73259,0.039395929087327586,-0.004596191726854881,0.03299999999999992,0.02999999999999992,2.0,target,1.0,1.0
ACB,2023-06-23,2023-06-23,2023-06-26,2023-06-30,15.23,15.37,15.16,15.37,11435894,,1.0105193951347795,,0.0011848341232230108,,0,0.011849901250822859,0.004575163398692794,55.670103092783464,-0.013549003358266198,1.0321962840336618,0.4336883529293034,0.011711125569290817,0.005630916244087681,0.6666666666666639,0.0,0.33333333333333615,1.0,15.58,15.48,0.016046213093709794,-0.01797175866495504,-0.006418485237483895,-0.009418485237483894,5.0,timeout,0.0,0.0
ACB,2023-06-26,2023-06-26,2023-06-27,2023-06-28,15.58,15.79,15.44,15.62,11788268,,1.0231217659003078,,0.005598735344486849,,0,0.025607353906762942,0.028308097432521384,63.55932203389822,0.006873430085773902,1.0875042103159496,0.030812982351882567,0.012987012987012977,0.00679585102654436,0.11428571428571196,0.485714285714286,0.400000000000002,0.514285714285714,15.83,15.513399999999999,0.0,-0.03348073278584962,-0.020000000000000018,-0.023000000000000017,2.0,stop,0.0,0.0
ACB,2023-06-27,2023-06-27,2023-06-28,2023-07-04,15.83,15.83,15.58,15.58,5623455,,1.0177020053563264,,0.008165953243332469,,0,0.025674786043449638,0.025674786043449638,60.50420168067225,0.015228994776684684,0.5628544724137695,-0.522961727710975,0.013524665321841186,0.006935998718398664,1.0,0.0,0.0,0.0,15.58,15.44,0.00898587933247752,-0.01797175866495504,-0.00898587933247752,-0.011985879332477519,5.0,timeout,0.0,0.0
ACB,2023-06-28,2023-06-28,2023-06-29,2023-06-30,15.58,15.72,15.51,15.65,8233359,,1.0192119830674047,,0.009533201840894012,,0,0.018217306441119074,0.027577150361129288,72.47706422018346,0.022568500459554802,0.9204630455036662,0.46411040899233647,0.013464171611136472,0.006950167978058575,0.3333333333333333,0.3333333333333333,0.3333333333333333,0.6666666666666666,15.65,15.337,0.004472843450479269,-0.022364217252396124,-0.020000000000000018,-0.023000000000000017,2.0,stop,0.0,0.0
ACB,2023-06-29,2023-06-29,2023-06-30,2023-07-06,15.65,15.72,15.37,15.37,8154546,,1.0000650660420327,,0.0066810768323835035,,0,-0.016005121638924424,0.011849901250822859,59.39849624060149,0.006498790510795827,0.9357924297981046,-0.009572399308714674,0.014220652476996014,0.00959930313018713,0.8,0.2,0.0,0.0,15.37,15.23,0.009108653220559537,-0.01171112556929077,-0.009108653220559426,-0.012108653220559425,5.0,timeout,0.0,0.0
ACB,2023-06-30,2023-06-30,2023-07-03,2023-07-07,15.37,15.48,15.3,15.48,5120663,,1.0060440631702086,,0.0050950421320792305,,0,-0.006418485237483895,0.0071567989590111125,65.69343065693424,0.00147311529619909,0.6230764283587643,-0.3720480576110552,0.013981173864894808,0.00974028220271543,0.6111111111111188,0.0,0.38888888888888123,1.0,15.48,15.1704,0.0019379844961240345,-0.025193798449612448,-0.020000000000000018,-0.023000000000000017,5.0,stop,0.0,0.0
ACB,2023-07-03,2023-07-03,2023-07-04,2023-07-07,15.48,15.51,15.4,15.48,4031764,,1.0041515308770108,,0.003972647346141223,,0,-0.010862619808306717,-0.008962868117797673,62.69841269841265,-0.0033902192539336795,0.521743908415954,-0.21264804967637985,0.013842746400885944,0.009306850412902398,0.0,0.2727272727272683,0.7272727272727316,0.7272727272727316,15.4,15.092,0.0071428571428571175,-0.02012987012987011,-0.020000000000000018,-0.023000000000000017,4.0,stop,0.0,0.0
ACB,2023-07-04,2023-07-04,2023-07-05,2023-07-07,15.4,15.48,15.37,15.44,4348820,,0.9999352373550936,,0.0046847550263517945,,0,0.00455432661027988,-0.00898587933247752,59.84251968503932,-0.010441837344501437,0.58391851130252,0.07863952354354065,0.013415988156920819,0.009401836913864313,0.3636363636363519,0.36363636363636803,0.2727272727272801,0.6363636363636319,15.44,15.1312,0.0136010362694301,-0.02266839378238339,-0.020000000000000018,-0.023000000000000017,3.0,stop,0.0,0.0
ACB,2023-07-05,2023-07-05,2023-07-06,2023-07-07,15.44,15.51,15.4,15.4,8126958,,0.9962478975287878,,0.004614284785858125,,0,-0.0051679586563307955,-0.015974440894568676,56.69291338582675,-0.018471572632086014,1.0989959415981045,0.8687731384605479,0.013450834879406317,0.00948732865862625,0.36363636363635776,0.6363636363636422,0.0,0.0,15.4,15.092,0.016233766233766156,-0.02012987012987011,-0.020000000000000018,-0.023000000000000017,2.0,stop,0.0,0.0
ACB,2023-07-06,2023-07-06,2023-07-07,2023-07-13,15.4,15.44,15.19,15.23,6426967,1.0338325755549613,0.9849954727719571,0.03383257555496123,0.002983912817851486,,0,-0.016149870801033583,-0.009108653220559426,47.44525547445255,-0.03494763668305184,0.8886731806224447,-0.20917925255673775,0.013131976362442559,0.010205320334596988,0.6799999999999997,0.1599999999999966,0.1600000000000037,0.1600000000000037,15.23,15.44,0.027577150361129288,-0.009192383453709874,0.013788575180564644,0.010788575180564645,5.0,timeout,0.0,1.0
ACB,2023-07-07,2023-07-07,2023-07-10,2023-07-14,15.23,15.26,15.09,15.23,7145078,1.031420673815215,0.9858881408596584,0.03142067381521488,0.0004533385143448143,,0,-0.013601036269429989,-0.016149870801033583,51.58730158730162,-0.04492533788518496,0.9901883179037716,0.11173404188943237,0.013131976362442559,0.009370284808005865,0.0,0.17647058823529044,0.8235294117647096,0.8235294117647096,15.26,15.44,0.025557011795543927,-0.001965923984272533,0.011795543905635641,0.008795543905635642,5.0,timeout,0.0,1.0
ACB,2023-07-10,2023-07-10,2023-07-11,2023-07-12,15.26,15.51,15.23,15.4,9036932,1.028249190118783,0.9983145339037987,0.028249190118782814,-0.002070125501358322,,0,0.0,-0.0051679586563307955,57.34265734265736,-0.039355546781988826,1.2125013492650707,0.2647772354619502,0.013636363636363643,0.008424262366303345,0.5000000000000032,0.39285714285714174,0.1071428571428551,0.6071428571428583,15.65,15.337,0.0,-0.022364217252396124,-0.020000000000000018,-0.023000000000000017,2.0,stop,0.0,0.0
ACB,2023-07-11,2023-07-11,2023-07-12,2023-07-18,15.65,15.65,15.4,15.44,8851484,1.025565951103954,1.0018167661562418,0.025565951103954116,-0.0032337343163885146,0.004800748863332371,0,0.013788575180564644,0.0,57.342657342657304,-0.03253946340443559,1.1806659062452205,-0.02052112376191384,0.014248704663212436,0.00850185622237272,0.8400000000000034,0.0,0.1599999999999966,0.1599999999999966,15.58,15.44,0.0,-0.01797175866495504,-0.00898587933247752,-0.011985879332477519,5.0,timeout,0.0,0.0
ACB,2023-07-12,2023-07-12,2023-07-13,2023-07-19,15.58,15.58,15.3,15.33,5187652,1.0218861706510038,0.9967490247074123,0.021886170651003806,-0.004401864319005688,0.004887363627866126,0,0.006565988181221227,-0.004545454545454519,54.666666666666686,-0.03479802408119852,0.7053468017562573,-0.4139229082942476,0.014816885658372936,0.008481376692261315,0.8928571428571449,0.0,0.1071428571428551,0.1071428571428551,15.44,15.44,0.007124352331606243,-0.009067357512953289,0.0,-0.003,5.0,timeout,0.0,0.0
ACB,2023-07-13,2023-07-13,2023-07-14,2023-07-20,15.44,15.44,15.3,15.44,6743968,1.0210487199564693,1.0034444661077533,0.02104871995646921,-0.0025281991443019125,0.004506005785818168,0,0.0025974025974024872,0.013788575180564644,52.44755244755246,-0.028506800587681486,0.9086995309436228,0.300003932414896,0.014387490747594373,0.006813316977531095,0.0,0.0,1.0,1.0,15.48,15.44,0.004521963824289488,-0.011627906976744207,-0.0025839793281654533,-0.005583979328165453,5.0,timeout,0.0,0.0
ACB,2023-07-14,2023-07-14,2023-07-17,2023-07-21,15.48,15.51,15.3,15.44,6901344,1.0194438553705865,1.0037053890658518,0.01944385537058637,-0.0018816506618219986,0.004112378392046923,0,0.0,0.013788575180564644,42.372881355932215,-0.02414150459943573,0.9794813081107825,0.023335816540054788,0.013415988156920794,0.006396651641133672,0.1904761904761957,0.14285714285714043,0.6666666666666639,0.6666666666666639,15.48,15.51,0.004521963824289488,-0.009689922480620172,0.0019379844961240345,-0.0010620155038759656,5.0,timeout,0.0,0.0
ACB,2023-07-17,2023-07-17,2023-07-18,2023-07-24,15.48,15.48,15.37,15.44,6536400,1.0180857683803575,1.0039664477534298,0.0180857683803574,-6.501950585158234e-05,0.0036676278686562647,0,0.0071754729288975305,0.0025974025974024872,43.85964912280699,-0.021157155316782528,0.9155019143232707,-0.052880134652033006,0.012768319763138416,0.006396651641133672,0.36363636363636803,0.0,0.6363636363636319,0.6363636363636319,15.37,15.48,0.013662979830839417,-0.002602472348731233,0.0071567989590111125,0.0041567989590111125,5.0,timeout,0.0,1.0
ACB,2023-07-18,2023-07-18,2023-07-19,2023-07-25,15.37,15.44,15.33,15.44,6804309,1.016954756457223,1.0039664477534298,0.016954756457223035,-0.0005199194124909656,0.00350369613398982,0,0.0,0.0,40.186915887850425,-0.01914657975999204,0.9453153250328302,0.04098724068294479,0.012305699481865278,0.006343426521160566,0.6363636363636422,0.0,0.36363636363635776,1.0,15.44,15.65,0.0226683937823835,-0.0045336787564767,0.0136010362694301,0.010601036269430101,5.0,timeout,0.0,1.0
ACB,2023-07-19,2023-07-19,2023-07-20,2023-07-26,15.44,15.55,15.4,15.44,9572664,1.0160904659365628,1.0037053890658518,0.016090465936562923,0.0,0.0033002862898949825,0,0.0,0.0071754729288975305,54.43037974683546,-0.017808105474216462,1.293191868424558,0.40685321610173797,0.011380458919319011,0.006277605469394324,0.0,0.7333333333333396,0.26666666666666033,0.26666666666666033,15.44,15.65,0.0226683937823835,-0.0045336787564767,0.0136010362694301,0.010601036269430101,5.0,timeout,0.0,1.0
ACB,2023-07-20,2023-07-20,2023-07-21,2023-07-27,15.44,15.48,15.37,15.44,6295568,1.0163497446589513,1.002337055310309,0.01634974465895132,0.0016255933415696422,0.0033364667875916965,0,0.0,0.0,47.05882352941169,-0.016920468003547698,0.8602495114766778,-0.3423389769033991,0.011056624722427825,0.004882064868613689,0.0,0.36363636363636803,0.6363636363636319,0.6363636363636319,15.44,15.55,0.0226683937823835,-0.0045336787564767,0.007124352331606243,0.004124352331606243,5.0,timeout,0.0,1.0
ACB,2023-07-21,2023-07-21,2023-07-24,2023-07-28,15.44,15.51,15.37,15.51,6693129,1.0170563888962116,1.005054432348367,0.01705638889621168,0.003446257884127446,0.0033459854786874743,0,0.0045336787564767,0.0045336787564767,51.999999999999964,-0.011856136100917042,0.9452014854501936,0.06314934569843422,0.011144883485309016,0.004949603541234347,0.5,0.0,0.5,1.0,15.51,15.58,0.01805286911669879,-0.007092198581560294,0.004513217279174642,0.0015132172791746416,5.0,timeout,0.0,1.0
ACB,2023-07-24,2023-07-24,2023-07-25,2023-07-31,15.51,15.58,15.4,15.48,6773899,1.0164849633960076,1.0025906735751298,0.016484963396007617,0.0037053890658516053,0.0033158513547433266,0,0.002590673575129543,0.002590673575129543,52.70270270270277,-0.010794157540439622,0.991721048104905,0.012067599474027801,0.011489479512735318,0.00380834909325992,0.16666666666666338,0.38888888888889106,0.44444444444444553,0.44444444444444553,15.44,15.949519999999998,0.04339378238341962,0.0,0.03299999999999992,0.02999999999999992,5.0,target,1.0,1.0
ACB,2023-07-25,2023-07-25,2023-07-26,2023-08-01,15.44,15.79,15.44,15.65,13720647,1.0165424014096545,1.0122243063191256,0.016542401409654427,0.003700337574655821,0.003510114672543141,0,0.0136010362694301,0.0136010362694301,64.36781609195407,0.0004916876446688645,1.8963460647916757,1.0255169142616385,0.01246006389776357,0.005039370278650141,0.6000000000000031,0.39999999999999697,0.0,0.6000000000000031,15.65,16.166449999999998,0.04281150159744418,-0.010862619808306717,0.03299999999999992,0.02999999999999992,5.0,target,1.0,1.0
ACB,2023-07-26,2023-07-26,2023-07-27,2023-08-01,15.65,15.76,15.58,15.65,5979075,1.0172418321252232,1.0101336087265216,0.017241832125223292,0.003952825298082052,0.0037698046555769693,0,0.009026434558349505,0.0136010362694301,80.0000000000001,0.006743908202703847,0.8394519673090701,-0.5642279114097171,0.012140575079872198,0.004127155702512625,0.0,0.6111111111111089,0.38888888888889106,0.38888888888889106,15.65,16.166449999999998,0.04281150159744418,-0.010862619808306717,0.03299999999999992,0.02999999999999992,4.0,target,1.0,1.0
ACB,2023-07-27,2023-07-27,2023-07-28,2023-07-31,15.65,15.69,15.48,15.55,7216455,1.0167757505803965,1.0029669762641897,0.01677575058039654,0.004145077720207446,0.0038579027755831774,0,0.004521963824289488,0.007124352331606243,70.00000000000009,0.003116261516334956,1.0198943458338643,0.20695174420792517,0.012402388608176378,0.004479028514582025,0.4761904761904766,0.19047619047618725,0.33333333333333615,0.33333333333333615,15.58,16.09414,0.05840821566110388,-0.006418485237483895,0.03299999999999992,0.02999999999999992,2.0,target,1.0,1.0
ACB,2023-07-28,2023-07-28,2023-07-31,2023-08-01,15.58,15.72,15.48,15.58,8620038,1.0164273737162017,1.0039953602268334,0.016427373716201815,0.0036866955565615367,0.0038002814049207245,0,-0.004472843450479269,0.004513217279174642,63.63636363636368,0.0017754663856555802,1.1888629328522073,0.1944975753330409,0.012195121951219506,0.004486154299440671,0.0,0.5833333333333351,0.4166666666666648,0.4166666666666648,15.79,16.311069999999997,0.08423052564914513,-0.0018999366687776353,0.03299999999999992,0.02999999999999992,2.0,target,1.0,1.0
ACB,2023-07-31,2023-07-31,2023-08-01,2023-08-01,15.79,16.11,15.76,16.11,19225216,1.018920473861764,1.0336862367661213,0.018920473861764087,0.005938165623184499,0.004280911860489622,0,0.029392971246006372,0.0406976744186045,79.13043478260877,0.033843097464514804,2.4000528867090454,1.2302936483574665,0.013035381750465539,0.011355742047695757,0.914285714285716,0.0,0.08571428571428398,1.0,16.32,15.9936,0.0490196078431373,-0.021446078431372473,-0.020000000000000018,-0.023000000000000017,1.0,stop,0.0,0.0
ACB,2023-08-01,2023-08-01,2023-08-02,2023-08-04,16.32,16.32,15.97,16.04,13724041,1.0212674291085697,1.0252476829658037,0.021267429108569703,0.00909442724458187,0.0046562872994844184,0,0.031511254019292556,0.024920127795527103,81.981981981982,0.046801711096863874,1.6185745236470628,-0.28614372915237984,0.013403990024937648,0.011619221332058036,0.800000000000004,0.0,0.19999999999999593,0.19999999999999593,16.0,16.528,0.07000000000000006,0.0,0.03299999999999992,0.02999999999999992,3.0,target,1.0,1.0
ACB,2023-08-02,2023-08-02,2023-08-03,2023-08-04,16.0,16.25,16.0,16.21,12414957,1.0243279517350117,1.0310393079760845,0.024327951735011673,0.013146023972161469,0.005331691469293576,0,0.04043645699614906,0.03578274760383393,82.90598290598297,0.062313419606865095,1.4280749569751388,-0.09538619128287362,0.013748127258306157,0.011709071472179707,0.8400000000000034,0.1599999999999966,0.0,0.8400000000000034,16.18,16.713939999999997,0.05809641532756493,-0.0024721878862793423,0.03299999999999992,0.02999999999999992,2.0,target,1.0,1.0
ACB,2023-08-03,2023-08-03,2023-08-04,2023-08-04,16.18,16.49,16.14,16.46,17019126,1.028627889440703,1.0401921132457026,0.028627889440703106,0.015335258261148788,0.005753288527419631,0,0.02172563625077606,0.058520900321543445,85.91549295774652,0.08357559734995501,1.8452719433536175,0.37085662076799775,0.01414684950529421,0.011998335779000549,0.8000000000000081,0.08571428571427933,0.11428571428571255,0.9142857142857207,16.56,17.106479999999998,0.0338164251207731,-0.029589371980676238,0.03299999999999992,0.02999999999999992,1.0,target,1.0,1.0
ACB,2023-08-04,2023-08-04,2023-08-07,2023-08-08,16.56,17.12,16.32,17.12,18679690,1.0357809341143536,1.0710040663121678,0.035780934114353666,0.021732182806008193,0.007415530837119766,0,0.06733167082294278,0.09884467265725294,90.38461538461542,0.13330221578514098,1.906123940092551,0.09757046278404657,0.016480307076101458,0.01597006718870995,0.7000000000000022,0.0,0.29999999999999777,1.0,16.81,16.473799999999997,0.0041641879833431705,-0.05651397977394401,-0.02000000000000013,-0.023000000000000128,2.0,stop,0.0,0.0
ACB,2023-08-07,2023-08-07,2023-08-08,2023-08-08,16.81,16.88,16.56,16.67,28102625,1.0408883488242824,1.0351465474416293,0.04088834882428234,0.024297163210787565,0.008000729708247167,0,0.028377544725478154,0.03476101800124165,74.30830039525696,0.12712161313891923,2.613440542460148,0.5044481466234183,0.018853372182706316,0.0194710959268132,0.4374999999999903,0.2187500000000007,0.343750000000009,0.343750000000009,16.7,16.366,0.004191616766467066,-0.05029940119760479,-0.020000000000000018,-0.023000000000000017,1.0,stop,0.0,0.0
ACB,2023-08-08,2023-08-08,2023-08-09,2023-08-10,16.7,16.77,16.35,16.42,15277376,1.0436392249941953,1.0147704097398182,0.04363922499419535,0.02256066734074813,0.007852518266205477,0,-0.002430133657351119,0.023690773067331916,67.62589928057558,0.09869724171853933,1.3795206650735072,-0.4563719225517189,0.020314946928832425,0.020666536811903814,0.6666666666666639,0.16666666666666807,0.16666666666666807,0.16666666666666807,16.42,16.0916,0.008526187576126443,-0.03410475030450688,-0.02000000000000013,-0.023000000000000128,2.0,stop,0.0,0.0
ACB,2023-08-09,2023-08-09,2023-08-10,2023-08-11,16.42,16.56,16.25,16.28,15564910,1.045827377963199,1.0022162029056882,0.045827377963199044,0.01620269002189545,0.006440827328805909,0,-0.0490654205607477,0.0043183220234424,64.38356164383565,0.0646159515244984,1.3425813007222807,0.01882090222823596,0.021367146367146345,0.0210679395152685,0.45161290322581016,0.45161290322579867,0.09677419354839116,0.09677419354839116,16.32,15.9936,0.004289215686274606,-0.028186274509803932,-0.020000000000000018,-0.023000000000000017,2.0,stop,0.0,0.0
ACB,2023-08-10,2023-08-10,2023-08-11,2023-08-17,16.32,16.39,16.07,16.07,12699456,1.0477586605971763,0.9861315660284733,0.0477586605971762,0.011922503725782185,0.00528717504556786,0,-0.035992801439712174,-0.0236938031591738,59.15032679738563,0.024161102493263975,1.0679847452447677,-0.18409704906742153,0.022446439683527403,0.0215254499380947,0.7812499999999993,0.2187500000000007,0.0,0.0,16.11,15.93,0.013035381750465591,-0.015518311607697122,-0.011173184357541888,-0.014173184357541887,5.0,timeout,0.0,0.0
ACB,2023-08-11,2023-08-11,2023-08-14,2023-08-18,16.11,16.14,15.86,16.07,9164105,1.0498696093418804,0.9831752829611501,0.049869609341880484,0.010135343921883866,0.004140760042310676,0,-0.021315468940316773,-0.06133177570093462,59.735973597359724,-0.004821218344246592,0.7634092222326176,-0.2783860190546744,0.022890923637656664,0.021549737053146202,0.14285714285713924,0.10714285714286077,0.75,0.75,16.07,15.7486,0.01555693839452399,-0.043559427504667125,-0.020000000000000018,-0.023000000000000017,5.0,stop,0.0,0.0
ACB,2023-08-14,2023-08-14,2023-08-15,2023-08-18,16.07,16.18,16.0,16.18,10446424,1.0490793610059665,0.9894814090019569,0.04907936100596655,0.006648608717064741,0.003528154414699891,0,-0.006142506142506221,-0.02939412117576501,58.922558922558906,-0.018062548068633943,0.8562863362338315,0.13992844909568358,0.02198481370298427,0.0187827103742605,0.6111111111111089,0.0,0.38888888888889106,1.0,16.25,15.924999999999999,0.004307692307692346,-0.05661538461538462,-0.020000000000000018,-0.023000000000000017,4.0,stop,0.0,0.0
ACB,2023-08-15,2023-08-15,2023-08-16,2023-08-18,16.25,16.32,16.04,16.04,6464684,1.0480841954133497,0.9809197651663404,0.04808419541334983,0.0034364261168384758,0.003124758892060875,0,-0.0018668326073429942,-0.023142509135201106,56.27009646302249,-0.03665684488627036,0.5306444174740595,-0.3811581838914446,0.022622016387602414,0.018957076864935016,0.75,0.25,0.0,0.0,16.04,15.719199999999999,0.008728179551122262,-0.05486284289276799,-0.020000000000000018,-0.023000000000000017,3.0,stop,0.0,0.0
ACB,2023-08-16,2023-08-16,2023-08-17,2023-08-18,16.04,16.18,16.0,16.07,8402525,1.0461944341277871,0.9835965234422818,0.046194434127787155,-0.0004282655246253819,0.0030831288619399544,0,0.0,-0.012899262899262909,58.552631578947356,-0.046698982795536165,0.6930376330975742,0.29975803921738486,0.02244643968352742,0.01862103698711788,0.16666666666667324,0.6111111111111089,0.22222222222221782,0.38888888888889106,16.11,15.787799999999999,0.0018621973929238145,-0.05896958410924891,-0.020000000000000018,-0.023000000000000017,2.0,stop,0.0,0.0
ACB,2023-08-17,2023-08-17,2023-08-18,2023-08-18,16.11,16.14,15.93,15.93,10125955,1.041773285568066,0.9782007982806261,0.041773285568065886,-0.004097358121330497,0.002887021235644882,0,-0.015451174289246028,-0.008711885500933492,55.555555555555536,-0.06159693414181042,0.8221977890340633,0.20510858343176608,0.022509192000717423,0.017845289957059498,0.8571428571428523,0.14285714285714768,0.0,0.0,15.93,15.6114,0.0,-0.048336472065285574,-0.020000000000000018,-0.023000000000000017,1.0,stop,0.0,0.0
ACB,2023-08-18,2023-08-18,2023-08-21,2023-08-25,15.93,15.93,15.37,15.37,20459276,1.0302487689454503,0.9540657976412165,0.030248768945450172,-0.014799412915851073,0.0022561499314182054,0,-0.04177057356608482,-0.043559427504667125,38.36477987421386,-0.10542046698112814,1.5733034636048042,1.020478661025059,0.023468723859094716,0.012725130517373135,1.0,0.0,0.0,0.0,15.33,15.4,0.020874103065883887,-0.01108936725375076,0.004566210045662045,0.0015662100456620446,5.0,timeout,0.0,1.0
ACB,2023-08-21,2023-08-21,2023-08-22,2023-08-22,15.33,15.58,15.33,15.44,7981455,1.0218730824299447,0.9657847000688059,0.021873082429944776,-0.02148365773044436,0.001805770782372651,0,-0.039203484754200435,-0.04573547589616811,40.56603773584907,-0.12463128913851032,0.6109315315148988,-0.6098857554881219,0.02289970392301999,0.012243071569974484,0.4399999999999977,0.5600000000000023,0.0,0.4399999999999977,15.51,15.1998,0.009026434558349505,-0.022566086395873652,-0.020000000000000018,-0.023000000000000017,1.0,stop,0.0,0.0
ACB,2023-08-22,2023-08-22,2023-08-23,2023-08-29,15.51,15.55,15.16,15.48,9072597,1.0154492946227764,0.9740137167306361,0.0154492946227765,-0.02407123119435084,0.001228249744114951,0,-0.02824858757062143,-0.03491271820448871,38.03278688524591,-0.1290387480222939,0.7070291065243434,0.13670966008077468,0.023486526393503147,0.012320172422919983,0.07692307692307516,0.10256410256410478,0.82051282051282,0.82051282051282,15.58,15.48,0.00449293966623876,-0.016046213093709905,-0.006418485237483895,-0.009418485237483894,5.0,timeout,0.0,0.0
ACB,2023-08-23,2023-08-23,2023-08-24,2023-08-30,15.58,15.65,15.33,15.33,5548662,1.0091989267918746,0.9703759969616406,0.009198926791874517,-0.01936685288640605,0.0010871650572359393,0,-0.002602472348731233,-0.04604853764779093,30.847457627118658,-0.13576795003408187,0.4331346354493944,-0.38841524648344905,0.023576553909234944,0.012354146369579811,0.7812499999999993,0.2187500000000007,0.0,0.0,15.33,15.76,0.030006523157207976,0.0,0.028049575994781417,0.025049575994781418,5.0,timeout,0.0,1.0
ACB,2023-08-24,2023-08-24,2023-08-25,2023-08-31,15.33,15.62,15.33,15.48,5315411,1.0051088830704387,0.9835440625198553,0.00510888307043873,-0.015512603990742502,0.0009076498261402222,0,0.002590673575129543,-0.02824858757062143,16.393442622950886,-0.1241448780034665,0.41802852785955913,-0.042037341614969526,0.02099483204134368,0.012997053235170484,0.5172413793103475,0.4827586206896524,0.0,0.5172413793103475,15.44,15.86,0.0272020725388602,-0.007124352331606132,0.0272020725388602,0.0242020725388602,5.0,timeout,0.0,1.0
ACB,2023-08-25,2023-08-25,2023-08-28,2023-09-05,15.44,15.48,15.33,15.4,5381608,1.0007023817125345,0.9826442062276671,0.0007023817125343854,-0.013905492984332746,0.0006261500715598611,0,-0.0051679586563307955,0.0019518542615486467,19.3236714975846,-0.1160233681769312,0.4286936613666608,0.012453787675120509,0.019202226345083492,0.012938127042440328,0.26666666666666033,0.2666666666666722,0.46666666666666745,0.46666666666666745,15.44,15.949519999999998,0.04792746113989632,-0.002590673575129432,0.03299999999999992,0.02999999999999992,5.0,target,1.0,1.0
ACB,2023-08-28,2023-08-28,2023-08-29,2023-09-05,15.44,15.51,15.4,15.48,5160556,0.9958638649883831,0.9921804896808103,-0.004136135011616921,-0.012406633751107954,0.00081768238150004,0,0.009784735812133016,0.002590673575129543,25.263157894736878,-0.10004704573263176,0.43547996381635784,-0.041075455514411274,0.01767257290513105,0.012791671635694623,0.3636363636363739,0.2727272727272683,0.36363636363635776,0.7272727272727316,15.48,15.990839999999999,0.04521963824289399,-0.0051679586563307955,0.03299999999999992,0.02999999999999992,4.0,target,1.0,1.0
ACB,2023-08-29,2023-08-29,2023-08-30,2023-09-05,15.48,15.58,15.4,15.48,5778718,0.9919222081849853,0.995754534928599,-0.008077791815014616,-0.012262532562424378,0.0008685101219745306,0,0.0,0.0,27.272727272727323,-0.0848623697854278,0.504559073915775,0.11978593004319693,0.01707272056109267,0.012760003667675981,0.0,0.5555555555555545,0.44444444444444553,0.44444444444444553,15.48,15.990839999999999,0.04974160206718348,0.0,0.03299999999999992,0.02999999999999992,3.0,target,1.0,1.0
ACB,2023-08-30,2023-08-30,2023-08-31,2023-09-08,15.48,15.79,15.48,15.76,7229547,0.9892751479289942,1.0157911698356428,-0.01072485207100584,-0.010017866258295038,0.0014175340016602256,0,0.023376623376623273,0.028049575994781417,41.53005464480874,-0.05290752395492395,0.6458565265519545,0.2510641633663384,0.016724075416968825,0.014435194488213265,0.9032258064516145,0.09677419354838543,0.0,0.9032258064516145,15.76,15.97,0.03109137055837574,0.0,0.01332487309644681,0.01032487309644681,5.0,timeout,0.0,1.0
ACB,2023-08-31,2023-08-31,2023-09-05,2023-09-11,15.76,15.86,15.76,15.86,7212305,0.9879846590981486,1.0226979623420172,-0.01201534090185142,-0.006024868606588907,0.001902111471391743,0,0.02454780361757103,0.02454780361757103,44.55958549222796,-0.02348317889305262,0.6738334430687724,-0.0023849350450311224,0.015807962529274005,0.014425329343152766,1.0,0.0,0.0,1.0,15.93,15.69,0.020087884494664143,-0.019460138104205882,-0.015065913370998163,-0.018065913370998162,5.0,timeout,0.0,0.0
ACB,2023-09-05,2023-09-05,2023-09-06,2023-09-11,15.93,16.18,15.9,15.97,7634395,0.9910494888150441,1.0258221993833505,-0.008950511184955958,0.0014151550238004074,0.002297002411852711,0,0.03165374677002575,0.03701298701298694,44.55958549222802,0.0035043240744481244,0.7520734515306893,0.05852359266559026,0.016325252705966544,0.007724774117140653,0.14285714285714649,0.7499999999999984,0.1071428571428551,0.2500000000000016,15.97,15.6506,0.017532874139010612,-0.024420788979336305,-0.020000000000000018,-0.023000000000000017,4.0,stop,0.0,0.0
ACB,2023-09-06,2023-09-06,2023-09-07,2023-09-11,15.97,16.11,15.86,16.11,4783873,0.9946941164495113,1.030380556443876,-0.005305883550488664,0.007734450531743375,0.0022444399102226065,0,0.022208121827411054,0.0406976744186045,51.81347150259067,0.029456274977496484,0.532417454545406,-0.3733788990483201,0.016050368005675265,0.007879905943745037,0.5599999999999952,0.0,0.44000000000000483,1.0,16.14,15.8172,0.006815365551424923,-0.03469640644361838,-0.020000000000000018,-0.023000000000000017,3.0,stop,0.0,0.0
ACB,2023-09-07,2023-09-07,2023-09-08,2023-09-11,16.14,16.25,15.97,16.07,9860968,0.9978255617298865,1.0239582005862113,-0.0021744382701135686,0.011993809646634102,0.002013174827669717,0,0.013240857503152625,0.03811369509043927,50.0,0.041844401462374496,1.1315753522787042,1.0612938512372714,0.016534803093608316,0.008159477790222481,0.2500000000000016,0.39285714285714174,0.3571428571428567,0.3571428571428567,16.07,15.7486,0.002489110143123696,-0.030491599253266943,-0.020000000000000018,-0.023000000000000017,2.0,stop,0.0,0.0
ACB,2023-09-08,2023-09-08,2023-09-11,2023-09-11,16.07,16.11,15.93,15.97,5530112,1.0014871684059334,1.0134534839446632,0.0014871684059333415,0.012204522096608272,0.0016551443158523416,1,0.0,0.01332487309644681,51.05263157894739,0.04115714783189958,0.6733666222164404,-0.43919177103099816,0.01650415958493603,0.0075764723534181965,0.5555555555555545,0.22222222222221782,0.2222222222222277,0.2222222222222277,16.0,15.68,0.004375000000000018,-0.026249999999999996,-0.020000000000000018,-0.023000000000000017,1.0,stop,0.0,0.0
ACB,2023-09-11,2023-09-11,2023-09-12,2023-09-18,16.0,16.07,15.62,15.69,10542303,1.002414077885776,0.9943595918626021,0.002414077885775902,0.009210105532459156,0.0014378053745929265,0,-0.02607076350093107,-0.010718789407313967,59.876543209876544,0.020729541275946305,1.300752256020663,0.906345296442459,0.01629791495948283,0.009882549928075243,0.6888888888888883,0.1555555555555558,0.1555555555555558,0.1555555555555558,15.69,15.76,0.019757807520713877,-0.007010834926704845,0.004461440407903083,0.0014614404079030833,5.0,timeout,0.0,1.0
ACB,2023-09-12,2023-09-12,2023-09-13,2023-09-18,15.69,15.97,15.58,15.97,6685987,1.0054092490540163,1.0084617327607983,0.005409249054016216,0.009048043838409514,0.001436909500133643,0,-0.0062227753578095735,0.0,64.48087431693992,0.024690557751344697,0.8377518533212688,-0.365794456865829,0.016638339744163157,0.010820235455606536,0.7179487179487198,0.0,0.28205128205128016,1.0,15.97,15.6506,0.0018785222291797243,-0.021916092673763377,-0.020000000000000018,-0.023000000000000017,4.0,stop,0.0,0.0
ACB,2023-09-13,2023-09-13,2023-09-14,2023-09-20,15.97,16.0,15.76,15.83,6942929,1.0071837439236442,0.9974166719173335,0.007183743923644218,0.007170960781825109,0.0014744575648570901,0,-0.008766437069505306,-0.017380509000620714,59.06735751295335,0.016870554048815777,0.8894698693836716,0.038429928146734404,0.016108654453569165,0.011485294619587784,0.5833333333333351,0.12499999999999722,0.2916666666666676,0.2916666666666676,15.79,15.76,0.013299556681444002,-0.010766307789740304,-0.0018999366687776353,-0.004899936668777635,5.0,timeout,0.0,0.0
ACB,2023-09-14,2023-09-14,2023-09-15,2023-09-21,15.79,16.0,15.72,15.76,6195761,1.008551020667081,0.9912573117806153,0.008551020667080899,0.007605044679637407,0.0014738580776316734,0,0.004461440407903083,-0.019290603609209755,61.6216216216216,0.00650515771307961,0.7951186455886476,-0.10761567632335,0.01599891225525742,0.011667268032389601,0.1071428571428551,0.7500000000000048,0.14285714285714013,0.14285714285714013,15.86,15.72,0.006935687263556201,-0.015132408575031508,-0.008827238335434973,-0.011827238335434972,5.0,timeout,0.0,0.0
ACB,2023-09-15,2023-09-15,2023-09-18,2023-09-22,15.86,15.97,15.76,15.9,5253147,1.0087991784052441,0.9991830578772073,0.008799178405244107,0.0048623389744886225,0.0014856388246944352,0,-0.004383218534752653,-0.004383218534752653,61.41304347826086,0.00847461262264837,0.6880549543138336,-0.15213853471752703,0.015498652291105119,0.010554365686589016,0.1904761904761941,0.3333333333333333,0.47619047619047256,0.6666666666666666,15.86,15.5428,0.0025220680958386588,-0.022068095838587598,-0.020000000000000018,-0.023000000000000017,5.0,stop,0.0,0.0
ACB,2023-09-18,2023-09-18,2023-09-19,2023-09-25,15.86,15.9,15.65,15.76,4366920,1.0074882165120875,0.9910079859146073,0.007488216512087569,0.002016256064520272,0.0017134371549327732,0,-0.004421983575489619,0.004461440407903083,59.47368421052629,0.00018381002091354473,0.5943954168510717,-0.16870401684932856,0.01608955765047135,0.01077649158762704,0.3999999999999986,0.1600000000000037,0.4399999999999977,0.4399999999999977,15.76,15.444799999999999,0.006345177664974555,-0.020304568527918843,-0.020000000000000018,-0.023000000000000017,5.0,stop,0.0,0.0
ACB,2023-09-19,2023-09-19,2023-09-20,2023-09-26,15.76,15.86,15.62,15.65,8083377,1.0049261707570345,0.9860752315544073,0.004926170757034552,-0.001761117051386707,0.0018396112711080992,0,-0.006979695431472033,-0.020037570444583652,54.4041450777202,-0.012189194668090906,1.2014475467196644,0.8510476491440191,0.016795983569146508,0.010595068044127033,0.45833333333333054,0.4166666666666648,0.12500000000000464,0.12500000000000464,15.65,15.337,0.011501597444089517,-0.020447284345047945,-0.020000000000000018,-0.023000000000000017,5.0,stop,0.0,0.0
ACB,2023-09-20,2023-09-20,2023-09-21,2023-09-26,15.65,15.83,15.62,15.76,5299737,1.0022531075162655,0.9952008082849203,0.002253107516265444,-0.004838811035002721,0.0016609400159757204,0,-0.008805031446540879,-0.004421983575489619,56.86274509803919,-0.01240456350862769,0.8037277346985715,-0.34436597476524977,0.016814720812182746,0.010412055418156053,0.523809523809519,0.3333333333333333,0.14285714285714768,0.6666666666666666,15.72,15.4056,0.006997455470737934,-0.029262086513994978,-0.020000000000000018,-0.023000000000000017,4.0,stop,0.0,0.0
ACB,2023-09-21,2023-09-21,2023-09-22,2023-09-27,15.72,15.83,15.69,15.72,5430115,0.9996836644312288,0.9948737421682171,-0.00031633556877117735,-0.006413884172797535,0.0013430642136738058,0,-0.0025380710659898,-0.0025380710659898,48.888888888888914,-0.014532848804615618,0.8468911615295969,0.02460084340034241,0.01608505997818976,0.010412268633131019,0.0,0.7857142857142785,0.21428571428572155,0.21428571428572155,15.58,15.2684,0.01347881899871628,-0.0224646983311938,-0.020000000000000018,-0.023000000000000017,4.0,stop,0.0,0.0
ACB,2023-09-22,2023-09-22,2023-09-25,2023-09-26,15.58,15.79,15.51,15.65,9796600,0.9972553186107106,0.992453548100704,-0.002744681389289425,-0.0064268162056581035,0.0012157130917103132,0,0.0,-0.01572327044025157,44.06779661016952,-0.019629951455902035,1.478906541797395,0.804123853730538,0.016978548607941592,0.010350222749337976,0.2500000000000016,0.49999999999999684,0.2500000000000016,0.5000000000000032,15.65,15.337,0.002555910543130979,-0.026837060702875393,-0.020000000000000018,-0.023000000000000017,2.0,stop,0.0,0.0
ACB,2023-09-25,2023-09-25,2023-09-26,2023-10-02,15.65,15.69,15.44,15.44,7626780,0.9956742809440692,0.9806910569105691,-0.004325719055930818,-0.005809547865622822,0.0007594744436849599,0,-0.020304568527918843,-0.020304568527918843,35.82887700534758,-0.03521038507076876,1.1316055111475407,-0.22148704652634588,0.01688564026646929,0.009725963609940323,0.8400000000000034,0.1599999999999966,0.0,0.0,15.48,15.37,0.009043927648578753,-0.016149870801033583,-0.00710594315245483,-0.01010594315245483,5.0,timeout,0.0,0.0
ACB,2023-09-26,2023-09-26,2023-09-27,2023-10-03,15.48,15.62,15.33,15.37,9407620,0.9919676174815003,0.9799795970415709,-0.008032382518499708,-0.007404594645908591,0.00031633556877141977,0,-0.022264631043257044,-0.017891373801916965,29.444444444444457,-0.047530090837824064,1.3553524573778966,0.23349827843467352,0.01714843386931872,0.006939524967662955,0.37931034482759146,0.4827586206896524,0.1379310344827561,0.1379310344827561,15.37,15.16,0.0071567989590111125,-0.013662979830839195,-0.013662979830839195,-0.016662979830839194,5.0,timeout,0.0,0.0
ACB,2023-09-27,2023-09-27,2023-09-28,2023-10-04,15.37,15.44,15.26,15.44,5688210,0.9895009803301498,0.9868967721316715,-0.01049901966985024,-0.007863529710190886,-8.853810933184825e-05,0,-0.013418530351437807,-0.020304568527918843,32.78688524590166,-0.04811741260116773,0.8163953108834251,-0.395361419785238,0.016608068097705413,0.007155492487489744,0.38888888888889106,0.0,0.6111111111111089,1.0,15.33,15.16,0.009784735812133016,-0.015655577299412915,-0.01108936725375076,-0.014089367253750758,5.0,timeout,0.0,0.0
ACB,2023-09-28,2023-09-28,2023-09-29,2023-10-05,15.33,15.44,15.23,15.26,4993734,0.986563255184281,0.978518756011542,-0.013436744815719033,-0.009463922764227473,-0.0003162075333282832,0,-0.011658031088082832,-0.029262086513994978,31.413612565445035,-0.05716506162564261,0.7207815686018099,-0.12209042915082247,0.016944392435873434,0.0077187149477895055,0.33333333333333615,0.5238095238095234,0.14285714285714043,0.14285714285714043,15.3,15.16,0.0117647058823529,-0.013725490196078494,-0.0091503267973857,-0.012150326797385699,5.0,timeout,0.0,0.0
ACB,2023-09-29,2023-09-29,2023-10-02,2023-10-06,15.3,15.48,15.3,15.33,2341209,0.9830941715384811,0.9866134637662505,-0.016905828461518932,-0.009308849783218665,-0.0003668332173804023,0,-0.002602472348731233,-0.020447284345047945,39.41176470588239,-0.05495648046806129,0.3502809126317751,-0.5311706630749655,0.01579535923958625,0.00706372070583104,0.16666666666666338,0.8333333333333366,0.0,0.16666666666666338,15.3,15.3,0.006535947712418277,-0.013725490196078494,0.0,-0.003,5.0,timeout,0.0,0.0
ACB,2023-10-02,2023-10-02,2023-10-03,2023-10-09,15.3,15.4,15.23,15.37,3811689,0.9807134992849822,0.9916768823795082,-0.019286500715017807,-0.009332054969638848,-0.00045537916640325804,0,-0.0045336787564767,-0.0045336787564767,29.45205479452052,-0.0475977627545594,0.5851737271851325,0.6280857454417781,0.014731852402639651,0.007055272336324728,0.4117647058823443,0.17647058823530087,0.4117647058823548,0.8235294117646991,15.3,15.8049,0.03464052287581687,-0.013725490196078494,0.03299999999999992,0.02999999999999992,5.0,target,1.0,1.0
ACB,2023-10-03,2023-10-03,2023-10-04,2023-10-09,15.3,15.37,15.16,15.16,5510811,0.9780461865694317,0.9812297734627832,-0.021953813430568327,-0.009297851875601393,-0.0006705720105771862,0,-0.006553079947575369,-0.013662979830839195,28.104575163398692,-0.053242726389839665,0.8600437096975291,0.4457661682262115,0.014794572182434974,0.007805518300884541,0.6666666666666723,0.3333333333333277,0.0,0.0,15.12,15.618959999999998,0.060846560846560926,-0.001984126984126977,0.03299999999999992,0.02999999999999992,4.0,target,1.0,1.0
ACB,2023-10-04,2023-10-04,2023-10-05,2023-10-09,15.12,15.23,15.09,15.16,3180528,0.9746428209545038,0.9850552306692659,-0.025357179045496187,-0.009525035397091264,-0.0009364006782577317,0,-0.01108936725375076,-0.01813471502590669,29.45205479452055,-0.05321916690469791,0.5026574112034183,-0.42285663580188104,0.01413494157557482,0.007068959182144138,0.28571428571429114,0.5,0.21428571428570886,0.5,15.26,15.76358,0.051114023591087854,-0.00917431192660556,0.03299999999999992,0.02999999999999992,3.0,target,1.0,1.0
ACB,2023-10-05,2023-10-05,2023-10-06,2023-10-09,15.26,15.4,15.16,15.16,3353149,0.9716994284121008,0.988652667275336,-0.028300571587899184,-0.010645848119233636,-0.0014680013667598413,0,-0.013662979830839195,-0.006553079947575369,21.96969696969694,-0.04952262472585106,0.5586686010991704,0.05427432174783564,0.014276290991330567,0.007166245381165726,0.4166666666666648,0.5833333333333351,0.0,0.0,15.16,15.660279999999998,0.06002638522427439,-0.0026385224274406704,0.03299999999999992,0.02999999999999992,2.0,target,1.0,1.0
ACB,2023-10-06,2023-10-06,2023-10-09,2023-10-09,15.16,15.37,15.12,15.3,2443603,0.9699117512806208,1.0000653637492647,-0.03008824871937925,-0.009773462783171372,-0.001468651878861471,0,0.00923482849604218,-0.001956947162426559,32.57575757575759,-0.034670361987728826,0.417873460201847,-0.2712512924418211,0.014145658263305319,0.008215149898314825,0.5600000000000023,0.27999999999999403,0.1600000000000037,0.720000000000006,15.23,15.73259,0.0551543007222588,0.0,0.03299999999999992,0.02999999999999992,1.0,target,1.0,1.0
ACB,2023-10-09,2023-10-09,2023-10-10,2023-10-16,15.23,15.83,15.23,15.79,8982117,0.9718349135527049,1.0297378374853268,-0.02816508644729514,-0.0036387264457438118,-0.0007599554159488653,0,0.04155672823218981,0.02732595966167861,54.1176470588235,0.00881071322403533,1.5567733521172062,2.6757677085844143,0.015335203112277205,0.01268885881324409,0.9333333333333318,0.06666666666666825,0.0,0.9333333333333318,15.79,15.86,0.017732742241925337,-0.004433185560481223,0.004433185560481334,0.001433185560481334,5.0,timeout,0.0,1.0
ACB,2023-10-10,2023-10-10,2023-10-11,2023-10-17,15.79,16.04,15.79,16.0,6539860,0.9753084855702232,1.03916347340391,-0.02469151442977684,0.004108517020999347,0.0003928874694245632,0,0.0554089709762533,0.0554089709762533,56.66666666666668,0.050067396383737486,1.1349205021495576,-0.2719021584777842,0.015312499999999991,0.0128711254422992,0.8400000000000034,0.1599999999999966,0.0,0.8400000000000034,16.0,15.76,0.004375000000000018,-0.01749999999999996,-0.015000000000000013,-0.018000000000000013,5.0,timeout,0.0,0.0
ACB,2023-10-11,2023-10-11,2023-10-12,2023-10-18,16.0,16.0,15.83,15.93,2847661,0.9786355111764409,1.0313349734559107,-0.02136448882355907,0.009608471141904662,0.0006086118577874888,0,0.04117647058823515,0.05079155672823221,55.737704918032755,0.06978407060127749,0.512387525376368,-0.5645685075827311,0.015514303649896859,0.013142895707719496,0.4117647058823548,0.0,0.5882352941176452,0.5882352941176452,15.93,15.6114,0.00878844946641566,-0.02824858757062143,-0.020000000000000018,-0.023000000000000017,5.0,stop,0.0,0.0
ACB,2023-10-12,2023-10-12,2023-10-13,2023-10-18,15.93,16.07,15.79,15.93,5637015,0.9830175527533109,1.0268806807193966,-0.016982447246689097,0.011673405504108558,0.00016478223394011948,0,0.008866371120962668,0.05079155672823221,57.95454545454543,0.07927448832491381,1.0194081079457904,0.9795245993115052,0.015514303649896867,0.012158066507060392,0.0,0.5,0.5,0.5,15.86,15.5428,0.004413619167717542,-0.03530895334174011,-0.020000000000000018,-0.023000000000000017,4.0,stop,0.0,0.0
ACB,2023-10-13,2023-10-13,2023-10-16,2023-10-18,15.86,15.93,15.79,15.9,4694272,0.9870172680477725,1.0211946050096339,-0.012982731952227525,0.011235955056179803,-0.0007601287151290936,0,-0.006249999999999978,0.03921568627450989,64.5569620253165,0.07976257070543592,0.853232462647092,-0.16724152765248979,0.015049415992812218,0.012316479560524621,0.28571428571429114,0.21428571428570886,0.5,0.7857142857142911,15.83,15.513399999999999,0.006317119393556503,-0.03348073278584962,-0.020000000000000018,-0.023000000000000017,3.0,stop,0.0,0.0
ACB,2023-10-16,2023-10-16,2023-10-17,2023-10-18,15.83,15.93,15.72,15.86,4222196,0.9908772553099703,1.015429925091235,-0.009122744690029728,0.011200310760067111,-0.0012925135587206205,0,-0.00439422473320783,0.004433185560481334,65.80645161290325,0.07376260594108183,0.7684384614788916,-0.10056426214757053,0.014727076202486037,0.012473682363613415,0.14285714285714043,0.33333333333333615,0.5238095238095234,0.6666666666666639,15.86,15.5428,0.0025220680958386588,-0.039722572509457654,-0.020000000000000018,-0.023000000000000017,2.0,stop,0.0,0.0
ACB,2023-10-17,2023-10-17,2023-10-18,2023-10-19,15.86,15.9,15.76,15.76,3659834,0.9964030605760186,1.0051661458001149,-0.0035969394239813747,0.01070070263649825,-0.002876877257461552,0,-0.010671688637790333,-0.015000000000000013,60.12658227848103,0.060013407259459375,0.694026192522875,-0.1331918271913478,0.014639231327048587,0.01155050425166816,0.7142857142857089,0.28571428571429114,0.0,0.0,15.76,15.444799999999999,0.0,-0.03362944162436543,-0.020000000000000018,-0.023000000000000017,2.0,stop,0.0,0.0
ACB,2023-10-18,2023-10-18,2023-10-19,2023-10-25,15.76,15.76,15.48,15.48,6211436,0.9999490828549245,0.9852969257208324,-5.091714507555694e-05,0.00905587668593455,-0.003993711489210683,0,-0.026415094339622636,-0.02824858757062143,56.54761904761907,0.030503932418677784,1.1677998019880702,0.6971906376081538,0.015227021040974531,0.013437510311948508,1.0,0.0,0.0,0.0,15.48,15.37,0.009043927648578753,-0.016149870801033583,-0.00710594315245483,-0.01010594315245483,5.0,timeout,0.0,0.0
ACB,2023-10-19,2023-10-19,2023-10-20,2023-10-26,15.48,15.55,15.3,15.3,6211641,1.0022690478922074,0.972972972972973,0.0022690478922073975,0.006786606056725875,-0.0046565331032557555,1,-0.03530895334174011,-0.039548022598870025,49.162011173184375,-0.0010246010086554114,1.1593212073184234,3.300364038194559e-05,0.015546218487394957,0.014131475167773647,0.7199999999999989,0.28000000000000114,0.0,0.0,15.3,14.994,0.020915032679738488,-0.03921568627450989,-0.020000000000000018,-0.023000000000000017,5.0,stop,0.0,0.0
ACB,2023-10-20,2023-10-20,2023-10-23,2023-10-26,15.3,15.51,15.3,15.37,3672592,1.0038797284190106,0.9769895753877447,0.0038797284190106958,0.003380317622297291,-0.004092630722692503,0,-0.024746192893401076,-0.03333333333333344,50.0,-0.016209112194310638,0.7269871259793185,-0.4087565588545764,0.015661306812900823,0.013905101100030471,0.3333333333333277,0.6666666666666723,0.0,0.3333333333333277,15.51,15.1998,0.007092198581560183,-0.0522243713733076,-0.020000000000000018,-0.023000000000000017,4.0,stop,0.0,0.0
ACB,2023-10-23,2023-10-23,2023-10-24,2023-10-26,15.51,15.51,15.23,15.3,2400212,1.0017373752858367,0.975578652043614,0.001737375285836708,-0.0017821908217172666,-0.003564200155297348,0,-0.011627906976744207,-0.03530895334174011,54.16666666666669,-0.02925103879666152,0.5010389952492026,-0.3464528594518531,0.016059757236227823,0.008440170389383814,0.7499999999999984,0.0,0.2500000000000016,0.2500000000000016,15.4,15.092,0.014285714285714235,-0.045454545454545525,-0.020000000000000018,-0.023000000000000017,3.0,stop,0.0,0.0
ACB,2023-10-24,2023-10-24,2023-10-25,2023-10-26,15.4,15.51,15.3,15.37,2553217,0.9986062985078445,0.9839948783610755,-0.0013937014921554525,-0.006677265500794838,-0.0030338954963224918,0,0.004575163398692794,-0.024746192893401076,55.99999999999999,-0.03126521357893153,0.5740469679799624,0.06374645239670507,0.01631192490008364,0.006857374285017239,0.1428571428571489,0.5238095238095234,0.3333333333333277,0.3333333333333277,15.58,15.2684,0.0025673940949935137,-0.056482670089858855,-0.020000000000000018,-0.023000000000000017,2.0,stop,0.0,0.0
ACB,2023-10-25,2023-10-25,2023-10-26,2023-10-26,15.58,15.62,15.37,15.37,2489008,0.9960577513823469,0.9875353379593935,-0.003942248617653103,-0.010678871090770481,-0.0029097963142580285,0,0.0,-0.00710594315245483,55.99999999999999,-0.030657797514267136,0.5804874922489193,-0.025148273726831705,0.0163583976205967,0.006968583437110185,0.8400000000000034,0.1599999999999966,0.0,0.0,15.26,14.954799999999999,0.0,-0.03669724770642202,-0.020000000000000018,-0.023000000000000017,1.0,stop,0.0,0.0
ACB,2023-10-26,2023-10-26,2023-10-27,2023-11-02,15.26,15.26,14.7,14.81,12596859,0.9904493301711427,0.9584519803261715,-0.009550669828857297,-0.014729324746541095,-0.0035003002082294454,0,-0.03202614379084967,-0.03202614379084967,38.7096774193548,-0.06410707726513706,2.6985874481459504,4.060995786273086,0.019002604417864364,0.012351693867069864,0.8035714285714266,0.0,0.19642857142857342,0.19642857142857342,15.05,15.54665,0.039867109634551534,-0.011295681063122953,0.03299999999999992,0.02999999999999992,5.0,target,1.0,1.0
ACB,2023-10-27,2023-10-27,2023-10-30,2023-11-03,15.05,15.23,14.88,15.12,3182928,0.9866512642792965,0.9834786002341616,-0.0133487357207035,-0.015749039692701805,-0.0038230894142615712,0,-0.01626545217957054,-0.01626545217957054,33.165829145728594,-0.061481487130506246,0.6757763865438349,-0.7473236780692711,0.01776266061980347,0.015216475199459858,0.19999999999999593,0.31428571428571805,0.485714285714286,0.685714285714282,15.16,15.660279999999998,0.03693931398416894,-0.01649076517150394,0.03299999999999992,0.02999999999999992,5.0,target,1.0,1.0
ACB,2023-10-30,2023-10-30,2023-10-31,2023-11-02,15.16,15.19,14.95,14.95,3858926,0.9820464709813397,0.9782110842112149,-0.017953529018660295,-0.018054484708301066,-0.004044644685643917,0,-0.02732595966167861,-0.022875816993464193,23.076923076922952,-0.06687485509833449,0.8188887886213656,0.2123824352922843,0.017916865742952693,0.015313731955760574,0.8750000000000028,0.12499999999999722,0.0,0.0,14.98,15.47434,0.04939919893190914,-0.004672897196261738,0.03299999999999992,0.02999999999999992,3.0,target,1.0,1.0
ACB,2023-10-31,2023-10-31,2023-11-01,2023-11-02,14.98,15.12,14.91,15.02,3491977,0.9777312058834873,0.9875731474784667,-0.022268794116512763,-0.015726119596168653,-0.0029228895583615078,0,0.014179608372721031,-0.022771633051398843,26.666666666666572,-0.061542960752357184,0.7572403097241692,-0.09509096572466014,0.01802358759748905,0.015662459837557083,0.19047619047618725,0.4761904761904766,0.33333333333333615,0.5238095238095234,15.02,15.515659999999999,0.04660452729693754,-0.0026631158455392434,0.03299999999999992,0.02999999999999992,2.0,target,1.0,1.0
ACB,2023-11-01,2023-11-01,2023-11-02,2023-11-08,15.02,15.19,14.98,15.16,4835157,0.9760254151178792,0.9988798840350532,-0.023974584882120772,-0.012813841550670002,-0.0020664869721473966,0,0.002645502645502784,-0.013662979830839195,31.578947368420998,-0.045160681159446076,1.0300316370282112,0.3846474361085426,0.01752732755371276,0.015490311248267021,0.6666666666666723,0.14285714285714043,0.19047619047618725,0.8571428571428595,15.26,15.76358,0.0530799475753605,-0.006553079947575369,0.03299999999999992,0.02999999999999992,5.0,target,1.0,1.0
ACB,2023-11-02,2023-11-02,2023-11-03,2023-11-09,15.26,15.65,15.16,15.65,5152098,0.9780623923051206,1.0287930581120168,-0.021937607694879437,-0.00464568474775906,-0.0005911684573074449,0,0.04682274247491636,0.05671843349088457,45.09803921568626,-0.00027190767837892427,1.0769141966018088,0.06554926758324497,0.018575992697398427,0.01840805055160438,0.7959183673469395,0.0,0.20408163265306042,1.0,15.65,15.83,0.026837060702875393,-0.010862619808306717,0.011501597444089517,0.008501597444089518,5.0,timeout,0.0,1.0
ACB,2023-11-03,2023-11-03,2023-11-06,2023-11-10,15.65,15.72,15.48,15.48,4888965,0.9785808873632379,1.0168823490770542,-0.021419112636762057,0.0009205075941878249,5.142908571920124e-05,0,0.030625832223701854,0.023809523809523947,42.91044776119403,0.018012001841109807,0.9964467725517325,-0.05107298036644492,0.018918420081210762,0.01884904984798692,0.7083333333333324,0.2916666666666676,0.0,0.0,15.58,15.72,0.03145057766367132,-0.006418485237483895,0.00898587933247752,0.00598587933247752,5.0,timeout,0.0,1.0
ACB,2023-11-06,2023-11-06,2023-11-07,2023-11-08,15.58,15.69,15.51,15.58,3792021,0.9802547852579346,1.0215723559110879,-0.019745214742065385,0.004875798906239792,0.0005401998739533731,0,0.02770448548812654,0.0421404682274249,46.64179104477612,0.035851741536726475,0.8160335062535053,-0.2243714160359095,0.019117916743077182,0.018818404623483078,0.0,0.6111111111111089,0.38888888888889106,0.38888888888889106,15.51,16.021829999999998,0.0361057382333978,-0.0019342359767891004,0.03299999999999992,0.02999999999999992,2.0,target,1.0,1.0
ACB,2023-11-07,2023-11-07,2023-11-08,2023-11-08,15.51,15.62,15.51,15.51,2328126,0.9810159121873471,1.0160497870946612,-0.018984087812652907,0.0034840915067051448,0.0004629272432683518,0,-0.008945686900958538,0.03262316910785623,50.60728744939271,0.04154717933809607,0.5247891937506896,-0.38604612158002294,0.018421295017039672,0.018897513097728507,0.0,1.0,0.0,0.0,15.51,16.021829999999998,0.0361057382333978,-0.0019342359767891004,0.03299999999999992,0.02999999999999992,1.0,target,1.0,1.0
ACB,2023-11-08,2023-11-08,2023-11-09,2023-11-10,15.51,16.07,15.48,16.0,7915923,0.9844067099956327,1.0438413361169103,-0.015593290004367311,0.006897457794127204,0.0009385325465087746,0,0.03359173126614978,0.0554089709762533,62.589928057553976,0.07497543703761533,1.6879307819678748,2.400126539542963,0.019374999999999976,0.02119963405037738,0.8305084745762717,0.11864406779661069,0.05084745762711757,0.8813559322033894,16.07,15.7486,0.026135656502800142,-0.030491599253266943,-0.020000000000000018,-0.023000000000000017,2.0,stop,0.0,0.0
ACB,2023-11-09,2023-11-09,2023-11-10,2023-11-15,16.07,16.07,15.83,15.83,4768580,0.9905121390697018,1.0259235255994814,-0.009487860930298141,0.011736935282932404,0.001259785836407623,0,0.016046213093709794,0.011501597444089517,57.98611111111114,0.08174318216246529,1.0263180685941307,-0.3975964647458041,0.01971843696417289,0.01681729262843648,1.0,0.0,0.0,0.0,15.72,16.23876,0.04898218829516532,-0.008905852417302795,0.03299999999999992,0.02999999999999992,4.0,target,1.0,1.0
ACB,2023-11-10,2023-11-10,2023-11-13,2023-11-15,15.72,15.86,15.62,15.72,5051311,0.99441484239584,1.0148482892188508,-0.005585157604159963,0.014739600393056218,0.0010668106218347795,0,0.013539651837524147,0.015503875968992276,57.19178082191782,0.0750886087048253,1.0830077550994899,0.059290396721875194,0.01967466375863321,0.01652425070208428,0.0,0.5833333333333278,0.41666666666667224,0.41666666666667224,15.76,16.280079999999998,0.04631979695431454,-0.011421319796954266,0.03299999999999992,0.02999999999999992,3.0,target,1.0,1.0
ACB,2023-11-13,2023-11-13,2023-11-14,2023-11-15,15.76,15.86,15.58,15.76,3418479,0.9997431781701444,1.0121379487508833,-0.0002568218298556235,0.015853340292275586,0.00026973565905397123,0,-0.015000000000000013,0.011553273427471034,56.74740484429068,0.06977153717456094,0.7392961170008983,-0.3232491525467349,0.019941986947063076,0.0156618431794716,0.0,0.3571428571428567,0.6428571428571433,0.6428571428571433,15.76,16.280079999999998,0.04631979695431454,-0.013324873096446588,0.03299999999999992,0.02999999999999992,2.0,target,1.0,1.0
ACB,2023-11-14,2023-11-14,2023-11-15,2023-11-20,15.76,16.07,15.76,15.93,10306368,1.005637528733418,1.0171114800153236,0.005637528733418066,0.015035644847699148,-0.0002310981011438562,1,0.006317119393556503,0.027079303675048294,59.150326797385645,0.07370878846606163,2.0794516674080814,2.014898731277858,0.019998206438884395,0.01574951461047981,0.5483870967741924,0.45161290322580755,0.0,0.5483870967741924,16.14,15.8172,0.021685254027261402,-0.03655514250309788,-0.020000000000000018,-0.023000000000000017,4.0,stop,0.0,0.0
ACB,2023-11-15,2023-11-15,2023-11-16,2023-11-17,16.14,16.49,16.11,16.32,32344213,1.012812612335028,1.0343516288502979,0.012812612335028117,0.01859264041316977,8.987609937727292e-05,0,0.03816793893129766,0.020000000000000018,76.12456747404845,0.09711196159873442,5.164389948758888,2.138274608475071,0.019038865546218472,0.01679849151135007,0.47368421052631626,0.44736842105262786,0.07894736842105583,0.5526315789473721,16.32,15.9936,0.006127450980392135,-0.04718137254901955,-0.020000000000000018,-0.023000000000000017,2.0,stop,0.0,0.0
ACB,2023-11-16,2023-11-16,2023-11-17,2023-11-17,16.32,16.42,16.21,16.35,8085873,1.01694045174538,1.031675921251893,0.016940451745379947,0.017789480444416306,0.0005778491171750666,0,0.0374365482233503,0.03284902084649399,73.56321839080462,0.10829346763778572,1.2720353679210468,-0.7500055728670845,0.01808650065530798,0.014392447312300414,0.14285714285714768,0.3333333333333333,0.523809523809519,0.6666666666666666,16.42,16.0916,0.0,-0.05298416565164443,-0.02000000000000013,-0.023000000000000128,1.0,stop,0.0,0.0
ACB,2023-11-17,2023-11-17,2023-11-20,2023-11-24,16.42,16.42,15.83,15.93,12355370,1.0198803840032855,1.002328068961178,0.019880384003285425,0.014749074192312417,0.0005778787995529555,0,0.0,0.013358778625954137,67.13286713286712,0.08226374505625078,1.8194329663620186,0.5280192998331781,0.020132723522554026,0.016723055486499747,0.8305084745762723,0.0,0.16949152542372775,0.16949152542372775,15.72,15.4056,0.024809160305343525,-0.026717557251908386,-0.020000000000000018,-0.023000000000000017,5.0,stop,0.0,0.0
ACB,2023-11-20,2023-11-20,2023-11-21,2023-11-23,15.72,16.11,15.55,15.79,10211612,1.021096938120781,0.9922081186376775,0.021096938120781096,0.008619596907085691,0.0004365018230372275,0,-0.03247549019607854,0.0019035532994924331,63.139931740614315,0.05195671650014483,1.421962613982129,-0.17350819926882,0.021894508278295477,0.017063722342196788,0.12499999999999763,0.5714285714285733,0.30357142857142916,0.42857142857142677,15.9,15.582,0.0062893081761006275,-0.037735849056603765,-0.020000000000000018,-0.023000000000000017,3.0,stop,0.0,0.0
ACB,2023-11-21,2023-11-21,2023-11-22,2023-11-24,15.9,16.0,15.79,15.86,3715213,1.0234871334146185,0.9944197128346604,0.02348713341461847,0.0063730439172133835,-6.416837782341478e-05,0,-0.029969418960244743,-0.00439422473320783,62.23776223776221,0.03384078947630917,0.5131899274645899,-0.6361776181860415,0.02179787425689065,0.016950221951006327,0.1904761904761941,0.47619047619047256,0.3333333333333333,0.3333333333333333,15.79,15.4742,0.011399620012666256,-0.03546548448385045,-0.020000000000000018,-0.023000000000000017,3.0,stop,0.0,0.0
ACB,2023-11-22,2023-11-22,2023-11-23,2023-11-23,15.79,15.97,15.69,15.93,4395703,1.0229066410009626,0.9992472713586751,0.022906641000962534,0.0030831183539925533,0.00011550900970291877,0,0.0,-0.023897058823529438,55.73770491803277,0.0242385455372523,0.599295404033037,0.18316311877676994,0.02076046991301229,0.013588168615125929,0.5,0.14285714285714557,0.35714285714285443,0.8571428571428544,15.93,15.6114,0.0025109855618330457,-0.043942247332077744,-0.020000000000000018,-0.023000000000000017,1.0,stop,0.0,0.0
ACB,2023-11-23,2023-11-23,2023-11-24,2023-11-24,15.93,15.97,15.58,15.58,5185123,1.0215385010332831,0.9788276685305021,0.021538501033283124,0.00018851325876578784,-0.0002438210610066216,0,-0.013299556681443891,-0.04709480122324172,51.90839694656488,-0.006382784639126948,0.744539827362469,0.17958902136927812,0.02191454245369522,0.014946761578658754,0.8974358974358952,0.10256410256410478,0.0,0.0,15.65,15.337,0.002555910543130979,-0.026837060702875393,-0.020000000000000018,-0.023000000000000017,1.0,stop,0.0,0.0
ACB,2023-11-24,2023-11-24,2023-11-27,2023-12-01,15.65,15.65,15.3,15.48,7901317,1.0205483850253645,0.9740137167306361,0.02054838502536443,-0.0035111919242586387,-0.0006417249566836869,0,-0.02395964691046648,-0.02824858757062143,48.09160305343512,-0.03260428652278305,1.0973871920358524,0.5238436966683335,0.022702104097452942,0.014926166149481094,0.485714285714286,0.0,0.514285714285714,0.514285714285714,15.48,15.4,0.013565891472868241,-0.016149870801033583,-0.0051679586563307955,-0.008167958656330795,5.0,timeout,0.0,0.0
ACB,2023-11-27,2023-11-27,2023-11-28,2023-12-04,15.48,15.51,15.33,15.33,3262375,1.0183495669604996,0.967192429022082,0.01834956696049952,-0.005770919583490297,-0.0013217837664420973,0,-0.03766478342749524,-0.029132362254591482,46.66666666666667,-0.05781005824040879,0.45498507159445234,-0.5871099716667487,0.0232503960488305,0.01506434216494183,0.8333333333333366,0.16666666666666338,0.0,0.0,15.37,15.65,0.025374105400130187,-0.009108653220559426,0.018217306441119074,0.015217306441119075,5.0,timeout,0.0,1.0
ACB,2023-11-28,2023-11-28,2023-11-29,2023-12-05,15.37,15.51,15.23,15.37,4189072,1.015116847057614,0.9731543624161073,0.01511684705761386,-0.007727586856819624,-0.0014504473282248576,0,-0.013478818998716391,-0.03089533417402268,35.999999999999986,-0.06880074482206945,0.581400100771047,0.28405594084064534,0.021749233200111545,0.01446323936430699,0.0,0.5000000000000032,0.49999999999999684,0.49999999999999684,15.44,15.55,0.020725388601036343,-0.011658031088082832,0.007124352331606243,0.004124352331606243,5.0,timeout,0.0,1.0
ACB,2023-11-29,2023-11-29,2023-11-30,2023-12-06,15.44,15.69,15.44,15.48,4831388,1.0100815266311756,0.9853596435391472,0.01008152663117561,-0.01151450324042036,-0.0012714313234445385,0,0.0,-0.02824858757062143,42.00913242009134,-0.06568149419896738,0.6705644926516905,0.1533313344817182,0.021963824289405694,0.011469687003195212,0.1600000000000037,0.8399999999999963,0.0,0.1600000000000037,15.48,15.65,0.018087855297157507,-0.014211886304909549,0.010981912144702788,0.007981912144702789,5.0,timeout,0.0,1.0
ACB,2023-11-30,2023-11-30,2023-12-01,2023-12-07,15.48,15.65,15.4,15.4,5245608,1.004386754830576,0.9862311879602946,0.004386754830576012,-0.014826498422712886,-0.001130785639022358,0,0.004566210045662045,-0.011553273427471145,42.5925925925926,-0.06585757927688413,0.727583321867191,0.0857351965936084,0.022124304267161415,0.011202142708924235,0.3200000000000003,0.6799999999999997,0.0,0.0,15.55,15.72,0.015434083601286064,-0.01864951768488754,0.010932475884244397,0.007932475884244398,5.0,timeout,0.0,1.0
ACB,2023-12-01,2023-12-01,2023-12-04,2023-12-08,15.55,15.55,15.26,15.4,5736667,1.001299720753066,0.9895900269888188,0.0012997207530660968,-0.01468912245156384,-0.0010926292516132419,0,0.0019518542615486467,-0.0051679586563307955,41.50943396226418,-0.06283437040998377,0.7910443288943707,0.09361336188293135,0.022170686456400756,0.008864520281080823,0.5172413793103444,0.0,0.4827586206896556,0.4827586206896556,15.48,15.72,0.022609819121446995,-0.0025839793281654533,0.015503875968992276,0.012503875968992276,5.0,timeout,0.0,1.0
ACB,2023-12-04,2023-12-04,2023-12-05,2023-12-11,15.48,15.76,15.44,15.65,9044705,1.000128650456709,1.0065603293028043,0.00012865045670905,-0.010311903246340015,-0.00046292724326824075,0,0.010981912144702788,0.020874103065883887,43.636363636363654,-0.041866759488847306,1.203609407664731,0.5766480780564742,0.0220447284345048,0.010531268471942358,0.5312499999999993,0.34374999999999795,0.12500000000000278,0.6562500000000021,15.65,15.72,0.011501597444089517,-0.013418530351437807,0.004472843450479269,0.001472843450479269,5.0,timeout,0.0,1.0
ACB,2023-12-05,2023-12-05,2023-12-06,2023-12-12,15.65,15.76,15.48,15.55,3560224,0.9979034830477955,1.0021266997486626,-0.0020965169522044703,-0.0062760166506563575,0.0001801013713431665,0,0.009740259740259827,0.011711125569290992,29.84293193717282,-0.03299186133530706,0.4699186387070701,-0.6063747794980598,0.02090032154340837,0.010485156525532101,0.3571428571428567,0.39285714285714174,0.2500000000000016,0.2500000000000016,15.55,15.79,0.01800643086816711,-0.0070739549839229365,0.015434083601286064,0.012434083601286065,5.0,timeout,0.0,1.0
ACB,2023-12-06,2023-12-06,2023-12-07,2023-12-13,15.55,15.65,15.44,15.65,2794830,0.9958338155306099,1.0103944734973207,-0.004166184469390115,-0.004690913764297755,0.000772111338455117,0,0.016233766233766156,0.010981912144702788,32.32323232323232,-0.01932295020691653,0.38179686459589357,-0.2149847874740466,0.020766773162939307,0.0106388779386897,0.47619047619047256,0.0,0.5238095238095274,1.0,15.65,15.65,0.011501597444089517,-0.004472843450479269,0.0,-0.003,5.0,timeout,0.0,0.0
ACB,2023-12-07,2023-12-07,2023-12-08,2023-12-14,15.65,15.79,15.58,15.72,7241320,0.9961447021782434,1.0139972908469328,-0.003855297821756649,-0.0028942629277076692,0.0010935288820275169,0,0.004472843450479269,0.020779220779220786,43.55828220858899,-0.005236280531886439,0.9727938013916221,1.5909697548688113,0.018947655398037076,0.008007088685249443,0.33333333333333615,0.3333333333333277,0.33333333333333615,0.6666666666666723,15.72,15.79,0.01590330788804062,-0.006361323155216425,0.004452926208651231,0.001452926208651231,5.0,timeout,0.0,1.0
ACB,2023-12-08,2023-12-08,2023-12-11,2023-12-15,15.72,15.83,15.65,15.72,3815334,0.9971870424127209,1.0124299607135958,-0.0028129575872790414,0.0006444544692914,0.0013633791222926739,0,0.010932475884244397,0.020779220779220786,47.651006711409444,0.003918483680652125,0.5168400814750427,-0.4731162274281484,0.017221010541621232,0.00760004792161004,0.0,0.6111111111111089,0.38888888888889106,0.38888888888889106,15.76,15.97,0.017766497461928932,-0.008883248730964466,0.01332487309644681,0.01032487309644681,5.0,timeout,0.0,1.0
ACB,2023-12-11,2023-12-11,2023-12-12,2023-12-18,15.76,15.79,15.62,15.72,2277359,0.9992425117795839,1.0098933573172297,-0.0007574882204160644,0.004971269933501388,0.001543031284959362,0,0.004472843450479269,0.004472843450479269,45.070422535211314,0.00949318621169835,0.3109029443983609,-0.4031036339151435,0.01703925845147219,0.0065508408389373714,0.2352941176470539,0.17647058823529044,0.5882352941176556,0.5882352941176556,15.76,16.0,0.017766497461928932,-0.006979695431472033,0.015228426395939021,0.012228426395939022,5.0,timeout,0.0,1.0
ACB,2023-12-12,2023-12-12,2023-12-13,2023-12-19,15.76,15.79,15.65,15.79,3230408,1.0011288998357966,1.011660686827268,0.001128899835796491,0.006772882667870794,0.0017605860052689604,1,0.004452926208651231,0.015434083601286064,45.07042253521125,0.016977339895256346,0.46339434050652245,0.41848869677551925,0.016330408034017904,0.006579059412220625,0.21428571428571155,0.0,0.7857142857142885,1.0,15.79,16.18,0.026599113362888005,-0.008866371120962557,0.02469917669411026,0.02169917669411026,5.0,timeout,0.0,1.0
ACB,2023-12-13,2023-12-13,2023-12-14,2023-12-20,15.79,15.83,15.65,15.65,3933379,1.001589723208677,1.0015999999999998,0.0015897232086770922,0.006311586269080127,0.0018881496133786868,0,-0.004452926208651453,0.0,52.89256198347109,0.011825564672428387,0.7086347097742172,0.2176105928415235,0.015518028297580998,0.0072908395063408845,0.7777777777777724,0.2222222222222277,0.0,0.0,15.72,16.23876,0.03816793893129766,-0.004452926208651453,0.03299999999999992,0.02999999999999992,5.0,target,1.0,1.0
ACB,2023-12-14,2023-12-14,2023-12-15,2023-12-21,15.72,15.97,15.65,15.79,6949441,1.0032793605246977,1.0080439223697648,0.0032793605246977777,0.006295772838237124,0.002246787094454916,0,0.004452926208651231,0.004452926208651231,62.399999999999984,0.016865891594776306,1.2649555253187652,0.7667865212073386,0.015244729937573498,0.007305140127256633,0.21874999999999514,0.5625000000000041,0.2187500000000007,0.43749999999999584,15.86,16.32,0.02900378310214391,-0.001891551071878883,0.02900378310214391,0.02600378310214391,5.0,timeout,0.0,1.0
ACB,2023-12-15,2023-12-15,2023-12-18,2023-12-22,15.86,16.04,15.83,15.97,6195129,1.006066734074823,1.0158386871064182,0.006066734074823125,0.00723987698616102,0.0022962848932677193,0,0.011399620012666256,0.01590330788804062,75.00000000000007,0.030544474196020445,1.1946308449170342,-0.10854283099892492,0.015385991591376678,0.007743136770152956,0.5238095238095318,0.3333333333333277,0.14285714285714043,0.6666666666666723,15.93,16.28,0.026365348399246757,-0.0018832391713746732,0.021971123666038928,0.01897112366603893,5.0,timeout,0.0,1.0
ACB,2023-12-18,2023-12-18,2023-12-19,2023-12-25,15.93,16.0,15.9,16.0,6390775,1.0080356228887297,1.0154861640010155,0.00803562288872968,0.008383999999999725,0.0019358726170177754,0,0.022364217252396124,0.01781170483460559,74.80314960629929,0.039278027595375666,1.279493734294192,0.03158061761102959,0.01455357142857142,0.00636222093255515,0.7000000000000053,0.0,0.29999999999999466,1.0,16.0,16.39,0.028750000000000053,0.0,0.024375000000000036,0.021375000000000036,5.0,timeout,0.0,1.0
ACB,2023-12-19,2023-12-19,2023-12-20,2023-12-26,16.0,16.21,16.0,16.18,11476459,1.0118331840859665,1.0228206587015614,0.011833184085966517,0.00989530132788552,0.0013578602172574783,0,0.02469917669411026,0.02469917669411026,76.11940298507469,0.053937432194046744,2.1320489954839377,0.7957851747245053,0.013906056860321378,0.00614779620155996,0.8571428571428523,0.14285714285714768,0.0,0.8571428571428523,16.18,16.32,0.017305315203955507,0.0,0.008652657601977864,0.005652657601977864,5.0,timeout,0.0,1.0
ACB,2023-12-20,2023-12-20,2023-12-21,2023-12-27,16.18,16.32,16.18,16.28,8865596,1.0154082219806917,1.0250598161440625,0.015408221980691748,0.010241078811780602,0.0009471272606265124,0,0.019411396368190337,0.0402555910543132,82.35294117647067,0.06631422788524871,1.5813559307371283,-0.22749726200389864,0.013338013338013334,0.006137279920025552,0.7142857142857215,0.2857142857142785,0.0,0.7142857142857215,16.28,16.35,0.011056511056511065,-0.006142506142506221,0.004299754299754266,0.0012997542997542659,5.0,timeout,0.0,1.0
ACB,2023-12-21,2023-12-21,2023-12-22,2023-12-28,16.28,16.32,16.18,16.32,7087055,1.0187362609273556,1.0237109522017311,0.018736260927355603,0.011805026656511952,0.001177193162043233,0,0.020000000000000018,0.03356554781507293,82.85714285714293,0.0726313130845185,1.2430328675632776,-0.2006115550494293,0.012648809523809519,0.006152066628773448,0.2857142857142785,0.0,0.7142857142857215,1.0,16.28,16.67,0.032555282555282394,0.0,0.023955773955774085,0.020955773955774085,5.0,timeout,0.0,1.0
ACB,2023-12-22,2023-12-22,2023-12-25,2023-12-29,16.28,16.35,16.28,16.28,4512456,1.0218185534350173,1.017627203400425,0.0218185534350172,0.011315506669195452,0.0014327747217601772,0,0.006180469715698411,0.019411396368190337,76.47058823529424,0.06954818253917155,0.8157037472484983,-0.3632819274014383,0.011407511407511405,0.006364111441970593,0.0,1.0,0.0,0.0,16.32,16.85856,0.03615196078431371,-0.002450980392156854,0.03299999999999992,0.02999999999999992,5.0,target,1.0,1.0
ACB,2023-12-25,2023-12-25,2023-12-26,2024-01-02,16.32,16.46,16.28,16.39,7586810,1.0254037148145783,1.0202303143479616,0.02540371481457828,0.011522478277294912,0.0016622978070455208,0,0.006756756756756799,0.024375000000000036,85.00000000000011,0.07014893687185339,1.3198582182433347,0.6813039285036795,0.010895145123333042,0.006306739800200889,0.38888888888889106,0.38888888888889106,0.22222222222221782,0.6111111111111089,16.42,16.96186,0.05785627283800232,-0.008526187576126665,0.03299999999999992,0.02999999999999992,5.0,target,1.0,1.0
ACB,2023-12-26,2023-12-26,2023-12-27,2023-12-29,16.42,16.42,16.32,16.32,5731233,1.0280516896072256,1.012532572279439,0.028051689607225545,0.011040020072763834,0.0018787383058125329,0,0.0,0.008652657601977864,78.63247863247872,0.06138012323857456,0.9838505041998804,-0.24457934230592304,0.01046043417366947,0.0068480545004878275,1.0,0.0,0.0,0.0,16.28,16.817239999999998,0.07800982800982803,0.0,0.03299999999999992,0.02999999999999992,3.0,target,1.0,1.0
ACB,2023-12-27,2023-12-27,2023-12-28,2023-12-29,16.28,16.42,16.28,16.35,4869398,1.0313718494355106,1.0100074128984435,0.031371849435510586,0.011876484560569889,0.0025037684269693106,0,0.004299754299754266,0.004299754299754266,77.87610619469037,0.053440190288343015,0.8356312171591297,-0.1503751461509243,0.010135430318916566,0.0054172657458214845,0.5,0.5,0.0,0.5,16.35,16.88955,0.10091743119266039,0.0,0.03299999999999992,0.02999999999999992,2.0,target,1.0,1.0
ACB,2023-12-28,2023-12-28,2023-12-29,2024-01-02,16.35,16.81,16.35,16.67,10526964,1.035171404948165,1.0242074219710005,0.03517140494816516,0.01313414254590728,0.0035743920342119484,0,0.017083587553386348,0.021446078431372584,82.75862068965526,0.06482132960114306,1.7282031053881952,1.1618614867792694,0.011140629017053729,0.007167710757500128,0.6956521739130482,0.3043478260869518,0.0,0.6956521739130482,16.77,17.32341,0.07334525939177095,-0.004174120453190211,0.03299999999999992,0.02999999999999992,2.0,target,1.0,1.0
ACB,2023-12-29,2023-12-29,2024-01-02,2024-01-02,16.77,16.91,16.7,16.77,9202991,1.038410259666053,1.0253118121790168,0.03841025966605297,0.014766100012408412,0.004643390185097962,0,0.02757352941176472,0.030098280098280084,83.87096774193554,0.07352829760576896,1.4690484376695292,-0.1257696901024835,0.0113723485816509,0.006867722215361004,0.0,0.6666666666666666,0.3333333333333333,0.3333333333333333,16.81,17.364729999999998,0.07495538370017862,0.0,0.03299999999999992,0.02999999999999992,1.0,target,1.0,1.0
ACB,2024-01-02,2024-01-02,2024-01-03,2024-01-04,16.81,17.37,16.81,17.16,13896933,1.043310827073384,1.0417678484701312,0.0433108270733839,0.01754385964912286,0.0058997426030227285,0,0.04954128440366956,0.046979865771812124,86.63101604278083,0.09844224983498293,2.1356225354336864,0.5100452668051072,0.013028638028638032,0.008855013081225846,0.625,0.375,0.0,0.625,17.19,17.75727,0.05119255381035481,-0.009889470622455043,0.03299999999999992,0.02999999999999992,2.0,target,1.0,1.0
ACB,2024-01-03,2024-01-03,2024-01-04,2024-01-10,17.19,17.55,17.02,17.55,9817807,1.0490910698720297,1.056656029863327,0.04909106987202974,0.02045957237650531,0.0069197990205434046,0,0.052789442111577545,0.0753676470588236,94.811320754717,0.13198402545030885,1.4395434449094053,-0.29352706816676744,0.014163614163614172,0.010113058411343022,0.6792452830188654,0.0,0.3207547169811346,1.0,17.69,17.72,0.02148106274731476,-0.010175240248728068,0.0016958733747878263,-0.0013041266252121738,5.0,timeout,0.0,0.0
ACB,2024-01-04,2024-01-04,2024-01-05,2024-01-11,17.69,18.0,17.62,17.76,23605373,1.0552532809390665,1.059855582741541,0.05525328093906635,0.02451699682073838,0.008164560980255198,0,0.05903398926654746,0.0862385321100918,94.97716894977172,0.15738724053361552,3.002994678149065,1.404342741714112,0.014518983268983272,0.01014969582246023,0.1842105263157907,0.6315789473684186,0.1842105263157907,0.3684210526315814,17.76,17.72,0.01745495495495497,-0.014076576576576572,-0.0022522522522524513,-0.005252252252252451,5.0,timeout,0.0,0.0
ACB,2024-01-05,2024-01-05,2024-01-08,2024-01-09,17.76,17.86,17.58,17.86,9282598,1.0608760021580117,1.056117320087517,0.06087600215801171,0.02665128703254016,0.009652778657478267,0,0.04079254079254069,0.07138572285542888,94.78672985781992,0.1689790246568033,1.1657637812137727,-0.6067591052257467,0.014557670772676383,0.009978011555168682,0.3571428571428481,0.0,0.6428571428571519,1.0,18.04,17.679199999999998,0.01940133037694025,-0.02937915742793773,-0.020000000000000018,-0.023000000000000017,2.0,stop,0.0,0.0
ACB,2024-01-08,2024-01-08,2024-01-09,2024-01-12,18.04,18.07,17.69,17.79,12398885,1.06677504064024,1.0426679170085569,0.06677504064024006,0.027274369317839664,0.010245202693313527,0,0.013675213675213627,0.06082289803220031,91.6279069767442,0.16007227072067298,1.477490825044237,0.3357128036784529,0.01573917931422148,0.010175769596692698,0.657894736842107,0.07894736842105583,0.2631578947368372,0.2631578947368372,17.72,18.304759999999998,0.03781038374717838,-0.011851015801354281,0.03299999999999992,0.02999999999999992,4.0,target,1.0,1.0
ACB,2024-01-09,2024-01-09,2024-01-10,2024-01-12,17.72,17.79,17.51,17.55,15455964,1.070547176866509,1.021655606007684,0.07054717686650887,0.02512382884764608,0.010478853371621577,0,-0.011824324324324342,0.022727272727272707,80.99547511312224,0.12757049707741785,1.707693634054434,0.24656079962028854,0.01623931623931623,0.012427204678429515,0.6071428571428558,0.25000000000000316,0.14285714285714105,0.14285714285714105,17.69,18.27377,0.03957037874505365,-0.007914075749010818,0.03299999999999992,0.02999999999999992,3.0,target,1.0,1.0
ACB,2024-01-10,2024-01-10,2024-01-11,2024-01-17,17.69,17.9,17.55,17.72,17610661,1.0756521739130436,1.023212842129576,0.07565217391304346,0.024067175211400782,0.009999623602624741,0,-0.007838745800671898,0.009686609686609504,81.57894736842108,0.1078581020717877,1.8025619134386475,0.13940877450283917,0.016930022573363415,0.011797154064519417,0.08571428571427933,0.5142857142857166,0.4000000000000041,0.4857142857142834,17.83,17.83,0.03140773976444211,-0.014021312394840169,0.0,-0.003,5.0,timeout,0.0,0.0
ACB,2024-01-11,2024-01-11,2024-01-12,2024-01-12,17.83,18.07,17.65,17.72,9941849,1.0807246520382388,1.0151818963047836,0.08072465203823881,0.02303364201148761,0.009828685757158784,0,-0.00393479482855541,-0.0022522522522524513,81.25000000000004,0.08610036486309125,0.9872525262944013,-0.4354641770686518,0.01805869074492098,0.011923136645940142,0.2619047619047595,0.5714285714285738,0.16666666666666666,0.16666666666666666,17.65,18.232449999999996,0.041926345609065274,-0.003966005665722361,0.03299999999999992,0.02999999999999992,1.0,target,1.0,1.0
ACB,2024-01-12,2024-01-12,2024-01-15,2024-01-15,17.65,18.39,17.58,18.11,25574880,1.0863312016987237,1.0290357406670834,0.08633120169872362,0.024508091745255367,0.009622335784619018,0,0.03190883190883187,0.01399776035834277,85.32818532818534,0.08889387206486554,2.3246740341772587,1.5724470367634833,0.020588467302989664,0.012204307619740715,0.5679012345679006,0.34567901234567944,0.08641975308641986,0.6543209876543206,18.25,17.884999999999998,0.0,-0.03671232876712338,-0.02000000000000013,-0.023000000000000128,1.0,stop,0.0,0.0
ACB,2024-01-15,2024-01-15,2024-01-16,2024-01-22,18.25,18.25,17.76,17.76,11725544,1.0893758463621817,1.0035032207029044,0.08937584636218157,0.021942487585171477,0.009068322981366395,0,0.0022573363431153126,-0.001686340640809303,74.20494699646649,0.05950150502202134,1.0396818577473437,-0.5415210550352534,0.02224099099099098,0.015050524055022652,1.0,0.0,0.0,0.0,17.83,18.418389999999995,0.03533370723499729,-0.014021312394840169,0.03299999999999992,0.02999999999999992,5.0,target,1.0,1.0
ACB,2024-01-16,2024-01-16,2024-01-17,2024-01-22,17.83,17.93,17.58,17.83,12385822,1.0904794058068872,1.0036588798198705,0.09047940580688725,0.017759954167860137,0.008655703600970899,0,0.006207674943566666,0.015954415954415824,76.67844522968203,0.038144254833180236,1.0697939694555354,0.05631107605753738,0.023155195897764595,0.013752534395697597,0.0,0.28571428571428864,0.7142857142857114,0.7142857142857114,17.86,18.449379999999998,0.03919372900335949,-0.003919372900335949,0.03299999999999992,0.02999999999999992,4.0,target,1.0,1.0
ACB,2024-01-17,2024-01-17,2024-01-18,2024-01-22,17.86,18.11,17.79,17.83,9720759,1.0890961842153586,1.0020794694542796,0.08909618421535866,0.011023353599636243,0.008456581318979861,0,-0.015461071231363976,0.006207674943566666,76.42857142857147,0.01838866762863267,0.8460206136670974,-0.2151704586098525,0.023876291963784945,0.012075229660796013,0.09375000000000347,0.7812499999999993,0.12499999999999722,0.12499999999999722,17.86,18.449379999999998,0.03919372900335949,-0.003919372900335949,0.03299999999999992,0.02999999999999992,3.0,target,1.0,1.0
ACB,2024-01-18,2024-01-18,2024-01-19,2024-01-25,17.86,18.07,17.79,17.97,9616784,1.08775829221826,1.0087571572920175,0.08775829221826002,0.006554412928014397,0.008051212606180025,0,0.01182432432432412,0.014108352144469594,74.80916030534355,0.009565153720403063,0.8342443763557046,-0.010696181234407742,0.022974799268622313,0.011750431513431943,0.39285714285713924,0.35714285714286076,0.25,0.6428571428571392,18.11,18.11,0.024848150193263363,-0.007730535615681933,0.0,-0.003,5.0,timeout,0.0,0.0
ACB,2024-01-19,2024-01-19,2024-01-22,2024-01-25,18.11,18.21,18.0,18.21,12778025,1.086736806215143,1.0202252227015522,0.08673680621514299,0.004728398536447909,0.008188570376281401,0,0.021312394840157234,0.005521811154058698,76.08695652173921,0.0144161602056877,1.0817754065268128,0.3287212232280563,0.02267200125519732,0.012311792689092741,0.47619047619048105,0.0,0.523809523809519,1.0,18.39,18.0222,0.009244154431756302,-0.022838499184339445,-0.019999999999999907,-0.022999999999999906,4.0,stop,0.0,0.0
ACB,2024-01-22,2024-01-22,2024-01-23,2024-01-24,18.39,18.46,18.11,18.46,12010820,1.0871886984805086,1.0303639205179729,0.08718869848050863,0.006912830888551769,0.008679471641754644,0,0.03533370723499729,0.0394144144144144,74.80916030534358,0.02818911267125951,0.9855432077036155,-0.06004096877256071,0.021397616468039022,0.012628093632910245,0.2,0.0,0.8,1.0,18.42,18.0516,0.009771986970684043,-0.02442996742671022,-0.020000000000000018,-0.023000000000000017,2.0,stop,0.0,0.0
ACB,2024-01-23,2024-01-23,2024-01-24,2024-01-30,18.42,18.56,18.28,18.28,11738886,1.088290097764011,1.0161765523375397,0.08829009776401114,0.009823734141686247,0.009330272092228142,0,0.017250973845297946,0.025238362310712414,65.14522821576767,0.019326322972036736,0.947096127793884,-0.022640752255050023,0.020631447327289783,0.012104442253622652,0.5000000000000063,0.49999999999999367,0.0,0.0,18.28,18.21,0.017505470459518557,-0.01695842450765872,-0.003829321663019747,-0.006829321663019747,5.0,timeout,0.0,0.0
ACB,2024-01-24,2024-01-24,2024-01-25,2024-01-31,18.28,18.32,18.04,18.11,11347376,1.0877802717640528,1.0045484801420013,0.08778027176405273,0.01002857302930149,0.009059691678234616,0,-0.0054914881933004756,0.015703869882220944,57.38396624472571,-0.0026653812689640954,0.8952271108704721,-0.03335154630516046,0.020154610712313652,0.012617613114790639,0.6071428571428608,0.14285714285713924,0.25,0.25,18.14,18.07,0.02535832414553485,-0.011576626240352828,-0.0038588754134509795,-0.00685887541345098,5.0,timeout,0.0,0.0
ACB,2024-01-25,2024-01-25,2024-01-26,2024-02-01,18.14,18.18,17.97,18.11,5090360,1.0877837317117225,1.0023800298887473,0.08778373171172245,0.008428220584951962,0.007876595951259668,0,-0.018959913326110578,0.007790762381747474,55.50660792951543,-0.020878115527465546,0.4012434024120377,-0.5514064220662116,0.019878520154610724,0.012617613114790639,0.14285714285714768,0.19047619047618564,0.6666666666666666,0.6666666666666666,18.14,18.25,0.02535832414553485,-0.011576626240352828,0.006063947078279952,0.003063947078279952,5.0,timeout,0.0,1.0
ACB,2024-01-26,2024-01-26,2024-01-29,2024-01-29,18.14,18.53,18.14,18.46,6861782,1.0871288555779763,1.0197768202408575,0.08712885557797642,0.006281616543443169,0.007356499854805687,0,0.009846827133479286,0.013728720483251022,63.13725490196084,-0.013383755202126979,0.5488018494010211,0.3479954266495886,0.0196563999380901,0.012171483651991851,0.82051282051282,0.17948717948717996,0.0,0.82051282051282,18.6,18.228,0.0,-0.03602150537634419,-0.020000000000000018,-0.023000000000000017,1.0,stop,0.0,0.0
ACB,2024-01-29,2024-01-29,2024-01-30,2024-02-05,18.6,18.6,18.21,18.21,9281301,1.0868549662210722,1.0034716482063153,0.08685496622107224,0.0066008431329043216,0.0074578234740423355,0,0.005521811154058698,-0.013542795232936111,62.89062500000001,-0.02842964677815535,0.7420813637402844,0.35260796685175944,0.020357731230877887,0.011140147303010642,1.0,0.0,0.0,0.0,18.28,18.88324,0.07494529540481376,-0.019146608315098512,0.03299999999999992,0.02999999999999992,5.0,target,1.0,1.0
ACB,2024-01-30,2024-01-30,2024-01-31,2024-01-31,18.28,18.39,18.18,18.21,6383741,1.0859828488163772,1.001374759417102,0.08598284881637712,0.006531244810981329,0.008200373291588736,0,0.005521811154058698,-0.003829321663019747,60.25104602510464,-0.040795388199991456,0.5262137082196494,-0.31219330134859324,0.01980858241154786,0.01115559674149301,0.3333333333333333,0.523809523809519,0.14285714285714768,0.14285714285714768,18.32,17.9536,0.07259825327510905,-0.021288209606986963,-0.019999999999999907,-0.022999999999999906,1.0,stop,0.0,0.0
ACB,2024-01-31,2024-01-31,2024-02-01,2024-02-05,18.32,18.32,17.93,18.07,12162755,1.0845533491369557,0.9923664122137404,0.08455334913695563,0.00591094906640155,0.008299702123570452,0,-0.021126760563380365,-0.002208724461623346,56.91699604743086,-0.059674522822270926,0.9929826681927868,0.9052707495495196,0.019843465886631394,0.01157843269683941,0.6410256410256401,0.0,0.3589743589743599,0.3589743589743599,18.04,18.635319999999997,0.09700665188470059,0.0,0.03299999999999992,0.02999999999999992,3.0,target,1.0,1.0
ACB,2024-02-01,2024-02-01,2024-02-02,2024-02-05,18.04,18.32,18.04,18.25,6284328,1.0832274082609679,1.0007128365410978,0.08322740826096788,0.004959497437593274,0.008324948493124484,0,0.0021965952773201902,0.007730535615682044,53.017241379310356,-0.06108878795392403,0.5520968041202334,-0.48331377224979044,0.01757338551859103,0.01172732664894217,0.75,0.25,0.0,0.75,18.21,18.81093,0.09445359692476663,-0.0038440417353102774,0.03299999999999992,0.02999999999999992,2.0,target,1.0,1.0
ACB,2024-02-02,2024-02-02,2024-02-05,2024-02-05,18.21,18.46,18.14,18.42,14534871,1.080828291678013,1.0088728228721655,0.0808282916780129,0.004014297497938024,0.008802522513914557,0,0.011532125205930832,-0.0021668472372696757,65.42056074766353,-0.051981216057876534,1.2481352031208655,1.312875935183523,0.016751977664029822,0.011340882479999708,0.6562500000000021,0.12499999999999722,0.2187500000000007,0.8750000000000028,18.42,19.02786,0.08197611292073814,-0.003800217155266017,0.03299999999999992,0.02999999999999992,1.0,target,1.0,1.0
ACB,2024-02-05,2024-02-05,2024-02-06,2024-02-15,18.42,19.65,18.35,19.51,28138723,1.0818820257818207,1.0624625605837827,0.08188202578182059,0.008457356252402626,0.010947383468140837,0,0.0796900940785834,0.07138934651290496,76.58227848101265,0.022074531895306726,2.263363177072155,0.9359458367397964,0.019294134875887846,0.021485555562844857,0.8384615384615401,0.10769230769230563,0.05384615384615418,0.8923076923076944,19.55,19.159,0.019437340153452665,-0.02352941176470591,-0.02000000000000013,-0.023000000000000128,3.0,stop,0.0,0.0
ACB,2024-02-06,2024-02-06,2024-02-07,2024-02-15,19.55,19.58,19.41,19.55,5454327,1.0839742988462622,1.0573282855597619,0.08397429884626215,0.013872895761364301,0.013174307131232466,0,0.0712328767123287,0.07358594179022515,76.87499999999999,0.06589755433485345,0.4571106987267381,-0.8061629520287754,0.01870661308001463,0.020854410527876368,0.0,0.17647058823528183,0.8235294117647182,0.8235294117647182,19.55,19.159,0.019437340153452665,-0.02352941176470591,-0.02000000000000013,-0.023000000000000128,2.0,stop,0.0,0.0
ACB,2024-02-07,2024-02-07,2024-02-15,2024-02-15,19.55,19.79,19.55,19.65,11903453,1.0875449157683514,1.0539583780304653,0.0875449157683514,0.021141417460839085,0.014834898121070639,0,0.06677524429967407,0.0874377421140009,76.58227848101262,0.09215288085030993,1.022034659711772,1.1823871212708736,0.018466012359142137,0.020092219898303704,0.4166666666666605,0.5833333333333395,0.0,0.4166666666666605,19.69,19.296200000000002,0.012188928390045595,-0.03047232097511432,-0.019999999999999907,-0.022999999999999906,1.0,stop,0.0,0.0
ACB,2024-02-15,2024-02-15,2024-02-16,2024-02-22,19.69,19.93,19.09,19.09,14255094,1.088676417626079,1.0185679223135204,0.0886764176260791,0.020639329085661462,0.01426955435627919,0,-0.021527421834956484,0.04602739726027405,62.64367816091953,0.06369107512683975,1.2016957784014424,0.19755956527908336,0.02125271271421088,0.02319332299929822,0.7142857142857161,0.2857142857142839,0.0,0.0,19.3,19.41,0.014507772020725174,-0.010880829015544102,0.0056994818652849055,0.0026994818652849055,5.0,timeout,0.0,1.0
ACB,2024-02-16,2024-02-16,2024-02-19,2024-02-23,19.3,19.37,19.16,19.37,9502568,1.0889400282165738,1.0285137790049383,0.08894002821657376,0.01855056787452658,0.01390582496951498,0,-0.009207161125319718,0.05157437567861023,62.96296296296296,0.0558873186131843,0.8592714698743591,-0.33339141783281123,0.020687366324950215,0.022930506283980013,0.3333333333333333,0.0,0.6666666666666666,1.0,19.44,19.16,0.025205761316872355,-0.01800411522633749,-0.01440329218107006,-0.01740329218107006,5.0,timeout,0.0,0.0
ACB,2024-02-19,2024-02-19,2024-02-20,2024-02-26,19.44,19.44,19.09,19.44,11864502,1.0909551324846334,1.025532812829711,0.09095513248463347,0.016734606307659217,0.013556395538756094,0,-0.010687022900763177,-0.0035879036391593955,67.05882352941177,0.04791162503719315,1.072176177986222,0.24855744257762735,0.020870076425631993,0.02200763139513886,0.0,0.0,1.0,1.0,19.3,19.3,0.032642487046631974,-0.014507772020725396,0.0,-0.003,5.0,timeout,0.0,0.0
ACB,2024-02-20,2024-02-20,2024-02-21,2024-02-27,19.3,19.48,19.19,19.34,7321603,1.0928169449952434,1.0142115475378888,0.09281694499524329,0.01744744424287692,0.013592481150597857,0,0.013095861707700385,-0.010741687979539671,68.46846846846847,0.029288060543983696,0.6771360298453206,-0.38289841410958503,0.02101492096321466,0.02224234922721505,0.1379310344827561,0.4827586206896586,0.37931034482758536,0.5172413793103414,19.3,19.37,0.032642487046631974,-0.014507772020725396,0.0036269430051814044,0.0006269430051814044,5.0,timeout,0.0,1.0
ACB,2024-02-21,2024-02-21,2024-02-22,2024-02-26,19.3,19.58,19.23,19.44,10257725,1.0957825551143365,1.0121836925960639,0.09578255511433652,0.01980566027717301,0.013437565048453948,0,0.0036138358286008643,-0.010687022900763177,69.38775510204083,0.017663674217294756,0.9463325043614755,0.401021743462463,0.021421222810111693,0.021711971273637068,0.4000000000000041,0.3999999999999939,0.20000000000000204,0.6000000000000061,19.44,19.0512,0.025205761316872355,-0.021604938271605034,-0.020000000000000018,-0.023000000000000017,3.0,stop,0.0,0.0
ACB,2024-02-22,2024-02-22,2024-02-23,2024-02-26,19.44,19.48,19.3,19.41,7407861,1.0976912239240106,1.004554393955077,0.09769122392401056,0.019307870858831233,0.013052786666359673,0,-0.0015432098765432167,0.01676270298585658,65.27331189710608,0.002699051325574464,0.6904518140757143,-0.27782612616345237,0.020571134172370633,0.021873761351537055,0.16666666666667324,0.22222222222221782,0.6111111111111089,0.6111111111111089,19.44,19.0512,0.025205761316872355,-0.021604938271605034,-0.020000000000000018,-0.023000000000000017,2.0,stop,0.0,0.0
ACB,2024-02-23,2024-02-23,2024-02-26,2024-02-29,19.44,19.93,19.16,19.16,25987605,1.0976051428312736,0.9878325427923282,0.0976051428312736,0.017148251088153543,0.012711038774972039,0,-0.009307135470527417,-0.010841507485802815,65.27331189710608,-0.027620734597940233,2.2817192496090284,2.5081118557705118,0.022256188487921248,0.02265627155785697,0.3636363636363653,0.6363636363636347,0.0,0.0,19.16,19.792279999999998,0.034968684759916435,-0.007306889352818424,0.03299999999999992,0.02999999999999992,4.0,target,1.0,1.0
ACB,2024-02-26,2024-02-26,2024-02-27,2024-03-04,19.16,19.44,19.02,19.3,9791428,1.0919922447415291,0.9961290322580646,0.09199224474152902,0.008799333541601673,0.012300880916518153,0,-0.007201646090534974,-0.007201646090534974,66.76923076923075,-0.04102358382152271,0.8681487303498556,-0.623226996100641,0.022871946706143582,0.012180643356461442,0.3333333333333333,0.3333333333333333,0.3333333333333333,0.6666666666666666,19.44,19.51,0.020061728395061484,-0.012860082304526732,0.0036008230452675427,0.0006008230452675426,5.0,timeout,0.0,1.0
ACB,2024-02-27,2024-02-27,2024-02-28,2024-03-05,19.44,19.44,19.19,19.37,12061563,1.08650748212261,1.0006715916722633,0.08650748212261004,0.0018114066866781187,0.012123346816343528,0,-0.002060793405461059,0.0015511892450879028,70.44025157232703,-0.04749436077514346,1.0679007154211255,0.23184922566963673,0.02227302898443836,0.01223480231364558,0.28000000000000114,0.0,0.7199999999999989,0.7199999999999989,19.41,19.62,0.021638330757341562,-0.009273570324574987,0.010819165378670892,0.007819165378670893,5.0,timeout,0.0,1.0
ACB,2024-02-28,2024-02-28,2024-02-29,2024-03-04,19.41,19.65,19.34,19.65,10465608,1.0818197060302912,1.0151366430748565,0.0818197060302911,-0.002010723860589869,0.012551496219838087,0,0.025574112734864318,0.010802469135802406,71.34146341463412,-0.03577108164911358,0.9302299701546409,-0.13231742851237438,0.022064703744093035,0.013069397874994155,0.774193548387095,0.0,0.22580645161290508,1.0,19.72,19.325599999999998,0.005578093306288112,-0.024847870182555742,-0.020000000000000018,-0.023000000000000017,3.0,stop,0.0,0.0
ACB,2024-02-29,2024-02-29,2024-03-01,2024-03-04,19.72,19.83,19.44,19.65,9960379,1.080120180270406,1.0122083140163805,0.08012018027040588,0.0019612903225807443,0.0129742768897807,0,0.018134715025906578,0.012364760432766575,69.77491961414786,-0.031046090651506764,0.8665674499191468,-0.04827516948848076,0.02231915667030167,0.008429244519490692,0.1794871794871816,0.28205128205128277,0.5384615384615357,0.5384615384615357,19.65,19.256999999999998,0.007124681933842192,-0.021374045801526576,-0.020000000000000018,-0.023000000000000017,2.0,stop,0.0,0.0
ACB,2024-03-01,2024-03-01,2024-03-04,2024-03-08,19.65,19.65,19.34,19.51,10201609,1.0764431441648104,1.004272404385649,0.07644314416481045,0.003616262850648422,0.01299969689825864,0,0.007227671657201951,0.018267223382046005,50.0,-0.039818895523094366,0.8748446388054073,0.02421895793322726,0.018854799736398885,0.007854205251840217,0.45161290322579867,0.0,0.5483870967742013,0.5483870967742013,19.51,19.1198,0.014351614556637582,-0.028703229113275386,-0.020000000000000018,-0.023000000000000017,5.0,stop,0.0,0.0
ACB,2024-03-04,2024-03-04,2024-03-05,2024-03-08,19.51,19.79,19.23,19.51,13224034,1.0726231082557869,1.0039106720181128,0.07262310825578698,0.003977889135713175,0.012585927457664958,0,-0.007124681933842081,0.010880829015543991,49.056603773584925,-0.047566744170086495,1.115181598748109,0.29626944141850564,0.02028263893973783,0.007790582922921772,0.0,0.49999999999999684,0.5000000000000032,0.5000000000000032,19.51,19.1198,0.012813941568426523,-0.0415171706817018,-0.020000000000000018,-0.023000000000000017,4.0,stop,0.0,0.0
ACB,2024-03-05,2024-03-05,2024-03-06,2024-03-07,19.51,19.65,19.34,19.62,6339771,1.0698932415643245,1.00811838454424,0.06989324156432443,0.0025240818008549493,0.012107049463083497,0,-0.0015267175572517555,0.012906556530717594,49.29577464788738,-0.04713765783174845,0.5347314575032528,-0.5205872126463075,0.020423765836609844,0.0076854819313408665,0.354838709677419,0.0967741935483797,0.5483870967742013,0.9032258064516203,19.65,19.256999999999998,0.005597964376590436,-0.049872773536895565,-0.020000000000000018,-0.023000000000000017,2.0,stop,0.0,0.0
ACB,2024-03-06,2024-03-06,2024-03-07,2024-03-08,19.65,19.76,19.34,19.37,9799350,1.0657704443860112,0.9956309432022615,0.06577044438601112,0.0014412930457612383,0.011469796203331217,0,-0.007175807278318791,-0.014249363867684384,57.69230769230772,-0.06447284319023727,0.8348526316228002,0.5456946315568811,0.01913857954126408,0.008740858153519361,0.6666666666666582,0.26190476190476797,0.07142857142857384,0.07142857142857384,19.37,18.9826,0.0036138358286008643,-0.03613835828600931,-0.020000000000000018,-0.023000000000000017,2.0,stop,0.0,0.0
ACB,2024-03-07,2024-03-07,2024-03-08,2024-03-11,19.37,19.44,19.23,19.3,10171157,1.0616550549282546,0.9925941164369472,0.06165505492825459,0.0005145621076465545,0.010850967535406486,0,-0.010763710917478297,-0.01781170483460548,47.82608695652173,-0.08039946469731324,0.8524152943604757,0.03794200635756462,0.01894892672094742,0.008797233360541635,0.3333333333333333,0.3333333333333333,0.3333333333333333,0.3333333333333333,19.3,18.914,0.0056994818652849055,-0.032642487046632085,-0.019999999999999907,-0.022999999999999906,2.0,stop,0.0,0.0
ACB,2024-03-08,2024-03-08,2024-03-11,2024-03-15,19.3,19.41,18.95,18.98,23024715,1.0576001742160277,0.9770410789663339,0.057600174216027665,-0.00184975850375102,0.009752289644102019,0,-0.032619775739041845,-0.027165556125064105,37.63440860215051,-0.11037949516507256,1.8633454870417487,1.2637262407806702,0.019682372422098426,0.009429380505730254,0.6956521739130428,0.239130434782607,0.06521739130435018,0.06521739130435018,18.98,19.19,0.022655426765015863,-0.016332982086406655,0.011064278187565835,0.008064278187565836,5.0,timeout,0.0,1.0
ACB,2024-03-11,2024-03-11,2024-03-12,2024-03-13,18.98,19.02,18.7,18.77,12023089,1.0518628717870755,0.9688742063696897,0.05186287178707542,-0.004214854793112344,0.008951266543956615,0,-0.03097573567372236,-0.0379292670425424,35.532994923857856,-0.1403248071559482,1.0408814977740144,-0.4778181184870258,0.020016744044447806,0.00944166279219068,0.6562500000000021,0.12499999999999722,0.2187500000000007,0.2187500000000007,18.7,19.317099999999996,0.03796791443850278,-0.0016042780748661833,0.03299999999999992,0.02999999999999992,2.0,target,1.0,1.0
ACB,2024-03-12,2024-03-12,2024-03-13,2024-03-13,18.7,18.84,18.67,18.77,8318885,1.045902065484636,0.9718842230621861,0.04590206548463613,-0.006737296852499464,0.008222858016467383,0,-0.02746113989637311,-0.043323139653414944,32.08556149732614,-0.15495703751926676,0.7113745423391905,-0.30809087415056147,0.01933176040794579,0.009237337639223351,0.4117647058823591,0.4117647058823591,0.17647058823528183,0.5882352941176409,18.77,19.389409999999998,0.03409696323921163,-0.0015982951518380695,0.03299999999999992,0.02999999999999992,1.0,target,1.0,1.0
ACB,2024-03-13,2024-03-13,2024-03-14,2024-03-14,18.77,19.41,18.77,19.41,8940425,1.0411179239172677,1.006273005339831,0.04111792391726763,-0.007052403994646239,0.008667247386759502,0,0.022655426765015863,0.0020650490449147796,50.0,-0.11802779601146612,0.7743343876237868,0.07471433972221031,0.020387134761168747,0.01416146953389567,1.0,0.0,0.0,1.0,19.37,18.9826,0.0036138358286008643,-0.032524522457408445,-0.020000000000000018,-0.023000000000000017,1.0,stop,0.0,0.0
ACB,2024-03-14,2024-03-14,2024-03-15,2024-03-21,19.37,19.37,18.98,19.12,8232737,1.0351619256724034,0.9939696402578498,0.03516192567240329,-0.007071697723636028,0.008947865651706355,0,0.018646776771443774,-0.00932642487046631,49.206349206349216,-0.10979813283782247,0.7321352557135432,-0.07915596853617135,0.019426180514046605,0.014801625597038575,0.6410256410256401,0.0,0.3589743589743599,0.3589743589743599,19.12,19.65,0.027719665271966454,-0.01987447698744782,0.027719665271966454,0.024719665271966455,5.0,timeout,0.0,1.0
ACB,2024-03-15,2024-03-15,2024-03-18,2024-03-22,19.12,19.23,18.95,19.19,7828640,1.030644555358772,0.9992709852114143,0.030644555358771957,-0.005643866825454258,0.009076434845711745,0,0.02237613212573275,0.011064278187565835,47.75510204081633,-0.09676361077425952,0.7014197472742533,-0.049084162411601406,0.0188342142484925,0.01483090614387918,0.25,0.14285714285713924,0.6071428571428608,0.8571428571428608,19.09,19.71997,0.0644316396018858,-0.01833420639078054,0.03299999999999992,0.02999999999999992,5.0,target,1.0,1.0
ACB,2024-03-18,2024-03-18,2024-03-19,2024-03-20,19.09,19.19,18.74,18.88,14127772,1.024942169294037,0.9863643487801054,0.024942169294037093,-0.007672766861942071,0.007988255106006203,0,-0.027305512622359696,0.00586041555673944,40.89219330855014,-0.1054309558376664,1.2530955142944689,0.804626601810787,0.019900121065375295,0.015507137676355604,0.4666666666666656,0.222222222222224,0.3111111111111104,0.3111111111111104,18.81,19.430729999999997,0.08027644869750139,-0.0021265284423178654,0.03299999999999992,0.02999999999999992,2.0,target,1.0,1.0
ACB,2024-03-19,2024-03-19,2024-03-20,2024-03-21,18.81,18.98,18.77,18.84,7125247,1.0189322671683914,0.9883019461784608,0.018932267168391467,-0.008993553753378958,0.006791299387599148,0,-0.014644351464435212,0.0037293553542887548,33.469387755102076,-0.10977518652528703,0.6325411381617261,-0.49565671076798234,0.01956323930846224,0.015208726496737083,0.14285714285714768,0.6666666666666666,0.19047619047618564,0.3333333333333333,18.84,19.46172,0.07855626326963905,-0.0015923566878981443,0.03299999999999992,0.02999999999999992,2.0,target,1.0,1.0
ACB,2024-03-20,2024-03-20,2024-03-21,2024-03-22,18.84,19.44,18.81,19.3,14010312,1.0166561743083047,1.0128043660789252,0.01665617430830465,-0.007706727765048882,0.005946439113400759,0,0.005732152162584603,-0.005667181865018023,43.98625429553268,-0.07902300935950021,1.223382660068645,0.9662914141783436,0.01998519615099928,0.017226224604495518,0.7301587301587286,0.2222222222222222,0.04761904761904923,0.7777777777777778,19.44,20.08152,0.04526748971193406,-0.012860082304526732,0.03299999999999992,0.02999999999999992,2.0,target,1.0,1.0
ACB,2024-03-21,2024-03-21,2024-03-22,2024-03-25,19.44,19.65,19.34,19.65,12824070,1.0164735698769007,1.0292808129485096,0.016473569876900802,-0.0026121937202863155,0.005697395476353728,0,0.040783898305084776,0.027719665271966454,52.243589743589695,-0.034724997221099674,1.0939313941224778,-0.08466920651017618,0.01977462740821521,0.018102144064146602,0.6774193548387037,0.0,0.32258064516129625,1.0,19.83,19.4334,0.024710035300050448,-0.0322743318204739,-0.020000000000000018,-0.023000000000000017,2.0,stop,0.0,0.0
ACB,2024-03-22,2024-03-22,2024-03-25,2024-03-26,19.83,20.32,19.58,19.76,22688584,1.0185657506004377,1.0308310292660026,0.018565750600437803,0.005560509888265175,0.005922346703155723,0,0.04883227176220806,0.02970297029702973,53.869969040247675,0.000504012832980627,1.9630252071757852,0.7692186645893231,0.020315211104684816,0.016898898791064005,0.09459459459458992,0.6621621621621631,0.243243243243247,0.243243243243247,19.69,19.296200000000002,0.021330624682579957,-0.02539360081259523,-0.019999999999999907,-0.022999999999999906,2.0,stop,0.0,0.0
ACB,2024-03-25,2024-03-25,2024-03-26,2024-03-28,19.69,19.69,19.3,19.3,10196791,1.0197455675922291,1.0040578503797732,0.019745567592229063,0.008711167086481897,0.0056552033205647945,0,0.0,0.022245762711864403,45.53072625698324,-0.008175231967098018,0.8806859876912693,-0.5505761399653676,0.021354552183567764,0.01848856805038927,1.0,0.0,0.0,0.0,19.37,20.00921,0.03820340733092409,-0.00929272070211662,0.03299999999999992,0.02999999999999992,3.0,target,1.0,1.0
ACB,2024-03-26,2024-03-26,2024-03-27,2024-04-02,19.37,19.62,19.19,19.62,6287467,1.0220102481578726,1.0162117366758172,0.022010248157872496,0.011314231836991206,0.005835498573071307,0,-0.0015267175572517555,0.04140127388535042,53.42465753424656,0.00587607087379316,0.5569289271076168,-0.38338767559323317,0.021042667831658684,0.01893357438300001,0.5813953488372097,0.0,0.41860465116279033,1.0,19.62,19.93,0.02497451580020371,-0.012742099898063186,0.015800203873598262,0.012800203873598263,5.0,timeout,0.0,1.0
ACB,2024-03-27,2024-03-27,2024-03-28,2024-04-03,19.62,19.69,19.37,19.65,5962845,1.0211940960813108,1.0165019916196782,0.021194096081310912,0.008451145077990496,0.0058555973559479835,0,-0.005566801619433348,0.018134715025906578,54.84764542936285,0.014917332837302677,0.5389219714108245,-0.051630012531278524,0.021410396219556555,0.015845003593274877,0.09374999999999237,0.12500000000000833,0.7812499999999993,0.8749999999999917,19.86,19.65,0.012588116817723982,-0.014098690835851024,-0.010574018126888296,-0.013574018126888295,5.0,timeout,0.0,0.0
ACB,2024-03-28,2024-03-28,2024-03-29,2024-04-04,19.86,20.07,19.79,19.9,12429800,1.0229584576301558,1.0252975423772477,0.02295845763015576,0.009728436166891896,0.00655709874905841,0,0.031088082901554293,0.012722646310432628,62.99435028248584,0.034350326768278816,1.1110073280290744,1.0845418587939148,0.02099784637473083,0.015082761635277248,0.14285714285713924,0.6071428571428608,0.25,0.39285714285713924,19.93,19.531399999999998,0.009031610637230347,-0.02960361264425493,-0.02000000000000013,-0.023000000000000128,5.0,stop,0.0,0.0
ACB,2024-03-29,2024-03-29,2024-04-01,2024-04-04,19.93,20.11,19.76,20.0,13496333,1.0251851540144754,1.0261672652642382,0.02518515401447547,0.009478427513337051,0.006352163970526181,0,0.019367991845056,0.012145748987854255,67.93002915451893,0.04962700640608289,1.1888317718762111,0.08580451817406565,0.021000000000000022,0.01508442897750121,0.20000000000000204,0.31428571428571456,0.4857142857142834,0.6857142857142854,19.79,19.394199999999998,0.010611419909045017,-0.03890853966649821,-0.020000000000000018,-0.023000000000000017,4.0,stop,0.0,0.0
ACB,2024-04-01,2024-04-01,2024-04-02,2024-04-04,19.79,20.0,19.72,19.97,6180472,1.0285273465789222,1.018929537221287,0.028527346578922207,0.01386374217577968,0.006635041046392676,0,0.016284987277353613,0.0347150259067357,67.34104046242771,0.053088353693581086,0.5618394805196175,-0.5420628699662345,0.02142499463480939,0.013512340718783239,0.6428571428571392,0.10714285714286077,0.25,0.8928571428571392,19.86,19.462799999999998,0.0035246727089628394,-0.047834843907351376,-0.02000000000000013,-0.023000000000000128,3.0,stop,0.0,0.0
ACB,2024-04-02,2024-04-02,2024-04-03,2024-04-04,19.86,19.93,19.58,19.93,10414778,1.031972938724643,1.011264461132535,0.03197293872464304,0.015405224380442117,0.006535465441091182,0,0.001507537688442362,0.015800203873598262,59.09090909090907,0.04820345428559791,0.9295445171816757,0.6851104575831748,0.02057200200702462,0.01350494318832895,0.2,0.0,0.8,1.0,19.79,19.394199999999998,0.0070742799393632705,-0.04446690247599794,-0.020000000000000018,-0.023000000000000017,2.0,stop,0.0,0.0
ACB,2024-04-03,2024-04-03,2024-04-04,2024-04-05,19.79,19.93,19.58,19.65,10205483,1.031838944694729,0.995289469685458,0.031838944694728956,0.012981015905592752,0.0064488301632719125,0,-0.01750000000000007,0.0,59.298245614035025,0.022917258902327375,0.9092165435795998,-0.020095963639359393,0.020574336604871,0.013059477600291048,0.4,0.4,0.2,0.2,19.69,19.296200000000002,0.0,-0.03961401726764857,-0.019999999999999907,-0.022999999999999906,2.0,stop,0.0,0.0
ACB,2024-04-04,2024-04-04,2024-04-05,2024-04-11,19.69,19.69,19.34,19.34,11161719,1.0287455900465523,0.9811282467532467,0.028745590046552347,0.005765600285728922,0.005552231913263261,0,-0.03154732098147217,-0.028140703517587906,52.4271844660194,-0.015797292397275953,0.9900399930523379,0.09369826004315529,0.02116265327227069,0.012767989142167672,1.0,0.0,0.0,0.0,19.16,19.05,0.010960334029227692,-0.014613778705636848,-0.00574112734864296,-0.00874112734864296,5.0,timeout,0.0,0.0
ACB,2024-04-05,2024-04-05,2024-04-08,2024-04-12,19.16,19.23,19.02,19.05,12293515,1.0241422463239127,0.9699098823888805,0.02414224632391268,-0.003399634666125473,0.0042204698021719445,0,-0.04415454089312587,-0.04749999999999999,52.76872964169383,-0.059586637781679525,1.1449196094841232,0.10139979334724347,0.02099737532808402,0.013148252105070599,0.523809523809519,0.3333333333333333,0.14285714285714768,0.14285714285714768,19.05,19.65,0.03149606299212593,-0.00892388451443582,0.03149606299212593,0.02849606299212593,5.0,timeout,0.0,1.0
ACB,2024-04-08,2024-04-08,2024-04-09,2024-04-15,19.05,19.12,18.91,19.05,6874403,1.0222097155780674,0.9711460032626428,0.022209715578067404,-0.006432659676847585,0.002926757883954245,0,-0.030534351145038108,-0.04606910365548311,53.46534653465348,-0.08561832343205408,0.655953614718011,-0.440810622511137,0.02099737532808402,0.011186267597894694,0.0,0.3333333333333333,0.6666666666666666,0.6666666666666666,19.05,18.84,0.03149606299212593,-0.011023622047244164,-0.011023622047244164,-0.014023622047244163,5.0,timeout,0.0,0.0
ACB,2024-04-09,2024-04-09,2024-04-10,2024-04-15,19.05,19.16,18.98,19.16,5374934,1.0188781407165988,0.9790495656617271,0.018878140716598837,-0.007203733766233733,0.0024111224766716344,0,-0.009307135470527417,-0.038635223281485165,47.38805970149253,-0.09194014350921076,0.5201809282132456,-0.21812352287173153,0.019199224575007477,0.009695418692225623,0.6111111111111089,0.0,0.38888888888889106,1.0,19.26,18.8748,0.02024922118380057,-0.025441329179647032,-0.020000000000000018,-0.023000000000000017,4.0,stop,0.0,0.0
ACB,2024-04-10,2024-04-10,2024-04-11,2024-04-12,19.26,19.37,19.02,19.02,5127160,1.0146367343541942,0.975034602963039,0.014636734354194297,-0.006822463214703922,0.0024820106371883366,0,-0.0015748031496063408,-0.032061068702289974,37.246963562753066,-0.10132166720365055,0.5055297380592687,-0.04609805441331927,0.01934054378849335,0.009707554671625622,0.6857142857142886,0.3142857142857114,0.0,0.0,18.95,19.575349999999997,0.03693931398416872,-0.009498680738786236,0.03299999999999992,0.02999999999999992,2.0,target,1.0,1.0
ACB,2024-04-11,2024-04-11,2024-04-12,2024-04-19,18.95,19.05,18.88,19.05,11290085,1.0092286587266945,0.9808464627741736,0.009228658726694611,-0.00988988580750405,0.0028452615451957097,0,0.0,-0.01499482936918295,35.14644351464433,-0.10104922345097231,1.0966549313816325,1.2020153457274594,0.017172853393325867,0.008197281975620922,0.5882352941176495,0.0,0.4117647058823505,1.0,19.09,18.708199999999998,0.029334730225248684,-0.027763226820324838,-0.02000000000000013,-0.023000000000000128,5.0,stop,0.0,0.0
ACB,2024-04-12,2024-04-12,2024-04-15,2024-04-15,19.09,19.65,18.95,19.65,9772642,1.0061655992775662,1.0135657915097744,0.0061655992775661575,-0.009351047521716893,0.0031654466507700096,0,0.025574112734864318,0.03149606299212593,56.9169960474308,-0.058133761886106486,0.9403805381113638,-0.1344049225492988,0.017520901490367165,0.013866141552992732,0.7999999999999989,0.0,0.200000000000001,1.0,19.51,19.1198,0.007175807278318569,-0.04869297796002059,-0.020000000000000018,-0.023000000000000017,1.0,stop,0.0,0.0
ACB,2024-04-15,2024-04-15,2024-04-16,2024-04-23,19.51,19.65,18.84,18.84,16263243,0.9996473175386913,0.9774826190723254,-0.0003526824613087587,-0.011944430204541834,0.0028711717709721807,0,-0.009463722397476282,-0.011023622047244164,37.08609271523176,-0.0805905896790837,1.5490286752850508,0.6641603161151304,0.019714892326357317,0.018667494828165144,0.827160493827164,0.17283950617283608,0.0,0.0,18.84,18.7,0.014861995753715496,-0.014861995753715607,-0.007430997876857748,-0.010430997876857747,5.0,timeout,0.0,0.0
ACB,2024-04-16,2024-04-16,2024-04-17,2024-04-19,18.84,19.05,18.77,19.05,17356891,0.9942168974380234,0.9929114979672679,-0.005783102561976581,-0.012151168777674859,0.002764440564527959,0,0.0,-0.00574112734864296,40.62500000000003,-0.0775665785991041,1.5763835105689086,0.06724661249911845,0.019347581552305988,0.01940165757222987,0.75,0.0,0.25,1.0,19.09,18.708199999999998,0.0015715034049241794,-0.027763226820324838,-0.02000000000000013,-0.023000000000000128,2.0,stop,0.0,0.0
ACB,2024-04-17,2024-04-17,2024-04-19,2024-04-25,19.09,19.12,18.77,18.77,10485319,0.988939290374697,0.9828254267462562,-0.011060709625303087,-0.014906896373858891,0.002252415897696869,0,-0.0447837150127226,-0.013144058885383836,32.507739938080505,-0.08982406036511206,0.9677868584117922,-0.39589878164240355,0.01936981505441817,0.019438810503988175,0.9142857142857114,0.08571428571428862,0.0,0.0,18.67,18.81,0.018746652383502926,-0.005891805034815345,0.007498660953401126,0.004498660953401126,5.0,timeout,0.0,1.0
ACB,2024-04-19,2024-04-19,2024-04-22,2024-04-26,18.67,18.81,18.56,18.67,10866833,0.9850414078674947,0.9810309495034419,-0.014958592132505253,-0.012607657984850196,0.002033110659308557,0,-0.009023354564755781,-0.019947506561679762,29.411764705882362,-0.09932522165627652,1.0121425582648838,0.036385540582980935,0.019090978651771402,0.01903605127127062,0.0,0.5599999999999881,0.44000000000001194,0.44000000000001194,18.88,18.84,0.00741525423728806,-0.013241525423728806,-0.0021186440677966045,-0.005118644067796605,5.0,timeout,0.0,0.0
ACB,2024-04-22,2024-04-22,2024-04-23,2024-05-02,18.88,18.91,18.74,18.81,6317643,0.9834021461314791,0.989635397485137,-0.016597853868520907,-0.00932971958719897,0.0015649614459829486,0,-0.012598425196850505,-0.042748091603053484,32.63473053892211,-0.09105808650998365,0.6369928776784175,-0.41863070868945906,0.018796992481203034,0.01883579145484057,0.4117647058823505,0.17647058823529904,0.4117647058823505,0.4117647058823505,18.81,18.95,0.012759170653907637,-0.009569377990430561,0.0074428495481126955,0.0044428495481126954,5.0,timeout,0.0,1.0
ACB,2024-04-23,2024-04-23,2024-04-24,2024-05-03,18.81,18.91,18.63,18.7,8544832,0.9824147144721307,0.9856630824372759,-0.0175852855278693,-0.006597549481620946,0.0,0,-0.0037293553542887548,-0.007430997876857748,31.964809384164184,-0.0878343804270615,0.868790454232152,0.35253479818343636,0.01848739495798322,0.01888834113277266,0.39285714285713924,0.35714285714286076,0.25,0.25,18.81,19.3,0.026049973418394545,-0.0074428495481125845,0.026049973418394545,0.023049973418394546,5.0,timeout,0.0,1.0
ACB,2024-04-24,2024-04-24,2024-04-25,2024-05-06,18.81,19.02,18.74,18.98,6684776,0.9820623620480617,1.0013717421124828,-0.017937637951938302,-0.004046030161315661,-0.0010248447204969091,0,0.016604177825388255,-0.0036745406824146842,40.175953079178896,-0.06285170876444122,0.6783003867009989,-0.21768198602383293,0.018101761252446204,0.019506205865513916,0.6071428571428608,0.14285714285713924,0.25,0.8571428571428608,18.95,19.37,0.02585751978891837,-0.014775725593667466,0.022163588390501365,0.019163588390501366,5.0,timeout,0.0,1.0
ACB,2024-04-25,2024-04-25,2024-04-26,2024-05-06,18.95,18.98,18.77,18.81,5144590,0.981828930582781,0.9935034067501188,-0.01817106941721898,-0.003893302467512072,-0.0022972092012540912,0,0.0,0.0021310602024506853,41.896024464831775,-0.05411526890822252,0.5241947351462131,-0.23040203590965502,0.01773372826004407,0.019574489398816352,0.6666666666666666,0.14285714285714768,0.19047619047618564,0.19047619047618564,18.81,19.430729999999997,0.0372142477405637,-0.0074428495481125845,0.03299999999999992,0.02999999999999992,4.0,target,1.0,1.0
ACB,2024-04-26,2024-04-26,2024-05-02,2024-05-07,18.81,18.95,18.67,18.84,5446804,0.9809942733836832,0.9961928934010152,-0.019005726616316825,-0.003162555344718654,-0.0017191739679778273,0,0.007486631016042855,0.00910551687198713,46.51162790697673,-0.043132758612221725,0.5754604714450217,0.05874403985545973,0.017553836821352756,0.019574741408720456,0.10714285714286213,0.39285714285714424,0.49999999999999367,0.6071428571428558,18.84,19.46172,0.035562632696390706,-0.0015923566878981443,0.03299999999999992,0.02999999999999992,4.0,target,1.0,1.0
ACB,2024-05-02,2024-05-02,2024-05-03,2024-05-09,18.84,19.05,18.81,18.95,4801959,0.9777893098079918,1.0057318755970701,-0.02221069019200816,-0.005909042946079857,-0.001564750624345912,0,-0.0015806111696523573,0.0074428495481126955,48.39743589743588,-0.026114454828485956,0.5317546117994576,-0.11838960976014556,0.01756502073124766,0.016250985400082046,0.45833333333332715,0.4166666666666691,0.1250000000000037,0.5833333333333308,19.02,19.37,0.025762355415352323,0.0,0.018401682439537437,0.015401682439537438,5.0,timeout,0.0,1.0
ACB,2024-05-03,2024-05-03,2024-05-06,2024-05-10,19.02,19.3,19.02,19.3,8722742,0.9803188839063278,1.0218127911901738,-0.019681116093672194,-0.0023768024084932504,-0.0008401008120975106,0,0.026049973418394545,0.03208556149732633,52.08333333333334,0.009170599216061073,0.9525225534511805,0.8164965590085214,0.0178756476683938,0.010956035104885242,1.0,0.0,0.0,1.0,19.3,19.44,0.010880829015543991,-0.007253886010362698,0.007253886010362809,0.004253886010362809,5.0,timeout,0.0,1.0
ACB,2024-05-06,2024-05-06,2024-05-07,2024-05-13,19.3,19.44,19.19,19.37,7449978,0.9819491587000071,1.0237843551797041,-0.01805084129999289,0.0004230118443315778,-0.0005498381608431968,0,0.02813163481953307,0.020547945205479534,55.319148936170244,0.03616535007994218,0.8269229090405811,-0.14591329194420743,0.017442289254369806,0.010544621799287631,0.28000000000000114,0.28000000000000114,0.4399999999999977,0.7199999999999989,19.48,19.44,0.008726899383983522,-0.01642710472279263,-0.002053388090349051,-0.005053388090349051,5.0,timeout,0.0,0.0
ACB,2024-05-07,2024-05-07,2024-05-08,2024-05-14,19.48,19.51,19.3,19.41,4305048,0.9853014449427007,1.0224399494310998,-0.01469855505729931,0.007536354951703572,-0.0001453035806954217,0,0.024274406332453813,0.03189792663476876,55.45454545454545,0.054551832010186124,0.49402359751707076,-0.4221395016200048,0.017553543828659757,0.0088396798803402,0.3333333333333333,0.14285714285714768,0.523809523809519,0.523809523809519,19.3,19.48,0.018134715025906578,-0.007253886010362698,0.00932642487046631,0.00632642487046631,5.0,timeout,0.0,1.0
ACB,2024-05-08,2024-05-08,2024-05-09,2024-05-15,19.3,19.41,19.16,19.34,4040821,0.9888507095474881,1.015169807359194,-0.011149290452511904,0.008629817873782253,-7.266234844693908e-05,0,0.002072538860103501,0.026539278131634925,44.40433212996392,0.05943469029791049,0.48345525715317855,-0.061376086863607515,0.01595508937804699,0.00866604652642712,0.1599999999999966,0.28000000000000114,0.5600000000000023,0.7199999999999989,19.37,19.44,0.01445534331440368,-0.005678884873515755,0.0036138358286008643,0.0006138358286008642,5.0,timeout,0.0,1.0
ACB,2024-05-09,2024-05-09,2024-05-10,2024-05-16,19.37,19.51,19.3,19.37,4105414,0.9915412558380903,1.0137645888941227,-0.008458744161909717,0.009883720930232709,0.00011418013473241118,0,0.0,0.022163588390501365,63.31658291457288,0.06184407409535711,0.5164818562023377,0.015985117875797927,0.013717825798362731,0.008569680842192671,0.0,0.6666666666666666,0.3333333333333333,0.3333333333333333,19.37,19.83,0.02891068662880736,-0.005678884873515755,0.023748064016520187,0.020748064016520188,5.0,timeout,0.0,1.0
ACB,2024-05-10,2024-05-10,2024-05-13,2024-05-17,19.37,19.44,19.26,19.44,4913057,0.9952368104271305,1.0135029456232731,-0.004763189572869496,0.010377159713442774,0.00029064939378842247,0,0.0015455950540959051,0.007253886010362809,60.540540540540555,0.06498857951955792,0.6258082559633832,0.19672632285075276,0.01330099941211054,0.007990581010197537,0.38888888888889106,0.0,0.6111111111111089,1.0,19.65,19.83,0.014249363867684606,-0.012213740458015154,0.009160305343511421,0.006160305343511421,5.0,timeout,0.0,1.0
ACB,2024-05-13,2024-05-13,2024-05-14,2024-05-20,19.65,19.65,19.41,19.44,5555670,0.9975511305268182,1.011078171321579,-0.002448869473181773,0.009238360191066164,0.0004360057718857391,0,0.005170630816959676,0.0036138358286008643,71.33757961783445,0.06381364618154686,0.7068484470106389,0.13079697630212728,0.012896825396825401,0.007034260834692993,0.8749999999999944,0.0,0.12500000000000555,0.12500000000000555,19.44,19.83,0.030864197530864113,-0.0015432098765432167,0.020061728395061484,0.017061728395061485,5.0,timeout,0.0,1.0
ACB,2024-05-14,2024-05-14,2024-05-15,2024-05-21,19.44,19.58,19.41,19.48,4474265,1.0012038939743033,1.0096403026847725,0.0012038939743032348,0.00978698906160047,4.151530877005705e-05,1,0.005678884873515644,0.003606388459556964,76.82119205298005,0.062400226600772005,0.5716354087665281,-0.19464889023286125,0.012577002053388088,0.005810929166081231,0.23529411764705638,0.5882352941176409,0.17647058823530273,0.4117647058823591,19.55,19.79,0.025063938618925752,-0.005626598465473087,0.012276214833759402,0.009276214833759403,5.0,timeout,0.0,1.0
ACB,2024-05-15,2024-05-15,2024-05-16,2024-05-22,19.55,19.55,19.44,19.44,7807457,1.0045363478766365,1.0044435258861217,0.004536347876636374,0.009019342057244195,-0.00032169689925698464,0,0.0,0.005170630816959676,72.34042553191493,0.05566378640915262,1.0201826494376218,0.7449697324588507,0.012125220458553793,0.006054714024964953,1.0,0.0,0.0,0.0,19.65,19.62,0.01984732824427482,-0.007124681933842081,-0.0015267175572517555,-0.004526717557251756,5.0,timeout,0.0,0.0
ACB,2024-05-16,2024-05-16,2024-05-17,2024-05-23,19.65,19.93,19.51,19.83,30211993,1.0087687438385304,1.01995679456846,0.008768743838530426,0.011182191709575129,-6.225939338577735e-05,0,0.020061728395061484,0.023748064016520187,83.43195266272184,0.07325884176173976,3.482663838452176,2.8696329675590913,0.012643181326993725,0.008084996798952379,0.42857142857142977,0.23809523809524252,0.3333333333333277,0.7619047619047574,19.83,19.97,0.010590015128593144,-0.014120020171457304,0.007060010085728763,0.004060010085728763,5.0,timeout,0.0,1.0
ACB,2024-05-17,2024-05-17,2024-05-20,2024-05-21,19.83,19.93,19.79,19.83,8509864,1.0111829206303102,1.0171838933059758,0.011182920630310176,0.010417746449673526,0.00044627104219863156,0,0.017967145790554362,0.020061728395061484,80.14184397163113,0.08012618465799429,1.0268563053206559,-0.718328281090228,0.011994813053814562,0.006516600452712658,0.0,0.7142857142857215,0.2857142857142785,0.2857142857142785,20.0,19.6,0.05950000000000011,-0.022499999999999964,-0.019999999999999907,-0.022999999999999906,2.0,stop,0.0,0.0
ACB,2024-05-20,2024-05-20,2024-05-21,2024-05-24,20.0,20.04,19.79,19.83,9339952,1.0133481300172167,1.014789417122972,0.01334813001721673,0.009662085357031946,0.0008823559943114123,0,0.020061728395061484,0.020061728395061484,91.12903225806456,0.07972698397187987,1.1843035831510953,0.09754421457264173,0.012138894892298817,0.006562009205566615,0.6800000000000068,0.1599999999999966,0.1599999999999966,0.1599999999999966,19.83,20.484389999999998,0.06858295511850754,-0.014120020171457304,0.03299999999999992,0.02999999999999992,4.0,target,1.0,1.0
ACB,2024-05-21,2024-05-21,2024-05-22,2024-05-24,19.83,19.86,19.55,19.79,10828854,1.0148766328011611,1.0107768527503957,0.014876632801161051,0.007046600144018145,0.000985835106106947,0,-0.0020171457387795355,0.01591375770020531,88.00000000000009,0.07205976082800228,1.3701118711615412,0.1594121682852332,0.012271710098895541,0.006708360004358447,0.1290322580645139,0.09677419354839116,0.774193548387095,0.774193548387095,19.79,20.44307,0.07074279939363315,-0.010611419909045017,0.03299999999999992,0.02999999999999992,3.0,target,1.0,1.0
ACB,2024-05-22,2024-05-22,2024-05-23,2024-05-24,19.79,19.83,19.58,19.62,9288338,1.015990962981387,1.000663028510226,0.015990962981386976,0.005745062836624681,0.0009855078477547519,0,-0.010590015128592922,0.0092592592592593,75.57251908396962,0.051778475451875416,1.1870531287970891,-0.14226029827348308,0.012414445900684419,0.007324725316546032,0.6799999999999926,0.1599999999999966,0.1600000000000108,0.1600000000000108,19.65,20.298449999999995,0.07837150127226478,0.0,0.03299999999999992,0.02999999999999992,2.0,target,1.0,1.0
ACB,2024-05-23,2024-05-23,2024-05-24,2024-05-24,19.65,20.0,19.65,19.97,10454272,1.018055512418341,1.0154065185335843,0.018055512418341104,0.006447981167800876,0.0017942707793150436,0,0.007060010085728763,0.007060010085728763,75.57251908396955,0.05772129030213449,1.3016531598451868,0.1255266550377474,0.012304170541526556,0.008972301125813828,0.9142857142857114,0.08571428571428862,0.0,0.9142857142857114,19.97,20.629009999999997,0.06109163745618451,-0.0070105157736605195,0.03299999999999992,0.02999999999999992,1.0,target,1.0,1.0
ACB,2024-05-24,2024-05-24,2024-05-27,2024-05-30,19.97,21.19,19.83,20.53,33867112,1.0218359564727644,1.0381270226537218,0.021835956472764432,0.01006180090913733,0.0031826663902134733,0,0.03739262253663478,0.03530005042864359,82.22222222222234,0.09305948185985446,3.642546040378834,2.239547622254328,0.015830491962980992,0.01195882416053102,0.4117647058823537,0.4852941176470579,0.10294117647058842,0.5147058823529421,20.7,20.285999999999998,0.021256038647343045,-0.021739130434782594,-0.020000000000000018,-0.023000000000000017,4.0,stop,0.0,0.0
ACB,2024-05-27,2024-05-27,2024-05-28,2024-05-30,20.7,20.95,20.53,20.67,7541858,1.026176552492342,1.0387456656113372,0.026176552492342155,0.014892640383536548,0.0048190523566717935,0,0.05351681957186538,0.042360060514372355,83.15789473684224,0.11795411947310652,0.8074360111507493,-0.7773102708019508,0.01644895984518624,0.011801592858942153,0.07142857142856598,0.5952380952380979,0.33333333333333615,0.33333333333333615,20.84,20.423199999999998,0.014395393474088358,-0.02831094049904026,-0.02000000000000013,-0.023000000000000128,3.0,stop,0.0,0.0
ACB,2024-05-28,2024-05-28,2024-05-29,2024-05-30,20.84,20.84,20.56,20.81,10694176,1.0315457738138152,1.0388378594249201,0.03154577381381508,0.018559007474449718,0.0052385833048627095,0,0.042063094641962895,0.05154118241536132,87.30964467005089,0.13472908046116056,1.1118939849927143,0.4179763129987333,0.01644127136678793,0.01171084008332509,0.10714285714286077,0.0,0.8928571428571392,0.8928571428571392,20.84,20.423199999999998,0.014395393474088358,-0.02831094049904026,-0.02000000000000013,-0.023000000000000128,2.0,stop,0.0,0.0
ACB,2024-05-29,2024-05-29,2024-05-30,2024-05-31,20.84,20.88,20.53,20.53,13456310,1.035654785166293,1.0193138374460058,0.03565478516629285,0.018456715210355856,0.004867361807227688,0,0.0,0.04638124362895013,76.12612612612627,0.11842492063982848,1.3431519444561173,0.2582839481975985,0.017152598984065102,0.013125940149869954,0.8857142857142875,0.11428571428571255,0.0,0.0,20.46,21.13518,0.03323558162267837,-0.01026392961876832,0.03299999999999992,0.02999999999999992,2.0,target,1.0,1.0
ACB,2024-05-30,2024-05-30,2024-05-31,2024-06-04,20.46,20.63,20.25,20.63,13118384,1.0382308845577213,1.020226497205875,0.038230884557721244,0.016181717674254914,0.004383386449663407,0,-0.0019351717464926033,0.03304957436154243,76.44444444444457,0.10622289764509957,1.2572392345392935,-0.02511282810815152,0.01776192784433208,0.012098322436625696,0.44736842105262786,0.0,0.5526315789473721,1.0,20.89,20.4722,0.011967448539971226,-0.028243178554332227,-0.020000000000000018,-0.023000000000000017,3.0,stop,0.0,0.0
ACB,2024-05-31,2024-05-31,2024-06-03,2024-06-05,20.89,21.14,20.6,20.6,11139289,1.0403468848022632,1.014878313134299,0.04034688480226329,0.013278753993610115,0.004706633572612917,0,-0.010091302258529389,0.00340964442279601,75.43859649122825,0.08869326498324537,1.0553460497827705,-0.15086423754633194,0.018828016643550598,0.012160698958602873,0.5370370370370363,0.4629629629629637,0.0,0.0,20.76,20.344800000000003,0.004335260115607031,-0.022157996146435543,-0.019999999999999907,-0.022999999999999906,3.0,stop,0.0,0.0
ACB,2024-06-03,2024-06-03,2024-06-04,2024-06-05,20.76,20.85,20.55,20.72,16257238,1.042898651552045,1.0163339382940109,0.042898651552045156,0.012213892060970233,0.005183158847364089,0,0.009254749147588726,0.002418964683115421,76.27118644067814,0.07811382178641685,1.4785398050247718,0.45945023959787745,0.019167126309983438,0.012093374380346468,0.13333333333334202,0.2999999999999988,0.5666666666666592,0.5666666666666592,20.72,20.3056,0.0,-0.020270270270270174,-0.020000000000000018,-0.023000000000000017,2.0,stop,0.0,0.0
ACB,2024-06-04,2024-06-04,2024-06-05,2024-06-11,20.72,20.72,20.43,20.47,9735560,1.0451261508905672,1.000733317037399,0.04512615089056715,0.011572127985757463,0.004898235813600049,0,-0.007755695588948175,-0.016338298894762127,70.03891050583667,0.04865464177960921,0.8640778389679122,-0.4011553500047179,0.02002931118710306,0.01306989669268329,0.8620689655172439,0.0,0.1379310344827561,0.1379310344827561,20.68,20.2664,0.0,-0.026112185686653744,-0.019999999999999907,-0.022999999999999906,5.0,stop,0.0,0.0
ACB,2024-06-05,2024-06-05,2024-06-06,2024-06-12,20.68,20.68,20.3,20.34,10801981,1.048065925986439,0.9908900472548351,0.0480659259864391,0.0112818996945514,0.0038337741148493087,0,-0.012621359223301098,-0.009254749147588948,61.03896103896114,0.016453533284217225,0.9307998631837262,0.10953874250685125,0.019771035257760906,0.012857941761645501,0.8947368421052652,0.0,0.10526315789473488,0.10526315789473488,20.39,19.9822,0.012260912211868646,-0.020598332515939233,-0.02000000000000013,-0.023000000000000128,5.0,stop,0.0,0.0
ACB,2024-06-06,2024-06-06,2024-06-07,2024-06-12,20.39,20.47,20.3,20.34,8033240,1.049333578266283,0.9891071775919081,0.049333578266282894,0.008682003237357128,0.0024963679891960577,0,-0.018339768339768248,-0.014057198254968428,61.03896103896114,-0.007519332184969474,0.6806997804971908,-0.25631789206072475,0.019876387133024278,0.011875935824259378,0.2941176470588309,0.47058823529411276,0.23529411764705638,0.23529411764705638,20.51,20.099800000000002,0.014139444173573823,-0.026328620185275597,-0.020000000000000018,-0.023000000000000017,4.0,stop,0.0,0.0
ACB,2024-06-07,2024-06-07,2024-06-10,2024-06-12,20.51,20.6,20.3,20.55,5892570,1.0480985822181,0.9992220169211321,0.048098582218099886,0.0054265460767537466,0.00257513361060302,0,0.0039081582804103565,-0.0024271844660194164,64.28571428571442,-0.011659349630940508,0.4972457029083229,-0.2664765399763981,0.01984706291275632,0.008336875525493186,0.13333333333333017,0.16666666666666863,0.7000000000000012,0.8333333333333314,20.55,20.139,0.012165450121654597,-0.028223844282238564,-0.020000000000000018,-0.023000000000000017,3.0,stop,0.0,0.0
ACB,2024-06-10,2024-06-10,2024-06-11,2024-06-12,20.55,20.64,20.3,20.39,7679882,1.0458508168004235,0.9927938455545817,0.04585081680042355,0.0005358795732448574,0.0026550118454375937,0,0.002458210422812135,-0.015926640926640867,61.36363636363645,-0.02673745720278864,0.642311601226926,0.3033162100747213,0.020107896027464427,0.008313831569704833,0.47058823529411825,0.26470588235294085,0.26470588235294085,0.26470588235294085,20.39,19.9822,0.020107896027464545,-0.020598332515939233,-0.02000000000000013,-0.023000000000000128,2.0,stop,0.0,0.0
ACB,2024-06-11,2024-06-11,2024-06-12,2024-06-18,20.39,20.43,20.14,20.18,9213280,1.0420801905518065,0.9855921855921855,0.04208019055180639,-0.004327951760357829,0.0026024125895536265,0,-0.007866273352999054,-0.014167073766487515,60.44776119402987,-0.05101087156269868,0.7555844651208068,0.19966426567491524,0.02045872858558684,0.008216898959457387,0.7241379310344879,0.1379310344827561,0.1379310344827561,0.1379310344827561,20.18,20.51,0.0307234886025769,-0.010406342913776068,0.016352824578790948,0.013352824578790948,5.0,timeout,0.0,1.0
ACB,2024-06-12,2024-06-12,2024-06-13,2024-06-19,20.18,20.51,19.97,20.51,10400953,1.0413318142052044,1.001807258340253,0.04133181420520436,-0.004522026645920496,0.0019467745716585938,0,-0.001946472019464629,0.00835791543756148,60.1503759398497,-0.04519747102773941,0.8440101861721553,0.12890881423336742,0.020686773002716433,0.009347337920139446,0.6111111111111115,0.0,0.3888888888888885,1.0,20.51,20.6,0.014139444173573823,-0.012189176011701663,0.004388103364212581,0.001388103364212581,5.0,timeout,0.0,1.0
ACB,2024-06-13,2024-06-13,2024-06-14,2024-06-20,20.51,20.8,20.39,20.72,11727801,1.0410271006566776,1.01161995898838,0.04102710065667748,-0.0027266530334015826,0.0018943251721186272,0,0.016184404119666373,0.01868239921337267,54.11255411255408,-0.028386091336510377,1.0288405984722038,0.12756984864752297,0.017202151130722543,0.009804802618719332,0.5121951219512128,0.19512195121951664,0.2926829268292706,0.8048780487804834,20.64,20.72,0.007751937984496138,-0.018410852713178216,0.003875968992248069,0.0008759689922480688,5.0,timeout,0.0,1.0
ACB,2024-06-14,2024-06-14,2024-06-17,2024-06-21,20.64,20.8,20.55,20.55,11049165,1.0401597041612485,1.0035649753381843,0.04015970416124844,9.76800976799641e-05,0.0019441984507486687,0,0.018334985133795945,0.0,47.435897435897395,-0.029748686285938186,0.958628725901544,-0.057865579404016154,0.016753562738964185,0.01017793446080551,0.35999999999999943,0.6400000000000006,0.0,0.0,20.55,20.51,0.010218978102189746,-0.014111922141119226,-0.001946472019464629,-0.004946472019464629,5.0,timeout,0.0,0.0
ACB,2024-06-17,2024-06-17,2024-06-18,2024-06-24,20.55,20.55,20.26,20.51,6375848,1.038481064067418,1.0026398122800158,0.03848106406741797,-0.0008303619401162088,0.0019124738052125334,0,0.0,0.005885237861696924,43.30357142857146,-0.03406684740301691,0.5603758977934018,-0.42295657635667494,0.016821062896148202,0.009961452353174374,0.1379310344827561,0.0,0.8620689655172439,0.8620689655172439,20.64,20.2272,0.005813953488372103,-0.03246124031007758,-0.020000000000000018,-0.023000000000000017,5.0,stop,0.0,0.0
ACB,2024-06-18,2024-06-18,2024-06-19,2024-06-24,20.64,20.64,20.39,20.51,5729760,1.0377779581236812,1.0024437927663734,0.037777958123681295,-0.0010741138560687036,0.002053388090349051,0,-0.010135135135134976,0.016352824578790948,49.489795918367356,-0.03738078320501659,0.5151341213929881,-0.10133365789146798,0.016472800724385304,0.009167771221404542,0.519999999999996,0.0,0.480000000000004,0.480000000000004,20.51,20.099800000000002,0.012189176011701663,-0.026328620185275597,-0.020000000000000018,-0.023000000000000017,4.0,stop,0.0,0.0
ACB,2024-06-19,2024-06-19,2024-06-20,2024-06-24,20.51,20.64,20.26,20.6,7618993,1.0377702579481671,1.0055647759445476,0.037770257948167185,0.0004395175074474178,0.0027430104031209712,0,0.0024330900243310083,0.004388103364212581,49.23076923076929,-0.03406277993397319,0.6901647117326369,0.3297228854262657,0.016400832177531195,0.00893694255167863,0.23684210526315813,0.10526315789473488,0.657894736842107,0.8947368421052652,20.51,20.099800000000002,0.012189176011701663,-0.03851779619697726,-0.020000000000000018,-0.023000000000000017,3.0,stop,0.0,0.0
ACB,2024-06-20,2024-06-20,2024-06-21,2024-06-24,20.51,20.76,20.39,20.72,10178313,1.0379390911205737,1.0095497953615278,0.03793909112057366,0.003324208056316058,0.0038481064067419357,0,0.010238907849829282,0.0,52.941176470588175,-0.024769775067972843,0.9231539550917188,0.3359131580774519,0.015719801434087143,0.009031645267964523,0.5675675675675588,0.10810810810811511,0.3243243243243261,0.8918918918918849,20.76,20.344800000000003,0.0,-0.05009633911368028,-0.019999999999999907,-0.022999999999999906,2.0,stop,0.0,0.0
ACB,2024-06-21,2024-06-21,2024-06-24,2024-06-24,20.76,20.76,20.47,20.51,5126289,1.036206635358279,0.999512670565302,0.036206635358279164,0.0029325513196483133,0.004453416653140696,0,0.0,-0.001946472019464629,45.070422535211314,-0.03322228336034766,0.5346263971554807,-0.4963518021110178,0.015845928815212094,0.009223835720176408,0.8620689655172333,0.0,0.13793103448276664,0.13793103448276664,20.55,20.139,0.0,-0.04038929440389305,-0.020000000000000018,-0.023000000000000017,1.0,stop,0.0,0.0
ACB,2024-06-24,2024-06-24,2024-06-25,2024-07-01,20.55,20.55,19.97,20.14,14225312,1.033920878189541,0.982678702122469,0.03392087818954103,0.00043932441667471345,0.004164049360702027,0,-0.022330097087378653,-0.018039980497318475,42.66666666666668,-0.06248934696775074,1.4336105436926088,1.7749726946725009,0.017165555397928797,0.010629134413821463,0.7068965517241359,0.0,0.2931034482758641,0.2931034482758641,20.05,19.88,0.008478802992518686,-0.016458852867830553,-0.008478802992518797,-0.011478802992518796,5.0,timeout,0.0,0.0
ACB,2024-06-25,2024-06-25,2024-06-26,2024-07-02,20.05,20.22,19.97,20.09,6708386,1.0323523483168713,0.9806697256663088,0.03235234831687139,-0.001851490937439304,0.003550152221626579,0,-0.030405405405405372,-0.020477815699658786,44.239631336405516,-0.08270426448215104,0.689919872598014,-0.5284190603341424,0.016746071250799986,0.01016128834274525,0.1599999999999966,0.519999999999996,0.3200000000000074,0.480000000000004,20.05,20.09,0.0044887780548628076,-0.016458852867830553,0.001995012468827939,-0.001004987531172061,5.0,timeout,0.0,0.0
ACB,2024-06-26,2024-06-26,2024-06-27,2024-07-03,20.05,20.14,19.72,20.14,10145262,1.0293569853718452,0.9848892366374883,0.029356985371845154,-0.0034600389863548298,0.0031712366813108073,0,-0.018039980497318475,-0.022330097087378653,45.4954954954955,-0.08961550668511903,1.0614557819142083,0.512325319383828,0.017591147680522088,0.008417722771791515,0.21428571428571308,0.0,0.7857142857142869,1.0,20.05,20.26,0.01695760598503737,-0.016458852867830553,0.010473815461346625,0.007473815461346625,5.0,timeout,0.0,1.0
ACB,2024-06-27,2024-06-27,2024-06-28,2024-07-04,20.05,20.14,19.88,20.01,4904878,1.0254113621496501,0.981941309255079,0.025411362149650226,-0.0057087094413270645,0.002542552440144119,0,-0.006454816285997977,-0.034266409266409115,37.38317757009344,-0.0991088918214317,0.5362163284939654,-0.5165351077182629,0.017562647247804698,0.0073562362160817275,0.15384615384614964,0.34615384615384354,0.5000000000000069,0.5000000000000069,19.88,20.18,0.025653923541247625,-0.008048289738430636,0.015090543259557387,0.012090543259557388,5.0,timeout,0.0,1.0
ACB,2024-06-28,2024-06-28,2024-07-01,2024-07-05,19.88,20.05,19.84,19.88,5755042,1.0209713579105049,0.978779971444045,0.020971357910504838,-0.008542419213121044,0.002509574682523663,0,-0.010452961672473893,-0.03071672354948818,37.9146919431279,-0.10949716597588809,0.6482372162344695,0.17333030505549774,0.01721040528887615,0.007252841474967161,0.0,0.8095238095238143,0.19047619047618564,0.19047619047618564,19.88,20.3,0.025653923541247625,-0.008048289738430636,0.021126760563380476,0.018126760563380476,5.0,timeout,0.0,1.0
ACB,2024-07-01,2024-07-01,2024-07-02,2024-07-08,19.88,19.93,19.72,19.88,3938961,1.016955962712954,0.9818253654681943,0.01695596271295413,-0.009829331507653194,0.0022450643820031146,0,-0.012909632571996066,-0.012909632571996066,42.1052631578947,-0.11135590624650131,0.47675209582369016,-0.31556346591388906,0.01692296636964649,0.0073185873795187165,0.0,0.23809523809524052,0.7619047619047595,0.7619047619047595,19.88,20.26,0.025653923541247625,-0.004024144869215207,0.019114688128772706,0.016114688128772706,5.0,timeout,0.0,1.0
ACB,2024-07-02,2024-07-02,2024-07-03,2024-07-09,19.88,20.14,19.8,20.09,5701649,1.0135026684322457,0.9942591309512027,0.01350266843224579,-0.008440475022082672,0.0032103859507874866,0,0.003998000999500206,0.0,38.20224719101115,-0.09411554964981392,0.7073674241032051,0.4475007495631462,0.016034985422740556,0.008483833043169992,0.6176470588235322,0.1470588235294139,0.2352941176470539,0.8529411764705861,20.18,20.3,0.010406342913775957,-0.00842418235877096,0.005946481665014991,0.002946481665014991,5.0,timeout,0.0,1.0
ACB,2024-07-03,2024-07-03,2024-07-04,2024-07-10,20.18,20.39,20.01,20.26,5854818,1.0101859920074516,1.0043624826492168,0.010185992007451622,-0.006843582295307904,0.003759965416361144,0,0.019114688128772706,0.005958291956305928,36.78160919540236,-0.06814621530626813,0.749366816552795,0.026863982682904464,0.015794669299111577,0.008913430818532873,0.21052631578947908,0.342105263157893,0.44736842105262786,0.657894736842107,20.3,20.26,0.008374384236453203,-0.014285714285714235,-0.0019704433497536034,-0.004970443349753603,5.0,timeout,0.0,0.0
ACB,2024-07-04,2024-07-04,2024-07-05,2024-07-11,20.3,20.34,20.01,20.18,6394551,1.006101220244049,1.0030818172780593,0.0061012202440489825,-0.006420387198735611,0.0042992606878817785,0,0.015090543259557387,0.008495752123937939,38.787878787878775,-0.05386617918314065,0.827121996766392,0.09218612773274937,0.0161404502336118,0.008533233097219707,0.36363636363636853,0.12121212121211926,0.5151515151515123,0.5151515151515123,20.18,20.18,0.01437066402378595,-0.006442021803766074,0.0,-0.003,5.0,timeout,0.0,0.0
ACB,2024-07-05,2024-07-05,2024-07-08,2024-07-12,20.18,20.3,20.05,20.3,6357111,1.0034451767525465,1.0101010101010102,0.0034451767525465657,-0.00539443729585265,0.004574455278680389,0,0.010452961672474004,0.021126760563380476,43.93063583815027,-0.03477504713354886,0.8198161779057478,-0.0058549849707978385,0.015904292751583414,0.008471441914093115,0.480000000000004,0.0,0.519999999999996,1.0,20.3,19.894000000000002,0.008374384236453203,-0.020689655172413834,-0.019999999999999907,-0.022999999999999906,5.0,stop,0.0,0.0
ACB,2024-07-08,2024-07-08,2024-07-09,2024-07-15,20.3,20.34,20.14,20.26,4959392,1.002762596242071,1.0075090755383163,0.0027625962420710108,-0.0031231409875075444,0.004256682992297867,0,0.0,0.019114688128772706,42.93785310734464,-0.023800768896451902,0.6509850861247282,-0.21986701191783498,0.015759413340854626,0.0060601105810864754,0.19999999999999646,0.19999999999999646,0.6000000000000071,0.6000000000000071,20.18,20.01,0.01437066402378595,-0.014866204162537255,-0.00842418235877096,-0.011424182358770959,5.0,timeout,0.0,0.0
ACB,2024-07-09,2024-07-09,2024-07-10,2024-07-12,20.18,20.39,20.09,20.3,8004908,1.0023203242478866,1.0084451068057625,0.0023203242478865675,0.0005964807634954994,0.004370874174834949,0,0.005946481665014991,0.010452961672474004,41.279069767441854,-0.013329607306623373,1.059148731542021,0.6140905982023603,0.015446868402533454,0.005970563182967835,0.40000000000000235,0.2999999999999988,0.2999999999999988,0.7000000000000012,20.47,20.060599999999997,0.0,-0.028822667318026407,-0.02000000000000013,-0.023000000000000128,3.0,stop,0.0,0.0
ACB,2024-07-10,2024-07-10,2024-07-11,2024-07-12,20.47,20.47,20.26,20.26,6484698,1.0015016060223354,1.0058584053222122,0.0015016060223353566,0.0022391401701746805,0.004184142200918783,0,-0.0019704433497536034,0.0,35.97560975609768,-0.00879773731169281,0.8808269390095786,-0.18990974037428043,0.014913270342687928,0.0060180317909466615,1.0,0.0,0.0,0.0,20.34,19.9332,0.0349065880039332,-0.022615535889872196,-0.020000000000000018,-0.023000000000000017,2.0,stop,0.0,0.0
ACB,2024-07-11,2024-07-11,2024-07-12,2024-07-17,20.34,20.34,20.18,20.18,5001133,1.0011223456029874,1.0010417183392033,0.0011223456029874786,0.0024864488537470475,0.0041289344556587615,0,-0.003948667324777944,0.0,39.0728476821192,-0.010758723068710774,0.7118317473768484,-0.22877935101989333,0.014512246920572002,0.005736719895511361,1.0,0.0,0.0,0.0,20.14,20.80462,0.045183714001986175,-0.012909632571996066,0.03299999999999992,0.02999999999999992,4.0,target,1.0,1.0
ACB,2024-07-12,2024-07-12,2024-07-15,2024-07-17,20.14,20.18,19.88,20.05,7160694,1.0012207588554642,0.9937549563838223,0.0012207588554642886,0.0022851465474416077,0.003385880876743963,0,-0.012315270935960632,-0.012315270935960632,46.45669291338585,-0.019852868794512125,1.0482183632429898,0.4318143508680934,0.013608835055219095,0.005728941175020899,0.2999999999999988,0.13333333333333017,0.566666666666671,0.566666666666671,20.05,20.71165,0.054364089775561064,-0.003990024937655989,0.03299999999999992,0.02999999999999992,3.0,target,1.0,1.0
ACB,2024-07-15,2024-07-15,2024-07-16,2024-07-17,20.05,20.09,19.97,20.01,4490958,1.0012299025004712,0.9911337857248997,0.001229902500471261,0.0023334326283386275,0.0026054356149125546,0,-0.012339585389930852,-0.012339585389930852,46.8253968253969,-0.02715237240277307,0.6666054727707894,-0.3728320187959435,0.013171985435853507,0.005796806356552108,0.3333333333333235,0.3333333333333235,0.3333333333333531,0.3333333333333531,20.05,20.71165,0.054364089775561064,-0.001995012468827939,0.03299999999999992,0.02999999999999992,2.0,target,1.0,1.0
ACB,2024-07-16,2024-07-16,2024-07-17,2024-07-17,20.05,20.3,20.01,20.14,7002765,1.000753265803715,0.9973259383975437,0.0007532658037149709,0.0017361972320057983,0.002105639538348303,0,-0.001982160555004886,-0.007881773399014746,50.0,-0.022033488460685955,1.029711527067783,0.5593031598157898,0.012625904383600504,0.005129666335536595,0.3103448275862073,0.5517241379310366,0.1379310344827561,0.4482758620689634,20.3,20.9699,0.04137931034482767,-0.012315270935960632,0.03299999999999992,0.02999999999999992,1.0,target,1.0,1.0
ACB,2024-07-17,2024-07-17,2024-07-18,2024-07-23,20.3,21.05,20.22,20.47,28924392,1.0006732206678746,1.0126143952510511,0.0006732206678745175,0.0019329896907216426,0.002481217185902773,0,0.02094763092269325,0.01036525172754188,64.93506493506482,0.0034144113996686463,3.6771525200256154,3.13042448232948,0.014690487821899637,0.006858008008339369,0.20481927710843106,0.6987951807228923,0.09638554216867672,0.30120481927710774,20.47,20.060599999999997,0.032730825598436875,-0.028822667318026407,-0.02000000000000013,-0.023000000000000128,4.0,stop,0.0,0.0
ACB,2024-07-18,2024-07-18,2024-07-19,2024-07-23,20.47,20.97,20.47,20.72,10670220,1.002007079156038,1.0222507277122699,0.0020070791560381097,0.003962553865966667,0.0031838605052521007,0,0.035482258870564554,0.026759167492566904,75.3012048192771,0.03515692839811018,1.3522747678987665,-0.6310995923440672,0.015512961941533359,0.007428975169174521,0.5,0.5,0.0,0.5,20.72,20.3056,0.020270270270270396,-0.04054054054054057,-0.020000000000000018,-0.023000000000000017,3.0,stop,0.0,0.0
ACB,2024-07-19,2024-07-19,2024-07-22,2024-07-23,20.72,21.14,20.6,20.97,17087130,1.0038007799002913,1.0311762391817465,0.003800779900291314,0.007031791621273653,0.003974468253810981,0,0.04121151936444867,0.04588528678304238,78.53403141361255,0.06910066452728718,2.012947227067602,0.6013849761298267,0.01645207439198854,0.007961842543810445,0.4629629629629637,0.3148148148148185,0.22222222222221782,0.6851851851851816,20.97,20.5506,0.003814973772055419,-0.05197901764425372,-0.020000000000000018,-0.023000000000000017,2.0,stop,0.0,0.0
ACB,2024-07-22,2024-07-22,2024-07-23,2024-07-23,20.97,21.05,20.6,20.68,15163392,1.004644100217908,1.0148199038178425,0.004644100217908099,0.008063319317338724,0.004078925223004237,0,0.010258915486077269,0.03348325837081445,64.82412060301507,0.06802566257203468,1.7765053950451977,-0.11258403254379168,0.017062724509533,0.009554728507007297,0.6444444444444436,0.17777777777778217,0.17777777777777426,0.17777777777777426,20.72,20.3056,0.0038610038610038533,-0.04054054054054057,-0.020000000000000018,-0.023000000000000017,1.0,stop,0.0,0.0
ACB,2024-07-23,2024-07-23,2024-07-24,2024-07-30,20.72,20.8,20.05,20.05,15116634,1.002847964050613,0.9851127597897116,0.002847964050612967,0.004144259706941655,0.0033022878724962013,0,-0.0323359073359073,-0.004468718967229335,45.71428571428569,0.023204897446818244,1.6878911528713032,-0.0030836108438005994,0.018916993231207678,0.014049495747877732,0.8933333333333309,0.10666666666666913,0.0,0.0,20.05,20.18,0.01695760598503737,-0.008478802992518797,0.006483790523690747,0.0034837905236907466,5.0,timeout,0.0,1.0
ACB,2024-07-24,2024-07-24,2024-07-25,2024-07-31,20.05,20.39,19.88,20.22,12261810,1.0018807727908303,0.9936606221435944,0.0018807727908303087,0.0006392604248619538,0.002556888296559645,0,-0.03576537911301858,-0.012212994626282336,50.78740157480313,0.004315956432587101,1.3531382788820816,-0.18885315342026543,0.019393810936837636,0.014366604563107758,0.3333333333333287,0.33333333333333565,0.33333333333333565,0.6666666666666643,20.18,20.51,0.016352824578790948,-0.014866204162537255,0.016352824578790948,0.013352824578790948,5.0,timeout,0.0,1.0
ACB,2024-07-25,2024-07-25,2024-07-26,2024-08-01,20.18,20.18,19.88,20.09,7164193,1.0011813349084466,0.987708947885939,0.0011813349084465895,-0.0018647561095300746,0.0015874737475225498,0,-0.02852998065764023,-0.030405405405405372,45.882352941176435,-0.016484366194377285,0.7808620872137435,-0.4157312011848169,0.01983929460285856,0.014461467636261887,0.2999999999999988,0.0,0.7000000000000012,0.7000000000000012,20.14,20.01,0.020357497517378365,-0.006454816285997977,-0.006454816285997977,-0.009454816285997977,5.0,timeout,0.0,0.0
ACB,2024-07-26,2024-07-26,2024-07-29,2024-08-02,20.14,20.18,20.05,20.14,3453662,1.0013187548592182,0.9897292250233427,0.0013187548592180714,-0.0001965312238982886,0.0013303638298709508,0,0.0044887780548628076,-0.03958035288507389,47.65624999999997,-0.02586756781138965,0.38121347366533676,-0.5179272808535449,0.01954177897574123,0.014318646775736557,0.0,0.3076923076923035,0.6923076923076965,0.6923076923076965,20.3,19.894000000000002,0.012315270935960632,-0.026600985221674867,-0.019999999999999907,-0.022999999999999906,5.0,stop,0.0,0.0
ACB,2024-07-29,2024-07-29,2024-07-30,2024-08-05,20.3,20.3,20.09,20.18,4109383,1.0018102040414774,0.9908671314936659,0.0018102040414772593,0.0008354218880535225,0.000905921972546686,0,-0.001978239366963397,-0.024177949709864643,47.65624999999997,-0.02818207545065609,0.45316540082297596,0.18986252852769026,0.01918448251451224,0.014295626497890145,0.5714285714285738,0.0,0.42857142857142616,0.42857142857142616,20.05,19.649,0.02493765586034913,-0.03541147132169575,-0.020000000000000018,-0.023000000000000017,5.0,stop,0.0,0.0
ACB,2024-07-30,2024-07-30,2024-07-31,2024-08-02,20.05,20.18,20.01,20.18,5494866,1.0016226582091752,0.9906725576828671,0.0016226582091752814,0.001474926253687281,0.0010336680448908009,0,0.004479840716774541,0.006483790523690747,48.41269841269837,-0.028433206235139247,0.6066422822538563,0.33715110029899864,0.019042899617726178,0.014161994788479784,0.7647058823529437,0.0,0.23529411764705638,1.0,20.22,19.8156,0.016320474777448135,-0.04352126607319484,-0.019999999999999907,-0.022999999999999906,3.0,stop,0.0,0.0
ACB,2024-07-31,2024-07-31,2024-08-01,2024-08-01,20.22,20.51,20.14,20.51,8556266,1.0009432664531215,1.0066751742416806,0.0009432664531215185,0.0012285616000784483,0.0016041570302429697,0,0.018371400198609722,0.014342235410484738,55.95667870036106,-0.00625325360231585,0.9307464072385626,0.557138245045466,0.01946785540154628,0.01415789645113253,0.783783783783789,0.0,0.21621621621621104,1.0,20.47,20.060599999999997,0.0039081582804103565,-0.05520273571079626,-0.02000000000000013,-0.023000000000000128,1.0,stop,0.0,0.0
ACB,2024-08-01,2024-08-01,2024-08-02,2024-08-05,20.47,20.55,20.01,20.01,9183311,0.9974159445066715,0.9855686351770675,-0.002584055493328529,-0.003093390945693719,0.0012986246384509847,0,-0.00842418235877096,-0.00398208063713279,49.363057324840774,-0.024131050752273155,0.9840302854612365,0.07328488852497106,0.020811023059898615,0.015406406019252052,0.8518518518518482,0.1481481481481518,0.0,0.0,19.97,19.5706,0.0040060090135203286,-0.03154732098147217,-0.020000000000000018,-0.023000000000000017,2.0,stop,0.0,0.0
ACB,2024-08-02,2024-08-02,2024-08-05,2024-08-09,19.97,20.05,19.76,20.01,13718492,0.9932072429860607,0.990250903152373,-0.0067927570139392915,-0.008001963672066625,0.0004032059792495879,0,-0.00842418235877096,-0.006454816285997977,50.0,-0.034215254295533966,1.4142170279014714,0.49385031172308125,0.021417862497322752,0.01450933137380971,0.13793103448276833,0.1379310344827561,0.7241379310344755,0.8620689655172439,19.72,19.72,0.010649087221095366,-0.01926977687626774,0.0,-0.003,5.0,timeout,0.0,0.0
ACB,2024-08-05,2024-08-05,2024-08-06,2024-08-12,19.72,19.93,19.34,19.38,20100624,0.9880705138931266,0.9652836579170195,-0.011929486106873406,-0.014577402571905429,-0.0017391475229429076,0,-0.055095075572891394,-0.03964321110009916,39.444444444444414,-0.07901309845957655,1.922129483522485,0.4652211044770811,0.023514669025504937,0.016672750300019,0.5762711864406779,0.35593220338983206,0.0677966101694901,0.0677966101694901,19.63,19.88,0.012735608762098893,-0.010188487009679004,0.012735608762098893,0.009735608762098894,5.0,timeout,0.0,1.0
ACB,2024-08-06,2024-08-06,2024-08-07,2024-08-13,19.63,19.76,19.43,19.63,8029731,0.9871500507494162,0.9797853755927127,-0.01284994925058385,-0.013200019701521959,-0.0029377665114267426,0,-0.018990504747626313,-0.02725470763131821,38.06818181818182,-0.08688077204010392,0.7677548271524721,-0.6005232971871918,0.02128666035950805,0.015284002463888153,0.0,0.3939393939393995,0.6060606060606005,0.6060606060606005,19.72,19.72,0.008113590263691739,-0.014705882352941124,0.0,-0.003,5.0,timeout,0.0,0.0
ACB,2024-08-07,2024-08-07,2024-08-08,2024-08-14,19.72,19.72,19.47,19.55,4407675,0.9847999131987255,0.9790665064102565,-0.015200086801274541,-0.011827584500420651,-0.0033914633427046814,0,-0.02298850574712652,-0.04680643588493416,32.537313432835845,-0.09205070391155079,0.4256621733092253,-0.4510806152783947,0.020460358056265986,0.014835891742921114,0.6799999999999926,0.0,0.3200000000000074,0.3200000000000074,19.43,19.68,0.023160061760164607,0.0,0.01286670097786935,0.00986670097786935,5.0,timeout,0.0,1.0
ACB,2024-08-08,2024-08-08,2024-08-09,2024-08-15,19.43,19.63,19.43,19.43,3655058,0.9827080514709513,0.9762837905738116,-0.01729194852904874,-0.008716441699456956,-0.0033071842672519614,0,0.0025799793601650745,-0.02898550724637694,26.08695652173914,-0.0976016315506264,0.35528900975457467,-0.17075147328239948,0.01933681346959783,0.014829273473018127,0.0,1.0,0.0,0.0,19.55,19.63,0.01687979539641926,-0.004092071611253245,0.004092071611253134,0.001092071611253134,5.0,timeout,0.0,1.0
ACB,2024-08-09,2024-08-09,2024-08-12,2024-08-16,19.55,19.72,19.47,19.72,3012436,0.9814871556640605,0.9929506545820745,-0.018512844335939475,-0.008734714250062448,-0.003015402201440698,0,0.004584819154355602,-0.014492753623188581,35.09316770186334,-0.07671267513010376,0.2988483335947216,-0.1758171826548306,0.018472906403940892,0.015849054807214373,0.6799999999999926,0.0,0.3200000000000074,1.0,19.72,20.05,0.016734279918864114,-0.012677484787018245,0.016734279918864114,0.013734279918864115,5.0,timeout,0.0,1.0
ACB,2024-08-12,2024-08-12,2024-08-13,2024-08-19,19.72,19.88,19.47,19.88,4203077,0.9808188823709801,1.0025214321734743,-0.019181117629019903,-0.006911057692307598,-0.0028802241051085753,0,0.01687979539641926,0.02579979360165119,46.90909090909088,-0.04846819781191719,0.41756198567045516,0.39524192381182544,0.017102615694164998,0.01613576435602119,0.3902439024390246,0.0,0.6097560975609754,1.0,19.68,20.09,0.025406504065040636,-0.004573170731707266,0.02083333333333326,0.01783333333333326,5.0,timeout,0.0,1.0
ACB,2024-08-13,2024-08-13,2024-08-14,2024-08-20,19.68,19.88,19.63,19.72,2854856,0.9792702001702733,0.9967650626769107,-0.02072979982972662,-0.005929052356547171,-0.0024392411688607396,0,0.014925373134328401,0.004584819154355602,40.87591240875913,-0.03740522826273279,0.28958730297585794,-0.3207699977897145,0.016299623297594903,0.016259613498554936,0.1599999999999966,0.6400000000000006,0.20000000000000284,0.35999999999999943,19.8,20.14,0.025252525252525304,-0.010606060606060619,0.01717171717171717,0.014171717171717172,5.0,timeout,0.0,1.0
ACB,2024-08-14,2024-08-14,2024-08-15,2024-08-21,19.8,19.88,19.68,19.68,3321023,0.9757994214843286,0.9989340642606974,-0.024200578515671346,-0.00800604229607249,-0.002223913494707186,0,-0.0020283975659228792,0.006649616368286315,42.26415094339623,-0.029947860326866693,0.38714720064057323,0.16328914663296512,0.015824622531939603,0.014914666412664389,0.6000000000000071,0.3999999999999929,0.0,0.0,19.68,20.329439999999998,0.036077235772357774,-0.004573170731707266,0.03299999999999992,0.02999999999999992,5.0,target,1.0,1.0
ACB,2024-08-15,2024-08-15,2024-08-16,2024-08-20,19.68,19.72,19.59,19.63,2660430,0.9746027340226217,0.9983217209988302,-0.025397265977378368,-0.008421583459405024,-0.0020971619068346214,0,-0.012575452716297786,0.01029336078229548,40.37735849056602,-0.02571126058669726,0.3253273173322661,-0.19891250376766434,0.01586492977221454,0.013089961398967925,0.384615384615393,0.3076923076923035,0.3076923076923035,0.3076923076923035,19.63,20.277789999999996,0.044829342842588105,0.0,0.03299999999999992,0.02999999999999992,3.0,target,1.0,1.0
ACB,2024-08-16,2024-08-16,2024-08-19,2024-08-23,19.63,20.05,19.63,20.05,6524010,0.9752843980283057,1.019474246199217,-0.024715601971694274,-0.005913869793772841,-0.0018512285425781316,0,0.016734279918864114,0.016734279918864114,47.854785478547875,0.00633743764406855,0.8528623288508824,1.4522389237829976,0.016280726754542216,0.015028720120480107,1.0,0.0,0.0,1.0,20.05,20.43,0.02294264339152119,-0.001995012468827939,0.01895261845386531,0.01595261845386531,5.0,timeout,0.0,1.0
ACB,2024-08-19,2024-08-19,2024-08-20,2024-08-26,20.05,20.18,20.01,20.09,3843540,0.979096600097225,1.0178336204276015,-0.020903399902774983,0.0018780772549615854,-0.0014958196299083015,0,0.02083333333333326,0.010563380281690238,48.534201954397396,0.02987301812659221,0.5426005196529988,-0.41086233773400105,0.01624831117115836,0.010072948270058807,0.23529411764705638,0.5294117647058872,0.23529411764705638,0.47058823529411276,20.09,20.43,0.020905923344947785,-0.0019910403185664505,0.016923842707814885,0.013923842707814885,5.0,timeout,0.0,1.0
ACB,2024-08-20,2024-08-20,2024-08-21,2024-08-27,20.09,20.3,20.05,20.14,5422431,0.9816653934300994,1.017737126686543,-0.018334606569900606,0.006407974368102698,-0.0008326972451599968,0,0.025980641874681742,0.02129817444219073,43.36917562724013,0.04740905729859875,0.8217244181734445,0.4107908334504129,0.015782380479500636,0.009534294236710705,0.20000000000000284,0.6400000000000006,0.1599999999999966,0.35999999999999943,20.09,20.43,0.020905923344947785,0.0,0.016923842707814885,0.013923842707814885,5.0,timeout,0.0,1.0
ACB,2024-08-21,2024-08-21,2024-08-22,2024-08-28,20.09,20.39,20.09,20.39,6563393,0.9859497325884837,1.0260151964977609,-0.014050267411516274,0.010474398739004354,-0.00045622700268777017,0,0.01695760598503737,0.036077235772357774,57.48031496062989,0.07292090998936157,1.0395111178781666,0.2104152178238874,0.014748125831990474,0.009674620983455872,1.0,0.0,0.0,1.0,20.47,20.47,0.0019540791402052893,-0.010258915486077047,0.0,-0.003,5.0,timeout,0.0,0.0
ACB,2024-08-22,2024-08-22,2024-08-23,2024-08-29,20.47,20.51,20.3,20.39,6795952,0.9910370429189662,1.0210826781511342,-0.008962957081033783,0.011703313405613702,-0.000486125579134411,0,0.014932802389248323,0.038716250636780414,57.48031496062989,0.085973857143436,1.079491754664292,0.0354327403524366,0.014467876410004915,0.009120630385125731,0.3809523809523713,0.19047619047620257,0.42857142857142616,0.42857142857142616,20.39,20.6,0.020107896027464545,-0.006375674350171612,0.010299166257969672,0.007299166257969672,5.0,timeout,0.0,1.0
ACB,2024-08-23,2024-08-23,2024-08-26,2024-08-30,20.39,20.47,20.26,20.43,3899558,0.9946791613722997,1.0194610778443114,-0.005320838627700246,0.012683814240234348,-0.0005655154623832592,0,0.014399205561072437,0.01895261845386531,76.92307692307695,0.09289030135899429,0.6172329835536567,-0.42619400490174153,0.012831270540521635,0.008427812379716125,0.19047619047618886,0.19047619047618886,0.6190476190476223,0.8095238095238111,20.51,20.72,0.014139444173573823,-0.005850804485616812,0.010238907849829282,0.007238907849829282,5.0,timeout,0.0,1.0
ACB,2024-08-26,2024-08-26,2024-08-27,2024-09-04,20.51,20.51,20.39,20.43,4928433,0.9974882852831386,1.0166708136352327,-0.0025117147168613923,0.011170935440044438,-0.0005258927774084432,0,0.0019617459538989745,0.016923842707814885,73.52941176470591,0.09283351064256276,0.7750621933550201,0.2638440048846562,0.011922243199776228,0.008332347854353597,0.6666666666666765,0.0,0.3333333333333235,0.3333333333333235,20.43,20.6,0.018110621634850776,-0.0019579050416054233,0.008321096426823438,0.005321096426823438,5.0,timeout,0.0,1.0
ACB,2024-08-27,2024-08-27,2024-08-28,2024-09-05,20.43,20.47,20.39,20.43,4159515,1.001092136616362,1.013091341862541,0.001092136616362116,0.009865291201362147,-0.0002779211497994094,1,0.0019617459538989745,0.014399205561072437,77.16049382716045,0.08819742207892542,0.6610809356666946,-0.1560167298611952,0.011327879169288844,0.007521180174260586,0.0,0.5,0.5,0.5,20.47,20.47,0.016121152906692915,-0.0039081582804102455,0.0,-0.003,5.0,timeout,0.0,0.0
ACB,2024-08-28,2024-08-28,2024-08-29,2024-09-06,20.47,20.51,20.39,20.47,5228038,1.005143634504056,1.0111138552729069,0.005143634504056152,0.010229540918163638,-0.0002878811944091453,0,0.0019579050416054233,0.003923491907797949,83.76623376623375,0.0832858365509663,0.8534765239299862,0.25688643988541937,0.011026589434014925,0.007293777420920216,0.0,0.3333333333333531,0.666666666666647,0.666666666666647,20.51,20.55,0.014139444173573823,-0.003900536323744652,0.0019502681618721596,-0.0010497318381278405,5.0,timeout,0.0,0.0
ACB,2024-08-29,2024-08-29,2024-08-30,2024-09-09,20.51,20.8,20.51,20.6,8594985,1.0100799443865136,1.0126831186707306,0.0100799443865137,0.012291614829559538,-0.0003276149630689895,0,0.008321096426823438,0.010299166257969672,81.88405797101453,0.08401281276751645,1.4099008198247198,0.6440173158649574,0.011095700416088762,0.0069459554274057525,0.3103448275862073,0.6896551724137927,0.0,0.3103448275862073,20.6,20.43,0.005825242718446422,-0.014563106796116498,-0.00825242718446606,-0.01125242718446606,5.0,timeout,0.0,0.0
ACB,2024-08-30,2024-08-30,2024-09-04,2024-09-10,20.6,20.72,20.6,20.72,4489249,1.013195520076254,1.0152383752266156,0.013195520076253957,0.012049985123474993,-3.9714058776896266e-05,0,0.014194811551639708,0.014194811551639708,81.34328358208955,0.08740616212137238,0.7967147216887669,-0.4776897225533262,0.010031715388858234,0.00390663092493864,1.0,0.0,0.0,1.0,20.47,20.26,0.008304836345872202,-0.016121152906692693,-0.010258915486077047,-0.013258915486077046,5.0,timeout,0.0,0.0
ACB,2024-09-04,2024-09-04,2024-09-05,2024-09-10,20.47,20.64,20.43,20.6,5639763,1.015263690677041,1.0068426197458455,0.015263690677040986,0.010619906149666791,0.000546138798693141,0,0.006350757205666913,0.008321096426823438,83.84615384615401,0.07677740188092091,1.1482402483813179,0.2562820641047088,0.010228848821081816,0.004856082297094217,0.6190476190476287,0.19047619047618564,0.19047619047618564,0.8095238095238143,20.6,20.188000000000002,0.0019417475728153999,-0.022330097087378653,-0.019999999999999907,-0.022999999999999906,4.0,stop,0.0,0.0
ACB,2024-09-05,2024-09-05,2024-09-06,2024-09-12,20.6,20.64,20.43,20.47,3540918,1.0165178571428573,0.9988776655443321,0.01651785714285724,0.007423065578606058,0.0010427528675704956,0,-0.00631067961165066,0.0019579050416054233,78.41726618705032,0.05710386430762608,0.7554414485183852,-0.37215127656960056,0.010328704026798792,0.005602393492791425,0.6190476190476287,0.19047619047618564,0.19047619047618564,0.19047619047618564,20.47,20.43,0.0039081582804103565,-0.016121152906692693,-0.0019540791402051783,-0.004954079140205178,5.0,timeout,0.0,0.0
ACB,2024-09-06,2024-09-06,2024-09-09,2024-09-13,20.47,20.55,20.43,20.55,5008937,1.0168978887555657,1.0019991223365352,0.01689788875556577,0.00489979910823668,0.0012411136264347533,0,-0.00820463320463316,0.0039081582804103565,82.39436619718312,0.046064113021161326,1.0618273441087376,0.4145871211928658,0.01025373653110879,0.004273221019450814,0.6666666666666765,0.0,0.3333333333333235,1.0,20.51,20.39,0.0019502681618721596,-0.018039980497318475,-0.005850804485616812,-0.008850804485616811,5.0,timeout,0.0,0.0
ACB,2024-09-09,2024-09-09,2024-09-10,2024-09-16,20.51,20.55,20.3,20.43,4691162,1.0166727793582664,0.9959537854043777,0.016672779358266387,0.0025904203323556807,0.0012008495266073727,0,-0.00825242718446606,-0.00825242718446606,66.96428571428565,0.028146051524886403,0.9836607451747613,-0.06344160447615932,0.009719600027970064,0.0047639950160877935,0.3200000000000074,0.1599999999999966,0.519999999999996,0.519999999999996,20.43,20.18,0.003915810083211069,-0.014194811551639708,-0.012236906510034284,-0.015236906510034284,5.0,timeout,0.0,0.0
ACB,2024-09-10,2024-09-10,2024-09-11,2024-09-17,20.43,20.51,20.14,20.26,6138609,1.015447726439492,0.9884855581576895,0.01544772643949218,0.00014639145073913618,0.0012003968253968544,0,-0.010258915486077047,-0.0222007722007721,56.80000000000007,0.003601059100268811,1.2463183782487084,0.308547647683026,0.010506275560569737,0.005409050254076975,0.4594594594594532,0.21621621621622064,0.3243243243243261,0.3243243243243261,20.18,20.47,0.016352824578790948,-0.001982160555004886,0.01437066402378595,0.011370664023785951,5.0,timeout,0.0,1.0
ACB,2024-09-11,2024-09-11,2024-09-12,2024-09-18,20.18,20.26,20.14,20.18,3589050,1.0139077374171628,0.9857847686971813,0.013907737417162745,-0.0018528450923984696,0.0010908261520612417,0,-0.018004866180048706,-0.020388349514563142,51.56249999999996,-0.01807549398218425,0.7332534018581678,-0.4153317143997932,0.010087781396007368,0.005485952645495888,0.0,0.6666666666666765,0.3333333333333235,0.3333333333333235,20.26,20.6,0.02073050345508376,-0.005923000987166915,0.016781836130306038,0.013781836130306039,5.0,timeout,0.0,1.0
ACB,2024-09-12,2024-09-12,2024-09-13,2024-09-19,20.26,20.47,20.22,20.43,2621199,1.013566371243254,0.9979971667236578,0.013566371243253994,-0.002047482084531649,0.0010110722321896581,0,0.0,-0.0019540791402051783,51.56249999999996,-0.015716817357576685,0.5367998702030033,-0.26966773937392907,0.009929375568142088,0.006985226411348678,0.6799999999999926,0.1599999999999966,0.1600000000000108,0.8400000000000034,20.39,20.72,0.01814615007356557,-0.012260912211868535,0.016184404119666373,0.013184404119666374,5.0,timeout,0.0,1.0
ACB,2024-09-13,2024-09-13,2024-09-16,2024-09-20,20.39,20.43,20.26,20.39,2374108,1.0130398621754886,0.9964325856423789,0.013039862175488661,-0.0016100702576111736,0.0007629730184997019,0,0.006416584402763936,-0.007785888077858849,50.0,-0.016888270819730253,0.49095801527980437,-0.09426640251274321,0.00980872976949484,0.006974388110075151,0.0,0.23529411764705638,0.7647058823529437,0.7647058823529437,20.39,21.06287,0.05738106915154484,-0.012260912211868535,0.03299999999999992,0.02999999999999992,5.0,target,1.0,1.0
ACB,2024-09-16,2024-09-16,2024-09-17,2024-09-20,20.39,20.51,20.18,20.18,3717063,1.010960613081447,0.9881984231918124,0.010960613081447116,-0.0024424796052953113,0.0004655724064148714,0,0.0,-0.012236906510034284,41.61073825503357,-0.031021442967721177,0.7603695014027474,0.5656671895297096,0.010335551465382987,0.007176256134626288,0.6363636363636354,0.3636363636363646,0.0,0.0,20.18,20.84594,0.07631318136769072,-0.001982160555004886,0.03299999999999992,0.02999999999999992,4.0,target,1.0,1.0
ACB,2024-09-17,2024-09-17,2024-09-18,2024-09-20,20.18,20.47,20.14,20.47,4081633,1.0095530366777212,1.0036281623847811,0.0095530366777212,-0.003663719407942856,0.0002970738228449399,0,0.0019579050416054233,0.01036525172754188,51.123595505617956,-0.02055834898746771,0.8563387183321303,0.09808012401188781,0.010921906622932511,0.00858643578817826,0.8787878787878808,0.0,0.12121212121211926,1.0,20.47,21.145509999999998,0.061064973131411904,-0.006350757205666802,0.03299999999999992,0.02999999999999992,3.0,target,1.0,1.0
ACB,2024-09-18,2024-09-18,2024-09-19,2024-09-20,20.47,20.68,20.34,20.6,8725286,1.0092133519381685,1.0100019611688567,0.009213351938168584,-0.0032742022186385,0.0005049604942672925,0,0.010299166257969672,0.020812685827552135,54.45026178010475,-0.005391254157737571,1.7414127365965961,1.1376948882959343,0.011754507628294037,0.008719374828734831,0.3823529411764783,0.2352941176470539,0.38235294117646784,0.7647058823529461,20.68,21.36244,0.0585106382978724,-0.006286266924564798,0.03299999999999992,0.02999999999999992,2.0,target,1.0,1.0
ACB,2024-09-19,2024-09-19,2024-09-20,2024-09-20,20.68,20.76,20.55,20.72,5224618,1.0100305665192746,1.0146417903138925,0.010030566519274529,0.0,0.0009208103130755596,0,0.026759167492566904,0.014194811551639708,56.281407035175874,0.011303244219984049,1.0448037714554517,-0.4012095420138664,0.011996690568119143,0.008581635117852936,0.19047619047618564,0.19047619047620257,0.6190476190476119,0.8095238095237974,20.8,21.4864,0.05865384615384617,0.0,0.03299999999999992,0.02999999999999992,1.0,target,1.0,1.0
ACB,2024-09-20,2024-09-20,2024-09-23,2024-09-27,20.8,21.56,20.8,21.43,34336295,1.013210418148763,1.044907113949973,0.01321041814876287,0.005540302020003995,0.0019106073355443787,0,0.04689789936492428,0.051005394801373116,66.14785992217895,0.06570659563197939,5.374099309844394,5.572020193629467,0.013299113392440498,0.013555624014733354,0.8289473684210535,0.1710526315789465,0.0,0.8289473684210535,21.47,21.64,0.027480204937121666,-0.011644154634373516,0.007918025151374186,0.004918025151374186,5.0,timeout,0.0,1.0
ACB,2024-09-23,2024-09-23,2024-09-24,2024-09-30,21.47,21.72,21.39,21.43,8585132,1.0168947924170806,1.0398369644330145,0.016894792417080563,0.010443224161600373,0.0028105176696451295,0,0.04029126213592216,0.06194251734390477,64.48979591836735,0.09543291207262394,1.325136485608857,-0.7499691798430785,0.013999066728884738,0.013191997432626824,0.12121212121211926,0.7575757575757615,0.12121212121211926,0.12121212121211926,21.43,21.51,0.029398040130657943,-0.009799346710219314,0.0037330844610359293,0.0007330844610359292,5.0,timeout,0.0,1.0
ACB,2024-09-24,2024-09-24,2024-09-25,2024-10-01,21.43,21.56,21.22,21.56,12786286,1.0217866855859052,1.0395872510728579,0.02178668558590515,0.015572205083002943,0.0038875864320264686,0,0.04054054054054057,0.05324865657059119,69.51219512195112,0.11621262382419928,1.8469247776107687,0.48935228951634047,0.014080307447654386,0.012351600238484655,0.38235294117646784,0.0,0.6176470588235322,1.0,21.72,21.51,0.015653775322283625,-0.011510128913443829,-0.00966850828729271,-0.012668508287292709,5.0,timeout,0.0,0.0
ACB,2024-09-25,2024-09-25,2024-09-26,2024-09-30,21.72,21.89,21.56,21.89,23028936,1.028306711779054,1.0468675274988044,0.028306711779054108,0.019552391632941646,0.00458461781677344,0,0.021465235650956593,0.06262135922330092,76.69172932330827,0.14279413094077914,2.9418524493573366,0.8010652976165245,0.014259609736996675,0.012073016179784821,0.5151515151515175,0.0,0.4848484848484826,1.0,21.97,21.5306,0.004096495220755614,-0.026399635867091376,-0.019999999999999907,-0.022999999999999906,3.0,stop,0.0,0.0
ACB,2024-09-26,2024-09-26,2024-09-27,2024-10-03,21.97,22.02,21.72,21.72,18186603,1.033045271530983,1.0323684585769286,0.033045271530982925,0.02086467077490406,0.004904621396780939,0,0.013532431171255244,0.04826254826254828,71.27272727272721,0.13938435584825065,2.132226986596409,-0.21027167733672103,0.014963167587476983,0.012952258105960299,0.8333333333333314,0.16666666666666863,0.0,0.0,21.72,21.47,0.015653775322283625,-0.015193370165745734,-0.011510128913443829,-0.014510128913443828,5.0,timeout,0.0,0.0
ACB,2024-09-27,2024-09-27,2024-09-30,2024-10-04,21.72,22.06,21.64,21.64,10816416,1.0379903283078462,1.0224910224910224,0.037990328307846204,0.02049279135927473,0.004562295534271454,0,0.0037105751391466324,0.009799346710219314,72.32472324723248,0.12278127674153194,1.2279085430403762,-0.4052536364267697,0.015579614470557166,0.013084062712343386,0.19047619047618725,0.8095238095238128,0.0,0.0,21.47,21.22,0.02328830926874703,-0.011644154634373516,-0.011644154634373516,-0.014644154634373515,5.0,timeout,0.0,0.0
ACB,2024-09-30,2024-09-30,2024-10-01,2024-10-07,21.47,21.68,21.47,21.51,8463727,1.0437045459000647,1.0100014086491056,0.04370454590006469,0.018507890961262596,0.0034817845621213372,0,-0.017359524897213263,0.0037330844610359293,73.40823970037452,0.09530852456088129,0.9615413650794606,-0.21751095741879756,0.015142458657103003,0.012547828364372121,0.19047619047620257,0.8095238095237974,0.0,0.19047619047620257,21.51,21.26,0.02138540213854001,-0.015341701534170249,-0.011622501162250165,-0.014622501162250164,5.0,timeout,0.0,0.0
ACB,2024-10-01,2024-10-01,2024-10-02,2024-10-08,21.51,21.85,21.51,21.51,10417047,1.048246473354232,1.0050932199429934,0.04824647335423195,0.017206140976282258,0.0024550721791221086,0,-0.00966850828729271,-0.002319109461966451,75.67567567567572,0.07054210783381631,1.1449016212248173,0.23078721702625815,0.015873015873015865,0.012364390283418448,0.0,1.0,0.0,0.0,21.47,21.31,0.02328830926874703,-0.013507219375873292,-0.007452258965999103,-0.010452258965999103,5.0,timeout,0.0,0.0
ACB,2024-10-02,2024-10-02,2024-10-03,2024-10-04,21.47,21.81,21.39,21.56,10118989,1.0520417351812699,1.0029306414848582,0.052041735181269956,0.015734265734265618,0.0021677930689476543,0,-0.003696857670979714,-0.015075376884422176,73.64016736401675,0.05180036968595525,1.0854255508336854,-0.02861252329954933,0.016266896368937175,0.012382354506025468,0.21428571428571488,0.5952380952380979,0.19047619047618725,0.40476190476190216,21.68,21.246399999999998,0.013376383763837651,-0.023062730627306238,-0.02000000000000013,-0.023000000000000128,2.0,stop,0.0,0.0
ACB,2024-10-03,2024-10-03,2024-10-04,2024-10-10,21.68,21.97,21.47,21.47,14808112,1.0542468966865408,0.9952716484331541,0.054246896686540876,0.012912616800488275,0.0027836041793267707,0,-0.0018596001859600975,-0.011510128913443829,72.13114754098359,0.02876471978196271,1.4978931131465993,0.463398369145376,0.017432962938319245,0.012675687338600503,0.4200000000000017,0.5799999999999983,0.0,0.0,21.47,21.89,0.031206334420121218,-0.013507219375873292,0.019562179785747702,0.016562179785747703,5.0,timeout,0.0,1.0
ACB,2024-10-04,2024-10-04,2024-10-07,2024-10-10,21.47,21.51,21.22,21.22,8670214,1.0521921687335218,0.9846410839404204,0.05219216873352189,0.007009018270174305,0.003232758620689724,0,-0.013482101348210263,-0.019408502772643277,70.96774193548389,-0.006031090817019469,0.8610778745517471,-0.41449564941161976,0.017503702706341724,0.0076759724102506985,0.8620689655172333,0.13793103448276664,0.0,0.0,21.31,22.013229999999997,0.038948850305021265,-0.006100422336930977,0.03299999999999992,0.02999999999999992,4.0,target,1.0,1.0
ACB,2024-10-07,2024-10-07,2024-10-08,2024-10-10,21.31,21.47,21.18,21.26,6775964,1.0501623962468423,0.9872759357295441,0.05016239624684234,0.0017211703958690538,0.0035138203742852703,0,-0.013914656771799483,-0.011622501162250165,67.71300448430499,-0.02785301983544003,0.6660560236007236,-0.2184778830141909,0.01733637951888187,0.007725096246817868,0.172413793103439,0.5517241379310366,0.2758620689655244,0.2758620689655244,21.31,22.013229999999997,0.038948850305021265,-0.006100422336930977,0.03299999999999992,0.02999999999999992,3.0,target,1.0,1.0
ACB,2024-10-08,2024-10-08,2024-10-09,2024-10-10,21.31,21.43,21.18,21.31,6528035,1.0477475546549235,0.9907480589520666,0.04774755465492364,-0.002920452438346155,0.0032645880168116204,0,-0.007452258965999103,-0.009298000929800265,66.51162790697671,-0.03969757034238036,0.6404595610207943,-0.03658948010939844,0.016994033652879267,0.007444092283657006,0.0,0.480000000000004,0.519999999999996,0.519999999999996,21.39,22.095869999999998,0.035063113604488105,-0.0018700327255726235,0.03299999999999992,0.02999999999999992,2.0,target,1.0,1.0
ACB,2024-10-09,2024-10-09,2024-10-10,2024-10-15,21.39,21.93,21.35,21.93,20014266,1.0461587838823563,1.0193836285036955,0.04615878388235626,-0.0017632592455106844,0.003993750610291835,0,0.03345900094250709,0.01716141001855287,72.83018867924531,-0.00820103521362836,1.8171665562866604,2.065894407735253,0.017849000065142336,0.011172287062612073,0.931034482758622,0.0,0.06896551724137805,1.0,22.06,21.618799999999997,0.0036264732547597323,-0.030371713508612785,-0.02000000000000013,-0.023000000000000128,4.0,stop,0.0,0.0
ACB,2024-10-10,2024-10-10,2024-10-11,2024-10-17,22.06,22.14,21.76,21.89,9087762,1.045247111370036,1.0167208546214583,0.045247111370035856,-0.0001857527630722,0.004515883620900052,0,0.029633113828786417,0.019562179785747702,61.61616161616166,0.006708786016704049,0.8015790603719682,-0.545935784005269,0.016380604320302812,0.010852725054315832,0.44736842105262786,0.21052631578947908,0.342105263157893,0.342105263157893,21.81,21.85,0.005502063273727709,-0.019257221458046647,0.0018340210912426436,-0.0011659789087573565,5.0,timeout,0.0,0.0
ACB,2024-10-11,2024-10-11,2024-10-14,2024-10-16,21.81,21.85,21.64,21.81,6565661,1.0447536850271528,1.0122058755279155,0.04475368502715274,0.0017667023106608948,0.004637387475156851,0,0.023463162834350015,0.027803958529688977,59.223300970873765,0.007872781614260416,0.5686080004704293,-0.277527184360682,0.016178686054889636,0.01085140636158109,0.0,0.19047619047620257,0.8095238095237974,0.8095238095237974,21.85,21.413,0.01327231121281458,-0.021052631578947434,-0.020000000000000018,-0.023000000000000017,3.0,stop,0.0,0.0
ACB,2024-10-14,2024-10-14,2024-10-15,2024-10-21,21.85,21.93,21.68,21.68,9033561,1.0438874204885416,1.005379335930254,0.0438874204885415,0.002370659601171443,0.0045516879176028535,0,-0.011399908800729608,0.019755409219190945,52.91262135922333,-0.002848685419232222,0.7647311992641767,0.37587989998265225,0.015979177648919353,0.010848135276228344,0.6800000000000068,0.3199999999999932,0.0,0.0,21.68,21.56,0.02121771217712176,-0.013376383763837651,-0.005535055350553542,-0.00853505535055354,5.0,timeout,0.0,0.0
ACB,2024-10-15,2024-10-15,2024-10-16,2024-10-22,21.68,21.89,21.56,21.6,7115715,1.0427179397946755,1.0012515644555695,0.04271793979467552,0.0019972131908962965,0.004427614331488305,0,-0.013248058474189084,0.01360863444392324,41.988950276243095,-0.017260317230725908,0.594739093845351,-0.21230232463144938,0.016038359788359793,0.01094222615416237,0.2424242424242359,0.6363636363636354,0.12121212121212871,0.12121212121212871,21.51,21.22,0.029288702928870203,-0.013482101348210263,-0.013482101348210263,-0.01648210134821026,5.0,timeout,0.0,0.0
ACB,2024-10-16,2024-10-16,2024-10-17,2024-10-23,21.51,21.6,21.39,21.51,5401467,1.0403341726236988,0.9973108308605342,0.04033417262369876,0.0009746136353088186,0.005226920093095444,0,-0.013755158184318939,-0.019151846785225635,43.930635838150344,-0.03382822816485065,0.45781971401277527,-0.24091015449606956,0.015806601580660162,0.011012351881305274,0.0,0.42857142857142616,0.5714285714285738,0.5714285714285738,21.64,21.2072,0.02310536044362288,-0.02911275415896486,-0.020000000000000018,-0.023000000000000017,5.0,stop,0.0,0.0
ACB,2024-10-17,2024-10-17,2024-10-18,2024-10-22,21.64,21.85,21.51,21.85,9200056,1.0399399312675082,1.0112931593075998,0.039939931267508125,0.0019476905954369794,0.005750965755612736,0,0.00784132841328411,-0.001827318410232981,55.27638190954777,-0.023360438994297128,0.7668622692573407,0.7032513574552988,0.015299117358613936,0.01197716532580973,0.6176470588235322,0.0,0.38235294117646784,1.0,21.93,21.4914,0.009575923392612928,-0.04742362061103511,-0.020000000000000018,-0.023000000000000017,3.0,stop,0.0,0.0
ACB,2024-10-18,2024-10-18,2024-10-21,2024-10-22,21.93,22.14,21.68,21.81,11497656,1.0405160075691358,1.0066928225248095,0.04051600756913571,0.004264589996755053,0.006389807242425771,0,0.009722222222222188,0.0,57.89473684210519,-0.020693404657121994,1.0591958544019056,0.24973761029280683,0.016145935678260313,0.01112300067571059,0.26086956521739296,0.4565217391304358,0.2826086956521712,0.2826086956521712,21.72,21.2856,0.004143646408839796,-0.044198895027624197,-0.020000000000000018,-0.023000000000000017,2.0,stop,0.0,0.0
ACB,2024-10-21,2024-10-21,2024-10-22,2024-10-23,21.72,21.81,21.56,21.56,5537752,1.0398293711656441,0.993777368057156,0.03982937116564415,0.005888353115726996,0.006376677374853923,0,0.0023245002324499,-0.005535055350553542,51.16279069767435,-0.03641008761744219,0.517415809008208,-0.5183581766579206,0.01603498542274054,0.012010595945619845,0.6400000000000006,0.35999999999999943,0.0,0.0,21.56,21.1288,0.0018552875695734272,-0.04081632653061218,-0.020000000000000018,-0.023000000000000017,2.0,stop,0.0,0.0
ACB,2024-10-22,2024-10-22,2024-10-23,2024-10-25,21.56,21.6,21.22,21.22,12123912,1.0379056188379439,0.9785114820621599,0.03790561883794381,0.003702675182819526,0.005669949268874985,0,-0.028832951945080176,-0.017592592592592715,43.032786885245905,-0.06848603772557876,1.1363050597466349,1.1893201429027518,0.01615726403662316,0.013173018953197523,0.8947368421052567,0.10526315789474323,0.0,0.0,21.22,20.795599999999997,0.006126295947219695,-0.025447690857681393,-0.02000000000000013,-0.023000000000000128,3.0,stop,0.0,0.0
ACB,2024-10-23,2024-10-23,2024-10-24,2024-10-25,21.22,21.35,21.01,21.22,7707474,1.0331822874842262,0.9817256534813785,0.03318228748422615,-0.0023078698361410632,0.00477393450968755,0,-0.02705181109582755,-0.013482101348210263,44.68085106382979,-0.08728008601135401,0.778256057244377,-0.36427499638730465,0.01561868856873572,0.008236136311034453,0.0,0.3823529411764783,0.6176470588235218,0.6176470588235218,21.22,20.795599999999997,0.0018850141376061114,-0.025447690857681393,-0.02000000000000013,-0.023000000000000128,2.0,stop,0.0,0.0
ACB,2024-10-24,2024-10-24,2024-10-25,2024-10-31,21.22,21.26,20.89,20.89,8933983,1.0272533684743268,0.9709504996514061,0.027253368474326772,-0.00829684259045882,0.003843941717791566,0,-0.031076066790352463,-0.04393592677345537,43.209876543209916,-0.1176249805701017,0.9463074420713021,0.15913242133544658,0.016138959173904142,0.00907259150231819,0.8918918918918849,0.10810810810811511,0.0,0.0,20.89,21.22,0.017711823839157592,-0.010052656773575919,0.015797032072762063,0.012797032072762064,5.0,timeout,0.0,1.0
ACB,2024-10-25,2024-10-25,2024-10-28,2024-11-01,20.89,20.97,20.76,20.8,9226582,1.0213387006000019,0.9713271691416832,0.021338700600001825,-0.012542654246979756,0.003474681726811424,0,-0.01979264844486328,-0.04630903255387431,40.725806451612875,-0.13803466184029603,0.9855988637592996,0.03275123760589205,0.015934065934065947,0.00906715267881031,0.42857142857143343,0.3809523809523777,0.19047619047618886,0.19047619047618886,20.8,20.8,0.02211538461538476,-0.00576923076923086,0.0,-0.003,5.0,timeout,0.0,0.0
ACB,2024-10-28,2024-10-28,2024-10-29,2024-11-04,20.8,21.01,20.68,21.01,5000754,1.016804641281878,0.9842132383941538,0.01680464128187812,-0.01239879713162162,0.003508470039386369,0,-0.009896324222431585,-0.025510204081632515,44.31818181818188,-0.13168732661952617,0.5442554386401474,-0.45800579239419326,0.016046780444686222,0.010172191147572526,0.6363636363636354,0.0,0.3636363636363646,1.0,21.14,20.717200000000002,0.0056764427625355385,-0.02554399243140959,-0.019999999999999907,-0.022999999999999906,5.0,stop,0.0,0.0
ACB,2024-10-29,2024-10-29,2024-10-30,2024-11-04,21.14,21.14,20.97,21.05,4181333,1.0132196324390172,0.9886342288183356,0.013219632439017215,-0.010364861724378338,0.003342214073585925,0,0.0076591670655816735,-0.008011310084825585,28.640776699029132,-0.11945081042655284,0.471058492851837,-0.16385948998890965,0.01448931116389551,0.010288530414840503,0.5294117647058763,0.0,0.4705882352941238,0.4705882352941238,21.05,20.629,0.009976247030878849,-0.02137767220902609,-0.020000000000000018,-0.023000000000000017,4.0,stop,0.0,0.0
ACB,2024-10-30,2024-10-30,2024-10-31,2024-11-06,21.05,21.1,20.85,20.97,3876354,1.0098042012571438,0.9873811093323288,0.009804201257143728,-0.008218922200429524,0.003109707821010721,0,0.008173076923076783,-0.011781338360037696,28.095238095238074,-0.1115503951900591,0.45261610724943224,-0.07293822328908028,0.014101778050275932,0.010282701186281946,0.3200000000000074,0.20000000000000284,0.47999999999998977,0.47999999999998977,20.97,20.97,0.013829279923700755,-0.01764425369575573,0.0,-0.003,5.0,timeout,0.0,0.0
ACB,2024-10-31,2024-10-31,2024-11-01,2024-11-04,20.97,21.26,20.93,21.22,5077809,1.005775789183695,1.0021251475796928,0.005775789183695004,-0.008057338267672298,0.002819826428251737,0,0.009995240361732272,0.015797032072762063,37.00440528634362,-0.08546784187556784,0.6286116586842074,0.30994460258273615,0.014204927965531203,0.009562760252187972,0.7575757575757534,0.12121212121212871,0.12121212121211795,0.8787878787878712,21.14,20.717200000000002,0.0037842951750235443,-0.02554399243140959,-0.019999999999999907,-0.022999999999999906,2.0,stop,0.0,0.0
ACB,2024-11-01,2024-11-01,2024-11-04,2024-11-08,21.14,21.22,20.8,20.8,7860339,1.0005887491928438,0.9869981968302173,0.0005887491928438258,-0.010238587262821564,0.0022556176299834974,0,-0.01187648456057011,0.0,32.812500000000014,-0.09191940346230038,0.9779798849038238,0.5479784686663087,0.015075549450549477,0.010932546346602463,0.8095238095238128,0.19047619047618725,0.0,0.0,20.89,20.8,0.011967448539971226,-0.013882240306366644,-0.004308281474389664,-0.007308281474389664,5.0,timeout,0.0,0.0
ACB,2024-11-04,2024-11-04,2024-11-05,2024-11-11,20.89,20.93,20.6,20.68,9123996,0.9961362104483705,0.9854188506623462,-0.003863789551629465,-0.011865524060646004,0.0016926749018151277,0,-0.013829279923700533,-0.015706806282722585,32.30769230769228,-0.09906971440032178,1.1188602737823106,0.16076367698645067,0.015163028460900818,0.010685319442897051,0.6363636363636422,0.12121212121211926,0.24242424242423852,0.24242424242423852,20.72,20.76,0.020270270270270396,-0.005791505791505669,0.0019305019305020377,-0.0010694980694979624,5.0,timeout,0.0,0.0
ACB,2024-11-05,2024-11-05,2024-11-06,2024-11-12,20.72,20.8,20.68,20.68,3068254,0.993337256316319,0.9879610166252628,-0.006662743683681006,-0.011475796930342508,0.0009024670599524498,0,-0.025447690857681393,-0.017577197149643786,33.466135458167315,-0.09839923720302554,0.3844094384349527,-0.6637159858465523,0.01485216910748827,0.009908240027962098,0.3333333333333235,0.6666666666666765,0.0,0.0,20.8,20.76,0.016346153846153788,-0.009615384615384581,-0.0019230769230769162,-0.004923076923076916,5.0,timeout,0.0,0.0
ACB,2024-11-06,2024-11-06,2024-11-07,2024-11-11,20.8,21.05,20.72,20.97,6246056,0.9916426348941336,1.003013344812742,-0.00835736510586635,-0.007924456676473457,0.0010255631101150353,0,0.008173076923076783,0.0,32.113821138211335,-0.07413059476612582,0.8564073351576684,1.0357036933708876,0.01474896110089245,0.01121260397038118,0.5151515151515067,0.24242424242424668,0.24242424242424668,0.7575757575757534,21.05,20.629,0.004275534441805284,-0.02375296912114011,-0.020000000000000018,-0.023000000000000017,3.0,stop,0.0,0.0
ACB,2024-11-07,2024-11-07,2024-11-08,2024-11-13,21.05,21.14,20.8,20.97,4846687,0.9915141746468189,1.002629691608893,-0.008485825353181096,-0.0033832078528543974,0.0012626142760854275,0,0.014023210831721533,-0.011781338360037696,32.644628099173545,-0.0546814457546172,0.6844375325016732,-0.22404041846566858,0.014340213911029378,0.010003040675163211,0.23529411764706434,0.26470588235294085,0.4999999999999948,0.4999999999999948,20.97,20.5506,0.003814973772055419,-0.021936099189317937,-0.020000000000000018,-0.023000000000000017,4.0,stop,0.0,0.0
ACB,2024-11-08,2024-11-08,2024-11-11,2024-11-15,20.97,21.05,20.68,20.8,8226830,0.9912040415912343,0.994501553908678,-0.008795958408765668,-0.0008121536403592478,0.0013382433894573165,0,0.005802707930367523,0.0,33.76068376068379,-0.049996991155628834,1.1483044084312997,0.6974130988858989,0.014869505494505513,0.01027137890705567,0.4594594594594532,0.21621621621622064,0.3243243243243261,0.3243243243243261,20.8,20.384,0.004326923076923173,-0.024038461538461564,-0.020000000000000018,-0.023000000000000017,5.0,stop,0.0,0.0
ACB,2024-11-11,2024-11-11,2024-11-12,2024-11-15,20.8,20.89,20.6,20.76,6748424,0.9898691230963143,0.9937769267592151,-0.010130876903685719,-0.0008131247907401384,0.0009770812779843485,0,-0.010014306151645114,0.003868471953578423,38.72549019607847,-0.04640207827302305,0.9572135341347914,-0.17970542724232785,0.01458849435728049,0.009649263520090675,0.1379310344827561,0.3103448275862073,0.5517241379310366,0.5517241379310366,20.72,20.3056,0.006274131274131456,-0.02799227799227788,-0.020000000000000018,-0.023000000000000017,4.0,stop,0.0,0.0
ACB,2024-11-12,2024-11-12,2024-11-13,2024-11-15,20.72,20.85,20.6,20.76,4147541,0.988457492679321,0.995158429605484,-0.011542507320678937,-0.002581879034185941,0.0005025125628139726,0,-0.010014306151645114,0.003868471953578423,38.72549019607847,-0.04102005402866438,0.6009480657121918,-0.38540598516038704,0.014278832920451425,0.009600879921689837,0.1600000000000108,0.35999999999999943,0.47999999999998977,0.6400000000000006,20.72,20.3056,0.0038610038610038533,-0.02799227799227788,-0.020000000000000018,-0.023000000000000017,3.0,stop,0.0,0.0
ACB,2024-11-13,2024-11-13,2024-11-14,2024-11-18,20.72,20.8,20.55,20.8,6394310,0.9874648247633668,0.9978890807906352,-0.012535175236633148,-0.0033946928042074553,0.0003791361383087555,0,0.0,-0.008106819265617515,47.42857142857142,-0.03215383805578868,0.9198718669390588,0.5417111006256479,0.013839285714285717,0.009608930784343925,0.3200000000000074,0.0,0.6799999999999926,1.0,20.6,20.188000000000002,0.007766990291262044,-0.022330097087378653,-0.019999999999999907,-0.022999999999999906,3.0,stop,0.0,0.0
ACB,2024-11-14,2024-11-14,2024-11-15,2024-11-21,20.6,20.76,20.51,20.51,5798457,0.9840639715008481,0.9873393347133297,-0.015936028499151923,-0.0056007659167062185,0.0002653550545399508,0,-0.012042389210019322,-0.021936099189317937,42.56410256410257,-0.04255512385836176,0.855075133436618,-0.09318487843098,0.014313575259455326,0.009288065611858567,0.35999999999999943,0.6400000000000006,0.0,0.0,20.51,20.76,0.012189176011701663,-0.018039980497318475,0.012189176011701663,0.009189176011701664,5.0,timeout,0.0,1.0
ACB,2024-11-15,2024-11-15,2024-11-18,2024-11-22,20.51,20.55,20.3,20.39,9284110,0.9822706124266803,0.9835037622998264,-0.01772938757331961,-0.006183787929629481,7.581285596480747e-05,0,-0.017822736030828512,-0.019711538461538503,33.33333333333327,-0.053541659326866275,1.391806221733347,0.6011345776988601,0.014117564632522948,0.007401980013561023,0.480000000000004,0.1599999999999966,0.35999999999999943,0.35999999999999943,20.39,20.85,0.022560078469838096,-0.012260912211868535,0.022560078469838096,0.019560078469838097,5.0,timeout,0.0,1.0
ACB,2024-11-18,2024-11-18,2024-11-19,2024-11-25,20.39,20.55,20.14,20.47,8112732,0.9812384516984884,0.9883636714789242,-0.01876154830151155,-0.006380733064671018,-7.579848971472902e-05,0,-0.01586538461538467,-0.013969171483622533,34.736842105263065,-0.051433520568660795,1.1931722027991762,-0.12617019832811116,0.014899853444064486,0.007482542791120307,0.19512195121950796,0.19512195121951664,0.6097560975609754,0.8048780487804834,20.47,20.8,0.020517830972154538,-0.014167073766487515,0.016121152906692915,0.013121152906692916,5.0,timeout,0.0,1.0
ACB,2024-11-19,2024-11-19,2024-11-20,2024-11-25,20.47,20.51,20.3,20.3,5787839,0.9794009797326108,0.9819571421661103,-0.020599020267389266,-0.00481394117363898,-7.579561711845706e-05,0,-0.010238907849829393,-0.022157996146435543,33.16582914572862,-0.05706559436549652,0.8928415073385654,-0.286573376268315,0.014883884588318085,0.00781340346251959,0.8095238095237974,0.19047619047620257,0.0,0.0,20.22,20.887259999999998,0.0370919881305638,-0.001978239366963397,0.03299999999999992,0.02999999999999992,4.0,target,1.0,1.0
ACB,2024-11-20,2024-11-20,2024-11-21,2024-11-27,20.22,20.51,20.18,20.47,6242481,0.9767637920581994,0.9925810987732142,-0.023236207941800573,-0.005257572834265756,0.00035060787825402784,0,0.003923491907797949,-0.01586538461538467,30.366492146596755,-0.04542577109325768,0.9739809310257839,0.07855125203033464,0.014760276362621259,0.0066592397432409965,0.7575757575757534,0.12121212121212871,0.12121212121211795,0.8787878787878712,20.47,20.93,0.02833414753297525,-0.010258915486077047,0.022471910112359605,0.019471910112359606,5.0,timeout,0.0,1.0
ACB,2024-11-21,2024-11-21,2024-11-22,2024-11-28,20.47,20.76,20.26,20.76,7585401,0.9754642474976563,1.0076691583341424,-0.024535752502343737,-0.0052629037709428506,0.0006253849433837111,0,0.014167073766487626,0.012189176011701663,48.876404494382044,-0.015808781941070438,1.1960931780336146,0.21512600518928293,0.014829342141480876,0.00848182558647395,0.5800000000000054,0.0,0.4199999999999946,1.0,20.76,21.01,0.013969171483622311,-0.0077071290944122905,0.012042389210019211,0.009042389210019212,5.0,timeout,0.0,1.0
ACB,2024-11-22,2024-11-22,2024-11-25,2024-11-29,20.76,20.85,20.6,20.85,5698260,0.975276155498973,1.011792109477362,-0.024723844501027055,-0.003192570018865304,0.0010233183941481538,0,0.027093596059113434,0.022560078469838096,54.857142857142925,0.01079587364627732,0.9242322517570986,-0.2487859244356363,0.014491264131551914,0.008227955141088933,0.35999999999999943,0.0,0.6400000000000006,1.0,20.85,21.05,0.00959232613908867,-0.006235011990407768,0.00959232613908867,0.006592326139088669,5.0,timeout,0.0,1.0
ACB,2024-11-25,2024-11-25,2024-11-26,2024-12-02,20.85,20.89,20.72,20.8,4112332,0.9748933392615575,1.0091698607539663,-0.025106660738442456,-0.0005818746060224367,0.001335632009699994,0,0.016121152906692915,0.016121152906692915,53.33333333333338,0.02515871799148811,0.6718423924872454,-0.2783179426702186,0.014697802197802213,0.008243383129907812,0.29411764705882476,0.23529411764705144,0.4705882352941238,0.4705882352941238,20.8,21.01,0.018269230769230704,-0.0019230769230769162,0.010096153846153921,0.007096153846153921,5.0,timeout,0.0,1.0
ACB,2024-11-26,2024-11-26,2024-11-27,2024-12-03,20.8,20.97,20.76,20.89,3562709,0.9751208026401643,1.0128975950349106,-0.024879197359835643,0.0010678574895641724,0.0014204410943077228,0,0.00626204238920991,0.029064039408867037,47.50000000000004,0.03997283930646087,0.5850052644511613,-0.1336523899334976,0.014087396567051907,0.008343325245828368,0.42857142857143343,0.3809523809523777,0.19047619047618886,0.6190476190476223,20.85,20.89,0.015827338129496216,0.0,0.0019184652278176895,-0.0010815347721823106,5.0,timeout,0.0,0.0
ACB,2024-11-27,2024-11-27,2024-11-28,2024-12-04,20.85,21.05,20.85,20.93,2748008,0.9754310670800875,1.0141978000678393,-0.02456893291991244,0.0014558159848596652,0.0012967713233695832,0,0.003836930455635379,0.022471910112359605,48.78048780487807,0.05101124218754724,0.4554486385991183,-0.2286745844243805,0.013582690601324143,0.008343123150201717,0.3999999999999929,0.6000000000000071,0.0,0.3999999999999929,21.01,20.93,0.008091385054735722,-0.011899095668729154,-0.0038077106139934314,-0.006807710613993431,5.0,timeout,0.0,0.0
ACB,2024-11-28,2024-11-28,2024-11-29,2024-12-05,21.01,21.05,20.85,21.01,4596147,0.9775263908971488,1.0156136704210375,-0.022473609102851257,0.0036873514142934383,0.0009838329754323638,0,0.010096153846153921,0.012042389210019211,56.77419354838713,0.061540888196221014,0.7648077355065935,0.672537707313807,0.012953015570816614,0.006598620150750848,0.0,0.19999999999999646,0.8000000000000036,0.8000000000000036,21.01,21.47,0.021894336030461536,-0.011899095668729154,0.021894336030461536,0.018894336030461537,5.0,timeout,0.0,1.0
ACB,2024-11-29,2024-11-29,2024-12-02,2024-12-06,21.01,21.05,20.89,21.05,3883425,0.9809974001418104,1.0143111839252157,-0.0190025998581896,0.006254848719937867,0.0002269482085277552,0,0.0076591670655816735,0.00959232613908867,59.35483870967741,0.06850670312498833,0.6683230993539772,-0.15506945273943584,0.012487275195113674,0.005939991466478151,0.24999999999999445,0.0,0.7500000000000056,1.0,21.1,21.43,0.019431279620853115,-0.016113744075829328,0.01563981042654028,0.01263981042654028,5.0,timeout,0.0,1.0
ACB,2024-12-02,2024-12-02,2024-12-03,2024-12-09,21.1,21.18,20.93,21.01,2490927,0.9839406807713771,1.0097563320036527,-0.01605931922862291,0.008237631438678283,-0.0004821144974667124,0,0.003822264691830002,0.010096153846153921,57.86163522012581,0.0676120645074062,0.45462782621027215,-0.3585747117557311,0.012511049160263818,0.006143874490998442,0.35999999999999943,0.3199999999999932,0.3200000000000074,0.3200000000000074,21.05,21.31,0.02185273159144896,-0.013776722090261262,0.01235154394299287,0.009351543942992872,5.0,timeout,0.0,1.0
ACB,2024-12-03,2024-12-03,2024-12-04,2024-12-10,21.05,21.05,20.85,20.89,6131057,0.9873563871065432,1.0011501964919007,-0.01264361289345686,0.008652777106395337,-0.0013892432876867478,0,-0.0057115659209900915,0.0,52.694610778443106,0.05657802964697832,1.088574896572364,1.4613555515677499,0.012411953771455923,0.005667585309888106,0.8000000000000036,0.0,0.19999999999999646,0.19999999999999646,20.85,21.18,0.031654676258992875,-0.004316546762589968,0.015827338129496216,0.012827338129496216,5.0,timeout,0.0,1.0
ACB,2024-12-04,2024-12-04,2024-12-05,2024-12-11,20.85,20.93,20.76,20.93,4619546,0.990432888131098,1.0008607498087223,-0.009567111868902065,0.007661542909458863,-0.001938076104939901,0,-0.005700712589073675,0.0,64.78873239436615,0.04984911343124176,0.8322215013430844,-0.24653350963789766,0.011978704525288368,0.005330303646870901,0.47058823529411276,0.0,0.5294117647058872,1.0,20.89,21.22,0.029679272379128818,-0.0019147917663954184,0.015797032072762063,0.012797032072762064,5.0,timeout,0.0,1.0
ACB,2024-12-05,2024-12-05,2024-12-06,2024-12-12,20.89,21.47,20.85,21.47,8272544,0.9940309820455729,1.023209264642806,-0.005969017954427079,0.008458691786418004,-0.0017780636130629857,0,0.021894336030461536,0.021894336030461536,79.34782608695653,0.07796651878091332,1.4457045371375885,0.7907699154852013,0.012908377137534085,0.00853141956528544,0.935483870967743,0.0,0.06451612903225695,1.0,21.31,21.14,0.009385265133740273,-0.012200844673861955,-0.007977475363678987,-0.010977475363678987,5.0,timeout,0.0,0.0
ACB,2024-12-06,2024-12-06,2024-12-09,2024-12-13,21.31,21.51,21.31,21.43,6054365,0.9969769910162618,1.0184877144622402,-0.0030230089837381528,0.008386849420109366,-0.0013438570590351695,0,0.02584968884633798,0.018052256532066435,76.66666666666674,0.08925901607055806,1.0785306555949659,-0.26813746774873604,0.012232517832144518,0.008679858990957235,0.5999999999999964,0.4000000000000036,0.0,0.5999999999999964,21.39,21.01,0.0018700327255727345,-0.01963534361851338,-0.017765310892940533,-0.020765310892940533,5.0,timeout,0.0,0.0
ACB,2024-12-09,2024-12-09,2024-12-10,2024-12-16,21.39,21.43,21.18,21.31,5418974,0.9995829542007887,1.0103356722928123,-0.0004170457992112742,0.008607498087222831,-0.0006251776072746518,0,0.01815575728619212,0.014278914802474896,78.8571428571428,0.08410516311464392,0.9769095177610583,-0.10494758740181676,0.012435476302205529,0.00894704528910736,0.3200000000000074,0.1599999999999966,0.519999999999996,0.519999999999996,21.31,21.01,0.0,-0.017832003754105985,-0.014077897700609965,-0.017077897700609964,5.0,timeout,0.0,0.0
ACB,2024-12-10,2024-12-10,2024-12-11,2024-12-17,21.31,21.31,21.18,21.18,3403008,1.0012704914147017,1.002793428341461,0.001270491414701742,0.006576752609255276,-0.0007011227438533663,1,-0.013507219375873292,0.013882240306366533,70.76023391812868,0.06808336061420824,0.6176246838469619,-0.3720198694439205,0.011837312828814228,0.009305832140970787,1.0,0.0,0.0,0.0,21.18,21.05,0.006137865911236995,-0.011803588290840383,-0.006137865911236995,-0.009137865911236994,5.0,timeout,0.0,0.0
ACB,2024-12-11,2024-12-11,2024-12-12,2024-12-18,21.18,21.31,21.05,21.22,8832805,1.0029685973614573,1.003309692671395,0.002968597361457373,0.0051803621500876584,-0.0008244569955648817,0,-0.009799346710219314,0.013855709507883285,65.75342465753418,0.05678345434660473,1.5683926027801256,1.5955874920070712,0.011007136124949484,0.009305680352239288,0.15384615384615175,0.34615384615384825,0.5,0.6538461538461517,21.22,21.01,0.004241281809613584,-0.013666352497643697,-0.009896324222431585,-0.012896324222431584,5.0,timeout,0.0,0.0
ACB,2024-12-12,2024-12-12,2024-12-13,2024-12-19,21.22,21.31,21.1,21.14,5867353,1.0038992827596676,0.9989131975617823,0.0038992827596675775,0.0033662051962828343,-0.0009478313618440648,0,-0.007977475363678987,-0.015370284117372957,60.0,0.04124796028147035,1.04119672817713,-0.3357316277218845,0.010913636977969961,0.009396771654049453,0.3809523809523777,0.42857142857143343,0.19047619047618886,0.19047619047618886,21.14,20.717200000000002,0.0,-0.023651844843897818,-0.019999999999999907,-0.022999999999999906,5.0,stop,0.0,0.0
ACB,2024-12-13,2024-12-13,2024-12-16,2024-12-20,21.14,21.14,20.97,21.01,6044475,1.003909548978488,0.9929580793043151,0.003909548978487982,0.0017991572368731834,-0.0008343525708489619,0,-0.00802644003777142,-0.019598693420438518,56.86274509803927,0.02058718247592972,1.1043728669090078,0.0301877183799919,0.010981165431427176,0.009620405252006806,0.7647058823529277,0.0,0.23529411764707234,0.23529411764707234,21.01,20.72,0.004283674440742402,-0.017610661589719245,-0.013802950975725925,-0.016802950975725924,5.0,timeout,0.0,0.0
ACB,2024-12-16,2024-12-16,2024-12-17,2024-12-19,21.01,21.1,20.93,21.01,5165719,1.0041477628656579,0.9929580793043151,0.0041477628656579855,0.00042553191489358433,-0.0007492625928280372,0,-0.009896324222431585,-0.014077897700609965,54.16666666666672,0.006046422171111045,0.969929835390705,-0.14538169154475777,0.010845175766641716,0.00960071957016819,0.0,0.5294117647058763,0.4705882352941238,0.4705882352941238,21.1,20.678,0.0,-0.02180094786729858,-0.020000000000000018,-0.023000000000000017,3.0,stop,0.0,0.0
ACB,2024-12-17,2024-12-17,2024-12-18,2024-12-19,21.1,21.1,20.93,21.05,3331723,1.0051551285459308,0.9940968122786304,0.00515512854593092,0.0005670273590701047,-0.0006830860308906228,0,-0.004257332071901598,-0.006137865911236995,54.16666666666672,-0.0013572535125425875,0.640338783523655,-0.35503208749837145,0.010722768917543252,0.00939351970776985,0.29411764705882476,0.0,0.7058823529411753,0.7058823529411753,21.1,20.678,0.0,-0.02180094786729858,-0.020000000000000018,-0.023000000000000017,2.0,stop,0.0,0.0
ACB,2024-12-18,2024-12-18,2024-12-19,2024-12-25,21.1,21.1,20.97,21.01,3385137,1.006413911060433,0.9918330736911676,0.0064139110604332005,0.0011342691053453091,-0.0013569551066110463,0,0.0,-0.009896324222431585,50.0,-0.009001749560736648,0.6689735273581067,0.01603194503264538,0.010505201604678042,0.00942075709374141,0.6923076923076776,0.0,0.3076923076923224,0.3076923076923224,20.93,21.26,0.021978021978022122,-0.013855709507883396,0.015766841853798397,0.012766841853798398,5.0,timeout,0.0,1.0
ACB,2024-12-19,2024-12-19,2024-12-20,2024-12-26,20.93,20.93,20.64,20.72,9720556,1.0039667817699265,0.981618343755922,0.003966781769926537,-0.0024103218488586986,-0.0022304903282143185,0,-0.013802950975725925,-0.019867549668874274,39.999999999999915,-0.032330349179481764,1.8812934933515466,1.8715399110877935,0.011376172090457808,0.004715527430993615,0.7241379310344879,0.0,0.2758620689655122,0.2758620689655122,20.76,21.35,0.030346820809248554,-0.003853564547206201,0.028420038535645453,0.025420038535645454,5.0,timeout,0.0,1.0
ACB,2024-12-20,2024-12-20,2024-12-23,2024-12-27,20.76,20.8,20.68,20.72,4729595,1.001628354314663,0.9849313114987879,0.0016283543146629025,-0.006517119244392022,-0.003019025557285726,0,-0.015676959619952635,-0.013802950975725925,40.99378881987567,-0.0456857074113117,0.9240160767167034,-0.5134439840684011,0.010928019856591292,0.004824655557992263,0.3333333333333531,0.3333333333333235,0.3333333333333235,0.3333333333333235,20.76,21.44508,0.03420038535645453,-0.0019267822736032114,0.03299999999999992,0.02999999999999992,5.0,target,1.0,1.0
ACB,2024-12-23,2024-12-23,2024-12-24,2024-12-30,20.76,20.85,20.72,20.8,3469073,1.0000381221051025,0.9911369484418185,3.8122105102554927e-05,-0.009299910305433756,-0.0029836564044091185,0,-0.009995240361732494,-0.009995240361732494,47.13375796178344,-0.046880381134553215,0.6820348621596048,-0.2665179576686799,0.010645604395604412,0.0052444730317590975,0.30769230769229505,0.3846153846153825,0.3076923076923224,0.6153846153846175,20.8,21.22,0.03221153846153846,-0.0038461538461539435,0.02019230769230762,0.01719230769230762,5.0,timeout,0.0,1.0
ACB,2024-12-24,2024-12-24,2024-12-25,2024-12-31,20.8,20.89,20.72,20.89,3233697,0.9993324114253016,0.9968029775254091,-0.0006675885746983618,-0.007153685806329135,-0.002549394518801762,0,0.008204633204633272,-0.0076009501187648265,48.76543209876546,-0.039645320119029874,0.6378217966022924,-0.06784982616393487,0.01059974013540316,0.005460679838831434,0.5294117647058763,0.0,0.4705882352941238,1.0,20.89,21.56,0.03207276208712284,-0.0019147917663954184,0.03207276208712284,0.029072762087122842,5.0,timeout,0.0,1.0
ACB,2024-12-25,2024-12-25,2024-12-26,2025-01-02,20.89,21.39,20.85,21.26,9518178,0.9997615186492419,1.014264586613234,-0.00023848135075815383,-0.003612682416694213,-0.0017521473327365422,0,0.026061776061776287,0.011899095668729265,42.75862068965526,-0.009546632961233387,1.7598830060236499,1.9434353311395594,0.01014648568740764,0.008142132656504552,0.6851851851851881,0.24074074074073928,0.07407407407407261,0.7592592592592607,21.26,21.39,0.014111006585136199,-0.0037629350893697566,0.006114769520225716,0.0031147695202257157,5.0,timeout,0.0,1.0
ACB,2024-12-26,2024-12-26,2024-12-27,2025-01-03,21.26,21.35,21.22,21.35,5583577,1.0012406947890817,1.0175388428176533,0.0012406947890817067,-0.00019060325931563593,-0.0013914568362463076,1,0.02644230769230771,0.030405405405405483,47.33333333333339,0.015457522042617175,1.0230478593089758,-0.41337753927274734,0.009869521579123486,0.008099797066383557,0.6923076923076776,0.0,0.3076923076923224,1.0,21.39,20.97,0.0079476390836839,-0.01963534361851338,-0.01963534361851338,-0.022635343618513378,5.0,timeout,0.0,0.0
ACB,2024-12-27,2024-12-27,2024-12-30,2025-01-06,21.39,21.47,21.31,21.35,7694895,1.0033036072335633,1.0158926532165968,0.0033036072335632244,0.0028152884477741225,-0.0011539745362644238,0,0.022020105313547145,0.030405405405405483,51.449275362318936,0.030178943304094104,1.3623237059137978,0.37813000519201223,0.009568417530946838,0.0077196513115248555,0.24999999999999445,0.4999999999999889,0.25000000000001665,0.25000000000001665,21.18,20.7564,0.01794145420207749,-0.023607176581680878,-0.020000000000000018,-0.023000000000000017,5.0,stop,0.0,0.0
ACB,2024-12-30,2024-12-30,2024-12-31,2025-01-06,21.18,21.43,21.18,21.22,5004572,1.0046322827125118,1.0086989589770405,0.004632282712511831,0.003625781212728274,-0.0012401030239433952,0,-0.0018814675446849893,0.02019230769230762,51.4492753623188,0.029318544824329523,0.8667362672402936,-0.34962439383513355,0.010030968089403566,0.008093869970963589,0.1599999999999966,0.8400000000000034,0.0,0.1599999999999966,21.22,20.795599999999997,0.01602262016965117,-0.025447690857681393,-0.02000000000000013,-0.023000000000000128,4.0,stop,0.0,0.0
ACB,2024-12-31,2024-12-31,2025-01-02,2025-01-06,21.22,21.56,21.18,21.56,8844727,1.0067408864361145,1.0223823975720787,0.00674088643611441,0.005051949289867519,-0.00043901507921373373,0,0.00983606557377037,0.03207276208712284,60.11904761904759,0.04866434621093127,1.496639112343272,0.767329354038667,0.010270341902995004,0.009391685109565387,0.8947368421052652,0.0,0.10526315789473488,1.0,21.39,20.9622,0.003740065451145247,-0.03319308087891537,-0.020000000000000018,-0.023000000000000017,3.0,stop,0.0,0.0
ACB,2025-01-02,2025-01-02,2025-01-03,2025-01-06,21.39,21.47,21.22,21.39,4571487,1.0083913280064154,1.0124964498721953,0.008391328006415328,0.005234107346783423,0.0001623159623427295,0,0.0018735362997657212,0.006114769520225716,57.062146892655356,0.04700293890271376,0.7738677908758332,-0.483139841399288,0.010786081613571143,0.00987688506681961,0.0,0.3199999999999932,0.6800000000000068,0.6800000000000068,21.31,20.883799999999997,0.0018770530267482322,-0.029563585171280993,-0.020000000000000018,-0.023000000000000017,2.0,stop,0.0,0.0
ACB,2025-01-03,2025-01-03,2025-01-06,2025-01-10,21.31,21.35,20.97,20.97,5022490,1.009507536345326,0.9914424849888892,0.009507536345325992,0.005419023625041763,0.0005635148042024696,0,-0.011781338360037696,-0.01779859484777524,49.02912621359217,0.01620016871839238,0.8742640740216017,0.09865564530753335,0.01185366850602907,0.011010286784962055,0.8947368421052567,0.10526315789474323,0.0,0.0,20.89,20.64,0.0019147917663953073,-0.011967448539971226,-0.011967448539971226,-0.014967448539971225,5.0,timeout,0.0,0.0
ACB,2025-01-06,2025-01-06,2025-01-07,2025-01-13,20.89,20.93,20.68,20.72,12058848,1.0095846340369063,0.9796227128740955,0.009584634036906443,0.0029874810318666345,0.00016231596234295154,0,-0.038961038961038974,-0.029508196721311553,43.722943722943675,-0.020441031654888225,1.994831981756561,1.4009700367745879,0.012410369553226738,0.011779780235024068,0.6800000000000068,0.1599999999999966,0.1599999999999966,0.1599999999999966,20.72,20.68,0.010135135135135087,-0.012065637065637014,-0.0019305019305019266,-0.004930501930501927,5.0,timeout,0.0,0.0
ACB,2025-01-07,2025-01-07,2025-01-08,2025-01-13,20.72,20.93,20.72,20.89,5028704,1.01012994204642,0.9872400756143668,0.010129942046420114,0.001609391271419014,-0.00011455737892707152,0,-0.023375409069658737,-0.015551366635249697,46.72131147540985,-0.03197084664178489,0.8345661223431272,-0.5829863681837602,0.012446146481570167,0.012013179632755935,0.8095238095238143,0.19047619047618564,0.0,0.8095238095238143,20.89,20.4722,0.0,-0.020105313547151837,-0.020000000000000018,-0.023000000000000017,4.0,stop,0.0,0.0
ACB,2025-01-08,2025-01-08,2025-01-09,2025-01-15,20.89,20.89,20.72,20.89,4091798,1.010284273750752,0.9872400756143668,0.010284273750751931,0.0004255117961324828,-0.00034364589199975537,0,-0.003814973772055197,-0.031076066790352463,47.499999999999986,-0.03793305462561238,0.6752174839400413,-0.18631162223905007,0.01258291732202698,0.011937584338751132,0.0,0.0,1.0,1.0,20.85,20.8,0.0019184652278176895,-0.018225419664268716,-0.0023980815347721673,-0.005398081534772167,5.0,timeout,0.0,0.0
ACB,2025-01-09,2025-01-09,2025-01-10,2025-01-16,20.85,20.89,20.76,20.85,3842684,1.0084422840007259,0.9872626544817463,0.008442284000725811,-0.001512930830693704,-0.0003818579297575342,0,0.006274131274131456,-0.02524544179523136,53.02325581395354,-0.04255929505594135,0.661338532596465,-0.060881304502323874,0.011784857828023323,0.010200805084498178,0.0,0.3076923076923035,0.6923076923076965,0.6923076923076965,20.8,20.76,0.006249999999999867,-0.01586538461538467,-0.0019230769230769162,-0.004923076923076916,5.0,timeout,0.0,0.0
ACB,2025-01-10,2025-01-10,2025-01-13,2025-01-17,20.8,20.85,20.64,20.64,4714444,1.0056090126417778,0.9806157354618016,0.005609012641777893,-0.005293005671077378,-0.0008210886107369308,0,-0.011967448539971226,-0.01573676680972813,48.305084745762755,-0.05685766334458443,0.8195015419353672,0.22686226606195037,0.012216223698781866,0.01024830075804115,0.7619047619047595,0.23809523809524052,0.0,0.0,20.47,20.85,0.022471910112359605,0.0,0.01856375183194925,0.01556375183194925,5.0,timeout,0.0,1.0
ACB,2025-01-13,2025-01-13,2025-01-14,2025-01-20,20.47,20.76,20.47,20.68,4628922,1.002522911669422,0.985653686668891,0.0025229116694221814,-0.00845935727788294,-0.0007830180571605228,0,-0.010052656773575919,-0.0019305019305019266,47.41379310344826,-0.06038478383163472,0.8146582813468815,-0.018140421224644987,0.012745233489914371,0.010336196097889652,0.724137931034479,0.27586206896552107,0.0,0.724137931034479,20.68,20.89,0.01208897485493221,-0.010154738878143221,0.01015473887814311,0.00715473887814311,5.0,timeout,0.0,1.0
ACB,2025-01-14,2025-01-14,2025-01-15,2025-01-21,20.68,20.72,20.47,20.6,5066348,0.9996368258579987,0.9847507051006262,-0.0003631741420012617,-0.009470145366731297,-0.0007449074118285326,0,-0.011990407673860948,-0.013882240306366644,43.72294372294375,-0.06449628790735568,0.892422595782307,0.09449845990059891,0.013072122052704598,0.010289436530664015,0.3199999999999932,0.1599999999999966,0.5200000000000102,0.5200000000000102,20.76,20.85,0.01011560693641611,-0.0077071290944122905,0.004335260115607031,0.0013352601156070313,5.0,timeout,0.0,1.0
ACB,2025-01-15,2025-01-15,2025-01-16,2025-01-22,20.76,20.85,20.6,20.8,7428403,0.9958908691289597,0.9979369572518352,-0.004109130871040282,-0.009739642721398822,-7.644310244347974e-05,0,0.007751937984496138,-0.004308281474389664,39.252336448598115,-0.05074259450213305,1.2629243059659183,0.46622438884971973,0.011950549450549476,0.009126359616511459,0.1599999999999966,0.20000000000000284,0.6400000000000006,0.7999999999999972,20.76,20.76,0.01011560693641611,-0.005780346820809301,0.0,-0.003,5.0,timeout,0.0,0.0
ACB,2025-01-16,2025-01-16,2025-01-17,2025-01-23,20.76,20.93,20.64,20.76,5009160,0.9930799816485701,0.9990375360923965,-0.0069200183514298835,-0.009580096277584382,-0.00016246022113686198,0,0.003868471953578423,-0.004316546762589968,35.88516746411483,-0.04171291943664289,0.8400250480122957,-0.32567471097085066,0.012524084778420052,0.009005245368280651,0.0,0.5862068965517195,0.4137931034482805,0.4137931034482805,20.76,21.14,0.02215799614643532,-0.0019267822736032114,0.018304431599229343,0.015304431599229344,5.0,timeout,0.0,1.0
ACB,2025-01-17,2025-01-17,2025-01-20,2025-01-24,20.76,20.89,20.72,20.85,2381475,0.9926203494818953,1.0039483821263482,-0.00737965051810478,-0.0072183182752521,-0.00020070149952733374,0,0.012135922330097193,0.010174418604651292,38.53211009174312,-0.027726149557470665,0.4255556698106147,-0.5245759768104832,0.012504282288454968,0.007047370967560102,0.5294117647058763,0.23529411764705144,0.23529411764707234,0.7647058823529486,20.85,21.18,0.022062350119903984,-0.006235011990407768,0.015827338129496216,0.012827338129496216,5.0,timeout,0.0,1.0
ACB,2025-01-20,2025-01-20,2025-01-21,2025-02-03,20.85,20.93,20.72,20.89,4008919,0.9933474159107637,1.0050517199903777,-0.006652584089236333,-0.0027827088231060504,-0.00022934683931397082,0,0.004326923076923173,0.01015473887814311,42.10526315789477,-0.014493267960691641,0.721013029206087,0.6833764788628895,0.012343568351227541,0.00581804249253145,0.19047619047618564,0.19047619047618564,0.6190476190476287,0.8095238095238143,20.93,20.97,0.01815575728619212,-0.010033444816053505,0.00191113234591489,-0.0010888676540851102,5.0,timeout,0.0,0.0
ACB,2025-01-21,2025-01-21,2025-01-22,2025-02-04,20.93,20.97,20.76,20.85,4346037,0.9930708209882445,1.003320340695828,-0.006929179011755521,4.8123195380167516e-05,5.7348218381880756e-05,0,0.004335260115607031,0.012135922330097193,30.167597765363155,-0.007498978469723666,0.7755284837668379,0.08409199587220395,0.01178485782802331,0.005245200901477742,0.3809523809523777,0.19047619047618886,0.42857142857143343,0.42857142857143343,20.89,21.1,0.020105313547151615,-0.0081378650071805,0.010052656773575919,0.007052656773575919,5.0,timeout,0.0,1.0
ACB,2025-01-22,2025-01-22,2025-01-23,2025-02-05,20.89,20.89,20.72,20.76,2791121,0.9924495842492594,0.9996147919876733,-0.007550415750740596,0.0,0.00017206439031869358,0,-0.004316546762589968,-0.0019230769230769162,31.578947368421055,-0.007955361363756255,0.5000360589016941,-0.3577779020289059,0.011251032204789452,0.005404020304306876,0.7647058823529277,0.0,0.23529411764707234,0.23529411764707234,20.8,21.22,0.02451923076923057,0.0,0.02019230769230762,0.01719230769230762,5.0,timeout,0.0,1.0
ACB,2025-01-23,2025-01-23,2025-01-24,2025-02-06,20.8,21.22,20.8,21.14,8900937,0.9935125735687536,1.0164927633793335,-0.006487426431246472,0.0005773394274719568,0.00041100735034071967,0,0.011967448539971226,0.018304431599229343,55.089820359281504,0.016954676852298733,1.6034900448342664,2.189018677441788,0.011183943776185978,0.008014151086579494,0.8095238095238128,0.19047619047618725,0.0,0.8095238095238128,21.05,21.31,0.018052256532066435,-0.01187648456057011,0.01235154394299287,0.009351543942992872,5.0,timeout,0.0,1.0
ACB,2025-01-24,2025-01-24,2025-02-03,2025-02-07,21.05,21.31,21.05,21.18,4902907,0.9954550228681095,1.0157786197304686,-0.004544977131890533,0.0033684615754774327,0.0009653063175001364,0,0.015827338129496216,0.015827338129496216,65.75342465753434,0.03472142218961234,0.8886998107774849,-0.44916956495703764,0.011061648455416165,0.006928997291317601,0.5,0.5,0.0,0.5,20.93,21.47,0.030100334448160515,-0.006211180124223503,0.025800286669851902,0.022800286669851903,5.0,timeout,0.0,1.0
ACB,2025-02-03,2025-02-03,2025-02-04,2025-02-10,20.93,21.14,20.8,20.97,4775193,0.9962877782973404,1.004310344827586,-0.0037122217026596236,0.0053929121725733165,0.001519640638440345,0,0.01011560693641611,0.0038295835327908367,52.66666666666662,0.031045974691363623,0.8890764531651221,-0.026048627885456477,0.011751481708563253,0.007988969781249104,0.11764705882352695,0.5000000000000052,0.38235294117646784,0.4999999999999948,21.1,21.7963,0.035545023696682554,-0.00805687203791472,0.03299999999999992,0.02999999999999992,5.0,target,1.0,1.0
ACB,2025-02-04,2025-02-04,2025-02-05,2025-02-10,21.1,21.18,20.93,21.1,4908445,0.998073474993324,1.0081223124701386,-0.001926525006675992,0.006395153147088273,0.00179622410762037,0,-0.0018921475875117721,0.011990407673860837,56.44171779141109,0.03575089480106951,0.9147047247977459,0.027905050120487385,0.011949898442789427,0.007881822893613622,0.0,0.3199999999999932,0.6800000000000068,0.6800000000000068,21.1,21.7963,0.035545023696682554,-0.0023696682464455776,0.03299999999999992,0.02999999999999992,4.0,target,1.0,1.0
ACB,2025-02-05,2025-02-05,2025-02-06,2025-02-12,21.1,21.22,21.05,21.22,7496156,0.9991995731056563,1.011825290864009,-0.0008004268943436464,0.0058030789890173295,0.0020337817838078642,0,0.0018885741265344258,0.02215799614643532,60.818713450292364,0.044742167126989765,1.414709681325347,0.5271956800982796,0.012016965127238445,0.007565355067432427,0.7058823529411691,0.0,0.2941176470588309,1.0,21.31,21.43,0.025340215861098248,-0.004223369310182967,0.00563115908024403,0.0026311590802440303,5.0,timeout,0.0,1.0
ACB,2025-02-06,2025-02-06,2025-02-07,2025-02-13,21.31,21.43,21.22,21.31,5599437,1.001018775945462,1.013458886193941,0.0010187759454619869,0.007040229885057148,0.0022807737453358623,1,0.01621363853123503,0.008041627246925254,71.06918238993714,0.053932198265066865,1.0465999893011773,-0.2530255506955832,0.011966213045518526,0.0074581392663235525,0.0,0.5714285714285738,0.42857142857142616,0.42857142857142616,21.31,21.47,0.025340215861098248,-0.004223369310182967,0.0075082121069920404,0.00450821210699204,5.0,timeout,0.0,1.0
ACB,2025-02-07,2025-02-07,2025-02-10,2025-02-14,21.31,21.56,21.22,21.47,9881521,1.0032921340831025,1.0180662904831903,0.0032921340831025317,0.007596751075011898,0.0023557013695496565,0,0.017535545023696475,0.01369216241737492,73.09941520467842,0.06710936503597276,1.766742734868137,0.7647347402962119,0.012043382793266331,0.007604189129441577,0.47058823529411825,0.26470588235294085,0.26470588235294085,0.7352941176470591,21.43,21.51,0.01959869342043863,-0.005599626691553894,0.0037330844610359293,0.0007330844610359292,5.0,timeout,0.0,1.0
ACB,2025-02-10,2025-02-10,2025-02-11,2025-02-17,21.43,21.85,21.31,21.56,14041424,1.005800133117809,1.0190962374740027,0.005800133117809086,0.00877360289910345,0.0021535295014485367,0,0.01602262016965117,0.028135431568907965,77.90697674418604,0.07747463003653178,2.466782559138913,0.4209780053091017,0.012953882851842024,0.007603559163424826,0.2407407407407377,0.5370370370370393,0.22222222222222296,0.46296296296296063,21.6,21.56,0.005555555555555536,-0.01157407407407407,-0.0018518518518519933,-0.004851851851851993,5.0,timeout,0.0,0.0
ACB,2025-02-11,2025-02-11,2025-02-12,2025-02-18,21.6,21.68,21.47,21.6,5425579,1.0085985748218527,1.0173802458668928,0.008598574821852776,0.009701811956056794,0.002113722055071099,0,0.01360863444392324,0.023696682464454888,75.64102564102569,0.08216662161966744,0.9498487013102399,-0.613601939518385,0.012797619047619039,0.0074135363400680745,0.0,0.3809523809523713,0.6190476190476287,0.6190476190476287,21.64,21.51,0.003696857670979492,-0.013401109057301297,-0.006007393715341869,-0.009007393715341868,5.0,timeout,0.0,0.0
ACB,2025-02-12,2025-02-12,2025-02-13,2025-02-19,21.64,21.72,21.43,21.43,6795165,1.0112626300995213,1.0061977650483613,0.011262630099521284,0.009910379818862891,0.001950541870046285,0,-0.0018630647414997759,0.009896324222431696,69.82248520710053,0.06946776962941834,1.1621201437672748,0.2524313073314388,0.012899140057329502,0.00790238629624728,0.7241379310344879,0.2758620689655122,0.0,0.0,21.43,21.56,0.013532431171255244,-0.0037330844610358183,0.006066262249183385,0.003066262249183385,5.0,timeout,0.0,1.0
ACB,2025-02-13,2025-02-13,2025-02-14,2025-02-20,21.43,21.51,21.35,21.47,5754059,1.0123104083221015,1.0065163377244388,0.01231040832210159,0.00827188504443166,0.001787582010078781,0,-0.004174397031539878,0.0075082121069920404,68.90243902439016,0.059777746912026655,0.9682432266662422,-0.15321276230967162,0.012841839111051953,0.005859025242705692,0.24999999999999445,0.25000000000001665,0.4999999999999889,0.7499999999999833,21.68,21.68,0.0018450184501843658,-0.009686346863468698,0.0,-0.003,5.0,timeout,0.0,0.0
ACB,2025-02-14,2025-02-14,2025-02-17,2025-02-21,21.68,21.68,21.47,21.51,8144062,1.0133955676988464,1.0068339262310428,0.013395567698846514,0.006264424662050683,0.0015011876484558595,0,-0.004166666666666652,0.0018630647414998869,68.90243902439022,0.052345321517990415,1.3319775963204725,0.41535948797188205,0.01281795842465297,0.005858852386041523,0.8095238095237974,0.0,0.19047619047620257,0.19047619047620257,21.68,21.89,0.01568265682656822,-0.009686346863468698,0.009686346863468698,0.006686346863468698,5.0,timeout,0.0,1.0
ACB,2025-02-17,2025-02-17,2025-02-18,2025-02-24,21.68,21.68,21.51,21.56,5739729,1.015702784968566,1.0063949960323015,0.015702784968566107,0.005869095689736259,0.0014719288915900908,0,0.006066262249183385,0.0,71.5151515151514,0.047236405472032034,0.9302935943417391,-0.29522528192933695,0.012655711635303463,0.004253053030435142,0.70588235294119,0.0,0.29411764705881,0.29411764705881,21.56,21.85,0.02133580705009286,-0.004174397031539878,0.01345083487940646,0.01045083487940646,5.0,timeout,0.0,1.0
ACB,2025-02-18,2025-02-18,2025-02-19,2025-02-25,21.56,21.72,21.51,21.51,5161936,1.017164412514572,1.0021431233693627,0.017164412514571945,0.006235056959355001,0.0014332086789803355,0,0.0018630647414998869,-0.004166666666666652,73.29192546583852,0.03736221018801961,0.835997473999561,-0.1006655540705842,0.01281795842465296,0.004345660685836212,0.23809523809522762,0.7619047619047724,0.0,0.0,21.51,21.72,0.023709902370990132,-0.0018596001859600975,0.009762900976290068,0.0067629009762900675,5.0,timeout,0.0,1.0
ACB,2025-02-19,2025-02-19,2025-02-20,2025-02-26,21.51,21.64,21.47,21.56,5032732,1.0181291202546032,1.0028839892082984,0.0181291202546033,0.006272233664107896,0.0015938069216758777,0,0.0023245002324499,0.006066262249183385,66.40624999999996,0.03131546217667122,0.8311971079736956,-0.02503014372901946,0.011827458256029676,0.004148678471872583,0.29411764705880383,0.4705882352941238,0.23529411764707234,0.5294117647058763,21.6,21.68,0.019444444444444375,-0.004166666666666652,0.0037037037037035425,0.0007037037037035425,5.0,timeout,0.0,1.0
ACB,2025-02-20,2025-02-20,2025-02-21,2025-02-27,21.6,21.68,21.51,21.68,5714509,1.0191574145062519,1.0067332249825862,0.01915741450625196,0.005228025953414539,0.0018206127499786895,0,0.005565862708719838,0.009781089892873851,68.38235294117648,0.03238052668285421,0.9383326750346258,0.1354685685627608,0.01146547179757511,0.004262026175509906,0.47058823529411276,0.0,0.5294117647058872,1.0,21.72,21.81,0.013812154696132728,-0.0055248618784529135,0.004143646408839796,0.0011436464088397961,5.0,timeout,0.0,1.0
ACB,2025-02-21,2025-02-21,2025-02-24,2025-02-28,21.72,22.02,21.68,21.89,12727607,1.020739311023436,1.0145061871437178,0.020739311023435868,0.0052646291464779615,0.0017439270583550215,0,0.017666201766620038,0.017666201766620038,83.82352941176478,0.04351709302834525,1.926273203479673,1.2272441954330633,0.011224955948574032,0.004629861684646858,0.5000000000000052,0.38235294117646784,0.11764705882352695,0.6176470588235322,21.76,21.72,0.0078125,-0.009191176470588314,-0.0018382352941177516,-0.004838235294117752,5.0,timeout,0.0,0.0
ACB,2025-02-24,2025-02-24,2025-02-25,2025-03-03,21.76,21.93,21.76,21.85,6403121,1.0217052064122571,1.0112931593075998,0.02170520641225721,0.005023723137036029,0.0015060240963853389,0,0.01345083487940646,0.01345083487940646,79.5275590551182,0.04432888418713199,0.9518420080344324,-0.4969108489914875,0.01098398169336383,0.004696638250758348,0.5294117647058872,0.47058823529411276,0.0,0.5294117647058872,21.85,21.72,0.0036613272311212253,-0.013272311212814802,-0.005949656750572241,-0.00894965675057224,5.0,timeout,0.0,0.0
ACB,2025-02-25,2025-02-25,2025-02-26,2025-03-04,21.85,21.93,21.72,21.72,6482543,1.0218764180910602,1.0047182903136276,0.021876418091060255,0.003854190852101036,0.0011831407180245002,0,0.0018450184501843658,0.009762900976290068,69.53124999999999,0.03278212661159996,0.9485848959522676,0.012403638788022198,0.01118126808734543,0.00522191687689706,0.6190476190476287,0.3809523809523713,0.0,0.0,21.76,21.85,0.0059742647058822484,-0.009191176470588314,0.004136029411764719,0.0011360294117647189,5.0,timeout,0.0,1.0
ACB,2025-02-26,2025-02-26,2025-02-27,2025-03-05,21.76,21.81,21.68,21.68,5061653,1.0225747925840531,1.0017095596728733,0.022574792584053163,0.003058812624553875,0.0012583614808927557,0,-0.009593421653723233,0.005565862708719838,65.04065040650411,0.019763442872394066,0.7285642044260718,-0.21918713072940665,0.010938323668950964,0.004427191146490023,0.6153846153846343,0.3846153846153657,0.0,0.0,21.72,21.85,0.025322283609576557,-0.007366482504604033,0.005985267034990915,0.0029852670349909153,5.0,timeout,0.0,1.0
ACB,2025-02-27,2025-02-27,2025-02-28,2025-03-06,21.72,21.81,21.6,21.81,5661613,1.02361052084809,1.006135535360059,0.02361052084808991,0.0032861242247523847,0.0014186409419776336,0,-0.0018306636155607237,0.005996309963099522,64.16666666666667,0.017308603208674334,0.8343730611833635,0.11853044845231397,0.010447370144756647,0.00468459035352024,0.42857142857143343,0.0,0.5714285714285666,1.0,21.72,22.06,0.025322283609576557,-0.007366482504604033,0.015653775322283625,0.012653775322283626,5.0,timeout,0.0,1.0
ACB,2025-02-28,2025-02-28,2025-03-03,2025-03-07,21.72,21.89,21.56,21.72,5475462,1.0240412297178672,1.001013918333487,0.024041229717867128,0.0037006198538256374,0.0015788080471941246,0,0.0,-0.007766103243490252,56.66666666666668,0.00752432725963556,0.8035491362883826,-0.03287949918159361,0.009800052617732154,0.005015895861772295,0.0,0.5151515151515175,0.4848484848484826,0.4848484848484826,21.72,22.27,0.03084714548802947,-0.007366482504604033,0.025322283609576557,0.022322283609576558,5.0,timeout,0.0,1.0
ACB,2025-03-03,2025-03-03,2025-03-04,2025-03-07,21.72,21.76,21.56,21.72,5603548,1.0241100232044824,1.0002763194252555,0.024110023204482366,0.003280506399297778,0.00177650104889171,0,0.0018450184501843658,-0.005949656750572241,55.17241379310336,-0.0006145491655182023,0.8173781195331196,0.023392729234537724,0.00976716653512232,0.005000675028040592,0.0,0.20000000000001067,0.7999999999999894,0.7999999999999894,21.64,22.354119999999998,0.03465804066543443,-0.003696857670979714,0.03299999999999992,0.02999999999999992,4.0,target,1.0,1.0
ACB,2025-03-04,2025-03-04,2025-03-05,2025-03-11,21.64,21.89,21.56,21.85,9964154,1.0249015061546871,1.0046900864447308,0.02490150615468707,0.003275360981685571,0.0020116163762573525,0,0.0018340210912426436,0.005985267034990915,68.75000000000011,0.001002229283429884,1.4017631922004423,0.7781866060574478,0.009839816933638437,0.005122266390347796,0.6363636363636354,0.12121212121211795,0.24242424242424668,0.878787878787882,21.97,22.1,0.019116977696859383,-0.007282658170232104,0.00591715976331364,0.0029171597633136396,5.0,timeout,0.0,1.0
ACB,2025-03-05,2025-03-05,2025-03-06,2025-03-12,21.97,22.27,21.85,21.85,11678487,1.0254949236188287,1.0033521605363458,0.025494923618828734,0.003640888561157629,0.0022181739237134845,0,0.005985267034990915,0.00784132841328411,67.59259259259274,0.00035032843156887483,1.5959848837644153,0.17205003053947188,0.01068976789800587,0.0051375136277285885,0.28571428571428087,0.7142857142857191,0.0,0.0,21.93,21.97,0.020975832193342425,-0.005471956224350261,0.0018239854081167906,-0.0011760145918832095,5.0,timeout,0.0,0.0
ACB,2025-03-06,2025-03-06,2025-03-07,2025-03-13,21.93,22.06,21.85,22.06,5076489,1.0262694880648833,1.011230804492322,0.02626948806488333,0.004651376991802403,0.002537400720659333,0,0.015653775322283625,0.011462631820265967,72.00000000000001,0.011711547997796667,0.6962421147049471,-0.5653127840960905,0.010588006734878879,0.005641017064074922,0.6190476190476223,0.0,0.3809523809523777,1.0,22.14,21.81,0.01129177958446248,-0.014905149051490652,-0.014905149051490652,-0.01790514905149065,5.0,timeout,0.0,0.0
ACB,2025-03-07,2025-03-07,2025-03-10,2025-03-11,22.14,22.39,22.02,22.27,10713039,1.0265600631353466,1.019082048231364,0.026560063135346586,0.004828030163693375,0.0032045844407999624,0,0.01922196796338671,0.025322283609576557,75.17730496453909,0.029980091819190702,1.460966132035878,1.1103244781974313,0.011129642696773351,0.005615132464359865,0.3513513513513477,0.3243243243243261,0.3243243243243261,0.6756756756756739,22.31,21.863799999999998,0.0017929179740028278,-0.03003137606454498,-0.020000000000000018,-0.023000000000000017,2.0,stop,0.0,0.0
ACB,2025-03-10,2025-03-10,2025-03-11,2025-03-17,22.31,22.35,22.06,22.1,8502331,1.026403693139168,1.0101471798153396,0.02640369313916809,0.004637920742067481,0.003748422460396972,0,0.011441647597254079,0.017495395948434744,69.28104575163401,0.0273013024678449,1.2049975149133896,-0.20635675833906697,0.01147382029734971,0.0062848680567462855,0.7241379310344667,0.13793103448276664,0.13793103448276664,0.13793103448276664,21.97,21.89,0.015475648611743331,-0.015020482476103658,-0.0036413290851159408,-0.006641329085115941,5.0,timeout,0.0,0.0
ACB,2025-03-11,2025-03-11,2025-03-12,2025-03-14,21.97,22.1,21.81,22.1,9147708,1.0269338181545555,1.0083956926446431,0.026933818154555495,0.004629841851936822,0.003979940347939026,0,0.0018132366273799772,0.011441647597254079,68.24324324324334,0.022420334723586344,1.2631471067853954,0.07590588980833601,0.011861667744020692,0.005800397234277307,0.4482758620689702,0.0,0.5517241379310298,1.0,22.14,21.6972,0.007678410117434531,-0.02258355916892507,-0.02000000000000013,-0.023000000000000128,3.0,stop,0.0,0.0
ACB,2025-03-12,2025-03-12,2025-03-13,2025-03-19,22.14,22.31,21.89,21.97,7803709,1.0272529818188625,1.0011392116655273,0.02725298181886254,0.004209948290852417,0.00353257295326892,0,-0.013471037269869757,0.005491990846681727,59.731543624161034,0.008067555846206387,1.0701117229934178,-0.1469219393535517,0.012744651797906242,0.006205106458242665,0.4047619047619106,0.40476190476190216,0.19047619047618725,0.19047619047618725,22.02,21.89,0.0072661217075387086,-0.0172570390554041,-0.005903723887375034,-0.008903723887375033,5.0,timeout,0.0,0.0
ACB,2025-03-13,2025-03-13,2025-03-14,2025-03-20,22.02,22.1,21.81,21.81,8893622,1.0267243073295342,0.9938482570061516,0.02672430732953417,0.0030624371514764714,0.002749211830055387,0,-0.013122171945701533,-0.011332728921124247,47.222222222222165,-0.013402491870545374,1.1938704830657094,0.13966602291295072,0.012674395755551205,0.006512814530067332,0.724137931034479,0.27586206896552107,0.0,0.0,21.89,21.93,0.013248058474189195,-0.011420740063956103,0.00182731841023287,-0.0011726815897671302,5.0,timeout,0.0,0.0
ACB,2025-03-14,2025-03-14,2025-03-17,2025-03-21,21.89,21.89,21.64,21.72,11556328,1.0263689596467926,0.9897470950102528,0.026368959646792534,0.0013232341668187875,0.0018743088486119497,0,-0.017194570135746767,-0.024696901661428017,45.63758389261737,-0.03371022697526632,1.5165752932802241,0.29939500464490165,0.01299000263088663,0.006512814530067332,0.6800000000000068,0.0,0.3199999999999932,0.3199999999999932,21.81,21.81,0.016964695093993676,-0.004126547455295726,0.0,-0.003,5.0,timeout,0.0,0.0
ACB,2025-03-17,2025-03-17,2025-03-18,2025-03-24,21.81,21.93,21.72,21.89,5668733,1.0266454749439042,0.9967216100537292,0.026645474943904277,0.0007746639325585392,0.001366862021832116,0,-0.0036413290851159408,-0.009502262443438991,55.55555555555561,-0.03555545700262719,0.7442733744423365,-0.5094693573944942,0.012889120929321955,0.006964884741382619,0.3809523809523882,0.19047619047618564,0.42857142857142616,0.8095238095238143,21.97,22.02,0.009558488848429691,-0.00955848884842958,0.002275830678197588,-0.0007241693218024122,5.0,timeout,0.0,0.0
ACB,2025-03-18,2025-03-18,2025-03-19,2025-03-25,21.97,22.18,21.93,21.97,6013116,1.0264866632409961,0.9998179666879038,0.026486663240996113,0.0013214855320118346,0.0015533035772765658,0,0.00733608436497013,-0.005882352941176561,59.23566878980889,-0.031394568183481575,0.7851019996643959,0.06075131779888032,0.013362377267702733,0.006809417487043575,0.0,0.8400000000000034,0.1599999999999966,0.1599999999999966,21.97,21.97,0.00591715976331364,-0.00955848884842958,0.0,-0.003,5.0,timeout,0.0,0.0
ACB,2025-03-19,2025-03-19,2025-03-20,2025-03-26,21.97,21.97,21.76,21.89,7918115,1.026357081480928,0.995995995995996,0.026357081480927965,0.0015037593984963404,0.0015153499335867071,0,0.007826887661141813,-0.0036413290851159408,52.63157894736849,-0.033826552736109045,1.0147143814970918,0.3168072925917278,0.013411211903674235,0.006939327457326698,0.3809523809523777,0.0,0.6190476190476223,0.6190476190476223,22.06,21.85,0.0018132366273799772,-0.01359927470534894,-0.009519492293744158,-0.012519492293744158,5.0,timeout,0.0,0.0
ACB,2025-03-20,2025-03-20,2025-03-21,2025-03-27,22.06,22.1,21.85,21.93,4867372,1.0252329120068706,0.9984065558843614,0.025232912006870563,0.0001365995810946874,0.0015145848915483207,0,0.00182731841023287,0.005502063273727709,57.14285714285718,-0.03252811672985578,0.6271628910811355,-0.38528652337077696,0.013126180704840092,0.006159746220813275,0.519999999999996,0.1600000000000108,0.3199999999999932,0.3199999999999932,21.93,21.72,0.007751937984496138,-0.011399908800729608,-0.009575923392612928,-0.012575923392612928,5.0,timeout,0.0,0.0
ACB,2025-03-21,2025-03-21,2025-03-24,2025-03-28,21.93,21.97,21.81,21.81,4134448,1.0222842005111654,0.9950271453989689,0.022284200511165513,-0.0025029580413215013,0.0015976082589808094,0,-0.007282658170232104,0.004143646408839796,52.83018867924528,-0.03909627960160453,0.5639463032070575,-0.15057899827668808,0.013067400275103171,0.005176065357112654,0.7500000000000056,0.24999999999999445,0.0,0.0,21.93,21.68,0.007751937984496138,-0.015047879616962967,-0.011399908800729608,-0.014399908800729607,5.0,timeout,0.0,0.0
ACB,2025-03-24,2025-03-24,2025-03-25,2025-03-28,21.93,22.02,21.76,22.02,7892882,1.0206733994186479,1.0049746702569484,0.02067339941864796,-0.003048503048503015,0.0025030821533977843,0,0.005938784833257049,0.005938784833257049,55.08982035928139,-0.02910182290821961,1.0657750048759294,0.9090533972128807,0.012715712988192546,0.0059379444708676015,0.34615384615384825,0.0,0.6538461538461517,1.0,22.06,21.618799999999997,0.0018132366273799772,-0.022665457842248382,-0.02000000000000013,-0.023000000000000128,4.0,stop,0.0,0.0
ACB,2025-03-25,2025-03-25,2025-03-26,2025-04-01,22.06,22.1,21.85,21.97,5602227,1.0190424779419978,1.0032879715042469,0.019042477941997784,-0.0030503073070793363,0.0030059184854651644,0,0.0018239854081167906,0.0,53.48837209302319,-0.02577642672908881,0.7609910184692725,-0.29021781904252464,0.012191950061772547,0.0059665579638866015,0.35999999999999943,0.1600000000000108,0.47999999999998977,0.47999999999998977,21.97,21.76,0.00591715976331364,-0.01866181156121982,-0.00955848884842958,-0.01255848884842958,5.0,timeout,0.0,0.0
ACB,2025-03-26,2025-03-26,2025-03-27,2025-04-02,21.97,22.1,21.81,21.85,7438634,1.0175748558675846,0.9983551128575344,0.017574855867584494,-0.001505543136091858,0.003115497266943823,0,0.0018340210912426436,-0.001827318410232981,43.558282208589034,-0.03121387801846598,0.9943899092009435,0.327799462606567,0.012520431513566542,0.005926347594757377,0.4137931034482632,0.4482758620689702,0.13793103448276664,0.13793103448276664,21.72,21.68,0.007826887661141813,-0.007366482504604033,-0.0018416206261510082,-0.004841620626151008,5.0,timeout,0.0,0.0
ACB,2025-03-27,2025-03-27,2025-03-28,2025-04-03,21.72,21.89,21.68,21.72,6652466,1.0163341912345416,0.9928235132787858,0.016334191234541575,-0.0015517320067545137,0.0027111127673846713,0,-0.013623978201634857,-0.009575923392612928,32.25806451612901,-0.04242570605124449,0.8834447842859834,-0.10568714632283294,0.01206919231781112,0.005770573601330831,0.0,0.8095238095238143,0.19047619047618564,0.19047619047618564,21.72,21.2856,0.007826887661141813,-0.07090239410681398,-0.020000000000000018,-0.023000000000000017,5.0,stop,0.0,0.0
ACB,2025-03-28,2025-03-28,2025-03-31,2025-04-03,21.72,21.76,21.6,21.68,9733296,1.0151674077099444,0.9911763361221597,0.015167407709944316,-0.0011416567723080417,0.002671158929302697,0,-0.013199817933545743,-0.0059605685465382585,35.21126760563375,-0.05082877249686016,1.2570388418226486,0.4631109726829119,0.011663152345809181,0.005650542815115635,0.24999999999999445,0.25000000000001665,0.4999999999999889,0.4999999999999889,21.6,21.168,0.013425925925925952,-0.12962962962962965,-0.02000000000000013,-0.023000000000000128,4.0,stop,0.0,0.0
ACB,2025-03-31,2025-03-31,2025-04-01,2025-04-03,21.6,21.72,21.56,21.72,9131468,1.0134001020076968,0.9937774524158125,0.013400102007696845,-0.0013707392853880007,0.002743165333829678,0,-0.005949656750572241,-0.013623978201634857,36.98630136986294,-0.05180959680636463,1.153045940976165,-0.061831880998995614,0.011214154169955276,0.004987649172278984,0.7499999999999833,0.0,0.25000000000001665,1.0,21.72,21.2856,0.007826887661141813,-0.14779005524861866,-0.020000000000000018,-0.023000000000000017,3.0,stop,0.0,0.0
ACB,2025-04-01,2025-04-01,2025-04-02,2025-04-03,21.72,21.76,21.64,21.76,3053865,1.0113384776426342,0.996565147698649,0.011338477642634227,-0.0019198244731910563,0.0030103970193351426,0,0.0018416206261511192,-0.00955848884842958,42.33576642335777,-0.04796880255551901,0.4032081551464109,-0.6655669165133142,0.01020877100840337,0.0048397762362481275,0.3333333333333531,0.0,0.666666666666647,1.0,21.81,21.3738,0.003668042182485287,-0.20495185694635487,-0.020000000000000018,-0.023000000000000017,2.0,stop,0.0,0.0
ACB,2025-04-02,2025-04-02,2025-04-03,2025-04-03,21.81,21.89,21.64,21.68,7486376,1.0095428502670334,0.9938571559548913,0.009542850267033323,-0.0026973894756092687,0.0028589728119110536,0,0.0,-0.0077803203661328535,44.961240310077564,-0.04885604103656298,1.0165751822112026,1.4514430074675864,0.010114654717975752,0.004841960230659795,0.519999999999996,0.3200000000000074,0.1599999999999966,0.1599999999999966,21.01,20.5898,0.008091385054735722,-0.17467872441694443,-0.020000000000000018,-0.023000000000000017,1.0,stop,0.0,0.0
ACB,2025-04-03,2025-04-03,2025-04-04,2025-04-04,21.01,21.18,20.18,20.18,39712531,1.0019818301367833,0.9325754424881002,0.0019818301367833103,-0.009928623718887364,0.001353920341262027,0,-0.07090239410681398,-0.07090239410681398,21.481481481481524,-0.1431699381504712,4.365879105749485,4.304640189058097,0.015290952852895372,0.021997462292017163,0.8300000000000018,0.16999999999999815,0.0,0.0,18.97,19.596009999999996,0.09646810753821833,-0.08592514496573533,0.03299999999999992,0.02999999999999992,1.0,target,1.0,1.0
ACB,2025-04-04,2025-04-04,2025-04-08,2025-04-08,18.97,19.88,18.8,19.88,72266023,0.9939379333358049,0.9269793900960552,-0.006062066664195072,-0.017815433936340885,-0.0006206519624643025,0,-0.08639705882352955,-0.08302583025830257,14.487632508833926,-0.2141902547567268,5.9362110111808075,0.8197284630385306,0.019725495832135665,0.02207537378129825,0.842592592592594,0.0,0.15740740740740594,1.0,19.3,18.914,0.09740932642487032,-0.10155440414507777,-0.019999999999999907,-0.022999999999999906,1.0,stop,0.0,0.0
ACB,2025-04-08,2025-04-08,2025-04-09,2025-04-09,19.3,19.47,18.51,18.51,43698654,0.9798320420638018,0.8774591135340127,-0.020167957936198144,-0.03296048409278429,-0.0036375753200231786,0,-0.14621771217712165,-0.14779005524861866,8.009708737864116,-0.3346843213884971,3.1362118159070356,-0.3953084425304545,0.025353090993285466,0.027913681924295188,0.8229166666666681,0.1770833333333319,0.0,0.0,17.34,17.912219999999998,0.2214532871972319,0.0,0.03299999999999992,0.02999999999999992,1.0,target,1.0,1.0
ACB,2025-04-09,2025-04-09,2025-04-10,2025-04-11,17.34,19.09,17.34,18.21,36870654,0.9647333817585815,0.8789034219798253,-0.03526661824141851,-0.042515827903322645,-0.005547272205295273,0,-0.09762140733399405,-0.16314338235294124,7.60368663594474,-0.4108233644375841,2.4067437054903715,-0.15625195229125366,0.031811406605475795,0.027449036200532424,0.4971428571428577,0.5028571428571423,0.0,0.4971428571428577,19.47,20.112509999999997,0.08782742681047773,0.0,0.03299999999999992,0.02999999999999992,2.0,target,1.0,1.0
ACB,2025-04-10,2025-04-10,2025-04-11,2025-04-11,19.47,19.47,19.47,19.47,998409,0.9547984671757435,0.9506371759191444,-0.04520153282425649,-0.044996735988062864,-0.005848874717289121,0,-0.020623742454728422,-0.10193726937269376,27.877697841726615,-0.35467829845008314,0.06665186439836475,-0.9729213102647976,0.03345806735637243,0.03902306582001957,,,,,20.72,20.3056,0.022200772200772212,-0.034266409266409115,-0.020000000000000018,-0.023000000000000017,1.0,stop,0.0,0.0
ACB,2025-04-11,2025-04-11,2025-04-14,2025-04-15,20.72,20.8,20.01,20.76,36003333,0.9506598890080677,1.0183958793230319,-0.04934011099193225,-0.03365726475468145,-0.004003864518885902,0,0.12155591572123181,0.0287413280475719,42.1991084695394,-0.21584041932115455,2.2040680084259843,35.06070558258189,0.035404624277456644,0.04606093675223369,0.05063291139240854,0.050632911392404036,0.8987341772151874,0.949367088607596,20.76,20.344800000000003,0.02023121387283222,-0.029865125240847834,-0.019999999999999907,-0.022999999999999906,2.0,stop,0.0,0.0
ACB,2025-04-14,2025-04-14,2025-04-15,2025-04-21,20.76,21.18,20.55,20.72,19376382,0.9465890322761248,1.0212430380994626,-0.05341096772387521,-0.020753897388870124,-0.0019835726658100628,0,0.13783635365183944,0.04225352112676051,40.09146341463415,-0.11683594688567833,1.1584623251157549,-0.461816993443357,0.036748483177054606,0.04606059247058326,0.06349206349206787,0.6666666666666647,0.26984126984126733,0.26984126984126733,20.55,20.14,0.006326034063260266,-0.019951338199513335,-0.019951338199513335,-0.022951338199513335,5.0,timeout,0.0,0.0
ACB,2025-04-15,2025-04-15,2025-04-16,2025-04-22,20.55,20.64,20.14,20.14,14735620,0.9399454643931048,1.0004470716804927,-0.060054535606895276,-0.017089009325716553,-0.001557066002815799,0,0.03441191576784797,0.08806050783360342,37.0944992947814,-0.08218350581163558,0.8577547125038794,-0.23950611626050722,0.03897715988083415,0.04663408395666456,0.8200000000000003,0.17999999999999972,0.0,0.0,20.43,20.0214,0.012236906510034284,-0.0739109153206069,-0.020000000000000018,-0.023000000000000017,5.0,stop,0.0,0.0
ACB,2025-04-16,2025-04-16,2025-04-17,2025-04-22,20.43,20.64,20.18,20.3,11039955,0.9338261405902473,1.0157618213660247,-0.06617385940975272,-0.019622271277900394,-0.0019493541015717097,0,-0.022157996146435543,0.114772103239978,39.1304347826087,-0.042269825451638154,0.6333650313552824,-0.25079806618248845,0.03940886699507388,0.0467957265178062,0.2826086956521712,0.4565217391304358,0.26086956521739296,0.26086956521739296,20.47,20.060599999999997,0.010258915486077269,-0.07572056668295057,-0.02000000000000013,-0.023000000000000128,4.0,stop,0.0,0.0
ACB,2025-04-17,2025-04-17,2025-04-18,2025-04-22,20.47,20.51,20.14,20.3,10144966,0.9281759170922426,1.0228246082531365,-0.07182408290775741,-0.021785203805017472,-0.0023794194216611997,0,-0.020270270270270174,0.04262968669748335,39.85714285714288,-0.011265328041359157,0.5783250880307651,-0.08106817464382776,0.039971850809289215,0.04682989590795432,0.4594594594594532,0.10810810810811511,0.4324324324324317,0.4324324324324317,20.47,20.060599999999997,0.010258915486077269,-0.07572056668295057,-0.02000000000000013,-0.023000000000000128,3.0,stop,0.0,0.0
ACB,2025-04-18,2025-04-18,2025-04-21,2025-04-22,20.47,20.68,20.43,20.47,11002228,0.9302630347280727,1.029885288790501,-0.06973696527192728,-0.012667030947295155,-0.002390601946099302,0,0.01638530287984108,-0.013969171483622533,41.51472650771389,0.023404437919190113,0.6164154895167179,0.0845012196196615,0.040407565077814206,0.041208078245391744,0.0,0.8400000000000034,0.1599999999999966,0.1599999999999966,20.34,19.9332,0.010324483775811188,-0.06981317600786618,-0.020000000000000018,-0.023000000000000017,2.0,stop,0.0,0.0
ACB,2025-04-21,2025-04-21,2025-04-22,2025-04-22,20.34,20.47,20.14,20.14,7252345,0.9326410302070347,1.011958597125917,-0.0673589697929653,-0.004153114836127236,-0.002887688540829436,0,-0.007881773399014746,-0.02799227799227788,39.353099730458226,0.026591901421196107,0.4028047652247307,-0.34082942109543635,0.04167257767059154,0.04126764724446168,0.6060606060606071,0.393939393939393,0.0,0.0,20.3,19.894000000000002,0.012315270935960632,-0.06798029556650242,-0.019999999999999907,-0.022999999999999906,1.0,stop,0.0,0.0
ACB,2025-04-22,2025-04-22,2025-04-23,2025-04-25,20.3,20.39,18.92,20.14,13618261,0.9415325418797804,1.0037378519810616,-0.05846745812021954,0.01098402781276775,-0.003357839010793562,0,-0.007881773399014746,0.0,39.024390243902424,0.030878996289428806,0.7445381270828801,0.8777734649964943,0.04646049084976589,0.033030600959856334,0.10884353741496616,0.06122448979591832,0.8299319727891156,0.8299319727891156,20.55,20.139,0.0,-0.030170316301703193,-0.020000000000000018,-0.023000000000000017,3.0,stop,0.0,0.0
ACB,2025-04-23,2025-04-23,2025-04-24,2025-04-25,20.55,20.55,20.18,20.55,6836486,0.9534523250352278,1.0123651411399577,-0.046547674964772176,0.021281948078083923,-0.0035570532621922446,0,0.0039081582804103565,0.012315270935960632,42.67185473411154,0.06172544488405385,0.372507813280884,-0.49799126334852883,0.04608967674661102,0.03194191894021195,0.0,0.0,1.0,1.0,20.39,19.9822,0.005885237861696924,-0.022560078469838207,-0.02000000000000013,-0.023000000000000128,2.0,stop,0.0,0.0
ACB,2025-04-24,2025-04-24,2025-04-25,2025-04-25,20.39,20.51,20.18,20.18,6482453,0.9579120620738301,0.9906725576828671,-0.04208793792616991,0.02351522460054256,-0.003486508524138454,0,0.0019860973187686426,-0.005911330049261143,50.0,0.05768329749507739,0.35413973683951677,-0.05178581511027747,0.04293501345037517,0.026156848952487162,0.6363636363636354,0.3636363636363646,0.0,0.0,20.39,19.9822,0.0,-0.022560078469838207,-0.02000000000000013,-0.023000000000000128,1.0,stop,0.0,0.0
ACB,2025-04-25,2025-04-25,2025-04-28,2025-05-07,20.39,20.39,19.97,19.97,13363678,0.9555450906522251,0.9841801784042186,-0.04445490934777486,0.011263393969598745,-0.0035662334005912566,0,-0.008440913604766731,-0.024425989252564784,50.693374422187986,0.04206490440117461,0.716922086193863,1.0615156021956502,0.03995278632234064,0.014470713717830078,1.0,0.0,0.0,0.0,20.09,20.05,0.008461921353907442,-0.007964161274265802,-0.0019910403185664505,-0.0049910403185664505,5.0,timeout,0.0,0.0
ACB,2025-04-28,2025-04-28,2025-04-29,2025-05-08,20.09,20.09,19.93,20.01,4010687,0.9535486913463805,0.9896142433234423,-0.046451308653619405,-0.003891817330903047,-0.003992484734617219,0,-0.026277372262773713,-0.006454816285997977,64.53488372093022,0.0358680282711521,0.21851581184439087,-0.6998814996889329,0.035553651745555775,0.01457950948813949,0.4999999999999889,0.0,0.5000000000000111,0.5000000000000111,20.01,20.18,0.012493753123438367,0.0,0.008495752123937939,0.0054957521239379385,5.0,timeout,0.0,1.0
ACB,2025-04-29,2025-04-29,2025-05-05,2025-05-09,20.01,20.22,20.01,20.09,3585900,0.9546364683881448,0.9938164729161514,-0.04536353161185529,-0.007609229258713657,-0.004204091229720097,0,-0.004459861248761188,-0.0024826216484608032,69.02834008097165,0.03837218299648465,0.19836874717122344,-0.10591377487198572,0.029936713361302693,0.011830666330172978,0.3809523809523777,0.6190476190476223,0.0,0.3809523809523777,20.26,20.18,0.008390918065152908,-0.012339585389930852,-0.003948667324777944,-0.006948667324777944,5.0,timeout,0.0,0.0
ACB,2025-05-05,2025-05-05,2025-05-06,2025-05-12,20.26,20.26,20.05,20.09,4634617,0.9549254747673451,0.9948499554323067,-0.045074525232654865,-0.004780444532058614,-0.004134683305863085,0,0.006009013520280382,-0.022384428223844344,58.423913043478265,0.04100583229399479,0.2552667240248183,0.2924557293845338,0.026203512763990605,0.01148578752235721,0.8095238095238143,0.0,0.19047619047618564,0.19047619047618564,20.09,20.39,0.016923842707814885,-0.00398208063713279,0.014932802389248323,0.011932802389248324,5.0,timeout,0.0,1.0
ACB,2025-05-06,2025-05-06,2025-05-07,2025-05-13,20.09,20.22,20.05,20.05,8439743,0.9551072595539141,0.9940998562149834,-0.044892740446085946,-0.0025222551928782977,-0.004149964630983272,0,0.001999000499750103,-0.006442021803766074,35.39094650205759,0.040936418893415594,0.4636292577922404,0.8210227511787922,0.022123263270395415,0.011484169890244467,0.23529411764705638,0.7647058823529437,0.0,0.0,20.22,20.55,0.02077151335311589,-0.010385756676557722,0.016320474777448135,0.013320474777448136,5.0,timeout,0.0,1.0
ACB,2025-05-07,2025-05-07,2025-05-08,2025-05-14,20.22,20.22,20.01,20.05,7763237,0.9545920206408528,0.9961742932379392,-0.0454079793591472,-0.004353203067029465,-0.004306843725797593,0,-0.0019910403185664505,0.0040060090135203286,35.98326359832639,0.04163582109932468,0.4674907941133523,-0.08015718014162276,0.02062700391877446,0.011005475503121719,0.8095238095238111,0.0,0.19047619047618886,0.19047619047618886,20.14,20.80462,0.03525322740814296,-0.006454816285997977,0.03299999999999992,0.02999999999999992,5.0,target,1.0,1.0
ACB,2025-05-08,2025-05-08,2025-05-09,2025-05-15,20.14,20.18,20.01,20.18,7289142,0.9563329564564708,1.0024340569271273,-0.04366704354352928,-0.003119738536198846,-0.004586895664674184,0,0.004479840716774541,0.008495752123937939,51.03092783505153,0.05098183805154538,0.5457032136831161,-0.06106924212155318,0.01904289961772615,0.010068097706142821,0.23529411764705638,0.0,0.7647058823529437,1.0,20.43,21.10419,0.04894762604013714,-0.014194811551639708,0.03299999999999992,0.02999999999999992,5.0,target,1.0,1.0
ACB,2025-05-09,2025-05-09,2025-05-12,2025-05-15,20.43,20.43,20.14,20.18,5623805,0.9580430893380532,1.0022349143282843,-0.041956910661946886,-0.0016857553671477676,-0.004744992186389796,0,0.006483790523690747,0.004479840716774541,46.62921348314603,0.0568449577440196,0.4910078429916203,-0.22846817910804862,0.01829958940959929,0.010068097706142821,0.8620689655172439,0.0,0.1379310344827561,0.1379310344827561,20.26,20.92858,0.05972359328726551,-0.003948667324777944,0.03299999999999992,0.02999999999999992,4.0,target,1.0,1.0
ACB,2025-05-12,2025-05-12,2025-05-13,2025-05-15,20.26,20.43,20.18,20.39,9196976,0.9584949166754009,1.0134698543665193,-0.04150508332459918,-0.00039747602722706166,-0.004467758152947199,0,0.01695760598503737,0.014932802389248323,52.26130653266331,0.07348985873084968,0.913312527092158,0.6353653798451404,0.01769074476283889,0.008172564495811385,0.519999999999996,0.1599999999999966,0.3200000000000074,0.8400000000000034,20.51,21.18683,0.04680643588493405,-0.003900536323744652,0.03299999999999992,0.02999999999999992,3.0,target,1.0,1.0
ACB,2025-05-13,2025-05-13,2025-05-14,2025-05-15,20.51,20.64,20.43,20.55,9657205,0.9612926610580133,1.019547529271681,-0.03870733894198678,0.0012418657791464227,-0.003923953216596443,0,0.018334985133795945,0.02493765586034913,52.02020202020207,0.09266163669664512,0.9194841520625407,0.05004133967512803,0.017101147028154295,0.0058738653579708065,0.19047619047618564,0.42857142857142616,0.3809523809523882,0.5714285714285738,20.6,21.279799999999998,0.04223300970873778,0.0,0.03299999999999992,0.02999999999999992,2.0,target,1.0,1.0
ACB,2025-05-14,2025-05-14,2025-05-15,2025-05-21,20.6,20.85,20.6,20.72,10926698,0.9658738267337607,1.024170826948742,-0.03412617326623938,0.004767817233672922,-0.0033782497811277734,0,0.026759167492566904,0.033416458852867814,65.93406593406588,0.11283917794290646,1.1813899142949125,0.1314555298349782,0.016857418643132907,0.0043109203894375345,0.47999999999998977,0.5200000000000102,0.0,0.47999999999998977,21.31,21.43,0.015485687470671028,-0.015954950727358086,0.00563115908024403,0.0026311590802440303,5.0,timeout,0.0,1.0
ACB,2025-05-15,2025-05-15,2025-05-16,2025-05-22,21.31,21.43,20.97,21.35,24662474,0.9726149084934856,1.0483672968328013,-0.02738509150651432,0.012227247875143066,-0.00246781831521381,0,0.04708190289357539,0.057978196233894996,74.69387755102039,0.1616883141191271,2.592414020428906,1.2570838875568815,0.013817330210772817,0.009409063512849222,0.08695652173913615,0.17391304347825684,0.739130434782607,0.8260869565217431,21.47,21.35,0.007918025151374186,-0.015370284117372957,-0.0055891942244992165,-0.008589194224499216,5.0,timeout,0.0,0.0
ACB,2025-05-16,2025-05-16,2025-05-19,2025-05-23,21.47,21.47,21.26,21.26,10707692,0.9786327236588117,1.0379845718191583,-0.021367276341188325,0.016173844016670103,-0.0018313970125335421,0,0.03454987834549872,0.05351833498513381,66.66666666666666,0.179630259775847,1.1498899787384511,-0.5658305813115099,0.01320387044752047,0.009996012583907693,1.0,0.0,0.0,0.0,21.26,21.6,0.017873941674506177,-0.005644402634054635,0.015992474129821188,0.012992474129821189,5.0,timeout,0.0,1.0
ACB,2025-05-19,2025-05-19,2025-05-20,2025-05-26,21.26,21.47,21.14,21.22,13928516,0.9846246521901265,1.0303471716436026,-0.015375347809873501,0.01799219020315368,-0.0013940742296782993,0,0.024131274131274028,0.040706228543403444,78.8888888888888,0.1800411002411284,1.4729264433476854,0.30079535347113096,0.013094116063013297,0.010132431623592234,0.12121212121213001,0.6363636363636315,0.24242424242423852,0.24242424242423852,21.31,21.5,0.015954950727357975,-0.009854528390426887,0.008916001877053104,0.0059160018770531035,5.0,timeout,0.0,1.0
ACB,2025-05-20,2025-05-20,2025-05-21,2025-05-27,21.31,21.43,21.22,21.39,11033544,0.9914671360379579,1.0318876935693957,-0.008532863962042144,0.017873803093542806,-0.0014805333740879334,0,0.0018735362997657212,0.04087591240875921,90.34090909090902,0.1824336059859789,1.1613298011547857,-0.20784497070613983,0.012288786482334833,0.009795279731902523,0.3809523809523882,0.19047619047618564,0.42857142857142616,0.8095238095238143,21.51,21.45,0.006508600650859897,-0.019060901906090222,-0.002789400278940146,-0.005789400278940146,5.0,timeout,0.0,0.0
ACB,2025-05-21,2025-05-21,2025-05-22,2025-05-28,21.51,21.64,21.39,21.43,12374545,0.998669525432165,1.0269803996741265,-0.0013304745678350191,0.018796992481202812,-0.0016436366416299197,0,0.007996237064910483,0.03426640926640934,90.34090909090901,0.1772306626453866,1.2931369512584499,0.12153855551761072,0.012565828944736982,0.009673797580978775,0.3200000000000074,0.519999999999996,0.1599999999999966,0.1599999999999966,21.47,21.4,0.008383791336749047,-0.017233348858872732,-0.00326036329762458,-0.00626036329762458,5.0,timeout,0.0,0.0
ACB,2025-05-22,2025-05-22,2025-05-23,2025-05-26,21.47,21.51,21.31,21.35,18047416,1.005154145350731,1.0174418604651163,0.005154145350731039,0.01888807963097827,-0.0019219184762342412,1,0.006126295947219695,0.0,85.79545454545456,0.15947772166535207,1.7852548735842504,0.458430673612646,0.012579458012713263,0.010225310828310998,0.5999999999999787,0.20000000000001067,0.20000000000001067,0.20000000000001067,21.55,21.119,0.004640371229698292,-0.02088167053364265,-0.020000000000000018,-0.023000000000000017,2.0,stop,0.0,0.0
ACB,2025-05-23,2025-05-23,2025-05-26,2025-05-26,21.55,21.6,21.45,21.6,11984361,1.0124410535597899,1.0224368077250783,0.012441053559789852,0.019151912779198144,-0.001961028152711486,0,0.009817671809256634,0.015992474129821188,87.56218905472637,0.15548567087341342,1.195154355533998,-0.335951418197486,0.012566137566137545,0.01017058659440652,0.3333333333333333,0.0,0.6666666666666666,1.0,21.6,21.168,0.0023148148148146586,-0.02314814814814814,-0.02000000000000013,-0.023000000000000128,1.0,stop,0.0,0.0
ACB,2025-05-26,2025-05-26,2025-05-27,2025-05-30,21.6,21.65,21.1,21.5,9963400,1.0183462482737455,1.0123840467109289,0.018346248273745588,0.017731346144630233,-0.0019334954151271067,0,0.003266448903406438,0.013195098963242335,85.0241545893719,0.1376373837260751,0.9783573564199772,-0.16863318786875658,0.013887043189368746,0.010687852215442379,0.18181818181818535,0.09090909090908621,0.7272727272727284,0.7272727272727284,21.6,21.168,0.0,-0.02777777777777779,-0.02000000000000013,-0.023000000000000128,4.0,stop,0.0,0.0
ACB,2025-05-27,2025-05-27,2025-05-28,2025-06-02,21.6,21.6,21.4,21.45,9336007,1.0231721358664365,1.0057673371782248,0.02317213586643641,0.01634578726648872,-0.0015519917227108104,0,0.004683840749414525,0.0028050490883588797,83.0188679245282,0.11491709252843124,0.904083972100799,-0.06296976935584242,0.01388611388611388,0.010907290999078384,0.75,0.0,0.25,0.25,21.5,21.07,0.0023255813953488857,-0.023255813953488413,-0.020000000000000018,-0.023000000000000017,4.0,stop,0.0,0.0
ACB,2025-05-28,2025-05-28,2025-05-29,2025-06-02,21.5,21.55,21.35,21.4,7876823,1.0268384223307963,1.000233699462491,0.026838422330796235,0.012733125059169126,-0.0014664724149828778,0,-0.009259259259259411,-0.0013999066728884735,79.90196078431362,0.09007223948732554,0.7835966739577845,-0.15629636952928594,0.014018691588785045,0.010998447210527482,0.5000000000000089,0.25000000000000444,0.24999999999998668,0.24999999999998668,21.45,21.020999999999997,0.002331002331002363,-0.020979020979020935,-0.02000000000000013,-0.023000000000000128,3.0,stop,0.0,0.0
ACB,2025-05-29,2025-05-29,2025-05-30,2025-06-05,21.45,21.5,21.3,21.3,9082800,1.0270124931580515,0.9957924263674615,0.027012493158051577,0.007204407402175317,-0.0012946908086545195,0,-0.009302325581395321,-0.0023419203747072626,76.1682242990654,0.06180198444851778,0.8813336596173607,0.1531044940326829,0.013782696177062372,0.005712237785562732,0.7499999999999956,0.25000000000000444,0.0,0.0,21.3,21.0,0.0023474178403755097,-0.014084507042253502,-0.014084507042253502,-0.0170845070422535,5.0,timeout,0.0,0.0
ACB,2025-05-30,2025-05-30,2025-06-02,2025-06-06,21.3,21.35,21.1,21.1,7933184,1.027023390801284,0.9871806868157574,0.027023390801284082,0.0022037792469640216,-0.0015544041450777923,0,-0.01631701631701621,-0.02314814814814814,66.66666666666666,0.026344101676547965,0.7538821285163413,-0.12657066102963843,0.013913337846987133,0.006316739514113826,0.7999999999999972,0.20000000000000284,0.0,0.0,21.1,21.0,0.011848341232227444,-0.004739336492891044,-0.004739336492891044,-0.007739336492891044,5.0,timeout,0.0,0.0
ACB,2025-06-02,2025-06-02,2025-06-03,2025-06-09,21.1,21.2,21.0,21.1,8200572,1.0273056910099934,0.9877352307836345,0.02730569100999326,-0.0015424164524422412,-0.0019965636068689507,0,-0.014018691588784882,-0.018604651162790642,63.95939086294417,0.0009434031221488004,0.7663078322317803,0.03370500419503686,0.013744075829383882,0.006306883830680715,0.0,0.4999999999999911,0.5000000000000089,0.5000000000000089,21.15,20.95,0.009456264775413947,-0.011820330969267157,-0.009456264775413725,-0.012456264775413724,5.0,timeout,0.0,0.0
ACB,2025-06-03,2025-06-03,2025-06-04,2025-06-10,21.15,21.3,21.15,21.25,7288890,1.0272647656077072,0.9954094060333519,0.027264765607707117,-0.00196353436185126,-0.0022086290175441503,0,-0.0023474178403756207,-0.009324009324009341,63.5897435897436,-0.007251601247720646,0.684797340544837,-0.11117297671430726,0.013310924369747889,0.006175899384792123,0.6666666666666666,0.3333333333333333,0.0,0.6666666666666666,21.3,20.95,0.0023474178403755097,-0.018779342723004744,-0.016431924882629123,-0.019431924882629122,5.0,timeout,0.0,0.0
ACB,2025-06-04,2025-06-04,2025-06-05,2025-06-11,21.3,21.35,21.1,21.1,5699110,1.0264967637540454,0.9899132066619751,0.02649676375404532,-0.0027603630579209337,-0.002248745891714088,0,0.0,-0.014018691588784882,41.49659863945578,-0.023361585440952515,0.5406787697694015,-0.21811002772712995,0.011848341232227475,0.006413668370316147,0.7999999999999972,0.20000000000000284,0.0,0.0,21.15,20.95,0.0023640661938535423,-0.011820330969267157,-0.009456264775413725,-0.012456264775413724,5.0,timeout,0.0,0.0
ACB,2025-06-05,2025-06-05,2025-06-06,2025-06-12,21.15,21.2,21.0,21.0,5316500,1.0256113665500324,0.9868421052631579,0.02561136655003236,-0.0038385918921449713,-0.0021929191793865765,0,-0.004739336492891044,-0.014084507042253502,41.21621621621617,-0.04034388468726635,0.5091444946521345,-0.06713504389281832,0.011870748299319722,0.006459762970154171,0.7499999999999956,0.25000000000000444,0.0,0.0,21.05,21.05,0.0071258907363420665,-0.0071258907363421775,0.0,-0.003,5.0,timeout,0.0,0.0
ACB,2025-06-06,2025-06-06,2025-06-09,2025-06-13,21.05,21.2,21.0,21.0,6783000,1.023726131550255,0.9896324222431668,0.0237261315502551,-0.005995877833989249,-0.0025599815219377042,0,-0.0117647058823529,-0.004739336492891044,42.361111111111136,-0.050508975665197464,0.6460008828678733,0.27583936800526665,0.011428571428571427,0.004552055992825695,0.25000000000000444,0.7499999999999956,0.0,0.0,21.0,21.05,0.01666666666666683,-0.004761904761904856,0.0023809523809523725,-0.0006190476190476276,5.0,timeout,0.0,0.0
ACB,2025-06-09,2025-06-09,2025-06-10,2025-06-16,21.0,21.05,20.9,20.95,5705200,1.02207863703532,0.9898417198204583,0.02207863703532004,-0.0070372976776919005,-0.002745030050855357,0,-0.007109004739336622,-0.007109004739336622,33.33333333333323,-0.05894406472411773,0.5525405059854915,-0.15889724310776943,0.011251278554381183,0.004507159575450131,0.3333333333333333,0.3333333333333333,0.3333333333333333,0.3333333333333333,21.05,21.3,0.014251781472684133,-0.0071258907363421775,0.01187648456057011,0.008876484560570112,5.0,timeout,0.0,1.0
ACB,2025-06-10,2025-06-10,2025-06-11,2025-06-17,21.05,21.05,20.9,20.95,5712500,1.020551189475007,0.9921856500118398,0.020551189475007017,-0.007753759398496207,-0.002833926144414467,0,-0.0023809523809523725,-0.014117647058823568,31.249999999999943,-0.06252741215156857,0.5640214113487289,0.0012795344597911207,0.010910330719399942,0.0045810749571241075,0.6666666666666666,0.0,0.3333333333333333,0.3333333333333333,21.0,21.2,0.021428571428571352,-0.004761904761904856,0.00952380952380949,0.00652380952380949,5.0,timeout,0.0,1.0
ACB,2025-06-11,2025-06-11,2025-06-12,2025-06-18,21.0,21.05,20.9,20.95,3581900,1.019134775374376,0.9943046986236355,0.01913477537437595,-0.007068803016022529,-0.002595497920707013,0,-0.0023809523809523725,-0.007109004739336622,33.33333333333323,-0.06273942430463636,0.3669632960993838,-0.37297155361050327,0.010739856801909316,0.004640858142524147,0.3333333333333333,0.3333333333333333,0.3333333333333333,0.3333333333333333,21.05,21.3,0.019002375296911955,-0.0071258907363421775,0.01187648456057011,0.008876484560570112,5.0,timeout,0.0,1.0
ACB,2025-06-12,2025-06-12,2025-06-13,2025-06-19,21.05,21.15,20.95,21.05,6547500,1.0185463028390558,1.0002375861249702,0.018546302839055756,-0.005669737774627759,-0.002221385178531765,0,0.004773269689737569,0.0023809523809523725,23.809523809523782,-0.054302472573304755,0.7393983155382735,0.8279404785169882,0.010519172039362068,0.005008745289759332,0.0,0.4999999999999911,0.5000000000000089,0.5000000000000089,21.0,21.3,0.021428571428571352,-0.004761904761904856,0.014285714285714235,0.011285714285714236,5.0,timeout,0.0,1.0
ACB,2025-06-13,2025-06-13,2025-06-16,2025-06-20,21.0,21.35,20.9,21.05,10054700,1.0189651498421184,1.0004752851711027,0.018965149842118362,-0.003551977267345574,-0.002000985993098059,0,0.004773269689737569,0.0023809523809523725,26.31578947368422,-0.04714479685117395,1.1396626049186789,0.5356548300878199,0.010179843909060085,0.004092700001214873,0.111111111111112,0.6666666666666641,0.222222222222224,0.333333333333336,21.0,21.692999999999998,0.03571428571428581,-0.0023809523809523725,0.03299999999999992,0.02999999999999992,5.0,target,1.0,1.0
ACB,2025-06-16,2025-06-16,2025-06-17,2025-06-23,21.0,21.3,20.95,21.3,8986600,1.0203883871467885,1.0113960113960114,0.020388387146788454,-0.00047460844803048907,-0.0017025887087411817,0,0.01670644391408116,0.01670644391408116,43.478260869565275,-0.025102295253918216,1.047947743153939,-0.10622892776512471,0.01056338028169016,0.005609052294806933,0.8571428571428557,0.0,0.14285714285714432,1.0,21.4,21.35,0.016355140186915973,-0.011682242990654235,-0.002336448598130758,-0.005336448598130758,5.0,timeout,0.0,0.0
ACB,2025-06-17,2025-06-17,2025-06-18,2025-06-24,21.4,21.45,21.15,21.2,7025500,1.0206208554698104,1.0068867252434102,0.020620855469810358,0.0004751722499405364,-0.0015584315016116124,0,0.0071258907363420665,0.01193317422434359,41.666666666666686,-0.01716474664998953,0.838863127507649,-0.21822491264771993,0.010950134770889512,0.005409241079951172,0.6666666666666627,0.16666666666666863,0.16666666666666863,0.16666666666666863,21.2,21.3,0.02594339622641506,-0.002358490566037763,0.004716981132075526,0.001716981132075526,5.0,timeout,0.0,1.0
ACB,2025-06-18,2025-06-18,2025-06-19,2025-06-25,21.2,21.35,21.15,21.3,7425200,1.0204822777454967,1.01067615658363,0.02048227774549672,0.0016634980988592396,0.00017434764921242518,0,0.01187648456057011,0.01670644391408116,50.0,-0.005681354044708417,0.9135831282855847,0.05689274784712839,0.010898725687458116,0.005023647411224193,0.5,0.25,0.25,0.75,21.3,21.25,0.021126760563380254,-0.007042253521126862,-0.0023474178403756207,-0.005347417840375621,5.0,timeout,0.0,0.0
ACB,2025-06-19,2025-06-19,2025-06-20,2025-06-26,21.3,21.35,21.15,21.3,7279500,1.0205315177656138,1.0092395167022032,0.020531517765613898,0.002136752136752129,0.001996201403154929,0,0.0,0.01187648456057011,59.99999999999993,0.0010537090437529317,0.9591967682704798,-0.01962236707428755,0.010731052984574156,0.004635277755385632,0.0,0.25,0.75,0.75,21.3,21.2,0.021126760563380254,-0.007042253521126862,-0.0046948356807512415,-0.0076948356807512415,5.0,timeout,0.0,0.0
ACB,2025-06-20,2025-06-20,2025-06-23,2025-06-27,21.3,21.75,21.3,21.45,15752600,1.0198079000154296,1.0141843971631206,0.019807900015429633,0.0045119924008547585,0.005312754488695948,0,0.011792452830188704,0.019002375296911955,65.2173913043477,0.014029796001841996,2.025387272738751,1.1639673054468025,0.011488511488511533,0.004920231534734213,0.3333333333333307,0.6666666666666693,0.0,0.3333333333333307,21.4,21.2,0.009345794392523477,-0.011682242990654235,-0.009345794392523366,-0.012345794392523365,5.0,timeout,0.0,0.0
ACB,2025-06-23,2025-06-23,2025-06-24,2025-06-30,21.4,21.45,21.25,21.35,8984400,1.0186520526872416,1.007550731477112,0.01865205268724152,0.005456702253855417,0.007263219058686987,0,0.0023474178403755097,0.0023474178403755097,54.545454545454604,0.014251015194928773,1.1624837294782204,-0.42965605677792873,0.01154232184677154,0.005197815436040919,0.24999999999998668,0.25000000000000444,0.5000000000000089,0.5000000000000089,21.45,21.3,0.006993006993007089,-0.013986013986014068,-0.006993006993006978,-0.009993006993006977,5.0,timeout,0.0,0.0
ACB,2025-06-24,2025-06-24,2025-06-25,2025-07-01,21.45,21.6,21.3,21.3,8571600,1.018542512452852,1.0035335689045937,0.01854251245285201,0.005685856432125158,0.0076497553238816796,0,0.0,0.004716981132075526,59.99999999999993,0.009624535944689067,1.1145838444546206,-0.04594630693201551,0.01173708920187798,0.0053439001849554845,0.49999999999999406,0.5000000000000059,0.0,0.0,21.35,21.3,0.004683840749414525,-0.009367681498829161,-0.0023419203747072626,-0.005341920374707263,5.0,timeout,0.0,0.0
ACB,2025-06-25,2025-06-25,2025-06-26,2025-07-02,21.35,21.45,21.25,21.25,7771700,1.0195026956505056,0.999764761232651,0.019502695650505598,0.004964539007092483,0.005265391143342235,0,-0.009324009324009341,-0.0023474178403756207,63.157894736842074,0.002180204648630668,1.011262268762092,-0.09331980027066122,0.011764705882352988,0.005475398856081654,0.5000000000000089,0.4999999999999911,0.0,0.0,21.3,21.3,0.007042253521126751,-0.007042253521126862,0.0,-0.003,5.0,timeout,0.0,0.0
ACB,2025-06-26,2025-06-26,2025-06-27,2025-07-03,21.3,21.35,21.15,21.2,9897400,1.0197526129063188,0.996708979783733,0.01975261290631887,0.003775365738555747,0.0026920488414574617,0,-0.007025761124121899,-0.0046948356807512415,59.99999999999993,-0.006645026698573184,1.2810712589836717,0.27351802051031315,0.011792452830188739,0.00545653896457719,0.5,0.25,0.25,0.25,21.3,21.4,0.014084507042253502,-0.007042253521126862,0.004694835680751019,0.0016948356807510194,5.0,timeout,0.0,1.0
ACB,2025-06-27,2025-06-27,2025-06-30,2025-07-04,21.3,21.3,21.15,21.2,6312400,1.0194356105597917,0.996006577401926,0.019435610559791698,0.002826855123674976,0.0019483074678721124,0,-0.0046948356807512415,-0.011655011655011704,63.157894736842074,-0.012667117684252313,0.8257074256610205,-0.3622163396447552,0.011792452830188739,0.00545653896457719,0.6666666666666666,0.0,0.3333333333333333,0.3333333333333333,21.25,21.951249999999998,0.04470588235294115,-0.004705882352941226,0.03299999999999992,0.02999999999999992,5.0,target,1.0,1.0
ACB,2025-06-30,2025-06-30,2025-07-01,2025-07-04,21.25,21.3,21.15,21.3,5858100,1.018460036747818,1.0007047216349543,0.018460036747818084,0.0014114326040930436,0.002436637823525878,0,0.0023529411764706687,-0.0023419203747072626,66.66666666666666,-0.010205929331420005,0.7782042757994956,-0.07196945694189216,0.011737089201877994,0.0041419215287505735,0.3333333333333333,0.0,0.6666666666666666,1.0,21.3,22.0029,0.04929577464788726,-0.0023474178403756207,0.03299999999999992,0.02999999999999992,4.0,target,1.0,1.0
ACB,2025-07-01,2025-07-01,2025-07-02,2025-07-04,21.3,21.4,21.25,21.3,7527600,1.0179643581016484,1.0002347969006808,0.01796435810164833,0.0011753643629526245,0.0029341259948221232,0,0.004716981132075526,0.0,66.66666666666666,-0.008915110402384269,0.9984017163660305,0.2849900138270087,0.01173708920187798,0.0038017774296093044,0.0,0.6666666666666587,0.33333333333334125,0.33333333333334125,21.3,22.0029,0.05164319248826277,-0.0023474178403756207,0.03299999999999992,0.02999999999999992,3.0,target,1.0,1.0
ACB,2025-07-02,2025-07-02,2025-07-03,2025-07-04,21.3,21.45,21.25,21.3,7629500,1.0171572139588647,1.000234796900681,0.01715721395886461,0.000469814423302628,0.002710831832637206,0,0.004716981132075526,0.0023529411764706687,63.157894736842074,-0.008405203875648345,0.9991265254702292,0.013536851054785082,0.01173708920187798,0.0034977536427224466,0.0,0.7499999999999956,0.25000000000000444,0.25000000000000444,21.35,22.05455,0.05386416861826682,-0.0023419203747072626,0.03299999999999992,0.02999999999999992,2.0,target,1.0,1.0
ACB,2025-07-03,2025-07-03,2025-07-04,2025-07-04,21.35,21.6,21.3,21.4,15125500,1.0164114307523497,1.0044590471720254,0.01641143075234966,0.0009396288466054781,0.002957050987597576,0,0.004694835680751019,0.00943396226415083,66.66666666666654,-0.0020105647150030492,1.8612288995917121,0.9825021298905563,0.011181575433911925,0.003799038796001975,0.1666666666666568,0.6666666666666745,0.16666666666666863,0.33333333333332543,21.45,22.157849999999996,0.05827505827505819,0.0,0.03299999999999992,0.02999999999999992,1.0,target,1.0,1.0
ACB,2025-07-04,2025-07-04,2025-07-07,2025-07-11,21.45,22.2,21.45,21.85,26955100,1.0166609510745312,1.0236589365190913,0.016660951074531243,0.002347969006808892,0.003633026119545635,0,0.025821596244131495,0.030660377358490587,71.99999999999997,0.03007805812278619,2.9506771863856667,0.7820964596211695,0.01242236024844724,0.007375885420363226,0.5333333333333362,0.46666666666666384,0.0,0.5333333333333362,22.05,22.7,0.03174603174603163,-0.006802721088435493,0.02947845804988658,0.02647845804988658,5.0,timeout,0.0,1.0
ACB,2025-07-07,2025-07-07,2025-07-08,2025-07-14,22.05,22.35,21.9,22.25,17316100,1.019296977535998,1.0380219267553066,0.01929697753599787,0.006574313219065653,0.004461257749882819,0,0.04460093896713602,0.04460093896713602,83.87096774193549,0.07332959635161843,1.7822673859097118,-0.3575946666864527,0.01284109149277692,0.008590756331664473,0.44444444444444003,0.222222222222224,0.333333333333336,0.777777777777776,22.4,22.7,0.02008928571428581,-0.013392857142856984,0.013392857142857206,0.010392857142857207,5.0,timeout,0.0,1.0
ACB,2025-07-08,2025-07-08,2025-07-09,2025-07-15,22.4,22.4,22.1,22.25,14675400,1.0218028912323334,1.033441709242917,0.02180289123233331,0.010560901196902117,0.005228758169934622,0,0.03971962616822444,0.04460093896713602,82.75862068965516,0.09561631807201137,1.4438727596600325,-0.1524996968139477,0.013162118780096323,0.008423797050505812,0.5,0.0,0.5,0.5,22.25,22.45,0.026966292134831482,0.0,0.008988764044943753,0.005988764044943753,5.0,timeout,0.0,1.0
ACB,2025-07-09,2025-07-09,2025-07-10,2025-07-16,22.25,22.5,22.25,22.45,18703900,1.025084989725476,1.0369515011547346,0.02508498972547599,0.014289060669946174,0.0059537418076511806,0,0.027459954233409523,0.0539906103286385,84.84848484848483,0.11613999601471811,1.7128090025517364,0.27450699810567336,0.013203945275214771,0.008173241068447003,0.7999999999999972,0.20000000000000284,0.0,0.7999999999999972,22.65,22.45,0.008830022075055233,-0.015452538631346435,-0.008830022075055122,-0.011830022075055121,5.0,timeout,0.0,0.0
ACB,2025-07-10,2025-07-10,2025-07-11,2025-07-17,22.65,22.7,22.4,22.55,9132500,1.0290019366114025,1.0351159054395225,0.029001936611402594,0.016328434802892478,0.006743004964525623,0,0.013483146067415852,0.053738317757009435,84.37500000000001,0.1278362742364847,0.8265255652751563,-0.5117328471602179,0.012670256572695607,0.0077135315793413805,0.33333333333332543,0.16666666666666863,0.5000000000000059,0.5000000000000059,22.55,22.45,0.01330376940133049,-0.011086474501108667,-0.004434589800443534,-0.007434589800443534,5.0,timeout,0.0,0.0
ACB,2025-07-11,2025-07-11,2025-07-14,2025-07-18,22.55,22.75,22.5,22.7,15977200,1.0335387688944175,1.034875769318441,0.03353876889441744,0.018810961449140517,0.007242318681005777,0,0.020224719101123556,0.0389016018306636,90.90909090909079,0.13628608956002936,1.408254806577826,0.7494880919791951,0.012743864065449983,0.007398005223793827,0.5999999999999943,0.20000000000000284,0.20000000000000284,0.7999999999999972,22.75,22.65,0.00439560439560438,-0.01978021978021971,-0.004395604395604491,-0.007395604395604491,5.0,timeout,0.0,0.0
ACB,2025-07-14,2025-07-14,2025-07-15,2025-07-21,22.75,22.85,22.35,22.7,12303700,1.0375833121821445,1.028312570781427,0.03758331218214454,0.019630484988452768,0.007348415261219099,0,0.011135857461024523,0.020224719101123556,93.74999999999991,0.13237485841288965,1.0688418151120926,-0.22992138797786843,0.013373190685966027,0.007695916839018288,0.10000000000000142,0.20000000000000284,0.6999999999999957,0.6999999999999957,22.7,22.85,0.017621145374449476,-0.017621145374449254,0.006607929515418665,0.0036079295154186645,5.0,timeout,0.0,1.0
ACB,2025-07-15,2025-07-15,2025-07-16,2025-07-22,22.7,22.8,22.45,22.45,12688100,1.0406407983717418,1.0117169896349707,0.040640798371741754,0.018590773467982435,0.007198526285957296,0,-0.004434589800443534,0.008988764044943753,83.3333333333333,0.10466487097750554,1.07577552858884,0.031242634329510688,0.01399936366528796,0.009330055670321153,0.7142857142857114,0.28571428571428864,0.0,0.0,22.45,22.9,0.02895322939866385,-0.006681514476614692,0.020044543429843964,0.017044543429843965,5.0,timeout,0.0,1.0
ACB,2025-07-16,2025-07-16,2025-07-17,2025-07-23,22.45,22.55,22.3,22.45,10934500,1.0436845503804146,1.006500784577449,0.043684550380414695,0.01686801914748126,0.006982924346941477,0,-0.011013215859030812,0.0,85.71428571428571,0.07920675103105501,0.9135042740755098,-0.13820824236883378,0.014158447343302587,0.009330055670321153,0.0,0.4000000000000057,0.5999999999999943,0.5999999999999943,22.45,23.0,0.031180400890868487,-0.0022271714922049712,0.024498886414253906,0.021498886414253907,5.0,timeout,0.0,1.0
ACB,2025-07-17,2025-07-17,2025-07-18,2025-07-24,22.45,22.55,22.4,22.45,15112900,1.0463748085615032,1.001784917447568,0.0463748085615032,0.015175537938844963,0.006646173514951448,0,-0.011013215859030812,-0.004434589800443534,85.71428571428571,0.0563140865084078,1.2225771770600842,0.38212995564497687,0.014158447343302587,0.009481406191325528,0.0,0.6666666666666666,0.3333333333333333,0.3333333333333333,22.5,23.2425,0.04444444444444451,-0.004444444444444473,0.03299999999999992,0.02999999999999992,5.0,target,1.0,1.0
ACB,2025-07-18,2025-07-18,2025-07-21,2025-07-24,22.5,22.75,22.4,22.65,17844500,1.0476935834008814,1.0071142730102267,0.04769358340088145,0.013519603424966276,0.006696868229269182,0,0.008908685968819663,-0.0022026431718061845,86.48648648648647,0.04886465261609191,1.4314414967626214,0.1807462498924759,0.014664143803216659,0.0078097319974141715,0.4285714285714228,0.28571428571428864,0.28571428571428864,0.7142857142857114,22.7,23.449099999999998,0.044052863436123246,-0.004405286343612258,0.03299999999999992,0.02999999999999992,4.0,target,1.0,1.0
ACB,2025-07-21,2025-07-21,2025-07-22,2025-07-25,22.7,23.1,22.65,22.85,17137200,1.0480864868884612,1.0133037694013305,0.04808648688846117,0.010984084286034479,0.006737976922428723,0,0.017817371937639326,0.006607929515418665,87.8048780487805,0.05137387570440172,1.3311744173898117,-0.03963686289893242,0.015473585495467353,0.006250134966553823,0.333333333333336,0.555555555555552,0.111111111111112,0.444444444444448,22.85,23.60405,0.043763676148796504,-0.01094091903719907,0.03299999999999992,0.02999999999999992,4.0,target,1.0,1.0
ACB,2025-07-22,2025-07-22,2025-07-23,2025-07-28,22.85,22.9,22.6,22.9,12037900,1.048816458279227,1.0126022551403935,0.04881645827922706,0.009147701918786444,0.006798401255089459,0,0.020044543429843964,0.020044543429843964,88.09523809523809,0.05030371340909201,0.9226523063433448,-0.2975573605956633,0.015751715533374937,0.006183754592270477,0.16666666666665877,0.0,0.8333333333333413,1.0,23.05,23.81065,0.0390455531453362,-0.013015184381778733,0.03299999999999992,0.02999999999999992,4.0,target,1.0,1.0
ACB,2025-07-23,2025-07-23,2025-07-24,2025-07-29,23.05,23.15,22.9,23.0,15197600,1.049148463532025,1.0145566828407588,0.049148463532025066,0.008003557136504913,0.006605733665017599,0,0.015452538631346657,0.024498886414253906,88.0952380952381,0.05012239222805498,1.132597848245929,0.2624793360968276,0.015527950310559016,0.005841419602284963,0.20000000000000284,0.3999999999999915,0.4000000000000057,0.4000000000000057,23.15,23.913949999999996,0.03455723542116629,-0.01943844492440605,0.03299999999999992,0.02999999999999992,4.0,target,1.0,1.0
ACB,2025-07-24,2025-07-24,2025-07-25,2025-07-29,23.15,23.5,23.1,23.2,15167000,1.0503580503580503,1.0204530459643724,0.05035805035805019,0.008203991130820265,0.0060235924035807464,0,0.015317286652078765,0.03340757238307357,86.48648648648647,0.056775211904818323,1.1085501323470135,-0.002013475811970311,0.014470443349753703,0.006149865863207423,0.12500000000000222,0.7500000000000044,0.12499999999999334,0.24999999999999556,23.45,22.980999999999998,0.021321961620469176,-0.031982942430703654,-0.020000000000000018,-0.023000000000000017,3.0,stop,0.0,0.0
ACB,2025-07-25,2025-07-25,2025-07-28,2025-07-29,23.45,23.7,23.45,23.6,17559600,1.0522409389723306,1.0339539978094197,0.05224093897233067,0.009285872208711021,0.006001187251883033,0,0.030567685589519833,0.041942604856512355,86.4864864864865,0.0799969174423788,1.2327548169622784,0.15775037911254697,0.014225181598062962,0.0076125644575180005,0.6000000000000085,0.3999999999999915,0.0,0.6000000000000085,23.7,23.226,0.010548523206751037,-0.04219409282700426,-0.020000000000000018,-0.023000000000000017,2.0,stop,0.0,0.0
ACB,2025-07-28,2025-07-28,2025-07-29,2025-07-29,23.7,23.85,23.5,23.85,16870500,1.0549842718125129,1.0396687009590235,0.05498427181251276,0.011910013233348282,0.006312476860421912,0,0.036956521739130554,0.043763676148796504,88.0952380952381,0.10263138073928485,1.1402981382328876,-0.03924349074010802,0.014225816112608586,0.007742142673132507,0.42857142857143293,0.0,0.5714285714285671,1.0,23.9,23.421999999999997,0.0020920502092049986,-0.05020920502092052,-0.020000000000000018,-0.023000000000000017,1.0,stop,0.0,0.0
ACB,2025-07-29,2025-07-29,2025-07-30,2025-08-05,23.9,23.95,22.75,22.75,34025200,1.0550441860037845,0.9904222899434045,0.05504418600378455,0.01033648559489797,0.005848925848926045,0,-0.0193965517241379,-0.0065502183406113135,55.0,0.03732347217807519,2.1107843541704727,1.016845973741146,0.017896389324960772,0.017549524964914052,0.9583333333333327,0.04166666666666728,0.0,0.0,22.75,23.500749999999996,0.07692307692307687,-0.00219780219780219,0.03299999999999992,0.02999999999999992,5.0,target,1.0,1.0
ACB,2025-07-30,2025-07-30,2025-07-31,2025-07-31,22.75,23.1,22.7,23.0,15001100,1.0560473329358344,0.9989142236699241,0.056047332935834415,0.008762322015334112,0.0051263611134162446,0,-0.025423728813559365,0.0,57.142857142857125,0.006387315557036366,0.9098040880565129,-0.5591179478739288,0.018012422360248474,0.017789641429946365,0.6249999999999967,0.2500000000000022,0.1250000000000011,0.7499999999999978,23.2,22.736,0.056034482758620774,-0.02155172413793105,-0.019999999999999907,-0.022999999999999906,1.0,stop,0.0,0.0
ACB,2025-07-31,2025-07-31,2025-08-01,2025-08-05,23.2,23.25,22.7,23.0,10605400,1.0569701410514747,0.9965337954939341,0.05697014105147461,0.006102877070619073,0.004212578870881778,0,-0.03563941299790363,-0.008620689655172376,55.0,-0.017352542328338216,0.6521475784130998,-0.2930251781536021,0.018944099378882015,0.017789641429946365,0.36363636363636187,0.09090909090909208,0.5454545454545461,0.5454545454545461,23.0,23.758999999999997,0.07173913043478253,-0.008695652173912993,0.03299999999999992,0.02999999999999992,3.0,target,1.0,1.0
ACB,2025-08-01,2025-08-01,2025-08-04,2025-08-05,23.0,23.05,22.8,23.0,7316600,1.0572173435784853,0.9950248756218905,0.057217343578485236,0.0063125816282108005,0.004244061070385108,0,0.01098901098901095,-0.025423728813559365,55.0,-0.03529786704904064,0.47882426738401523,-0.310106172327305,0.018167701863354063,0.017659483450024095,0.0,0.20000000000000284,0.7999999999999972,0.7999999999999972,23.0,23.758999999999997,0.07826086956521738,-0.008695652173912993,0.03299999999999992,0.02999999999999992,2.0,target,1.0,1.0
ACB,2025-08-04,2025-08-04,2025-08-05,2025-08-05,23.0,23.3,22.8,23.3,11137700,1.0575342465753428,1.0060449050086355,0.0575342465753427,0.005863192182410604,0.004448929046461325,0,0.01304347826086949,-0.023060796645702375,63.934426229508205,-0.029444816941459506,0.7439305209757923,0.5222507722166034,0.01839362354383816,0.017897738192562875,0.6000000000000014,0.0,0.3999999999999986,1.0,23.5,24.275499999999997,0.05531914893617018,-0.008510638297872353,0.03299999999999992,0.02999999999999992,1.0,target,1.0,1.0
ACB,2025-08-05,2025-08-05,2025-08-06,2025-08-07,23.5,24.5,23.3,23.45,42323400,1.058113035551504,1.0101227654533707,0.05811303555150404,0.005849220103986141,0.004762777065396628,0,0.019565217391304346,0.03076923076923066,65.625,-0.018487771979760814,2.5879817107007077,2.800012569920181,0.02116966189460861,0.017950447624437968,0.04166666666666728,0.8333333333333338,0.12499999999999889,0.12499999999999889,23.7,24.4821,0.04641350210970474,0.0,0.03299999999999992,0.02999999999999992,2.0,target,1.0,1.0
ACB,2025-08-06,2025-08-06,2025-08-07,2025-08-13,23.7,24.4,23.7,24.2,16251000,1.060874704491726,1.0370687808013712,0.06087470449172587,0.009517629245078929,0.006037321624588365,0,0.05217391304347818,0.05217391304347818,72.1518987341772,0.03342670733577191,1.0012211065369245,-0.6160280128723118,0.022874852420306978,0.020243253357142922,0.714285714285715,0.285714285714285,0.0,0.714285714285715,24.4,24.5,0.016393442622950838,-0.016393442622950727,0.004098360655737654,0.001098360655737654,5.0,timeout,0.0,1.0
ACB,2025-08-07,2025-08-07,2025-08-08,2025-08-08,24.4,24.65,24.1,24.4,19097800,1.0633330310998275,1.0402899168620763,0.06333303109982749,0.012737478411053216,0.007214611872146337,0,0.04721030042918439,0.060869565217391175,72.1518987341772,0.07311516890933178,1.1415680556049528,0.17517691219001907,0.023272833723653397,0.02023564193018114,0.0,0.4545454545454569,0.5454545454545431,0.5454545454545431,24.5,24.009999999999998,0.06938775510204076,-0.020408163265306145,-0.02000000000000013,-0.023000000000000128,1.0,stop,0.0,0.0
ACB,2025-08-08,2025-08-08,2025-08-11,2025-08-14,24.5,24.8,24.0,24.25,15787100,1.063243072193843,1.0310374149659864,0.063243072193843,0.013138057290544847,0.008249772105742847,0,0.034115138592750505,0.05434782608695654,67.94871794871793,0.0805572380859838,0.9442079337605278,-0.17335504613096797,0.024447717231222375,0.020045540172771995,0.3124999999999997,0.37500000000000056,0.3124999999999997,0.3124999999999997,24.3,25.101899999999997,0.1358024691358024,-0.008230452674897082,0.03299999999999992,0.02999999999999992,4.0,target,1.0,1.0
ACB,2025-08-11,2025-08-11,2025-08-12,2025-08-14,24.3,24.7,24.25,24.4,16056300,1.0625591562626762,1.0349946977730646,0.06255915626267626,0.010284979644310965,0.008683396981269409,0,0.008264462809917328,0.04721030042918439,68.75,0.08635946056566313,0.9496515466149187,0.017051896801819177,0.024736533957845433,0.019905656652249894,0.22222222222221782,0.6666666666666693,0.11111111111111287,0.3333333333333307,24.5,25.3085,0.12653061224489792,-0.01632653061224487,0.03299999999999992,0.02999999999999992,3.0,target,1.0,1.0
ACB,2025-08-12,2025-08-12,2025-08-13,2025-08-14,24.5,24.55,24.1,24.25,14628100,1.0664359239448014,1.0221285563751317,0.06643592394480144,0.01151140481773627,0.008568319883942355,0,-0.006147540983606481,0.034115138592750505,65.43209876543212,0.07148756699003178,0.8602452164329942,-0.08894950891550357,0.02547864506627393,0.01115531753265025,0.5555555555555565,0.11111111111111287,0.3333333333333307,0.3333333333333307,24.4,25.205199999999998,0.17622950819672134,-0.010245901639344246,0.03299999999999992,0.02999999999999992,2.0,target,1.0,1.0
ACB,2025-08-13,2025-08-13,2025-08-14,2025-08-14,24.4,24.65,24.15,24.5,19292100,1.06990813354246,1.0261780104712042,0.06990813354246017,0.015093537414966107,0.008769947109082077,0,0.010309278350515427,0.012396694214876103,65.85365853658539,0.06980127813244408,1.107312691383818,0.318838400065627,0.025218658892128275,0.01112669408117775,0.20000000000000284,0.29999999999999716,0.5,0.7000000000000028,24.75,25.56675,0.1595959595959595,-0.002020202020202033,0.03299999999999992,0.02999999999999992,1.0,target,1.0,1.0
ACB,2025-08-14,2025-08-14,2025-08-15,2025-08-15,24.75,26.2,24.7,26.2,34889500,1.0792185200053528,1.0828683612316594,0.07921852000535276,0.026299045599151638,0.010456573669265667,0,0.07377049180327866,0.07377049180327866,74.07407407407408,0.16884439021628372,1.8950067567273976,0.8084863752520461,0.02685387131952017,0.022509885606550165,0.9666666666666662,0.0,0.033333333333333805,1.0,27.3,26.754,0.08058608058608052,-0.034798534798534786,-0.020000000000000018,-0.023000000000000017,1.0,stop,0.0,0.0
ACB,2025-08-15,2025-08-15,2025-08-18,2025-08-19,27.3,27.6,26.35,26.55,29322600,1.089658233466489,1.0814663951120163,0.0896582334664891,0.03477344573234986,0.012720816289836678,0,0.09484536082474238,0.09484536082474238,74.54545454545456,0.23929205908815843,1.5444990396459133,-0.1595580332191634,0.02932472423997847,0.02202190217545244,0.6,0.24000000000000057,0.15999999999999942,0.15999999999999942,26.8,27.6844,0.10074626865671643,-0.016791044776119368,0.03299999999999992,0.02999999999999992,2.0,target,1.0,1.0
ACB,2025-08-18,2025-08-18,2025-08-19,2025-08-19,26.8,27.5,26.35,27.05,28477800,1.1003443404555888,1.0852557673019056,0.10034434045558889,0.043979057591623016,0.015101949361416178,0,0.10408163265306136,0.10860655737704938,93.87755102040822,0.29715092949522637,1.4564999413109971,-0.028810542039246156,0.028650646950092413,0.022050536306184833,0.21739130434782636,0.3913043478260868,0.3913043478260868,0.6086956521739132,27.05,27.942649999999997,0.09057301293900188,-0.04066543438077641,0.03299999999999992,0.02999999999999992,1.0,target,1.0,1.0
ACB,2025-08-19,2025-08-19,2025-08-20,2025-08-20,27.05,28.7,27.0,28.45,41181100,1.1150337689676344,1.11897738446411,0.1150337689676343,0.05083694978301301,0.017083723627280722,0,0.08587786259541974,0.17319587628865984,95.04132231404962,0.4008449576762434,1.96012970400119,0.44607729529668716,0.03050464474014561,0.024553845068881117,0.8235294117647054,0.14705882352941183,0.029411764705882783,0.8529411764705882,28.5,27.93,0.03508771929824572,-0.08947368421052637,-0.020000000000000018,-0.023000000000000017,1.0,stop,0.0,0.0
ACB,2025-08-20,2025-08-20,2025-08-21,2025-08-21,28.5,28.5,26.9,28.0,33270000,1.1247439306106437,1.085061034683201,0.12474393061064369,0.0511201629327902,0.018331114070128773,0,0.05461393596986808,0.1428571428571428,88.46153846153851,0.4088554776680823,1.5182771684107992,-0.19210511618193782,0.03367346938775509,0.026490282433210863,0.3124999999999997,0.0,0.6875000000000002,0.6875000000000002,28.3,29.2339,0.042402826855123754,-0.08303886925795056,0.03299999999999992,0.02999999999999992,1.0,target,1.0,1.0
ACB,2025-08-21,2025-08-21,2025-08-22,2025-08-22,28.3,29.5,28.0,29.45,45796400,1.1384189347064169,1.1193462561763587,0.13841893470641692,0.05556670010030107,0.02026311142503978,0,0.08872458410351203,0.12404580152671763,90.5660377358491,0.4767952006468039,1.9533992351712868,0.3765073639915839,0.03504729565850108,0.028740571761801535,0.7666666666666657,0.033333333333333805,0.20000000000000048,0.9666666666666662,29.0,28.419999999999998,0.01379310344827589,-0.10517241379310349,-0.020000000000000018,-0.023000000000000017,1.0,stop,0.0,0.0
ACB,2025-08-22,2025-08-22,2025-08-25,2025-08-25,29.0,29.4,27.65,27.85,43014300,1.1472448057813909,1.04424446944132,0.1472448057813909,0.04896755162241884,0.019515831944566298,0,-0.02108963093145866,0.048964218455743946,74.59459459459462,0.3830052871405929,1.740257796190507,-0.06074931654016469,0.040394973070017944,0.036485295750091386,0.6571428571428564,0.22857142857142776,0.1142857142857159,0.1142857142857159,28.2,27.636,0.014184397163120588,-0.07978723404255317,-0.020000000000000018,-0.023000000000000017,1.0,stop,0.0,0.0
ACB,2025-08-25,2025-08-25,2025-08-26,2025-08-26,28.2,28.4,25.95,26.2,37410300,1.1501392161062327,0.9757914338919925,0.1501392161062327,0.04049602790156959,0.01752168417382194,0,-0.06428571428571428,-0.03142329020332724,62.79069767441861,0.1886991632415529,1.453155061394435,-0.1302822549710213,0.04634678298800435,0.04336666031016454,0.8163265306122451,0.08163265306122422,0.10204081632653064,0.10204081632653064,26.25,27.116249999999997,0.08952380952380956,-0.005714285714285672,0.03299999999999992,0.02999999999999992,1.0,target,1.0,1.0
ACB,2025-08-26,2025-08-26,2025-08-27,2025-08-28,26.25,27.4,26.1,27.35,20812100,1.1573206067837054,1.0069955817378498,0.15732060678370546,0.03230710756366406,0.015447189649950399,0,-0.07130730050933776,-0.03866432337434089,64.1255605381166,0.11983664920783044,0.8297116016542325,-0.4436799491049257,0.04531209193000782,0.044428300065609445,0.8461538461538491,0.03846153846153636,0.11538461538461454,0.9615384615384637,27.8,27.244,0.02877697841726623,-0.025179856115107868,-0.020000000000000018,-0.023000000000000017,2.0,stop,0.0,0.0
ACB,2025-08-27,2025-08-27,2025-08-28,2025-08-28,27.8,28.6,27.55,27.65,18831800,1.1644416189870737,1.0063694267515924,0.16444161898707366,0.030183727034120755,0.014969673506258774,0,-0.007181328545781018,-0.012500000000000067,64.44444444444446,0.07869150015765203,0.7450740987067493,-0.09515137828474785,0.046628778093515885,0.04442436215259797,0.1428571428571448,0.7619047619047621,0.09523809523809314,0.09523809523809314,27.8,27.244,0.021582733812949506,-0.025179856115107868,-0.020000000000000018,-0.023000000000000017,1.0,stop,0.0,0.0
ACB,2025-08-28,2025-08-28,2025-08-29,2025-09-05,27.8,28.15,27.1,27.55,13927700,1.1639966273187186,0.9978268743208981,0.16399662731871856,0.02830540037243945,0.016063396872992186,0,0.05152671755725202,-0.06451612903225801,64.73214285714286,0.03136953583333102,0.5474469840929186,-0.2604158922673351,0.047446201711174474,0.039908091272325946,0.23809523809523875,0.3333333333333322,0.42857142857142905,0.42857142857142905,27.75,27.195,0.023423423423423406,-0.043243243243243246,-0.020000000000000018,-0.023000000000000017,4.0,stop,0.0,0.0
ACB,2025-08-29,2025-08-29,2025-09-03,2025-09-08,27.75,28.4,27.5,27.8,21625300,1.1630393760221414,1.0023436091581035,0.16303937602214139,0.021170839469808467,0.016149650588034525,0,0.01645338208409508,-0.0017953321364452268,65.04424778761063,0.004921443744305254,0.8267620204751226,0.5526827832305405,0.04817574511819114,0.03984037291817899,0.055555555555556434,0.6666666666666653,0.27777777777777823,0.33333333333333465,27.7,27.145999999999997,0.012635379061371799,-0.045126353790613694,-0.02000000000000013,-0.023000000000000128,4.0,stop,0.0,0.0
ACB,2025-09-03,2025-09-03,2025-09-04,2025-09-08,27.7,27.75,27.2,27.5,18715200,1.1589486858573217,0.9899208063354932,0.15894868585732175,0.011101000909918168,0.015893197711379425,0,-0.005424954792043302,0.04961832061068705,64.19213973799127,-0.04216778899654483,0.7052892738575256,-0.1345692314095065,0.04909090909090908,0.0398261962947631,0.36363636363636187,0.09090909090909208,0.5454545454545461,0.5454545454545461,27.6,27.048000000000002,0.016304347826086918,-0.04166666666666674,-0.020000000000000018,-0.023000000000000017,3.0,stop,0.0,0.0
ACB,2025-09-04,2025-09-04,2025-09-05,2025-09-05,27.6,27.75,27.4,27.65,11279900,1.1495206872224757,0.9981949458483754,0.14952068722247575,0.003259688518652437,0.01589376053962921,0,0.003629764065335772,0.010968921389396646,63.87665198237886,-0.07091193578232913,0.45149723895783267,-0.39728669744378897,0.048437096357530345,0.03594916186713756,0.14285714285713416,0.28571428571428864,0.5714285714285773,0.7142857142857114,27.95,27.391,0.003577817531305927,-0.07692307692307687,-0.020000000000000018,-0.023000000000000017,1.0,stop,0.0,0.0
ACB,2025-09-05,2025-09-05,2025-09-08,2025-09-09,27.95,28.05,27.15,27.15,23539400,1.1404088374974188,0.9831613253666486,0.1404088374974189,-0.004326663061114289,0.01543171048769243,0,-0.023381294964028854,-0.018083182640144635,54.67980295566502,-0.12797078125871808,0.9286587285493697,1.0868447415313964,0.04722441462772954,0.036051091366123174,0.8888888888888876,0.11111111111111242,0.0,0.0,27.0,26.46,0.022222222222222365,-0.0444444444444444,-0.020000000000000018,-0.023000000000000017,2.0,stop,0.0,0.0
ACB,2025-09-08,2025-09-08,2025-09-09,2025-09-11,27.0,27.6,26.55,26.55,26152700,1.1234684647644109,0.9716376944190303,0.12346846476441083,-0.0163786897048237,0.014685022945348347,0,-0.034545454545454546,-0.0362976406533575,50.0,-0.20587570744781702,1.0175955823401777,0.11101812280686851,0.047350013451708355,0.030894186832801044,0.4285714285714276,0.5714285714285724,0.0,0.0,26.95,26.410999999999998,0.0,-0.042671614100185495,-0.020000000000000018,-0.023000000000000017,3.0,stop,0.0,0.0
ACB,2025-09-09,2025-09-09,2025-09-10,2025-09-11,26.95,26.95,26.45,26.55,15204500,1.1132260837529164,0.9762824048538334,0.11322608375291654,-0.018231046931407868,0.013777648669959008,0,-0.039783001808318175,-0.04496402877697847,47.474747474747474,-0.254002817537077,0.592274930559762,-0.41862599272732837,0.045601291364003226,0.026700987519180167,0.7999999999999972,0.0,0.20000000000000284,0.20000000000000284,26.7,26.166,0.005617977528090012,-0.0337078651685393,-0.019999999999999907,-0.022999999999999906,2.0,stop,0.0,0.0
ACB,2025-09-10,2025-09-10,2025-09-11,2025-09-11,26.7,26.85,26.45,26.55,14091100,1.1098883182522212,0.9750275431509364,0.10988831825222131,-0.013941698352344711,0.013173652694610904,0,-0.022099447513812098,-0.034545454545454546,38.8235294117647,-0.2803639429493153,0.5510126951782723,-0.07322832056299122,0.04210384718859296,0.0185053646669493,0.37499999999999445,0.37500000000000333,0.2500000000000022,0.2500000000000022,26.5,25.97,0.005660377358490454,-0.026415094339622636,-0.020000000000000018,-0.023000000000000017,1.0,stop,0.0,0.0
ACB,2025-09-11,2025-09-11,2025-09-12,2025-09-18,26.5,26.55,25.8,26.2,20449900,1.100803832413121,0.9662548404941914,0.10080383241312102,-0.007685269899359581,0.012745662363292665,0,-0.013182674199623379,-0.05244122965641951,39.28571428571428,-0.3133978532877939,0.7906647744748191,0.45126356352591346,0.04034896401308615,0.011413426065417441,0.40000000000000097,0.06666666666666761,0.5333333333333314,0.5333333333333314,26.55,26.019000000000002,0.0037664783427493465,-0.03766478342749524,-0.019999999999999907,-0.022999999999999906,5.0,stop,0.0,0.0
ACB,2025-09-12,2025-09-12,2025-09-15,2025-09-18,26.55,26.65,26.2,26.3,12219900,1.0908943878376192,0.9747961452928094,0.09089438783761918,-0.00790586504872215,0.012403291170330455,0,-0.00941619585687381,-0.03130755064456714,27.65957446808511,-0.31945019795936214,0.4790131151493057,-0.4024469557308349,0.03734383487235198,0.010546511709668404,0.5555555555555565,0.22222222222221782,0.22222222222222573,0.22222222222222573,26.3,25.774,0.013307984790874361,-0.03802281368821292,-0.020000000000000018,-0.023000000000000017,4.0,stop,0.0,0.0
ACB,2025-09-15,2025-09-15,2025-09-16,2025-09-17,26.3,26.65,26.1,26.4,27899800,1.0818701675257734,0.9826912339475153,0.08187016752577325,-0.01340433345574743,0.012146409064970776,0,-0.005649717514124353,-0.005649717514124353,36.93693693693691,-0.3075456544627142,1.1088470332565084,1.2831447065851602,0.03382034632034631,0.010905010225045982,0.18181818181817888,0.4545454545454569,0.3636363636363642,0.5454545454545431,26.6,26.068,0.0,-0.05827067669172936,-0.020000000000000018,-0.023000000000000017,2.0,stop,0.0,0.0
ACB,2025-09-16,2025-09-16,2025-09-17,2025-09-18,26.6,26.6,26.2,26.4,40108800,1.07230269229226,0.9878391019644527,0.07230269229226013,-0.014383182740180578,0.011813900617083428,0,0.007633587786259444,-0.005649717514124353,52.56410256410256,-0.29069094481153557,1.5606294065462016,0.43760170323801595,0.02827380952380952,0.010019165487751648,0.5000000000000044,0.0,0.49999999999999556,0.49999999999999556,26.4,25.872,0.0018939393939394478,-0.051136363636363535,-0.019999999999999907,-0.022999999999999906,2.0,stop,0.0,0.0
ACB,2025-09-17,2025-09-17,2025-09-18,2025-09-18,26.4,26.45,26.05,26.15,13049100,1.0635574577016915,0.9834524257239564,0.06355745770169158,-0.014455151964418267,0.010876597121138643,0,-0.005703422053232043,-0.015065913370998163,29.9999999999999,-0.2869089911368109,0.5234513346221955,-0.6746574317855434,0.026085768915596833,0.009944305796231095,0.6250000000000022,0.12500000000000222,0.24999999999999556,0.24999999999999556,26.2,25.676,0.0,-0.043893129770992356,-0.020000000000000018,-0.023000000000000017,1.0,stop,0.0,0.0
ACB,2025-09-18,2025-09-18,2025-09-19,2025-09-22,26.2,26.2,25.55,25.55,21848000,1.0523796226114015,0.9685367702805154,0.05237962261140139,-0.018053229108505375,0.009463595360825083,0,-0.03219696969696961,-0.024809160305343414,18.18181818181816,-0.31320130261743107,0.9117651845752768,0.6742917136047697,0.025020967291025997,0.010663628665972967,1.0,0.0,0.0,0.0,25.8,25.284,0.013565891472868241,-0.029069767441860517,-0.020000000000000018,-0.023000000000000017,2.0,stop,0.0,0.0
ACB,2025-09-19,2025-09-19,2025-09-22,2025-09-26,25.8,25.8,25.3,25.35,13429700,1.0427860696517413,0.967557251908397,0.04278606965174127,-0.019644527595884087,0.008104963286923672,0,-0.03977272727272718,-0.0361216730038022,17.647058823529377,-0.3307243797984414,0.5846550947647821,-0.38531215671915053,0.023668639053254444,0.010041500296049248,0.8999999999999986,0.0,0.10000000000000142,0.10000000000000142,25.45,25.65,0.027504911591355485,-0.015717092337917404,0.007858546168958647,0.004858546168958647,5.0,timeout,0.0,1.0
ACB,2025-09-22,2025-09-22,2025-09-23,2025-09-24,25.45,25.45,25.05,25.15,19404800,1.0350716924176828,0.9650805832693782,0.035071692417682765,-0.019932305377961423,0.007039718411263385,0,-0.03824091778202676,-0.04734848484848486,10.447761194029795,-0.34107869438719957,0.8962660124619442,0.44491686336999337,0.022436807725078108,0.008525371863518696,0.7500000000000044,0.0,0.24999999999999556,0.24999999999999556,25.15,25.979949999999995,0.03976143141153088,0.0,0.03299999999999992,0.02999999999999992,2.0,target,1.0,1.0
ACB,2025-09-23,2025-09-23,2025-09-24,2025-09-30,25.15,25.7,25.15,25.35,9385500,1.0281411018628617,0.9772552043176562,0.028141101862861565,-0.016679302501895532,0.0065025731040808665,0,-0.007827788649706457,-0.03977272727272718,16.923076923076934,-0.3200925243199974,0.4699970329418569,-0.516331010883905,0.022118906734291354,0.009407163649063825,0.3636363636363683,0.6363636363636317,0.0,0.3636363636363683,25.5,25.5,0.025490196078431282,-0.009803921568627416,0.0,-0.003,5.0,timeout,0.0,0.0
ACB,2025-09-24,2025-09-24,2025-09-25,2025-09-26,25.5,26.0,25.25,26.0,10853300,1.0232843137254901,1.0044427274483292,0.02328431372549014,-0.01202290076335888,0.0068059701492537705,0,0.02564102564102555,-0.005736137667303964,28.000000000000014,-0.2511153710205217,0.5822140742995774,0.1563901763358373,0.022664835164835164,0.013427779984647488,0.6666666666666666,0.0,0.3333333333333333,1.0,26.15,25.627,0.0,-0.030592734225621254,-0.020000000000000018,-0.023000000000000017,2.0,stop,0.0,0.0
ACB,2025-09-25,2025-09-25,2025-09-26,2025-10-02,26.15,26.15,25.65,25.65,8158200,1.0185331230283912,0.9930313588850173,0.018533123028391264,-0.00882578664620104,0.007268538745680342,0,0.01988071570576544,0.003913894324853118,29.166666666666686,-0.21891961661789056,0.4530136217267958,-0.24832078722600504,0.021860206070732385,0.013453825071152182,1.0,0.0,0.0,0.0,25.65,25.75,0.021442495126705596,-0.011695906432748426,0.003898635477582957,0.0008986354775829567,5.0,timeout,0.0,1.0
ACB,2025-09-26,2025-09-26,2025-09-29,2025-10-03,25.65,25.75,25.45,25.65,8974500,1.0134125235997482,0.9955365806326413,0.013412523599748314,-0.006746337702390193,0.007689258818866174,0,0.011834319526627057,0.011834319526627057,34.999999999999986,-0.1886303406911011,0.5123640767955222,0.10005883650805325,0.019771651350598714,0.013322771492081534,0.0,0.33333333333333726,0.6666666666666627,0.6666666666666627,25.55,25.65,0.02544031311154593,-0.007827788649706457,0.003913894324853118,0.0009138943248531177,5.0,timeout,0.0,1.0
ACB,2025-09-29,2025-09-29,2025-09-30,2025-10-06,25.55,25.8,25.35,25.6,8265200,1.0077686663789382,0.996690675491532,0.007768666378938297,-0.007726482518833122,0.007550600885515513,0,-0.01538461538461533,0.017892644135188984,34.42622950819674,-0.16388477892153558,0.47962192895616135,-0.07903504373502701,0.019670758928571418,0.013147309285388476,0.11111111111111287,0.4444444444444436,0.4444444444444436,0.5555555555555565,25.75,26.599749999999997,0.040776699029126284,-0.011650485436893177,0.03299999999999992,0.02999999999999992,5.0,target,1.0,1.0
ACB,2025-09-30,2025-09-30,2025-10-01,2025-10-06,25.75,25.8,25.45,25.5,9277900,1.0019965549639835,0.9962883375659309,0.001996554963983651,-0.00909794812233844,0.007255520504731994,0,-0.005847953216374213,0.00591715976331364,33.33333333333333,-0.1467284696534285,0.5583926208083239,0.12252577070125348,0.01960784313725489,0.013106405676290652,0.7142857142857114,0.14285714285714432,0.14285714285714432,0.14285714285714432,25.7,26.548099999999998,0.04669260700389111,-0.0077821011673151474,0.03299999999999992,0.02999999999999992,4.0,target,1.0,1.0
ACB,2025-10-01,2025-10-01,2025-10-02,2025-10-06,25.7,25.95,25.55,25.8,10480500,0.9983205093153145,1.0093896713615025,-0.0016794906846854982,-0.007956530176596144,0.007040591567023524,0,0.005847953216374435,-0.007692307692307665,43.54838709677422,-0.1093668295167475,0.6467993138576622,0.12961984931935033,0.01854928017718714,0.013717076654654674,0.25000000000000444,0.3749999999999978,0.3749999999999978,0.6250000000000022,25.9,26.754699999999996,0.03861003861003853,-0.015444015444015413,0.03299999999999992,0.02999999999999992,3.0,target,1.0,1.0
ACB,2025-10-02,2025-10-02,2025-10-03,2025-10-06,25.9,26.2,25.7,25.75,10937500,0.9968823070927514,1.006645817044566,-0.0031176929072485697,-0.004087989098695788,0.00678777415937537,0,0.005859375,0.003898635477582957,40.983606557377044,-0.08338635155618246,0.6757167926511667,0.043604789847812686,0.01872399445214978,0.011448552500329461,0.29999999999999716,0.6000000000000014,0.10000000000000142,0.10000000000000142,25.75,26.599749999999997,0.046601941747572706,-0.009708737864077666,0.03299999999999992,0.02999999999999992,2.0,target,1.0,1.0
ACB,2025-10-03,2025-10-03,2025-10-06,2025-10-10,25.75,25.85,25.5,25.65,9813400,0.995994244156652,1.001561889886763,-0.004005755843347921,0.0005860519632738814,0.006616035076730364,0,0.00588235294117645,0.0,37.7049180327869,-0.06890213397160787,0.6331137987440819,-0.10277485714285717,0.018240044555834032,0.011181635023336797,0.28571428571428864,0.28571428571428864,0.4285714285714228,0.4285714285714228,26.15,27.012949999999996,0.040152963671128195,-0.009560229445506718,0.03299999999999992,0.02999999999999992,5.0,target,1.0,1.0
ACB,2025-10-06,2025-10-06,2025-10-07,2025-10-13,26.15,26.8,25.9,26.8,20288600,0.9996121776226488,1.0397672162948595,-0.00038782237735123377,0.008411580594679169,0.007108541967738136,0,0.03875968992248069,0.046875,54.76190476190477,0.017546285381917458,1.3341610217919235,1.067438400554344,0.01945628997867804,0.017208313841370237,0.7222222222222229,0.0,0.2777777777777771,1.0,26.9,26.75,0.011152416356877248,-0.018587360594795488,-0.005576208178438624,-0.008576208178438623,5.0,timeout,0.0,0.0
ACB,2025-10-07,2025-10-07,2025-10-08,2025-10-14,26.9,26.9,26.45,26.45,12389800,1.0016639578979953,1.021827313115704,0.001663957897995345,0.011923377638780153,0.007092751363990679,1,0.027184466019417375,0.03725490196078418,53.488372093023266,0.04880221597407154,0.8223532359524833,-0.38932208235166543,0.01984877126654065,0.018262538609079556,1.0,0.0,0.0,0.0,26.65,26.3,0.020637898686679312,-0.015009380863039379,-0.013133208255159401,-0.0161332082551594,5.0,timeout,0.0,0.0
ACB,2025-10-08,2025-10-08,2025-10-09,2025-10-14,26.65,26.85,26.6,26.75,18228000,1.0023166023166024,1.030431432973806,0.0023166023166022675,0.013666536509176153,0.007272585851514801,0,0.042884990253411415,0.036821705426356655,64.99999999999994,0.08519632769677854,1.1934693107891512,0.4712101890264573,0.01895861148197598,0.016925880333575373,0.4000000000000057,0.4000000000000057,0.19999999999998863,0.5999999999999943,26.8,26.264,0.014925373134328401,-0.02425373134328368,-0.020000000000000018,-0.023000000000000017,4.0,stop,0.0,0.0
ACB,2025-10-09,2025-10-09,2025-10-10,2025-10-13,26.8,26.95,26.6,26.95,16388600,1.0040794334975374,1.032962821004216,0.0040794334975372834,0.012221144519883875,0.00771766530928808,0,0.005597014925373012,0.046601941747572706,69.99999999999991,0.11632716628804801,1.0874943721174208,-0.10091068685538729,0.01842035515504904,0.015932715635971137,0.4285714285714271,0.0,0.5714285714285728,1.0,27.05,26.509,0.005545286506469349,-0.033271719038817094,-0.020000000000000018,-0.023000000000000017,2.0,stop,0.0,0.0
ACB,2025-10-10,2025-10-10,2025-10-13,2025-10-17,27.05,27.2,26.8,26.95,16337400,1.0060238652495876,1.0278413424866515,0.00602386524958754,0.01294185821904592,0.008551969661790837,0,0.018903591682419618,0.050682261208577106,73.68421052631575,0.12949849134078567,1.0694864404327593,-0.003124122865894585,0.01842035515504904,0.015932715635971137,0.25000000000000444,0.3749999999999978,0.3749999999999978,0.3749999999999978,26.55,26.019000000000002,0.015065913370998052,-0.030131826741996215,-0.019999999999999907,-0.022999999999999906,5.0,stop,0.0,0.0
ACB,2025-10-13,2025-10-13,2025-10-14,2025-10-15,26.55,26.8,26.4,26.75,18373300,1.0075369194276533,1.0157584962977027,0.00753691942765333,0.014445300462249788,0.009189189189189095,0,0.0,-0.001865671641791078,68.4210526315789,0.11766399259716631,1.2414723230788929,0.12461591195661481,0.018558077436582117,0.016290440394613904,0.49999999999999556,0.1250000000000011,0.37500000000000333,0.8749999999999989,26.75,26.215,0.007476635514018559,-0.0803738317757009,-0.020000000000000018,-0.023000000000000017,2.0,stop,0.0,0.0
ACB,2025-10-14,2025-10-14,2025-10-15,2025-10-17,26.75,26.95,26.25,26.3,18531600,1.0080522057701116,0.9956464130229036,0.00805220577011165,0.012456880030663031,0.008466748768473087,0,-0.024118738404452666,-0.005671077504725841,54.16666666666667,0.07455411592650077,1.3506263690492024,0.00861576309100709,0.01873981531776209,0.01749998322004721,0.6428571428571425,0.285714285714285,0.07142857142857252,0.07142857142857252,26.4,25.872,0.009469696969697017,-0.06818181818181812,-0.019999999999999907,-0.022999999999999906,3.0,stop,0.0,0.0
ACB,2025-10-15,2025-10-15,2025-10-16,2025-10-17,26.4,26.65,26.15,26.3,14416100,1.0076530612244896,0.9937653504628756,0.00765306122448968,0.009344012204423935,0.007712082262210762,0,-0.024118738404452666,-0.016822429906542036,60.00000000000002,0.042649354053694855,1.045471076963354,-0.22208012260139443,0.01873981531776209,0.017256171875409898,0.19999999999999574,0.5,0.30000000000000426,0.30000000000000426,26.4,25.872,0.005681818181818343,-0.06818181818181812,-0.019999999999999907,-0.022999999999999906,2.0,stop,0.0,0.0
ACB,2025-10-16,2025-10-16,2025-10-17,2025-10-17,26.4,26.55,26.15,26.3,13461000,1.007560503020402,0.9917043740573153,0.007560503020402023,0.007024871843554159,0.007001300788124665,0,-0.016822429906542036,-0.024118738404452666,60.00000000000002,0.01934303488956822,1.0068254854524152,-0.0662523151199007,0.01901140684410647,0.01721721079489173,0.24999999999999334,0.37500000000000333,0.37500000000000333,0.37500000000000333,26.3,25.774,0.0038022813688212143,-0.06463878326996197,-0.020000000000000018,-0.023000000000000017,1.0,stop,0.0,0.0
ACB,2025-10-17,2025-10-17,2025-10-20,2025-10-20,26.3,26.4,25.75,25.75,16289600,1.0067547055251973,0.9705993215228044,0.006754705525197224,0.004353586977096313,0.0056479926728745244,0,-0.020912547528517123,-0.04452690166975881,51.99999999999997,-0.03249599299075037,1.2054994027858155,0.21013297674764142,0.019972260748959785,0.018671610681201184,0.8461538461538491,0.1538461538461509,0.0,0.0,25.6,25.088,0.001953124999999778,-0.0390625,-0.020000000000000018,-0.023000000000000017,1.0,stop,0.0,0.0
ACB,2025-10-20,2025-10-20,2025-10-21,2025-10-27,25.6,25.65,24.6,24.8,32231800,0.9988619119878605,0.941891378655526,-0.0011380880121395138,-0.0051010768940107365,0.0036551934206519032,0,-0.057034220532319435,-0.07289719626168223,42.3913043478261,-0.12495428300831038,2.2772075068054534,0.9786735094784402,0.023041474654377878,0.014566289114865554,0.7619047619047646,0.04761904761904504,0.19047619047619033,0.19047619047619033,24.85,25.0,0.028169014084507005,-0.008048289738430747,0.006036217303822866,0.003036217303822866,5.0,timeout,0.0,1.0
ACB,2025-10-21,2025-10-21,2025-10-22,2025-10-22,24.85,25.3,24.85,25.0,19371400,0.9927962085308057,0.9547450830628221,-0.007203791469194226,-0.012631975867269829,0.002051593784430761,0,-0.049429657794676785,-0.049429657794676785,41.111111111111114,-0.16435001378786718,1.321974410690772,-0.39899726357200027,0.023000000000000003,0.01520877928033854,0.3333333333333307,0.6666666666666693,0.0,0.3333333333333307,25.2,24.695999999999998,0.01388888888888884,-0.02182539682539686,-0.020000000000000018,-0.023000000000000017,1.0,stop,0.0,0.0
ACB,2025-10-22,2025-10-22,2025-10-23,2025-10-29,25.2,25.3,24.65,25.1,15620500,0.9860169009814697,0.9646425826287471,-0.013983099018530308,-0.01922352054278187,0.0014040680024283159,0,-0.025242718446601864,-0.04562737642585546,42.857142857142875,-0.17442915057958402,1.0489368438688682,-0.19363081656462622,0.023335230506545256,0.014463440497515117,0.15384615384615005,0.15384615384615552,0.6923076923076944,0.6923076923076944,25.1,25.4,0.017928286852589626,-0.01195219123505975,0.01195219123505975,0.008952191235059751,5.0,timeout,0.0,1.0
ACB,2025-10-23,2025-10-23,2025-10-24,2025-10-30,25.1,25.2,24.95,24.95,8751200,0.9779191758512291,0.966305189775368,-0.022080824148770915,-0.019369540448158085,0.0016312594840668382,0,0.006048387096774244,-0.0513307984790875,42.3913043478261,-0.18116170584777627,0.586486719237712,-0.439761851413207,0.023189235614085316,0.013647363987512475,0.6000000000000085,0.3999999999999915,0.0,0.0,24.95,25.1,0.03006012024048088,-0.006012024048096087,0.006012024048096309,0.0030120240480963094,5.0,timeout,0.0,1.0
ACB,2025-10-24,2025-10-24,2025-10-27,2025-10-31,24.95,25.3,24.8,25.0,11724500,0.9701662060349072,0.975609756097561,-0.029833793965092826,-0.02138628986060731,0.0014407582938387176,0,0.0,-0.029126213592232997,24.285714285714292,-0.1722673200424951,0.7785763829284951,0.33975911874942866,0.021285714285714286,0.01378531663493358,0.10000000000000142,0.6000000000000014,0.29999999999999716,0.3999999999999986,25.3,25.5,0.015810276679841806,-0.013833992094861691,0.007905138339920903,0.004905138339920903,5.0,timeout,0.0,1.0
ACB,2025-10-27,2025-10-27,2025-10-28,2025-11-03,25.3,25.55,24.95,25.0,10208700,0.9644169919284552,0.9823182711198427,-0.03558300807154483,-0.021906225980015237,2.220446049250313e-16,0,-0.003984063745020028,0.008064516129032251,26.984126984127016,-0.1568427798401172,0.6735717108722776,-0.12928483090963372,0.021714285714285717,0.013982142707710286,0.5,0.4166666666666657,0.08333333333333431,0.08333333333333431,25.1,25.45,0.031872509960159334,-0.003984063745020028,0.013944223107569709,0.01094422310756971,5.0,timeout,0.0,1.0
ACB,2025-10-28,2025-10-28,2025-10-29,2025-11-04,25.1,25.4,25.05,25.4,10305300,0.9618448001213684,1.001577287066246,-0.03815519987863158,-0.017815646785437678,-0.001401355906525792,0,0.018036072144288484,0.016000000000000014,29.230769230769212,-0.11224930330865712,0.6776485720147507,0.009462517264686054,0.021372328458942626,0.015134766856787898,0.8571428571428542,0.0,0.14285714285714576,1.0,25.4,26.0,0.02755905511811041,-0.015748031496062964,0.023622047244094446,0.020622047244094447,5.0,timeout,0.0,1.0
ACB,2025-10-29,2025-10-29,2025-10-30,2025-11-05,25.4,25.55,25.3,25.4,6350700,0.9596324004101319,1.0051444400474872,-0.040367599589868186,-0.013853658536585378,-0.003028811570060186,0,0.016000000000000014,0.01195219123505975,24.59016393442623,-0.07698219296845715,0.42335318763145,-0.3837442869203226,0.02109111361079865,0.015134766856787898,0.0,0.6000000000000085,0.3999999999999915,0.3999999999999915,25.5,25.6,0.02352941176470602,-0.019607843137254943,0.0039215686274509665,0.0009215686274509664,5.0,timeout,0.0,1.0
ACB,2025-10-30,2025-10-30,2025-10-31,2025-11-06,25.5,25.7,25.0,25.1,9309300,0.9575116119698469,0.9980119284294235,-0.04248838803015304,-0.011787819253438303,-0.004661033006176818,0,0.0040000000000000036,0.006012024048096309,22.38805970149255,-0.06837926963100271,0.6239669587668253,0.46586990410505935,0.0221969265793967,0.015302370879453703,0.57142857142857,0.285714285714285,0.14285714285714504,0.14285714285714504,25.3,25.3,0.031620553359683834,-0.00988142292490124,0.0,-0.003,5.0,timeout,0.0,0.0
ACB,2025-10-31,2025-10-31,2025-11-03,2025-11-07,25.3,25.5,25.05,25.5,12748200,0.9583841928593226,1.0149253731343284,-0.041615807140677356,-0.009266561514195581,-0.005689145111128058,0,0.003937007874015741,0.020000000000000018,32.39436619718309,-0.03211170673316746,0.8461411841542836,0.36940478875962746,0.02156862745098039,0.015361614048470213,0.4444444444444436,0.0,0.5555555555555565,1.0,25.4,24.892,0.02755905511811041,-0.021653543307086465,-0.020000000000000018,-0.023000000000000017,5.0,stop,0.0,0.0
ACB,2025-11-03,2025-11-03,2025-11-04,2025-11-07,25.4,25.9,25.3,25.45,13864900,0.9638047138047138,1.0103215561730845,-0.036195286195286246,-0.003165809259991992,-0.007481107355789107,0,0.0019685039370078705,0.018000000000000016,36.50793650793648,-0.009050448931204547,0.94030591189816,0.08759668031565249,0.021330339601459438,0.008851446917436145,0.08333333333333481,0.7500000000000014,0.16666666666666372,0.24999999999999853,25.45,24.941,0.025540275049116046,-0.029469548133595258,-0.020000000000000018,-0.023000000000000017,4.0,stop,0.0,0.0
ACB,2025-11-04,2025-11-04,2025-11-05,2025-11-07,25.45,26.1,25.4,26.0,17972000,0.9690026437794551,1.0280743376828787,-0.030997356220544888,0.005566600397614252,-0.006358029391608899,0,0.03585657370517925,0.023622047244094446,45.94594594594594,0.042835669538843685,1.196203060328317,0.2962228360824817,0.02142857142857143,0.010633508837925472,0.7857142857142836,0.14285714285714432,0.07142857142857216,0.8571428571428557,25.8,25.284,0.003875968992248069,-0.04263565891472876,-0.020000000000000018,-0.023000000000000017,3.0,stop,0.0,0.0
ACB,2025-11-05,2025-11-05,2025-11-06,2025-11-07,25.8,25.9,25.55,25.6,6212200,0.9713650477249205,1.01026045777427,-0.028634952275079537,0.00855721393034825,-0.004920659139456718,0,0.0039215686274509665,0.007874015748031704,41.463414634146346,0.04934428439492644,0.4307024376681944,-0.6543400845760071,0.02190290178571428,0.012270417096086486,0.5714285714285728,0.28571428571428137,0.14285714285714576,0.14285714285714576,25.55,25.039,0.005870841487279899,-0.0332681017612525,-0.020000000000000018,-0.023000000000000017,2.0,stop,0.0,0.0
ACB,2025-11-06,2025-11-06,2025-11-07,2025-11-10,25.55,25.7,25.3,25.3,6525200,0.974237886815634,0.9970443349753695,-0.0257621131843661,0.007344184200079429,-0.003443526170799016,0,-0.005893909626718985,0.007968127490039834,44.15584415584416,0.033339267524683885,0.46841961501753915,0.050384726827854776,0.021456804065499713,0.01280988054619854,0.6250000000000022,0.3749999999999978,0.0,0.0,25.25,24.745,0.001980198019801982,-0.0217821782178218,-0.019999999999999907,-0.022999999999999906,2.0,stop,0.0,0.0
ACB,2025-11-07,2025-11-07,2025-11-10,2025-11-14,25.25,25.3,24.85,24.9,12107200,0.9759147397175945,0.9816676522767593,-0.024085260282405496,0.0029655990510082386,-0.0041380895819763674,0,-0.04230769230769238,-0.02352941176470591,51.51515151515147,-0.0023956014350155486,0.8825303499192892,0.8554527064304542,0.019793459552495694,0.013917774798412665,0.7777777777777821,0.11111111111111287,0.11111111111110497,0.11111111111110497,24.9,24.95,0.012048192771084265,-0.008032128514056214,0.002008032128514081,-0.0009919678714859189,5.0,timeout,0.0,0.0
ACB,2025-11-10,2025-11-10,2025-11-11,2025-11-17,24.9,25.2,24.7,24.8,7222900,0.9772131400370141,0.9784967449201026,-0.022786859962985854,0.00019731649565901677,-0.005788323686127139,0,-0.03125,-0.025540275049115824,46.875000000000014,-0.029472719368141054,0.5488019153246869,-0.40342110479714555,0.01987327188940092,0.013965574165570758,0.19999999999999574,0.6000000000000014,0.20000000000000284,0.20000000000000284,24.85,25.15,0.014084507042253502,-0.002012072434607659,0.012072434607645732,0.009072434607645733,5.0,timeout,0.0,1.0
ACB,2025-11-11,2025-11-11,2025-11-12,2025-11-18,24.85,25.05,24.8,24.85,6962300,0.9773157630328091,0.9826018189007514,-0.02268423696719093,-0.0033497536945813478,-0.0064885203102204025,0,-0.017786561264822143,-0.044230769230769185,46.03174603174603,-0.040064075559644724,0.5533210148814846,-0.036079690982846246,0.018683529749928127,0.012753371777652728,0.0,0.7999999999999972,0.20000000000000284,0.20000000000000284,25.0,25.1,0.016000000000000014,-0.008000000000000007,0.0040000000000000036,0.0010000000000000035,5.0,timeout,0.0,1.0
ACB,2025-11-12,2025-11-12,2025-11-13,2025-11-19,25.0,25.2,24.8,25.2,6319100,0.9782819093337464,0.9972299168975067,-0.021718090666253586,-0.003745318352059712,-0.006155977068985408,0,0.012048192771084265,-0.01562500000000011,53.7313432835821,-0.020530646003206116,0.5188989891524811,-0.09238326415121445,0.018849206349206334,0.013751430040290212,0.5,0.0,0.5,1.0,25.2,24.9,0.007936507936507908,-0.01388888888888884,-0.011904761904761973,-0.014904761904761973,5.0,timeout,0.0,0.0
ACB,2025-11-13,2025-11-13,2025-11-14,2025-11-20,25.2,25.2,25.0,25.1,5637200,0.9802172226532196,0.9932726553225167,-0.019782777346780373,-0.0029591635431049923,-0.0060148056755089385,0,0.012096774193548487,-0.007905138339920903,51.47058823529414,-0.011810714231632324,0.47826747243293505,-0.10791093668402141,0.018070574843483192,0.01326263043989775,0.4999999999999911,0.0,0.5000000000000089,0.5000000000000089,25.1,24.8,0.01195219123505975,-0.01195219123505975,-0.01195219123505975,-0.01495219123505975,5.0,timeout,0.0,0.0
ACB,2025-11-14,2025-11-14,2025-11-17,2025-11-21,25.1,25.1,24.9,24.95,6763400,0.9797559838358719,0.9894903827087052,-0.0202440161641281,-0.0029655990510082386,-0.005448854194844754,0,0.004024144869215096,0.002008032128514081,49.29577464788731,-0.013489550795906996,0.5979806196067337,0.19978003264031785,0.017034068136272534,0.012111835809965948,0.75,0.0,0.25,0.25,25.0,24.7,0.016000000000000014,-0.015999999999999903,-0.01200000000000001,-0.01500000000000001,5.0,timeout,0.0,0.0
ACB,2025-11-17,2025-11-17,2025-11-18,2025-11-21,25.0,25.15,24.95,25.15,3945100,0.9796561381671074,0.9986102838991463,-0.02034386183289261,-0.0033636723387417966,-0.004761720413456572,0,-0.001984126984126977,0.014112903225806273,46.26865671641791,0.0007688012424718893,0.3986534041560964,-0.4166987018363545,0.016330587901164432,0.012529414150127396,0.7499999999999956,0.0,0.25000000000000444,1.0,25.2,24.695999999999998,0.007936507936507908,-0.023809523809523725,-0.020000000000000018,-0.023000000000000017,4.0,stop,0.0,0.0
ACB,2025-11-18,2025-11-18,2025-11-19,2025-11-21,25.2,25.4,25.05,25.1,6387000,0.9772576813738855,1.0001992428770672,-0.022742318626114574,-0.006925207756232843,-0.003917765709852805,0,0.0,0.010060362173038184,45.58823529411768,0.008312659759729696,0.6907220787198228,0.6189703683049859,0.016647694934547506,0.009669496656685275,0.28571428571428137,0.5714285714285728,0.14285714285714576,0.14285714285714576,25.15,24.647,0.0,-0.04174950298210722,-0.020000000000000018,-0.023000000000000017,3.0,stop,0.0,0.0
ACB,2025-11-19,2025-11-19,2025-11-20,2025-11-25,25.15,25.15,24.85,24.9,5994400,0.9757856975746704,0.995004995004995,-0.02421430242532957,-0.007535197303192631,-0.003497046938141124,0,-0.002004008016032066,-0.011904761904761973,46.969696969696926,0.0016609464844706268,0.6838597507968704,-0.06146860811022392,0.01563396442914513,0.008909012801994489,0.8333333333333413,0.0,0.16666666666665877,0.16666666666665877,25.0,24.5,0.0,-0.03599999999999992,-0.020000000000000018,-0.023000000000000017,4.0,stop,0.0,0.0
ACB,2025-11-20,2025-11-20,2025-11-21,2025-11-25,25.0,25.0,24.8,24.8,6153200,0.9749004606136311,0.9929929929929929,-0.025099539386368847,-0.008338296605121975,-0.003500855764742572,0,-0.013916500994035741,-0.01195219123505975,38.33333333333333,-0.0071616016263333915,0.7125354924475777,0.02649139196583472,0.0149769585253456,0.008361966883766201,1.0,0.0,0.0,0.0,24.75,24.255,0.004040404040404066,-0.02626262626262621,-0.020000000000000018,-0.023000000000000017,3.0,stop,0.0,0.0
ACB,2025-11-21,2025-11-21,2025-11-24,2025-11-25,24.75,24.85,24.6,24.7,7299200,0.9753380755100447,0.9897816068924062,-0.024661924489955314,-0.005578800557879959,-0.0036216363565557685,0,-0.015936254980079778,-0.01002004008016033,37.70491803278687,-0.01686597166670986,0.8674678749164376,0.1862445556783463,0.014025448235974536,0.006895701135175889,0.20000000000000284,0.4000000000000057,0.3999999999999915,0.3999999999999915,24.7,24.206,0.006072874493927127,-0.024291497975708398,-0.020000000000000018,-0.023000000000000017,2.0,stop,0.0,0.0
ACB,2025-11-24,2025-11-24,2025-11-25,2025-11-25,24.7,24.85,24.6,24.6,7081700,0.9759295499021525,0.9865650691798677,-0.024070450097847435,-0.0035964035964035634,-0.0037432738048818193,0,-0.012048192771084265,-0.021868787276341783,23.076923076923038,-0.02657589053452153,0.857553712903509,-0.029797786058746167,0.012775842044134702,0.0068974016893079085,0.3999999999999915,0.6000000000000085,0.0,0.0,24.65,24.156999999999996,0.0020283975659229903,-0.026369168356997874,-0.02000000000000013,-0.023000000000000128,1.0,stop,0.0,0.0
ACB,2025-11-25,2025-11-25,2025-11-26,2025-12-02,24.65,24.7,24.1,24.2,15856700,0.975064690661021,0.9730599115400079,-0.024935309338979035,-0.004204204204204198,-0.004371925989538505,0,-0.024193548387096864,-0.03585657370517936,23.07692307692301,-0.0548650046229579,1.8577146642969822,1.2391092534278494,0.013429752066115673,0.008341908058655971,0.7500000000000014,0.08333333333333481,0.16666666666666372,0.16666666666666372,24.2,23.95,0.012396694214876103,-0.014462809917355268,-0.010330578512396715,-0.013330578512396715,5.0,timeout,0.0,0.0
ACB,2025-11-26,2025-11-26,2025-11-27,2025-12-02,24.2,24.4,24.15,24.2,9003200,0.9726312482820906,0.9769882922890594,-0.02736875171790942,-0.007413344019234658,-0.004650981005237198,0,-0.020242914979757054,-0.028112449799196804,26.08695652173907,-0.06766412226014923,1.0386446121579747,-0.4322147735657482,0.012987012987012962,0.00609548366242856,0.0,0.7999999999999972,0.20000000000000284,0.20000000000000284,24.45,23.961,0.004089979550102374,-0.024539877300613355,-0.020000000000000018,-0.023000000000000017,4.0,stop,0.0,0.0
ACB,2025-11-27,2025-11-27,2025-11-28,2025-12-02,24.45,24.5,24.3,24.35,7791600,0.9706009511456983,0.9860295606398056,-0.02939904885430168,-0.00962502506516938,-0.004187866927593098,0,-0.010162601626016232,-0.01814516129032251,36.58536585365859,-0.060356589522397974,0.9068082191860536,-0.13457437355606894,0.01246699911997651,0.006900521771985248,0.4999999999999911,0.25000000000000444,0.25000000000000444,0.25000000000000444,24.35,23.863,0.026694045174537884,-0.02053388090349073,-0.02000000000000013,-0.023000000000000128,3.0,stop,0.0,0.0
ACB,2025-11-28,2025-11-28,2025-12-01,2025-12-05,24.35,24.45,24.25,24.25,5358800,0.9686873057708194,0.9847715736040609,-0.03131269422918057,-0.009851226377161293,-0.003332549204108859,0,0.0020661157024792765,-0.018218623481781382,36.58536585365852,-0.056646521879428036,0.6516949992490452,-0.31223368756096304,0.011634756995581716,0.006836188127243547,0.5000000000000089,0.4999999999999911,0.0,0.0,24.3,24.35,0.028806584362139898,-0.01851851851851849,0.002057613168724215,-0.0009423868312757851,5.0,timeout,0.0,0.0
ACB,2025-12-01,2025-12-01,2025-12-02,2025-12-04,24.3,24.35,24.0,24.0,9243000,0.9650366170564612,0.9791921664626684,-0.03496338294353879,-0.010496568429551933,-0.0027093886205679096,0,-0.008264462809917328,-0.024390243902439046,31.111111111111086,-0.0648293042306951,1.156564816054516,0.7248264536836606,0.012053571428571408,0.0060154288040202035,0.8571428571428557,0.14285714285714432,0.0,0.0,24.05,24.84365,0.03950103950103956,-0.008316008316008316,0.03299999999999992,0.02999999999999992,3.0,target,1.0,1.0
ACB,2025-12-02,2025-12-02,2025-12-03,2025-12-04,24.05,24.15,23.85,23.95,15503200,0.961568782026015,0.9817585570813689,-0.03843121797398494,-0.012148208139299288,-0.0028691585111817464,0,-0.01642710472279274,-0.010330578512396715,17.948717948718,-0.06712604772181102,1.9703291549795192,0.677290922860543,0.011780495079033677,0.0060108131310250435,0.33333333333334125,0.3333333333333294,0.3333333333333294,0.3333333333333294,24.0,24.791999999999998,0.04166666666666674,0.0,0.03299999999999992,0.02999999999999992,2.0,target,1.0,1.0
ACB,2025-12-03,2025-12-03,2025-12-04,2025-12-09,24.0,24.55,24.0,24.45,16051700,0.9609692568767513,1.004106776180698,-0.03903074312324877,-0.011167512690355319,-0.0032256795562722873,0,0.008247422680412342,0.010330578512396604,36.17021276595744,-0.03036042805723338,1.9199897611390973,0.035379792558955625,0.012708150744960546,0.009906804058450807,0.8181818181818158,0.18181818181818415,0.0,0.8181818181818158,24.55,24.059,0.018329938900203624,-0.022403258655804503,-0.020000000000000018,-0.023000000000000017,4.0,stop,0.0,0.0
ACB,2025-12-04,2025-12-04,2025-12-05,2025-12-05,24.55,25.0,24.5,24.9,12219800,0.9619333438635286,1.022167487684729,-0.038066656136471415,-0.006119951040391647,-0.002913615245294654,0,0.03749999999999987,0.022587268993839782,49.05660377358489,0.02583972390042588,1.4135049771342743,-0.23872237831506948,0.01348250143430864,0.011715988560489379,0.6999999999999957,0.20000000000000284,0.10000000000000142,0.7999999999999972,24.9,24.401999999999997,0.004016064257028162,-0.03815261044176699,-0.020000000000000018,-0.023000000000000017,1.0,stop,0.0,0.0
ACB,2025-12-05,2025-12-05,2025-12-08,2025-12-12,24.9,25.0,24.35,24.35,8994300,0.9615384615384615,1.0010277492291881,-0.03846153846153856,-0.0028694404591106393,-0.002837997635001921,0,0.016701461377870652,0.004123711340206171,36.666666666666714,0.02739840158268453,1.0594754157837019,-0.2639568569043683,0.01510706952185389,0.013707939398837255,0.8461538461538436,0.15384615384615638,0.0,0.0,24.25,23.765,0.008247422680412342,-0.030927835051546393,-0.020000000000000018,-0.023000000000000017,5.0,stop,0.0,0.0
ACB,2025-12-08,2025-12-08,2025-12-09,2025-12-12,24.25,24.45,24.2,24.2,4935600,0.9610209734863475,0.9964998970557957,-0.03897902651365253,-0.0026694045174538994,-0.0027230751016220633,0,-0.010224948875255602,0.008333333333333304,35.48387096774192,0.020091772338433123,0.5893236139593613,-0.4512524598912645,0.01490554899645807,0.01377039166366894,0.20000000000000284,0.7999999999999972,0.0,0.0,24.2,23.715999999999998,0.004132231404958775,-0.030991735537190035,-0.02000000000000013,-0.023000000000000128,4.0,stop,0.0,0.0
ACB,2025-12-09,2025-12-09,2025-12-10,2025-12-12,24.2,24.25,24.0,24.1,11326500,0.9616908327390857,0.9927909371781669,-0.0383091672609143,-0.0034893267651888715,-0.0032380350655506485,0,-0.032128514056224744,0.006263048016701633,36.666666666666714,0.010756656018364952,1.318071715715909,1.2948577680525166,0.014819205690574972,0.012833339507287789,0.3999999999999915,0.20000000000000284,0.4000000000000057,0.4000000000000057,24.15,23.666999999999998,0.0269151138716357,-0.02898550724637683,-0.020000000000000018,-0.023000000000000017,3.0,stop,0.0,0.0
ACB,2025-12-10,2025-12-10,2025-12-11,2025-12-12,24.15,24.3,24.05,24.1,5460100,0.9625912408759123,0.9932000824232434,-0.03740875912408764,-0.0024665981500513467,-0.0035575934856509894,0,-0.010266940451745366,-0.014314928425357754,37.93103448275864,0.006996735307401469,0.6385869009044728,-0.5179358142409394,0.014967397747480725,0.012833339507287789,0.19999999999998863,0.6000000000000085,0.20000000000000284,0.20000000000000284,24.25,23.765,0.02268041237113394,-0.03298969072164948,-0.020000000000000018,-0.023000000000000017,2.0,stop,0.0,0.0
ACB,2025-12-11,2025-12-11,2025-12-12,2025-12-12,24.25,24.25,23.95,23.95,7525800,0.9623788336246625,0.9886480908152734,-0.03762116637533751,-0.002470660901791155,-0.0038781163434904453,0,-0.010330578512396715,-0.03815261044176699,37.288135593220346,-0.0026602560963298605,0.8705665831667093,0.3783264042783099,0.015210259469132115,0.012730941781702977,1.0,0.0,0.0,0.0,24.05,23.569,0.031185031185031242,-0.02494802494802506,-0.020000000000000018,-0.023000000000000017,1.0,stop,0.0,0.0
ACB,2025-12-12,2025-12-12,2025-12-15,2025-12-16,24.05,24.1,23.5,23.5,13924900,0.961041028294003,0.9730848861283644,-0.03895897170599703,-0.005149330587023715,-0.004476665874336372,0,-0.024896265560165998,-0.03490759753593431,33.33333333333333,-0.034646417601774226,1.5467316243075757,0.8502883414387838,0.016565349544072946,0.013851749900283731,0.9166666666666656,0.08333333333333431,0.0,0.0,23.5,24.275499999999997,0.05531914893617018,-0.0021276595744681437,0.03299999999999992,0.02999999999999992,2.0,target,1.0,1.0
ACB,2025-12-15,2025-12-15,2025-12-16,2025-12-16,23.5,23.6,23.45,23.55,9317100,0.9617379508458347,0.9769757311761046,-0.03826204915416532,-0.0065938594683701,-0.0057124722310378795,0,-0.022821576763485507,-0.02685950413223137,38.98305084745766,-0.04696350479553091,1.0049302208191004,-0.33090363306020154,0.01516530178950562,0.013684923180044283,0.3333333333333333,0.3333333333333333,0.3333333333333333,0.6666666666666666,23.55,24.32715,0.05307855626326963,-0.004246284501061681,0.03299999999999992,0.02999999999999992,1.0,target,1.0,1.0
ACB,2025-12-16,2025-12-16,2025-12-17,2025-12-23,23.55,24.8,23.45,24.0,9830200,0.9638217069758145,0.9954375777685608,-0.036178293024185536,-0.004747162022703866,-0.006237088828857318,0,0.0020876826722338038,-0.004149377593361092,47.058823529411775,-0.02067261034605633,1.0409432893350488,0.0550707838275859,0.01815476190476192,0.015194843185624071,0.3333333333333325,0.5925925925925924,0.07407407407407506,0.4074074074074075,24.05,24.2,0.022869022869022926,-0.01039501039501034,0.006237006237006071,0.0032370062370060708,5.0,timeout,0.0,1.0
ACB,2025-12-17,2025-12-17,2025-12-18,2025-12-24,24.05,24.15,23.9,24.0,6430600,0.9641426282051282,0.9972989819239559,-0.03585737179487178,-0.003519668737059889,-0.0067252974650801045,0,0.02127659574468077,-0.004149377593361092,44.6153846153846,-0.00023202475152195312,0.6793825063177734,-0.3458322312872576,0.018005952380952393,0.013381437818746551,0.20000000000000284,0.3999999999999915,0.4000000000000057,0.4000000000000057,24.0,24.3,0.025000000000000133,-0.008333333333333304,0.012499999999999956,0.009499999999999956,5.0,timeout,0.0,1.0
ACB,2025-12-18,2025-12-18,2025-12-19,2025-12-25,24.0,24.0,23.8,23.85,3558000,0.9623262912683749,0.9954090150250418,-0.03767370873162512,-0.0060153495125492285,-0.006623045004787609,0,0.01273885350318471,-0.0041753653444676075,43.93939393939396,0.005898050577420322,0.38112172758044477,-0.446707927720586,0.018119197364480394,0.011370336892242153,0.7499999999999956,0.0,0.25000000000000444,0.25000000000000444,23.9,24.0,0.029288702928870425,-0.0020920502092048876,0.004184100418409997,0.0011841004184099972,5.0,timeout,0.0,1.0
ACB,2025-12-19,2025-12-19,2025-12-22,2025-12-26,23.9,24.05,23.85,23.9,3538700,0.9628779643274146,0.9993727785908425,-0.037122035672585416,-0.008087930319369607,-0.007115730561662925,0,-0.004166666666666763,0.017021276595744705,48.38709677419352,0.015487316547542707,0.3868456940773921,-0.00542439572793707,0.01763299462044233,0.009584108018003065,0.0,0.7500000000000133,0.24999999999998668,0.24999999999998668,24.0,23.9,0.025000000000000133,-0.014583333333333393,-0.004166666666666763,-0.007166666666666763,5.0,timeout,0.0,0.0
ACB,2025-12-22,2025-12-22,2025-12-23,2025-12-23,24.0,24.45,23.9,24.3,10013100,0.9651847668226562,1.0156739811912225,-0.034815233177343856,-0.005817577394556461,-0.0068910256410256165,0,0.012499999999999956,0.031847133757961776,55.07246376811597,0.049042934637239854,1.0773556900607857,1.8295984401051233,0.01807760141093476,0.011054814240185248,0.5454545454545461,0.27272727272726976,0.18181818181818415,0.7272727272727302,24.45,23.961,0.006134969325153561,-0.03271983640081799,-0.020000000000000018,-0.023000000000000017,1.0,stop,0.0,0.0
ACB,2025-12-23,2025-12-23,2025-12-24,2025-12-26,24.45,24.6,23.95,24.2,8578300,0.9672270265901558,1.0110716523918948,-0.032772973409844156,-0.0010434056761269295,-0.0061049080247409515,0,0.01467505241090139,0.008333333333333304,45.901639344262286,0.06384054630456237,0.9605916984174531,-0.14329228710389386,0.018299881936245592,0.011054029377934874,0.38461538461538336,0.23076923076923328,0.38461538461538336,0.38461538461538336,24.15,23.666999999999998,0.018633540372670954,-0.020703933747411973,-0.020000000000000018,-0.023000000000000017,3.0,stop,0.0,0.0
ACB,2025-12-24,2025-12-24,2025-12-25,2025-12-26,24.15,24.45,23.95,24.3,8709200,0.9696025257022587,1.0144020037570445,-0.030397474297741346,0.0016725904244199175,-0.005274389016386993,0,0.01673640167364021,0.012499999999999956,38.88888888888893,0.07872331493870849,0.97685778459485,0.015259433687327295,0.01807760141093476,0.011111633430490899,0.30000000000000426,0.29999999999999716,0.3999999999999986,0.7000000000000028,24.3,23.814,0.012345679012345734,-0.026748971193415683,-0.020000000000000018,-0.023000000000000017,2.0,stop,0.0,0.0
ACB,2025-12-25,2025-12-25,2025-12-26,2026-01-05,24.3,24.6,24.0,24.0,7250600,0.9716139497161396,1.001669449081803,-0.028386050283860473,0.001462904911180729,-0.0051637889301274775,0,-0.012345679012345734,0.0062893081761006275,42.85714285714283,0.0671727870995841,0.8157304824505891,-0.16747806916823593,0.01815476190476193,0.011699699070372674,0.5,0.5,0.0,0.0,23.9,24.0,0.014644351464435212,-0.010460251046025104,0.004184100418409997,0.0011841004184099972,5.0,timeout,0.0,1.0
ACB,2025-12-26,2025-12-26,2025-12-29,2026-01-06,23.9,24.05,23.65,23.9,7831900,0.9746984526662065,0.9958333333333332,-0.02530154733379351,0.0027156883225403217,-0.004970500282874157,0,-0.012396694214876103,0.0,43.74999999999999,0.05227031127881018,0.8690398385287385,0.08017267536479733,0.018679019725044863,0.009814927256722384,0.0,0.37500000000000333,0.6249999999999967,0.6249999999999967,23.85,24.0,0.016771488469601525,-0.004192872117400492,0.0062893081761006275,0.0032893081761006275,5.0,timeout,0.0,1.0
ACB,2025-12-29,2025-12-29,2025-12-30,2026-01-07,23.85,24.1,23.8,24.0,3770400,0.9771609704555614,0.9981285090455397,-0.022839029544438623,0.0037570444583592266,-0.004007123775601085,0,-0.012345679012345734,-0.012345679012345734,47.91666666666664,0.04869250995979213,0.431469931910511,-0.5185842515864605,0.018750000000000034,0.009845625734781338,0.49999999999999406,0.33333333333333726,0.16666666666666863,0.6666666666666627,24.0,24.65,0.03125,-0.01041666666666663,0.027083333333333348,0.02408333333333335,5.0,timeout,0.0,1.0
ACB,2025-12-30,2025-12-30,2025-12-31,2026-01-08,24.0,24.2,23.9,24.1,5337300,0.9782829720606775,1.0018707129494908,-0.02171702793932256,0.0039649415692821766,-0.002879156528791449,0,0.004166666666666652,-0.004132231404958553,50.0,0.05228936940057133,0.6485014650303365,0.4155792488860599,0.01882039122703027,0.007889866913505713,0.33333333333333726,0.33333333333332543,0.33333333333333726,0.6666666666666745,24.15,24.946949999999998,0.037267080745341685,-0.0165631469979296,0.03299999999999992,0.02999999999999992,5.0,target,1.0,1.0
ACB,2025-12-31,2025-12-31,2026-01-05,2026-01-08,24.15,24.25,23.9,24.0,5932900,0.979159034477144,0.9977135730617336,-0.020840965522856022,0.002291666666666581,-0.002274296389554231,0,0.004184100418409997,-0.012345679012345734,51.020408163265316,0.047311903080448914,0.7680860250133832,0.11159200344743603,0.019047619047619088,0.008023775829069473,0.4285714285714228,0.28571428571428864,0.28571428571428864,0.28571428571428864,24.0,24.791999999999998,0.043749999999999956,-0.01041666666666663,0.03299999999999992,0.02999999999999992,4.0,target,1.0,1.0
ACB,2026-01-05,2026-01-05,2026-01-06,2026-01-08,24.0,24.1,23.85,24.0,8986200,0.9805279452501221,0.9970918155380141,-0.01947205474987785,0.0010397171969225294,-0.0023976917137399356,0,0.0,0.0,62.49999999999996,0.043495075479493106,1.1882444957643452,0.5146387095686764,0.018005952380952414,0.0077179368913571425,0.0,0.4000000000000057,0.5999999999999943,0.5999999999999943,24.05,24.84365,0.06029106029106024,-0.012474012474012475,0.03299999999999992,0.02999999999999992,3.0,target,1.0,1.0
ACB,2026-01-06,2026-01-06,2026-01-07,2026-01-08,24.05,24.1,23.75,24.0,12736300,0.9817351598173516,0.9966777408637874,-0.018264840182648415,0.0010392849719393915,-0.0024807840904469414,0,-0.004149377593361092,0.004184100418409997,61.53846153846148,0.04050666407708703,1.6434603470979787,0.41731766486390254,0.018601190476190507,0.007702857130120007,0.14285714285714432,0.14285714285714432,0.7142857142857114,0.7142857142857114,24.2,24.998599999999996,0.06611570247933884,-0.004132231404958553,0.03299999999999992,0.02999999999999992,2.0,target,1.0,1.0
ACB,2026-01-07,2026-01-07,2026-01-08,2026-01-13,24.2,24.75,24.1,24.65,22731900,0.9834427633457036,1.0221853618080032,-0.01655723665429641,0.002494283932654273,-0.0018724304961942329,0,0.027083333333333348,0.027083333333333348,65.11627906976737,0.07958330396306915,2.6311592106024655,0.7848119155484716,0.016372066067806463,0.01036825726936087,0.6923076923076927,0.15384615384615638,0.1538461538461509,0.8461538461538436,24.75,25.56675,0.042424242424242475,-0.010101010101010055,0.03299999999999992,0.02999999999999992,4.0,target,1.0,1.0
ACB,2026-01-08,2026-01-08,2026-01-09,2026-01-13,24.75,25.05,24.5,24.55,24925700,0.9855533790401566,1.0165631469979297,-0.014446620959843403,0.0033236393851265866,-0.001792406713377881,0,0.022916666666666696,0.018672199170124415,62.222222222222214,0.09493240671620512,2.6745862957725017,0.09650755106260367,0.01731160896130349,0.010364770214846252,0.36363636363636187,0.5454545454545461,0.09090909090909208,0.09090909090909208,24.7,25.515099999999997,0.044534412955465674,-0.0080971659919028,0.03299999999999992,0.02999999999999992,3.0,target,1.0,1.0
ACB,2026-01-09,2026-01-09,2026-01-12,2026-01-12,24.7,24.95,24.5,24.55,16460000,0.9872585453505941,1.015511892450879,-0.012741454649405853,0.003945182724252483,-0.0016715590345727227,0,0.022916666666666696,0.022916666666666696,66.66666666666661,0.10077031976775959,1.667771928642463,-0.3396374023598133,0.01803898748908935,0.010329806949995895,0.3333333333333307,0.5555555555555565,0.11111111111111287,0.11111111111111287,24.65,25.463449999999998,0.04665314401622722,-0.006085192697768749,0.03299999999999992,0.02999999999999992,1.0,target,1.0,1.0
ACB,2026-01-12,2026-01-12,2026-01-13,2026-01-13,24.65,25.5,24.65,25.5,22302500,0.9930598081241069,1.0483042137718397,-0.006940191875893109,0.00870827285921627,-0.0010603156478120601,0,0.034482758620689724,0.0625,76.66666666666663,0.16073787501216114,2.1023652256867034,0.354951397326853,0.019467787114845966,0.014664508334855612,1.0,0.0,0.0,1.0,25.7,25.186,0.0038910505836575737,-0.046692607003890996,-0.020000000000000018,-0.023000000000000017,1.0,stop,0.0,0.0
ACB,2026-01-13,2026-01-13,2026-01-14,2026-01-14,25.7,25.8,24.9,24.9,24138300,0.9976310092717398,1.0194472876151484,-0.0023689907282602738,0.011387163561076719,-0.0008570029382959365,0,0.014256619144602745,0.03749999999999987,59.37499999999994,0.1522055099315463,2.170913466727104,0.0823136419683892,0.020940906483075193,0.01723488343210249,0.8888888888888876,0.11111111111111242,0.0,0.0,25.0,24.5,0.01200000000000001,-0.020000000000000018,-0.020000000000000018,-0.023000000000000017,1.0,stop,0.0,0.0
ACB,2026-01-14,2026-01-14,2026-01-15,2026-01-21,25.0,25.15,24.5,24.65,19456100,1.0009400416888055,1.0065332788893424,0.0009400416888054621,0.013029989658738472,-0.0008167599134235592,1,0.004073319755600657,0.0,56.716417910447745,0.12317527772282096,1.6735120089524176,-0.19397389211336336,0.02115328890176763,0.01781710692766564,0.5384615384615419,0.2307692307692291,0.2307692307692291,0.2307692307692291,24.85,24.85,0.01810865191146882,-0.012072434607645954,0.0,-0.003,5.0,timeout,0.0,0.0
ACB,2026-01-15,2026-01-15,2026-01-16,2026-01-22,24.85,24.9,24.55,24.9,14169900,1.0051135201472694,1.0134310134310134,0.005113520147269381,0.010071942446043147,-0.002041232904674506,0,-0.02352941176470591,0.014256619144602745,58.57142857142854,0.1144472827855498,1.1964895407752918,-0.27169885023206086,0.020510613884107878,0.01796696396351631,0.1428571428571356,0.0,0.8571428571428644,1.0,25.0,24.85,0.01200000000000001,-0.014000000000000012,-0.005999999999999894,-0.008999999999999894,5.0,timeout,0.0,0.0
ACB,2026-01-16,2026-01-16,2026-01-19,2026-01-23,25.0,25.1,24.65,24.85,10941400,1.0092099877200162,1.0079091462178058,0.009209987720016286,0.00941658137154544,-0.0021647673896171282,0,-0.00200803212851397,0.012219959266802416,63.0769230769231,0.09949572511419402,0.9066129949740791,-0.2278421160346933,0.02012072434607648,0.017879344830238154,0.3333333333333281,0.222222222222224,0.444444444444448,0.444444444444448,24.9,25.05,0.016064257028112428,-0.0060240963855421326,0.006024096385542244,0.0030240963855422435,5.0,timeout,0.0,1.0
ACB,2026-01-19,2026-01-19,2026-01-20,2026-01-26,24.9,25.15,24.75,25.1,10927600,1.0138786538933924,1.0135271552594387,0.013878653893392377,0.011229073091057584,-0.001675726488739926,0,0.018255578093306468,-0.015686274509803866,67.64705882352946,0.10034567251281484,0.878642332121752,-0.0012612645548101264,0.019920318725099608,0.017935425980907523,0.5000000000000089,0.12499999999999334,0.3749999999999978,0.8750000000000067,25.1,24.8,0.007968127490039834,-0.017928286852589737,-0.01195219123505975,-0.01495219123505975,5.0,timeout,0.0,0.0
ACB,2026-01-20,2026-01-20,2026-01-21,2026-01-27,25.1,25.3,25.0,25.05,18384900,1.0180523148716687,1.0072376357056696,0.018052314871668727,0.012210012210012167,-0.0006545305788504541,0,0.006024096385542244,0.006024096385542244,65.67164179104479,0.09168113428537386,1.394990980122124,0.6824279805263735,0.01996007984031937,0.018003555776571988,0.16666666666666863,0.6666666666666627,0.16666666666666863,0.16666666666666863,25.0,24.5,0.006000000000000005,-0.02200000000000002,-0.020000000000000018,-0.023000000000000017,5.0,stop,0.0,0.0
ACB,2026-01-21,2026-01-21,2026-01-22,2026-01-28,25.0,25.15,24.75,24.85,12924400,1.018829308227589,0.9983929288871033,0.018829308227589065,0.009531535185560935,0.0,0,0.0,0.008113590263691739,60.86956521739131,0.06772570078220819,0.9699514964213319,-0.29701004628798633,0.020408163265306124,0.016450282437562115,0.3749999999999978,0.3749999999999978,0.25000000000000444,0.25000000000000444,24.9,24.401999999999997,0.008032128514056325,-0.04216867469879504,-0.020000000000000018,-0.023000000000000017,5.0,stop,0.0,0.0
ACB,2026-01-22,2026-01-22,2026-01-23,2026-01-27,24.9,25.05,24.8,24.85,10084800,1.0200573065902578,0.9971910112359552,0.020057306590257815,0.006258833030486466,0.0001637599279455948,0,-0.009960159362549792,-0.00200803212851397,62.68656716417915,0.04805118595475308,0.7525905561258243,-0.2197084584197332,0.02012072434607646,0.016363463835444157,0.19999999999998863,0.6000000000000085,0.20000000000000284,0.20000000000000284,25.0,24.5,0.0040000000000000036,-0.050000000000000044,-0.020000000000000018,-0.023000000000000017,3.0,stop,0.0,0.0
ACB,2026-01-23,2026-01-23,2026-01-26,2026-01-27,25.0,25.1,24.9,25.05,11781000,1.022229500143284,1.0032038446135363,0.02222950014328389,0.004020908725371974,-8.186990871505984e-05,0,0.0,0.008048289738430636,64.78873239436624,0.044745252986892636,0.8692088251883895,0.168193717277487,0.01996007984031936,0.016487984752603775,0.25,0.25,0.5,0.75,25.05,24.549,0.001996007984031989,-0.05189620758483038,-0.020000000000000018,-0.023000000000000017,2.0,stop,0.0,0.0
ACB,2026-01-26,2026-01-26,2026-01-27,2026-01-28,25.05,25.1,24.65,24.8,13742900,1.019614266410057,0.995983935742972,0.019614266410056886,0.0004017677782242046,-0.000368399508800632,0,-0.002012072434607659,-0.01195219123505975,60.52631578947371,0.023052200284925606,0.9902423348070948,0.16653085476614882,0.02044930875576037,0.010646823102553904,0.555555555555552,0.111111111111112,0.333333333333336,0.333333333333336,24.6,24.108,0.008130081300812941,-0.03658536585365857,-0.020000000000000018,-0.023000000000000017,2.0,stop,0.0,0.0
ACB,2026-01-27,2026-01-27,2026-01-28,2026-01-28,24.6,24.8,24.45,24.7,12471600,1.0190039318479684,0.992765273311897,0.019003931847968485,-0.0016051364365969878,-0.0005730659025786622,0,-0.006036217303822977,-0.013972055888223589,50.76923076923078,0.0004917517652552605,0.8838646648672726,-0.09250594852614802,0.01937536148062465,0.007825840406000333,0.2857142857142785,0.28571428571428864,0.42857142857143293,0.7142857142857114,24.45,23.961,0.002044989775051187,-0.030674846625766916,-0.020000000000000018,-0.023000000000000017,1.0,stop,0.0,0.0
ACB,2026-01-28,2026-01-28,2026-01-29,2026-02-04,24.45,24.5,23.85,23.9,32294900,1.0169734738223115,0.9635154202781697,0.01697347382231157,-0.0066079295154184425,-0.0014737790150245456,0,-0.045908183632734634,-0.03822937625754541,41.77215189873415,-0.06610319313203478,2.0786430432020535,1.5894752878540044,0.020920502092050212,0.01253735955574164,0.8461538461538491,0.07692307692307819,0.07692307692307272,0.07692307692307272,24.0,23.6,0.006249999999999867,-0.018749999999999933,-0.016666666666666607,-0.019666666666666607,5.0,timeout,0.0,0.0
ACB,2026-01-29,2026-01-29,2026-01-30,2026-02-05,24.0,24.15,23.75,23.8,20344800,1.0135440180586908,0.9637578457177567,0.013544018058690821,-0.008232931726907533,-0.00229310839031982,0,-0.040322580645161255,-0.04225352112676062,40.74074074074074,-0.11198406299360353,1.2491507748095787,-0.3700305621011367,0.020858343337334932,0.011654516976770777,0.5,0.3749999999999978,0.12500000000000222,0.12500000000000222,23.85,23.45,0.01048218029350112,-0.016771488469601747,-0.016771488469601747,-0.019771488469601747,5.0,timeout,0.0,0.0
ACB,2026-01-30,2026-01-30,2026-02-02,2026-02-04,23.85,24.1,23.8,24.1,15667300,1.0111298205265105,0.9788789601949635,0.011129820526510362,-0.010450160771704242,-0.0027441022280473293,0,-0.024291497975708398,-0.03792415169660679,29.411764705882362,-0.11669430104973967,0.9340437740798426,-0.2299113286933271,0.018672199170124484,0.01284908784733574,0.8333333333333314,0.0,0.16666666666666863,1.0,24.05,23.569,0.0,-0.04365904365904372,-0.020000000000000018,-0.023000000000000017,3.0,stop,0.0,0.0
ACB,2026-02-02,2026-02-02,2026-02-03,2026-02-06,24.05,24.05,23.7,23.75,14303300,1.006453469253535,0.9699816214008575,0.006453469253535022,-0.01290062487401722,-0.002582919929482008,0,-0.006276150627614996,-0.04233870967741937,31.74603174603176,-0.13656817780027028,0.839421156044668,-0.08706031032788031,0.017443609022556393,0.012420461216385412,0.8571428571428557,0.0,0.14285714285714432,0.14285714285714432,23.8,23.324,0.004201680672268893,-0.037815126050420256,-0.019999999999999907,-0.022999999999999906,4.0,stop,0.0,0.0
ACB,2026-02-03,2026-02-03,2026-02-04,2026-02-06,23.8,23.9,23.7,23.7,17659700,1.0017278262300477,0.9733059548254619,0.00172782623004764,-0.013970439360194375,-0.0023394213010463627,0,-0.004201680672269004,-0.04048582995951422,33.89830508474577,-0.14544794240925057,1.021639336675219,0.23465913460530086,0.01612417118746233,0.012417016646420212,0.5000000000000089,0.4999999999999911,0.0,0.0,23.7,23.226,0.0042194092827005925,-0.03586497890295348,-0.020000000000000018,-0.023000000000000017,3.0,stop,0.0,0.0
ACB,2026-02-04,2026-02-04,2026-02-05,2026-02-06,23.7,23.8,23.55,23.6,17881700,0.9974061264822135,0.9742002063983488,-0.0025938735177865133,-0.01604386677497971,-0.0025052363546756995,0,-0.020746887966805017,-0.012552301255229992,26.78571428571432,-0.14983069649437553,1.0492022010028668,0.012570994977264549,0.015889830508474586,0.012388836967038006,0.3999999999999915,0.4000000000000057,0.20000000000000284,0.20000000000000284,23.65,23.177,0.0021141649048626032,-0.033826638477801096,-0.019999999999999907,-0.022999999999999906,2.0,stop,0.0,0.0
ACB,2026-02-05,2026-02-05,2026-02-06,2026-02-09,23.65,23.7,23.45,23.45,14043600,0.9922547686730111,0.9736350425576084,-0.0077452313269889324,-0.016336532570961904,-0.002260769483722447,0,-0.012631578947368438,-0.014705882352941235,25.862068965517224,-0.15401444901935893,0.8511770536882914,-0.21463842923211995,0.01538227231190984,0.012261764226415955,0.7999999999999972,0.20000000000000284,0.0,0.0,23.4,22.932,0.019230769230769384,-0.02350427350427342,-0.020000000000000018,-0.023000000000000017,2.0,stop,0.0,0.0
ACB,2026-02-06,2026-02-06,2026-02-09,2026-02-13,23.4,23.45,23.0,23.0,18597300,0.984782877644439,0.9631490787269681,-0.015217122355561044,-0.019301848049281256,-0.0024271844660194164,0,-0.029535864978902926,-0.045643153526971014,16.129032258064512,-0.1766484210631278,1.119921232814843,0.32425446466717944,0.01583850931677019,0.011884577363240664,0.8888888888888872,0.11111111111111287,0.0,0.0,23.2,23.85,0.030172413793103425,-0.015086206896551602,0.028017241379310498,0.0250172413793105,5.0,timeout,0.0,1.0
ACB,2026-02-09,2026-02-09,2026-02-10,2026-02-13,23.2,23.35,22.9,22.95,11128300,0.978283307873333,0.9685587676725047,-0.021716692126667075,-0.021878224974200222,-0.0027585638998680606,0,-0.02754237288135597,-0.03368421052631587,16.129032258064512,-0.18373044003475075,0.6934734367823899,-0.40161743909062064,0.016339869281045763,0.012027493278048215,0.555555555555552,0.333333333333336,0.111111111111112,0.111111111111112,23.1,23.8623,0.04329004329004338,-0.010822510822510845,0.03299999999999992,0.02999999999999992,4.0,target,1.0,1.0
ACB,2026-02-10,2026-02-10,2026-02-11,2026-02-12,23.1,23.15,22.85,23.0,14120400,0.9722681434947923,0.9776833156216791,-0.027731856505207736,-0.023250986090928016,-0.00317224900094748,0,-0.019189765458422103,-0.029535864978902926,18.644067796610173,-0.1738930197557239,0.9082807189751642,0.2688730533864112,0.015993788819875784,0.012390343171147022,0.33333333333334125,0.16666666666665877,0.5,0.5,23.05,23.81065,0.045553145336225676,0.0,0.03299999999999992,0.02999999999999992,2.0,target,1.0,1.0
ACB,2026-02-11,2026-02-11,2026-02-12,2026-02-25,23.05,23.65,23.05,23.65,17796900,0.9715159783372608,1.0063829787234042,-0.028484021662739265,-0.01591289782244565,-0.002474328838302675,0,0.02826086956521734,0.0021186440677964935,33.3333333333333,-0.11527958090742924,1.150909554762928,0.2603679782442423,0.01676230745998188,0.013403622693941195,1.0,0.0,0.0,1.0,23.65,24.430449999999997,0.03382663847780121,-0.004228329809725095,0.03299999999999992,0.02999999999999992,5.0,target,1.0,1.0
ACB,2026-02-12,2026-02-12,2026-02-13,2026-02-26,23.65,23.85,23.55,23.85,17469600,0.9718030346880556,1.0146777281429482,-0.028196965311944374,-0.008018569318421487,-0.0014037405557162375,0,0.03921568627450989,0.017057569296375252,33.33333333333337,-0.05762209512136801,1.1178168862680058,-0.018390843349122554,0.016771488469601678,0.013660499821653637,0.6666666666666745,0.0,0.33333333333332543,1.0,23.85,24.45,0.029350104821803003,-0.0062893081761007386,0.02515723270440251,0.02215723270440251,5.0,timeout,0.0,1.0
ACB,2026-02-13,2026-02-13,2026-02-23,2026-02-27,23.85,23.9,23.7,23.85,13629700,0.971251292657704,1.015758091993186,-0.02874870734229592,-0.001912858660998995,-0.0008679120515789895,0,0.036956521739130554,0.036956521739130554,35.820895522388085,-0.01621848322720687,0.8646786233480421,-0.2198046892888217,0.01602276130578017,0.012961929023549467,0.0,0.24999999999998668,0.7500000000000133,0.7500000000000133,24.0,24.55,0.025000000000000133,-0.006249999999999978,0.022916666666666696,0.019916666666666697,5.0,timeout,0.0,1.0
ACB,2026-02-23,2026-02-23,2026-02-24,2026-03-02,24.0,24.1,23.85,24.05,11535400,0.9731765874658498,1.0229689493832412,-0.026823412534150166,0.00042553191489358433,-0.001281574269296093,0,0.016913319238900826,0.04793028322440085,40.57971014492757,0.025627567617123592,0.730406426847125,-0.15365708709656123,0.015592515592515581,0.01230782031200448,0.20000000000000284,0.20000000000000284,0.5999999999999943,0.7999999999999972,24.1,23.95,0.020746887966804906,-0.008298755186722073,-0.006224066390041583,-0.009224066390041582,5.0,timeout,0.0,0.0
ACB,2026-02-24,2026-02-24,2026-02-25,2026-03-03,24.1,24.1,24.0,24.0,13798400,0.9747008405449049,1.0195412064570943,-0.025299159455095054,0.0014890448840669812,-0.001488402861041127,0,0.0062893081761006275,0.04347826086956519,51.85185185185188,0.0495444651264382,0.8865701178375461,0.19617871942021958,0.013392857142857144,0.012307010144494795,1.0,0.0,0.0,0.0,24.1,23.618000000000002,0.020746887966804906,-0.024896265560165998,-0.020000000000000018,-0.023000000000000017,5.0,stop,0.0,0.0
ACB,2026-02-25,2026-02-25,2026-02-26,2026-03-02,24.1,24.45,24.05,24.45,16965000,0.9780178837555887,1.0349206349206348,-0.02198211624441128,0.006175468483816227,-0.0007859358841779684,0,0.02515723270440251,0.03382663847780121,60.655737704917996,0.09276586343354185,1.0760613301044093,0.22949037569573294,0.013292433537832314,0.013263271780994006,0.8749999999999978,0.0,0.12500000000000222,1.0,24.5,24.009999999999998,0.004081632653061273,-0.05714285714285705,-0.02000000000000013,-0.023000000000000128,3.0,stop,0.0,0.0
ACB,2026-02-26,2026-02-26,2026-02-27,2026-03-02,24.5,24.55,24.25,24.45,13367200,0.9818731117824774,1.030558482613277,-0.018126888217522612,0.00914504466184618,0.0002069707757266226,0,0.016632016632016633,0.02515723270440251,56.36363636363632,0.11689183084581911,0.8391237888380064,-0.2120719127615679,0.013292433537832314,0.012878631963347115,0.16666666666666863,0.16666666666666863,0.6666666666666627,0.6666666666666627,24.45,23.961,0.006134969325153561,-0.05521472392638027,-0.020000000000000018,-0.023000000000000017,2.0,stop,0.0,0.0
ACB,2026-02-27,2026-02-27,2026-03-02,2026-03-03,24.45,24.6,24.2,24.55,11051000,0.987919907330796,1.0280569514237856,-0.012080092669203958,0.014443500424808908,0.0008695292120408649,0,0.022916666666666696,0.029350104821803003,66.0,0.13389977528964858,0.6953178825239328,-0.17327488180022743,0.01323828920570265,0.009937165333029251,0.2500000000000022,0.1250000000000011,0.6249999999999967,0.8749999999999989,24.0,23.52,0.01041666666666674,-0.03749999999999998,-0.020000000000000018,-0.023000000000000017,2.0,stop,0.0,0.0
ACB,2026-03-02,2026-03-02,2026-03-03,2026-03-04,24.0,24.2,23.9,23.95,19337800,0.9920569253681945,0.9987489574645537,-0.007943074631805547,0.015026455026454943,0.0006623613180991583,0,-0.020449897750511203,-0.004158004158004269,54.09836065573769,0.10057714693844533,1.1956697486180066,0.7498687901547372,0.014912019087384442,0.013844611303377318,0.16666666666666863,0.6666666666666627,0.16666666666666863,0.16666666666666863,23.95,23.471,0.012526096033403045,-0.09394572025052195,-0.020000000000000018,-0.023000000000000017,2.0,stop,0.0,0.0
ACB,2026-03-03,2026-03-03,2026-03-04,2026-03-09,23.95,24.25,23.5,23.5,14088200,0.9941254343868938,0.9779442363712026,-0.005874565613106197,0.012855637513171647,0.000372470305839645,0,-0.03885480572597133,-0.02083333333333337,48.52941176470586,0.046798531775860755,0.8667514661753012,-0.2714683159407999,0.01671732522796354,0.01567812207551883,0.5999999999999991,0.40000000000000097,0.0,0.0,23.5,23.03,0.004255319148936287,-0.07659574468085106,-0.019999999999999907,-0.022999999999999906,4.0,stop,0.0,0.0
ACB,2026-03-04,2026-03-04,2026-03-05,2026-03-09,23.5,23.6,23.1,23.2,21996800,0.9925512104283054,0.9672712111736502,-0.007448789571694588,0.0043969849246230375,-0.00028959126261784984,0,-0.054989816700611094,-0.05112474437627812,46.47887323943663,-0.0075163494976456385,1.3975876669089504,0.5613634105137633,0.017703201970443363,0.01330803627231764,0.6000000000000014,0.20000000000000284,0.19999999999999574,0.19999999999999574,23.5,23.03,0.004255319148936287,-0.07659574468085106,-0.019999999999999907,-0.022999999999999906,3.0,stop,0.0,0.0
ACB,2026-03-05,2026-03-05,2026-03-06,2026-03-09,23.5,23.55,23.2,23.55,9923300,0.9916790859413811,0.9830932999373826,-0.008320914058618852,-0.0010425354462051395,-0.0006619228859839899,0,-0.01670146137787054,-0.036809815950920144,57.97101449275362,-0.017821463390447295,0.6520745601685367,-0.5488752909514112,0.017136791022141357,0.014023803452163214,0.14285714285714432,0.0,0.8571428571428557,1.0,23.5,23.03,0.004255319148936287,-0.07659574468085106,-0.019999999999999907,-0.022999999999999906,2.0,stop,0.0,0.0
ACB,2026-03-06,,,,23.5,23.6,23.2,23.3,11699100,0.9899759754784193,0.9748953974895398,-0.010024024521580684,-0.005409904286308942,-0.0012411054112198006,0,-0.008510638297872353,-0.050916496945010215,54.79452054794522,-0.03825187617186418,0.7789203932052943,0.1789525661826208,0.01716738197424894,0.014323465475219963,0.49999999999999556,0.2500000000000022,0.2500000000000022,0.2500000000000022,,,,,,,,,,
ACB,2026-03-09,,,,22.1,22.65,21.7,21.7,35451400,0.9819909539814929,0.9169659835199662,-0.018009046018507037,-0.0133416718782573,-0.0027312228429546836,0,-0.06465517241379315,-0.09394572025052195,37.5,-0.15002429652986782,2.2050949677303784,2.0302672855176893,0.02271231073074394,0.024839532319845273,0.42105263157894995,0.5789473684210501,0.0,0.0,,,,,,,,,,
ACB,2026-03-10,,,,22.55,23.2,22.0,23.15,23159600,0.9790732436472348,0.9817642069550466,-0.02092675635276523,-0.01565435190983111,-0.0029806259314457684,0,-0.016985138004246392,-0.014893617021276673,45.833333333333336,-0.11820301231532282,1.4163130154748322,-0.346722555385683,0.023912372724467792,0.0348155628671557,0.4999999999999985,0.04166666666666728,0.4583333333333342,0.9583333333333327,,,,,,,,,,
ACB,2026-03-11,,,,23.05,23.6,23.0,23.2,18301200,0.9747735017870502,0.989128117672138,-0.025226498212949706,-0.01861924686192451,-0.003313727114572229,0,-0.0042918454935623185,0.0,44.44444444444443,-0.08712342101740339,1.117766372829431,-0.2097790980845956,0.024784482758620725,0.03404796867659877,0.24999999999999703,0.6666666666666686,0.08333333333333431,0.33333333333333137,,,,,,,,,,
ACB,2026-03-12,,,,23.0,23.25,22.6,23.15,15668600,0.9702175450272451,0.992497320471597,-0.02978245497275492,-0.014367208958377398,-0.002406738868832692,0,0.06682027649769573,-0.016985138004246392,44.06779661016947,-0.06432114648508586,0.952251878844749,-0.1438484908093458,0.026226473310706606,0.034021636538354015,0.2307692307692291,0.15384615384615638,0.6153846153846145,0.8461538461538436,,,,,,,,,,
