Date,Open,High,Low,Close,Volume,Return,Return_Pct,Next_Return,Next_Return_Pct,Next_Close,High_Low_Spread,Close_Open_Change,DayOfWeek,Month,Year,MA7,MA14,MA30,Volatility_7,Volatility_14,Close_Lag_1,Return_Lag_1,Close_Lag_2,Return_Lag_2,Close_Lag_3,Return_Lag_3,Close_Lag_5,Return_Lag_5
2020-10-14,931.89,940.18,931.89,940.18,366740820.0,0.011098444927193363,1.1098444927193363,0.002744155374502899,0.2744155374502899,942.76,8.289999999999964,8.289999999999964,2,10,2020,924.8714285714285,917.3385714285714,907.075,8.251243196375412,10.037295726165679,929.86,0.004352850955358978,925.83,0.0019805194805195825,924.0,0.005615776413739004,919.72,0.004422990815468486
2020-10-15,945.28,945.93,938.7,942.76,418039070.0,0.002744155374502899,0.2744155374502899,0.0005727862870719136,0.05727862870719136,943.3,7.2299999999999045,-2.519999999999982,3,10,2020,928.7414285714285,919.8021428571428,908.368,9.477996322310693,11.730159798617263,940.18,0.011098444927193363,929.86,0.004352850955358978,925.83,0.0019805194805195825,918.84,-0.000956812943069596
2020-10-16,944.03,946.23,935.98,943.3,376214380.0,0.0005727862870719136,0.05727862870719136,0.00041344217110150794,0.041344217110150794,943.69,10.25,-0.7300000000000182,4,10,2020,932.11,922.0021428571428,909.7600000000001,9.917403894166245,13.067353436108366,942.76,0.002744155374502899,940.18,0.011098444927193363,929.86,0.004352850955358978,924.0,0.005615776413739004
2020-10-19,945.01,946.29,941.92,943.69,337193640.0,0.00041344217110150794,0.041344217110150794,0.000773559113691924,0.0773559113691924,944.42,4.3700000000000045,-1.3199999999999363,0,10,2020,935.66,924.8385714285714,911.6080000000001,8.755145153947735,13.163923226959058,943.3,0.0005727862870719136,942.76,0.002744155374502899,940.18,0.011098444927193363,925.83,0.0019805194805195825
2020-10-20,941.0,944.54,937.32,944.42,365067740.0,0.000773559113691924,0.0773559113691924,-0.0057072065394633276,-0.5707206539463328,939.03,7.219999999999914,3.419999999999959,1,10,2020,938.5771428571428,927.6392857142856,913.4173333333333,7.540218198183759,12.833522488021252,943.69,0.00041344217110150794,943.3,0.0005727862870719136,942.76,0.002744155374502899,929.86,0.004352850955358978
2020-10-21,947.16,948.2,939.0,939.03,353904170.0,-0.0057072065394633276,-0.5707206539463328,0.011575775001863686,1.1575775001863686,949.9,9.200000000000045,-8.129999999999995,2,10,2020,940.4628571428572,929.4207142857143,915.0743333333334,5.065460539400543,12.535571825369958,944.42,0.000773559113691924,943.69,0.00041344217110150794,943.3,0.0005727862870719136,940.18,0.011098444927193363
2020-10-22,938.06,949.9,933.78,949.9,298972610.0,0.011575775001863686,1.1575775001863686,0.011959153595115346,1.1959153595115346,961.26,16.120000000000005,11.840000000000032,3,10,2020,943.3257142857143,932.2771428571428,917.1103333333333,3.493345374393894,12.301756865505855,939.03,-0.0057072065394633276,944.42,0.000773559113691924,943.69,0.00041344217110150794,942.76,0.002744155374502899
2020-10-23,953.45,961.26,953.14,961.26,370461040.0,0.011959153595115346,1.1959153595115346,-0.010881551297255765,-1.0881551297255765,950.8,8.120000000000005,7.809999999999945,4,10,2020,946.3371428571429,935.6042857142858,919.5200000000001,7.319869566886524,13.424146278132632,949.9,0.011575775001863686,939.03,-0.0057072065394633276,944.42,0.000773559113691924,943.3,0.0005727862870719136
2020-10-26,967.52,970.15,950.8,950.8,379914380.0,-0.010881551297255765,-1.0881551297255765,-0.0045540597391668936,-0.45540597391668936,946.47,19.350000000000023,-16.720000000000027,0,10,2020,947.4857142857143,938.1135714285714,921.3943333333333,7.2957701378815605,12.673664157883167,961.26,0.011959153595115346,949.9,0.011575775001863686,939.03,-0.0057072065394633276,943.69,0.00041344217110150794
2020-10-27,950.8,954.72,946.28,946.47,387034170.0,-0.0045540597391668936,-0.45540597391668936,-0.02685769226705559,-2.685769226705559,921.05,8.440000000000055,-4.329999999999927,1,10,2020,947.9385714285714,940.0242857142857,923.068,7.088082553537114,11.663479302958851,950.8,-0.010881551297255765,961.26,0.011959153595115346,949.9,0.011575775001863686,944.42,0.000773559113691924
2020-10-28,942.82,946.91,921.05,921.05,407659250.0,-0.02685769226705559,-2.685769226705559,-0.002138863253894896,-0.2138863253894896,919.08,25.860000000000014,-21.770000000000095,2,10,2020,944.7042857142858,940.1821428571428,923.8539999999999,12.471074341777216,11.365868052788889,946.47,-0.0045540597391668936,950.8,-0.010881551297255765,961.26,0.011959153595115346,939.03,-0.0057072065394633276
2020-10-29,918.56,925.84,914.33,919.08,336614810.0,-0.002138863253894896,-0.2138863253894896,0.00695260477869164,0.695260477869164,925.47,11.509999999999991,0.5200000000000955,3,10,2020,941.0842857142858,939.8307142857142,924.6886666666668,15.800625364358062,11.964974823520217,921.05,-0.02685769226705559,946.47,-0.0045540597391668936,950.8,-0.010881551297255765,949.9,0.011575775001863686
2020-10-30,925.41,926.32,911.2,925.47,280753410.0,0.00695260477869164,0.695260477869164,0.008871168163203436,0.8871168163203436,933.68,15.120000000000005,0.06000000000005912,4,10,2020,939.1471428571429,939.805,925.506,16.88824415018391,11.997720777137378,919.08,-0.002138863253894896,921.05,-0.02685769226705559,946.47,-0.0045540597391668936,961.26,0.011959153595115346
2020-11-02,926.09,933.68,924.14,933.68,260733400.0,0.008871168163203436,0.8871168163203436,0.0018528832148059227,0.18528832148059227,935.41,9.539999999999964,7.589999999999918,0,11,2020,936.8299999999999,940.0778571428572,926.3639999999999,16.268366031453834,11.795889883000282,925.47,0.00695260477869164,919.08,-0.002138863253894896,921.05,-0.02685769226705559,950.8,-0.010881551297255765
2020-11-03,936.73,937.57,932.18,935.41,281735400.0,0.0018528832148059227,0.18528832148059227,0.004650367218652862,0.4650367218652862,939.76,5.3900000000001,-1.32000000000005,1,11,2020,933.1371428571427,939.7371428571429,927.338,12.231717941873375,11.861419313550476,933.68,0.008871168163203436,925.47,0.00695260477869164,919.08,-0.002138863253894896,946.47,-0.0045540597391668936
2020-11-04,935.41,943.56,933.86,939.76,310903070.0,0.004650367218652862,0.4650367218652862,-0.002138843960160064,-0.2138843960160064,937.75,9.699999999999932,4.350000000000023,2,11,2020,931.5600000000001,939.5228571428571,928.2466666666667,10.100854749311488,11.829664426329277,935.41,0.0018528832148059227,933.68,0.008871168163203436,925.47,0.00695260477869164,921.05,-0.02685769226705559
2020-11-05,940.32,945.51,937.75,937.75,254777110.0,-0.002138843960160064,-0.2138843960160064,0.0005758464409491015,0.05758464409491015,938.29,7.759999999999991,-2.57000000000005,3,11,2020,930.3142857142857,939.1264285714286,929.2189999999999,8.339753907527232,11.786264892233238,939.76,0.004650367218652862,935.41,0.0018528832148059227,933.68,0.008871168163203436,919.08,-0.002138863253894896
2020-11-06,939.73,941.2,934.63,938.29,232768190.0,0.0005758464409491015,0.05758464409491015,0.014601029532447463,1.4601029532447463,951.99,6.57000000000005,-1.4400000000000546,4,11,2020,932.7771428571428,938.7407142857144,930.2196666666666,7.66631531286138,11.713565747776029,937.75,-0.002138843960160064,939.76,0.004650367218652862,935.41,0.0018528832148059227,925.47,0.00695260477869164
2020-11-09,942.15,951.99,942.15,951.99,352182900.0,0.014601029532447463,1.4601029532447463,-9.453880818077742e-05,-0.009453880818077742,951.9,9.840000000000032,9.840000000000032,0,11,2020,937.4785714285715,939.2814285714286,931.5360000000001,7.952279397699386,12.162031622505063,938.29,0.0005758464409491015,937.75,-0.002138843960160064,939.76,0.004650367218652862,933.68,0.008871168163203436
2020-11-10,962.68,963.47,951.9,951.9,398473090.0,-9.453880818077742e-05,-0.009453880818077742,0.00033616976573180857,0.03361697657318086,952.22,11.57000000000005,-10.779999999999973,1,11,2020,941.2542857142856,940.2007142857143,933.1333333333332,7.565405600811619,12.619365743104634,951.99,0.014601029532447463,938.29,0.0005758464409491015,937.75,-0.002138843960160064,935.41,0.0018528832148059227
2020-11-11,954.46,956.65,947.61,952.22,334146980.0,0.00033616976573180857,0.03361697657318086,0.00741425300875842,0.741425300875842,959.28,9.039999999999964,-2.240000000000009,2,11,2020,943.9028571428572,940.3664285714285,934.7003333333333,7.71561990226468,12.770855406048533,951.9,-9.453880818077742e-05,951.99,0.014601029532447463,938.29,0.0005758464409491015,939.76,0.004650367218652862
2020-11-12,953.97,959.28,953.62,959.28,301718780.0,0.00741425300875842,0.741425300875842,0.00730756400633803,0.730756400633803,966.29,5.659999999999968,5.309999999999945,3,11,2020,947.3128571428571,940.225,936.2066666666666,8.564616578860491,12.530374019833726,952.22,0.00033616976573180857,951.9,-9.453880818077742e-05,951.99,0.014601029532447463,937.75,-0.002138843960160064
2020-11-13,959.56,966.29,959.13,966.29,398286010.0,0.00730756400633803,0.730756400633803,-0.016040733113247607,-1.6040733113247607,950.79,7.159999999999968,6.730000000000018,4,11,2020,951.1028571428571,941.3314285714285,938.0859999999999,10.349344124608159,14.119132059368656,959.28,0.00741425300875842,952.22,0.00033616976573180857,951.9,-9.453880818077742e-05,938.29,0.0005758464409491015
2020-11-16,970.11,972.98,950.5,950.79,449713430.0,-0.016040733113247607,-1.6040733113247607,0.019047318545630576,1.9047318545630576,968.9,22.480000000000018,-19.32000000000005,0,11,2020,952.9657142857143,941.64,939.2896666666667,8.56505469362578,14.2862903620112,966.29,0.00730756400633803,959.28,0.00741425300875842,952.22,0.00033616976573180857,951.99,0.014601029532447463
2020-11-17,955.52,968.9,953.22,968.9,352793810.0,0.019047318545630576,1.9047318545630576,0.004778614924140667,0.4778614924140667,973.53,15.67999999999995,13.379999999999995,1,11,2020,957.3385714285714,945.0578571428571,941.0640000000001,7.581036491519912,14.699267997772328,950.79,-0.016040733113247607,966.29,0.00730756400633803,959.28,0.00741425300875842,951.9,-9.453880818077742e-05
2020-11-18,969.48,974.3,966.32,973.53,419396590.0,0.004778614924140667,0.4778614924140667,0.009994555894528245,0.9994555894528245,983.26,7.9799999999999045,4.0499999999999545,2,11,2020,960.4157142857142,948.9471428571429,942.8576666666667,9.238562040245952,14.499157762579951,968.9,0.019047318545630576,950.79,-0.016040733113247607,966.29,0.00730756400633803,952.22,0.00033616976573180857
2020-11-19,975.32,983.26,974.33,983.26,442256890.0,0.009994555894528245,0.9994555894528245,0.006854748489717899,0.6854748489717899,990.0,8.92999999999995,7.939999999999941,3,11,2020,964.8957142857142,953.075,945.0049999999999,11.697274407804464,15.493372156158905,973.53,0.004778614924140667,968.9,0.019047318545630576,950.79,-0.016040733113247607,959.28,0.00741425300875842
2020-11-20,984.71,990.0,980.72,990.0,443915920.0,0.006854748489717899,0.6854748489717899,0.004232323232323365,0.4232323232323365,994.19,9.279999999999973,5.289999999999964,4,11,2020,970.2928571428571,957.0978571428572,947.2049999999999,13.457369374296162,17.27893745779356,983.26,0.009994555894528245,973.53,0.004778614924140667,968.9,0.019047318545630576,966.29,0.00730756400633803
2020-11-23,991.87,995.9,985.38,994.19,418883570.0,0.004232323232323365,0.4232323232323365,0.0015791750067892796,0.15791750067892796,995.76,10.519999999999982,2.32000000000005,0,11,2020,975.28,961.2964285714286,949.4836666666667,15.068145207690911,18.68766298396384,990.0,0.006854748489717899,983.26,0.009994555894528245,973.53,0.004778614924140667,950.79,-0.016040733113247607
2020-11-24,996.55,997.99,984.92,995.76,474679040.0,0.0015791750067892796,0.15791750067892796,0.004197798666345287,0.4197798666345287,999.94,13.07000000000005,-0.7899999999999636,1,11,2020,979.49,965.2964285714286,951.6803333333334,16.211290304395728,19.689696097644543,994.19,0.004232323232323365,990.0,0.006854748489717899,983.26,0.009994555894528245,968.9,0.019047318545630576
2020-11-25,1000.39,1002.31,996.8,999.94,412154600.0,0.004197798666345287,0.4197798666345287,0.00603036182170924,0.603036182170924,1005.97,5.509999999999991,-0.4499999999999318,2,11,2020,986.5114285714286,969.7385714285714,953.6723333333333,11.734883082180566,20.009628781065953,995.76,0.0015791750067892796,994.19,0.004232323232323365,990.0,0.006854748489717899,973.53,0.004778614924140667
2020-11-26,999.24,1005.97,994.91,1005.97,385966160.0,0.00603036182170924,0.603036182170924,0.004224778074892965,0.42247780748929653,1010.22,11.06000000000006,6.730000000000018,3,11,2020,991.8071428571429,974.5728571428571,955.7793333333333,10.788932159529416,20.00293725684106,999.94,0.004197798666345287,995.76,0.0015791750067892796,994.19,0.004232323232323365,983.26,0.009994555894528245
2020-11-27,1006.68,1010.22,1004.0,1010.22,357083210.0,0.004224778074892965,0.42247780748929653,-0.007067767416998216,-0.7067767416998216,1003.08,6.220000000000027,3.5400000000000773,4,11,2020,997.0485714285714,978.7321428571429,958.01,9.22928026911035,20.976297311516202,1005.97,0.00603036182170924,999.94,0.004197798666345287,995.76,0.0015791750067892796,990.0,0.006854748489717899
2020-11-30,1011.82,1012.5,1002.61,1003.08,418685700.0,-0.007067767416998216,-0.7067767416998216,0.005772221557602597,0.5772221557602597,1008.87,9.889999999999986,-8.740000000000009,0,11,2020,999.8800000000001,982.3878571428571,959.9896666666666,7.085339323801687,20.391967565902405,1010.22,0.004224778074892965,1005.97,0.00603036182170924,999.94,0.004197798666345287,994.19,0.004232323232323365
2020-12-01,988.71,1008.87,988.71,1008.87,506748910.0,0.005772221557602597,0.5772221557602597,0.005402083519184808,0.5402083519184808,1014.32,20.159999999999968,20.159999999999968,1,12,2020,1002.5757142857144,986.4342857142857,962.138,6.23898724993412,19.54835138210554,1003.08,-0.007067767416998216,1010.22,0.004224778074892965,1005.97,0.00603036182170924,995.76,0.0015791750067892796
2020-12-02,1008.77,1015.86,1007.91,1014.32,452902730.0,0.005402083519184808,0.5402083519184808,0.005402634277151153,0.5402634277151153,1019.8,7.9500000000000455,5.550000000000068,2,12,2020,1005.4514285714286,990.3657142857144,964.6476666666666,6.367491469890457,19.19869094667553,1008.87,0.005772221557602597,1003.08,-0.007067767416998216,1010.22,0.004224778074892965,999.94,0.004197798666345287
2020-12-03,1016.73,1020.35,1014.06,1019.8,470284130.0,0.005402634277151153,0.5402634277151153,0.0016571876838595845,0.16571876838595845,1021.49,6.290000000000077,3.0699999999999363,3,12,2020,1008.8857142857142,994.1878571428572,966.9776666666668,6.741255711772818,19.362693780556164,1014.32,0.005402083519184808,1008.87,0.005772221557602597,1003.08,-0.007067767416998216,1005.97,0.00603036182170924
2020-12-04,1019.8,1025.17,1018.67,1021.49,499369940.0,0.0016571876838595845,0.16571876838595845,0.008311388266160291,0.8311388266160291,1029.98,6.500000000000114,1.6900000000000546,4,12,2020,1011.9642857142857,999.2378571428571,968.9853333333334,6.894033307011056,16.121840980280027,1019.8,0.005402634277151153,1014.32,0.005402083519184808,1008.87,0.005772221557602597,1010.22,0.004224778074892965
2020-12-07,1024.34,1030.41,1022.14,1029.98,443253830.0,0.008311388266160291,0.8311388266160291,-0.000699042699858321,-0.0699042699858321,1029.26,8.270000000000095,5.6400000000001,0,12,2020,1015.3942857142857,1003.6007142857143,971.6246666666667,9.05028886674413,15.534302719756779,1021.49,0.0016571876838595845,1019.8,0.005402634277151153,1014.32,0.005402083519184808,1003.08,-0.007067767416998216
2020-12-08,1029.98,1032.58,1025.63,1029.26,473258150.0,-0.000699042699858321,-0.0699042699858321,0.009589413753570586,0.9589413753570586,1039.13,6.949999999999818,-0.7200000000000273,1,12,2020,1018.1142857142858,1007.5814285714285,974.3843333333333,10.042761667233139,14.329622818131796,1029.98,0.008311388266160291,1021.49,0.0016571876838595845,1019.8,0.005402634277151153,1008.87,0.005772221557602597
2020-12-09,1029.26,1039.55,1029.26,1039.13,528189450.0,0.009589413753570586,0.9589413753570586,-0.007910463560863445,-0.7910463560863445,1030.91,10.289999999999964,9.870000000000118,2,12,2020,1023.2642857142856,1011.5721428571429,978.3203333333333,10.288467422548925,14.807000516166314,1029.26,-0.000699042699858321,1029.98,0.008311388266160291,1021.49,0.0016571876838595845,1014.32,0.005402083519184808
2020-12-10,1041.65,1044.1,1030.91,1030.91,521392980.0,-0.007910463560863445,-0.7910463560863445,0.014598752558419248,1.4598752558419248,1045.96,13.189999999999827,-10.740000000000009,3,12,2020,1026.412857142857,1014.4942857142858,982.048,8.33648949756113,14.248522036331222,1039.13,0.009589413753570586,1029.26,-0.000699042699858321,1029.98,0.008311388266160291,1019.8,0.005402634277151153
2020-12-11,1033.19,1045.96,1030.06,1045.96,388403650.0,0.014598752558419248,1.4598752558419248,0.017333358828253376,1.7333358828253376,1064.09,15.900000000000091,12.769999999999982,4,12,2020,1030.9328571428573,1018.1921428571429,986.0643333333334,9.217945747812504,15.255904369518891,1030.91,-0.007910463560863445,1039.13,0.009589413753570586,1029.26,-0.000699042699858321,1021.49,0.0016571876838595845
2020-12-14,1048.97,1064.09,1048.97,1064.09,473127510.0,0.017333358828253376,1.7333358828253376,-0.008288772566230285,-0.8288772566230285,1055.27,15.11999999999989,15.11999999999989,0,12,2020,1037.26,1023.0728571428572,990.4113333333333,14.171859440457775,18.177685148628687,1045.96,0.014598752558419248,1030.91,-0.007910463560863445,1039.13,0.009589413753570586,1029.98,0.008311388266160291
2020-12-15,1062.02,1067.45,1052.01,1055.27,581187020.0,-0.008288772566230285,-0.8288772566230285,0.011106162403934583,1.1106162403934583,1066.99,15.440000000000055,-6.75,1,12,2020,1042.0857142857144,1027.025,994.4066666666666,13.648590717415585,18.766627396689955,1064.09,0.017333358828253376,1045.96,0.014598752558419248,1030.91,-0.007910463560863445,1029.26,-0.000699042699858321
2020-12-16,1058.34,1066.99,1057.21,1066.99,531052590.0,0.011106162403934583,1.1106162403934583,-0.014264426095839777,-1.4264426095839777,1051.77,9.779999999999973,8.650000000000091,2,12,2020,1047.3728571428571,1031.3835714285715,998.6476666666666,15.251787561122763,20.50581553801659,1055.27,-0.008288772566230285,1064.09,0.017333358828253376,1045.96,0.014598752558419248,1039.13,0.009589413753570586
2020-12-17,1058.63,1062.62,1051.42,1051.77,599499660.0,-0.014264426095839777,-1.4264426095839777,0.01491771014575427,1.491771014575427,1067.46,11.199999999999818,-6.860000000000127,3,12,2020,1050.5885714285716,1034.3514285714286,1002.4483333333333,13.003689769413253,20.21184985906331,1066.99,0.011106162403934583,1055.27,-0.008288772566230285,1064.09,0.017333358828253376,1030.91,-0.007910463560863445
2020-12-18,1055.75,1068.56,1055.75,1067.46,529285330.0,0.01491771014575427,1.491771014575427,0.01275926030015162,1.275926030015162,1081.08,12.809999999999945,11.710000000000036,4,12,2020,1054.6357142857144,1038.95,1006.7540000000001,13.249316783826705,19.870667597473304,1051.77,-0.014264426095839777,1066.99,0.011106162403934583,1055.27,-0.008288772566230285,1045.96,0.014598752558419248
2020-12-21,1071.62,1081.6,1070.86,1081.08,628141660.0,0.01275926030015162,1.275926030015162,0.0021922521922523863,0.21922521922523863,1083.45,10.740000000000009,9.460000000000036,0,12,2020,1061.8028571428572,1044.1078571428573,1011.057,11.762096913800038,20.81169463346344,1067.46,0.01491771014575427,1051.77,-0.014264426095839777,1066.99,0.011106162403934583,1064.09,0.017333358828253376
2020-12-22,1081.85,1084.23,1077.06,1083.45,662913420.0,0.0021922521922523863,0.21922521922523863,-0.004199547741012499,-0.41995477410124993,1078.9,7.170000000000073,1.6000000000001364,1,12,2020,1067.1585714285713,1049.0457142857142,1015.4420000000001,11.880645926007155,21.39334897158067,1081.08,0.01275926030015162,1067.46,0.01491771014575427,1051.77,-0.014264426095839777,1055.27,-0.008288772566230285
2020-12-23,1087.89,1094.09,1077.92,1078.9,713217250.0,-0.004199547741012499,-0.41995477410124993,-0.010547780146445529,-1.054778014644553,1067.52,16.169999999999845,-8.990000000000009,2,12,2020,1069.2742857142857,1053.2671428571427,1019.6646666666668,12.543323399516801,21.005970004363757,1083.45,0.0021922521922523863,1081.08,0.01275926030015162,1067.46,0.01491771014575427,1066.99,0.011106162403934583
2020-12-24,1083.83,1084.76,1046.89,1067.52,659391590.0,-0.010547780146445529,-1.054778014644553,0.015831085131894573,1.5831085131894573,1084.42,37.86999999999989,-16.309999999999945,3,12,2020,1071.0242857142857,1056.555,1023.2726666666666,11.026708268481567,19.171848652889143,1078.9,-0.004199547741012499,1083.45,0.0021922521922523863,1081.08,0.01275926030015162,1051.77,-0.014264426095839777
2020-12-25,1068.83,1084.42,1061.83,1084.42,565373760.0,0.015831085131894573,1.5831085131894573,0.006372069862230267,0.6372069862230267,1091.33,22.590000000000146,15.590000000000146,4,12,2020,1073.5142857142857,1060.4435714285714,1027.2103333333334,11.897470119239683,18.885914412251072,1067.52,-0.010547780146445529,1078.9,-0.004199547741012499,1083.45,0.0021922521922523863,1067.46,0.01491771014575427
2020-12-28,1094.37,1096.11,1083.9,1091.33,635313770.0,0.006372069862230267,0.6372069862230267,0.007477115079765229,0.7477115079765229,1099.49,12.209999999999809,-3.0399999999999636,0,12,2020,1079.1657142857143,1064.8771428571429,1031.895,8.853567750058165,18.278140550342727,1084.42,0.015831085131894573,1067.52,-0.010547780146445529,1078.9,-0.004199547741012499,1081.08,0.01275926030015162
2020-12-29,1090.49,1102.79,1087.93,1099.49,586339480.0,0.007477115079765229,0.7477115079765229,-0.0017735495547935853,-0.17735495547935853,1097.54,14.8599999999999,9.0,1,12,2020,1083.7414285714287,1069.1885714285713,1036.248,9.998388917845318,18.847713943053787,1091.33,0.006372069862230267,1084.42,0.015831085131894573,1067.52,-0.010547780146445529,1083.45,0.0021922521922523863
2020-12-30,1099.78,1108.83,1094.91,1097.54,588541630.0,-0.0017735495547935853,-0.17735495547935853,0.005767443555587892,0.5767443555587892,1103.87,13.919999999999845,-2.240000000000009,2,12,2020,1086.0928571428572,1073.9478571428572,1040.3816666666667,11.13866795490538,16.732086714580497,1099.49,0.007477115079765229,1091.33,0.006372069862230267,1084.42,0.015831085131894573,1078.9,-0.004199547741012499
2020-12-31,1098.25,1105.33,1096.27,1103.87,473541170.0,0.005767443555587892,0.5767443555587892,0.015038002663357197,1.5038002663357197,1120.47,9.059999999999945,5.619999999999891,3,12,2020,1089.01,1078.0842857142857,1044.402,12.870467486981447,16.436332509829974,1097.54,-0.0017735495547935853,1099.49,0.007477115079765229,1091.33,0.006372069862230267,1067.52,-0.010547780146445529
2021-01-04,1113.77,1126.43,1113.59,1120.47,670280100.0,0.015038002663357197,1.5038002663357197,0.01078119003632394,1.078119003632394,1132.55,12.840000000000146,6.7000000000000455,0,1,2021,1094.9485714285715,1082.1114285714286,1048.751,16.505285444946576,19.386053217215967,1103.87,0.005767443555587892,1097.54,-0.0017735495547935853,1099.49,0.007477115079765229,1084.42,0.015831085131894573
2021-01-05,1116.96,1134.45,1116.49,1132.55,673728400.0,0.01078119003632394,1.078119003632394,0.00941238797404087,0.941238797404087,1143.21,17.960000000000036,15.589999999999918,1,1,2021,1104.2385714285715,1087.6314285714286,1053.363,16.79265159583718,21.983646669267475,1120.47,0.015038002663357197,1103.87,0.005767443555587892,1097.54,-0.0017735495547935853,1091.33,0.006372069862230267
2021-01-06,1139.12,1152.85,1133.7,1143.21,688438500.0,0.00941238797404087,0.941238797404087,0.011616413432352646,1.1616413432352646,1156.49,19.149999999999864,4.0900000000001455,2,1,2021,1112.6371428571426,1093.0757142857142,1058.278,19.68164687747588,25.61639340323087,1132.55,0.01078119003632394,1120.47,0.015038002663357197,1103.87,0.005767443555587892,1099.49,0.007477115079765229
2021-01-07,1147.26,1156.49,1143.44,1156.49,685553900.0,0.011616413432352646,1.1616413432352646,0.009684476303297052,0.9684476303297052,1167.69,13.049999999999955,9.230000000000018,3,1,2021,1121.9457142857143,1100.5557142857142,1063.4963333333335,23.046097180178513,27.821545252193744,1143.21,0.00941238797404087,1132.55,0.01078119003632394,1120.47,0.015038002663357197,1097.54,-0.0017735495547935853
2021-01-08,1164.1,1176.33,1160.48,1167.69,726084300.0,0.009684476303297052,0.9684476303297052,0.014729936883933314,1.4729936883933314,1184.89,15.849999999999909,3.5900000000001455,4,1,2021,1131.6885714285713,1107.715,1068.887,26.174266260696935,31.32535192263627,1156.49,0.011616413432352646,1143.21,0.00941238797404087,1132.55,0.01078119003632394,1103.87,0.005767443555587892
2021-01-11,1176.47,1186.45,1175.0,1184.89,737563100.0,0.014729936883933314,1.4729936883933314,0.006236865869405417,0.6236865869405417,1192.28,11.450000000000045,8.420000000000073,0,1,2021,1144.1671428571428,1115.1299999999999,1074.7093333333332,27.94284983932402,36.409440872052386,1167.69,0.009684476303297052,1156.49,0.011616413432352646,1143.21,0.00941238797404087,1120.47,0.015038002663357197
2021-01-12,1190.38,1192.28,1179.24,1192.28,643621500.0,0.006236865869405417,0.6236865869405417,-0.005225282651726171,-0.5225282651726171,1186.05,13.039999999999964,1.8999999999998636,1,1,2021,1156.797142857143,1122.9035714285715,1081.016,26.643279774513818,40.51202890826177,1184.89,0.014729936883933314,1167.69,0.009684476303297052,1156.49,0.011616413432352646,1132.55,0.01078119003632394
2021-01-13,1197.32,1200.82,1183.18,1186.05,710219700.0,-0.005225282651726171,-0.5225282651726171,0.0011382319463766333,0.11382319463766333,1187.4,17.639999999999873,-11.269999999999982,2,1,2021,1166.1657142857143,1130.5571428571427,1086.922,23.02485458307168,41.66440584342736,1192.28,0.006236865869405417,1184.89,0.014729936883933314,1167.69,0.009684476303297052,1143.21,0.00941238797404087
2021-01-14,1189.48,1190.5,1178.84,1187.4,709253600.0,0.0011382319463766333,0.11382319463766333,0.005726798046151282,0.5726798046151282,1194.2,11.660000000000082,-2.0799999999999272,3,1,2021,1174.0014285714285,1139.1200000000001,1092.6913333333332,18.58293700197098,39.997989372545646,1186.05,-0.005225282651726171,1192.28,0.006236865869405417,1184.89,0.014729936883933314,1156.49,0.011616413432352646
2021-01-15,1188.84,1197.74,1188.84,1194.2,715687900.0,0.005726798046151282,0.5726798046151282,-0.0018924803215542019,-0.1892480321554202,1191.94,8.900000000000091,5.360000000000127,4,1,2021,1181.2857142857142,1146.9614285714285,1098.5046666666667,13.906819498778601,39.20242670219268,1187.4,0.0011382319463766333,1186.05,-0.005225282651726171,1192.28,0.006236865869405417,1167.69,0.009684476303297052
2021-01-18,1198.79,1200.85,1190.33,1191.94,677474100.0,-0.0018924803215542019,-0.1892480321554202,-0.0511267345671762,-5.11267345671762,1131.0,10.519999999999982,-6.849999999999909,0,1,2021,1186.3500000000001,1154.1478571428572,1104.1863333333333,8.94012677017782,37.40010575439189,1194.2,0.005726798046151282,1187.4,0.0011382319463766333,1186.05,-0.005225282651726171,1184.89,0.014729936883933314
2021-01-19,1189.91,1189.91,1117.17,1131.0,888174700.0,-0.0511267345671762,-5.11267345671762,0.0032537577365163717,0.32537577365163717,1134.68,72.74000000000001,-58.91000000000008,1,1,2021,1181.1085714285714,1156.3985714285714,1107.5536666666667,22.370643284281325,34.709126234409624,1191.94,-0.0018924803215542019,1194.2,0.005726798046151282,1187.4,0.0011382319463766333,1192.28,0.006236865869405417
2021-01-20,1136.5,1142.48,1098.05,1134.68,769795300.0,0.0032537577365163717,0.32537577365163717,0.026024958578630075,2.6024958578630075,1164.21,44.430000000000064,-1.8199999999999363,2,1,2021,1173.935714285714,1159.0514285714287,1111.0676666666666,28.236613263130614,31.09568677909972,1131.0,-0.0511267345671762,1191.94,-0.0018924803215542019,1194.2,0.005726798046151282,1186.05,-0.005225282651726171
2021-01-21,1146.86,1164.21,1132.66,1164.21,639454800.0,0.026024958578630075,2.6024958578630075,0.002207505518763808,0.22075055187638082,1166.78,31.549999999999955,17.350000000000136,3,1,2021,1169.9257142857143,1163.3614285714286,1115.237,27.170308461718562,26.73487778371234,1134.68,0.0032537577365163717,1131.0,-0.0511267345671762,1191.94,-0.0018924803215542019,1187.4,0.0011382319463766333
2021-01-22,1166.77,1175.72,1161.43,1166.78,691689100.0,0.002207505518763808,0.22075055187638082,-0.0006256535079449677,-0.06256535079449677,1166.05,14.289999999999964,0.009999999999990905,4,1,2021,1167.172857142857,1166.6692857142857,1119.766,26.224064466497747,23.714038511557288,1164.21,0.026024958578630075,1134.68,0.0032537577365163717,1131.0,-0.0511267345671762,1194.2,0.005726798046151282
2021-01-25,1164.2,1172.18,1162.8,1166.05,639736600.0,-0.0006256535079449677,-0.06256535079449677,-0.02566785300801855,-2.566785300801855,1136.12,9.38000000000011,1.849999999999909,0,1,2021,1164.1228571428571,1169.0621428571428,1123.769,24.675275556915167,21.60256437006471,1166.78,0.002207505518763808,1164.21,0.026024958578630075,1134.68,0.0032537577365163717,1191.94,-0.0018924803215542019
2021-01-26,1164.97,1164.97,1121.03,1136.12,719767100.0,-0.02566785300801855,-2.566785300801855,-0.034283350350314934,-3.4283350350314934,1097.17,43.940000000000055,-28.850000000000136,1,1,2021,1155.8257142857142,1168.5557142857144,1126.1699999999998,22.549363521799492,22.326219740749664,1166.05,-0.0006256535079449677,1166.78,0.002207505518763808,1164.21,0.026024958578630075,1131.0,-0.0511267345671762
2021-01-27,1122.41,1132.99,1088.86,1097.17,719150000.0,-0.034283350350314934,-3.4283350350314934,-0.0667444425203022,-6.67444425203022,1023.94,44.13000000000011,-25.24000000000001,2,1,2021,1142.287142857143,1164.3185714285714,1127.5666666666666,25.508310877235306,29.32440906536932,1136.12,-0.02566785300801855,1166.05,-0.0006256535079449677,1166.78,0.002207505518763808,1134.68,0.0032537577365163717
2021-01-28,1041.71,1052.16,1022.77,1023.94,669631000.0,-0.0667444425203022,-6.67444425203022,0.031906166376935996,3.1906166376935996,1056.61,29.3900000000001,-17.769999999999982,3,1,2021,1126.9928571428572,1154.0507142857143,1126.131666666667,51.87369908868083,47.55381153765045,1097.17,-0.034283350350314934,1136.12,-0.02566785300801855,1166.05,-0.0006256535079449677,1164.21,0.026024958578630075
2021-01-29,998.33,1076.11,998.33,1056.61,714102800.0,0.031906166376935996,3.1906166376935996,-0.019969525179583725,-1.9969525179583725,1035.51,77.77999999999986,58.27999999999986,4,1,2021,1115.84,1144.887857142857,1126.2930000000001,57.97878175102925,53.18036424479359,1023.94,-0.0667444425203022,1097.17,-0.034283350350314934,1136.12,-0.02566785300801855,1166.78,0.002207505518763808
2021-02-01,1056.61,1074.52,1035.51,1035.51,565564800.0,-0.019969525179583725,-1.9969525179583725,0.038647622910449986,3.8647622910449986,1075.53,39.00999999999999,-21.09999999999991,0,2,2021,1097.4542857142858,1133.69,1125.2279999999998,60.4376336557356,58.65674412008693,1056.61,0.031906166376935996,1023.94,-0.0667444425203022,1097.17,-0.034283350350314934,1166.05,-0.0006256535079449677
2021-02-02,1036.95,1075.53,1029.36,1075.53,529632600.0,0.038647622910449986,3.8647622910449986,0.033248723884968356,3.3248723884968356,1111.29,46.17000000000007,38.57999999999993,1,2,2021,1084.4185714285716,1125.7957142857144,1125.0430000000001,52.28345194819474,58.50477741364284,1035.51,-0.019969525179583725,1056.61,0.031906166376935996,1023.94,-0.0667444425203022,1136.12,-0.02566785300801855
2021-02-03,1084.87,1113.24,1082.95,1111.29,609128600.0,0.033248723884968356,3.3248723884968356,0.0008098696109926085,0.08098696109926085,1112.19,30.289999999999964,26.420000000000073,2,2,2021,1076.5957142857144,1120.3592857142855,1125.971,40.88879221218901,55.81430606026664,1075.53,0.038647622910449986,1035.51,-0.019969525179583725,1056.61,0.031906166376935996,1097.17,-0.034283350350314934
2021-02-04,1112.97,1117.88,1098.85,1112.19,449954100.0,0.0008098696109926085,0.08098696109926085,0.013235148670640795,1.3235148670640795,1126.91,19.0300000000002,-0.7799999999999727,3,2,2021,1073.1771428571428,1114.5014285714285,1127.0806666666665,35.76163247312683,51.613922668083575,1111.29,0.033248723884968356,1075.53,0.038647622910449986,1035.51,-0.019969525179583725,1023.94,-0.0667444425203022
2021-02-05,1114.79,1126.91,1112.19,1126.91,438884200.0,0.013235148670640795,1.3235148670640795,-0.03880522845657597,-3.880522845657597,1083.18,14.720000000000027,12.120000000000118,4,2,2021,1077.4257142857143,1109.8564285714285,1129.0603333333336,40.535121338228464,46.81151824188127,1112.19,0.0008098696109926085,1111.29,0.033248723884968356,1075.53,0.038647622910449986,1056.61,0.031906166376935996
2021-02-08,1127.06,1127.06,1075.1,1083.18,613138900.0,-0.03880522845657597,-3.880522845657597,0.029311841060580823,2.9311841060580823,1114.93,51.960000000000036,-43.87999999999988,0,2,2021,1085.8885714285714,1106.4407142857142,1129.0190000000002,32.98895493372274,46.89462729014282,1126.91,0.013235148670640795,1112.19,0.0008098696109926085,1111.29,0.033248723884968356,1035.51,-0.019969525179583725
2021-02-09,1090.88,1114.93,1078.98,1114.93,462098700.0,0.029311841060580823,2.9311841060580823,0.036639071511215926,3.6639071511215926,1155.78,35.950000000000045,24.049999999999955,1,2,2021,1094.22,1105.03,1129.8056666666666,31.70149260418936,46.272710016896355,1083.18,-0.03880522845657597,1126.91,0.013235148670640795,1112.19,0.0008098696109926085,1075.53,0.038647622910449986
2021-02-17,1127.46,1155.78,1127.46,1155.78,484219600.0,0.036639071511215926,3.6639071511215926,0.01609302808492985,1.609302808492985,1174.38,28.319999999999936,28.319999999999936,2,2,2021,1111.4014285714286,1104.4278571428572,1131.682,26.790131534189673,45.49162394222904,1114.93,0.029311841060580823,1083.18,-0.03880522845657597,1126.91,0.013235148670640795,1111.29,0.033248723884968356
2021-02-18,1157.1,1174.38,1148.66,1174.38,562444200.0,0.01609302808492985,1.609302808492985,-0.0007493315621861507,-0.07493315621861507,1173.5,25.720000000000027,17.2800000000002,3,2,2021,1125.5228571428572,1104.9707142857144,1134.2433333333333,30.522955139965166,46.33052565148541,1155.78,0.036639071511215926,1114.93,0.029311841060580823,1083.18,-0.03880522845657597,1112.19,0.0008098696109926085
2021-02-19,1160.65,1178.18,1157.6,1173.5,522199200.0,-0.0007493315621861507,-0.07493315621861507,0.0013123135918193807,0.13123135918193807,1175.04,20.580000000000155,12.849999999999909,4,2,2021,1134.41,1105.5028571428572,1136.5643333333333,34.487359036804605,47.12205778263956,1174.38,0.01609302808492985,1155.78,0.036639071511215926,1114.93,0.029311841060580823,1126.91,0.013235148670640795
2021-02-22,1173.57,1182.67,1169.12,1175.04,544725500.0,0.0013123135918193807,0.13123135918193807,0.0022126906318082895,0.22126906318082895,1177.64,13.550000000000182,1.4700000000000273,0,2,2021,1143.3885714285714,1108.2828571428572,1138.3833333333334,35.89111516265801,50.119975662799924,1173.5,-0.0007493315621861507,1174.38,0.01609302808492985,1155.78,0.036639071511215926,1083.18,-0.03880522845657597
2021-02-23,1174.57,1184.32,1168.32,1177.64,547654100.0,0.0022126906318082895,0.22126906318082895,-0.013272307326517518,-1.3272307326517518,1162.01,16.0,3.0700000000001637,1,2,2021,1150.6357142857144,1114.0307142857143,1139.8863333333334,37.110201588039,53.26316600894851,1175.04,0.0013123135918193807,1173.5,-0.0007493315621861507,1174.38,0.01609302808492985,1114.93,0.029311841060580823
2021-02-24,1184.32,1185.58,1154.36,1162.01,547876300.0,-0.013272307326517518,-1.3272307326517518,0.002943176048398888,0.2943176048398888,1165.43,31.220000000000027,-22.309999999999945,2,2,2021,1161.8971428571429,1123.892857142857,1140.513,22.18995622219617,47.8013132147545,1177.64,0.0022126906318082895,1175.04,0.0013123135918193807,1173.5,-0.0007493315621861507,1155.78,0.036639071511215926
2021-02-25,1169.97,1169.97,1155.74,1165.43,470045900.0,0.002943176048398888,0.2943176048398888,0.002608479273744413,0.2608479273744413,1168.47,14.230000000000018,-4.539999999999964,3,2,2021,1169.1114285714286,1131.6657142857143,1140.8110000000001,8.130314525640205,44.77040672901515,1162.01,-0.013272307326517518,1177.64,0.0022126906318082895,1175.04,0.0013123135918193807,1174.38,0.01609302808492985
2021-02-26,1148.88,1169.28,1148.88,1168.47,508201200.0,0.002608479273744413,0.2608479273744413,0.015148014069680915,1.5148014069680915,1186.17,20.399999999999864,19.589999999999918,4,2,2021,1170.9242857142858,1141.162857142857,1140.837,5.719722770515104,36.058664898826365,1165.43,0.002943176048398888,1162.01,-0.013272307326517518,1177.64,0.0022126906318082895,1173.5,-0.0007493315621861507
2021-03-01,1176.93,1186.82,1174.45,1186.17,575763900.0,0.015148014069680915,1.5148014069680915,0.0003709417705723972,0.03709417705723972,1186.61,12.36999999999989,9.240000000000009,0,3,2021,1172.6085714285714,1149.0657142857142,1140.8796666666667,8.13350565782266,32.51810613141199,1168.47,0.002608479273744413,1165.43,0.002943176048398888,1162.01,-0.013272307326517518,1175.04,0.0013123135918193807
2021-03-02,1196.16,1196.16,1181.99,1186.61,513786800.0,0.0003709417705723972,0.03709417705723972,0.00028653053657068384,0.028653053657068384,1186.95,14.170000000000073,-9.550000000000182,1,3,2021,1174.4814285714288,1154.4457142857143,1140.6906666666666,9.72638752496686,32.014301062613036,1186.17,0.015148014069680915,1168.47,0.002608479273744413,1165.43,0.002943176048398888,1177.64,0.0022126906318082895
2021-03-03,1184.73,1189.18,1180.25,1186.95,565135800.0,0.00028653053657068384,0.028653053657068384,-0.01552719154134552,-1.552719154134552,1168.52,8.930000000000064,2.2200000000000273,2,3,2021,1176.1828571428573,1159.7857142857142,1140.7206666666668,10.82054329241247,30.628877704720296,1186.61,0.0003709417705723972,1186.17,0.015148014069680915,1168.47,0.002608479273744413,1162.01,-0.013272307326517518
2021-03-04,1191.78,1191.9,1159.48,1168.52,614464500.0,-0.01552719154134552,-1.552719154134552,0.0001454831752987218,0.014548317529872179,1168.69,32.42000000000007,-23.25999999999999,3,3,2021,1174.8799999999999,1162.7578571428571,1140.0913333333335,11.159592286464436,29.177797454329582,1186.95,0.00028653053657068384,1186.61,0.0003709417705723972,1186.17,0.015148014069680915,1165.43,0.002943176048398888
2021-03-05,1164.19,1169.56,1155.6,1168.69,539078500.0,0.0001454831752987218,0.014548317529872179,-0.0003593767380571933,-0.03593767380571933,1168.27,13.960000000000036,4.5,4,3,2021,1175.8342857142857,1168.8657142857144,1139.2409999999998,10.112068461573234,18.076211190102562,1168.52,-0.01552719154134552,1186.95,0.00028653053657068384,1186.61,0.0003709417705723972,1168.47,0.002608479273744413
2021-03-08,1180.33,1181.25,1164.02,1168.27,610284000.0,-0.0003593767380571933,-0.03593767380571933,-0.00539258904191664,-0.539258904191664,1161.97,17.230000000000018,-12.059999999999945,0,3,2021,1176.24,1172.6757142857143,1138.4520000000002,9.672474691969079,9.347194325487587,1168.69,0.0001454831752987218,1168.52,-0.01552719154134552,1186.95,0.00028653053657068384,1186.17,0.015148014069680915
2021-03-09,1160.96,1166.42,1150.94,1161.97,577091500.0,-0.00539258904191664,-0.539258904191664,0.006979526149556214,0.6979526149556214,1170.08,15.480000000000018,1.009999999999991,1,3,2021,1175.3114285714287,1173.1178571428572,1139.4843333333333,10.790156669506581,8.603312580792569,1168.27,-0.0003593767380571933,1168.69,0.0001454831752987218,1168.52,-0.01552719154134552,1186.61,0.0003709417705723972
2021-03-10,1163.86,1170.59,1154.89,1170.08,548935700.0,0.006979526149556214,0.6979526149556214,0.009956584165185411,0.9956584165185411,1181.73,15.699999999999818,6.220000000000027,2,3,2021,1173.0128571428572,1172.810714285714,1140.6643333333334,9.755683325271225,8.631497297953665,1161.97,-0.00539258904191664,1168.27,-0.0003593767380571933,1168.69,0.0001454831752987218,1186.95,0.00028653053657068384
2021-03-11,1170.08,1183.73,1170.08,1181.73,569875500.0,0.009956584165185411,0.9956584165185411,-0.00014385688778317807,-0.014385688778317807,1181.56,13.650000000000091,11.650000000000091,3,3,2021,1172.3157142857142,1173.3985714285716,1141.2483333333334,8.743991950946326,8.956201853941138,1170.08,0.006979526149556214,1161.97,-0.00539258904191664,1168.27,-0.0003593767380571933,1168.52,-0.01552719154134552
2021-03-12,1185.21,1186.52,1178.14,1181.56,572921600.0,-0.00014385688778317807,-0.014385688778317807,0.002539016215850287,0.2539016215850287,1184.56,8.379999999999882,-3.650000000000091,4,3,2021,1171.5457142857142,1173.8642857142856,1141.7409999999998,7.369854944629569,9.213929016021119,1181.73,0.009956584165185411,1170.08,0.006979526149556214,1161.97,-0.00539258904191664,1168.69,0.0001454831752987218
2021-03-15,1183.89,1186.06,1178.8,1184.56,618373300.0,0.002539016215850287,0.2539016215850287,-0.003933950158708566,-0.39339501587085657,1179.9,7.259999999999991,0.6699999999998454,0,3,2021,1173.837142857143,1174.3585714285714,1142.358,8.654004302997977,9.609195001227596,1181.56,-0.00014385688778317807,1181.73,0.009956584165185411,1170.08,0.006979526149556214,1168.27,-0.0003593767380571933
2021-03-16,1184.91,1184.91,1171.76,1179.9,609049000.0,-0.003933950158708566,-0.39339501587085657,0.005246207305703798,0.5246207305703798,1186.09,13.150000000000091,-5.009999999999991,1,3,2021,1175.4385714285713,1175.6364285714285,1143.8173333333332,8.579664773122765,9.011682680025203,1184.56,0.002539016215850287,1181.56,-0.00014385688778317807,1181.73,0.009956584165185411,1161.97,-0.00539258904191664
2021-03-17,1178.64,1186.09,1176.26,1186.09,629310900.0,0.005246207305703798,0.5246207305703798,0.012520129163891447,1.2520129163891447,1200.94,9.829999999999927,7.449999999999818,2,3,2021,1177.9842857142855,1177.1121428571428,1146.7813333333334,8.740363945790582,8.902692918942321,1179.9,-0.003933950158708566,1184.56,0.002539016215850287,1181.56,-0.00014385688778317807,1170.08,0.006979526149556214
2021-03-18,1196.6,1200.94,1191.94,1200.94,555529500.0,0.012520129163891447,1.2520129163891447,-0.005737172548170633,-0.5737172548170633,1194.05,9.0,4.3400000000001455,3,3,2021,1183.5514285714287,1179.4314285714286,1152.6813333333332,9.23687975558621,10.554350803309529,1186.09,0.005246207305703798,1179.9,-0.003933950158708566,1184.56,0.002539016215850287,1181.73,0.009956584165185411
2021-03-19,1195.47,1199.67,1191.96,1194.05,583286900.0,-0.005737172548170633,-0.5737172548170633,0.00031824462962193323,0.03182446296219332,1194.43,7.710000000000036,-1.4200000000000728,4,3,2021,1186.9757142857143,1179.9942857142855,1157.2626666666665,7.730676678329606,11.135477409750225,1200.94,0.012520129163891447,1186.09,0.005246207305703798,1179.9,-0.003933950158708566,1181.56,-0.00014385688778317807
2021-03-22,1200.05,1200.21,1189.31,1194.43,608555500.0,0.00031824462962193323,0.03182446296219332,-0.009192669306698598,-0.9192669306698598,1183.45,10.900000000000091,-5.619999999999891,0,3,2021,1188.7900000000002,1180.552857142857,1162.5600000000002,7.784467440579276,11.675876793684514,1194.05,-0.005737172548170633,1200.94,0.012520129163891447,1186.09,0.005246207305703798,1184.56,0.002539016215850287
2021-03-23,1190.28,1191.47,1177.1,1183.45,626594800.0,-0.009192669306698598,-0.9192669306698598,-0.01828552114580262,-1.828552114580262,1161.81,14.370000000000118,-6.829999999999927,1,3,2021,1189.06,1180.3028571428572,1166.1573333333333,7.520195032938862,11.565313809693393,1194.43,0.00031824462962193323,1194.05,-0.005737172548170633,1200.94,0.012520129163891447,1179.9,-0.003933950158708566
2021-03-24,1169.42,1174.2,1154.22,1161.81,633107300.0,-0.01828552114580262,-1.828552114580262,0.0011103364577684793,0.11103364577684793,1163.1,19.980000000000018,-7.610000000000127,2,3,2021,1185.81,1179.8235714285713,1167.8413333333335,12.830270197211028,12.212126134522,1183.45,-0.009192669306698598,1194.43,0.00031824462962193323,1194.05,-0.005737172548170633,1186.09,0.005246207305703798
2021-03-25,1164.41,1170.76,1154.44,1163.1,592884200.0,0.0011103364577684793,0.11103364577684793,-0.00076519645774209,-0.076519645774209,1162.21,16.319999999999936,-1.3100000000001728,3,3,2021,1183.4099999999999,1179.4242857142856,1169.5383333333334,15.428280310308253,12.686327415643326,1161.81,-0.01828552114580262,1183.45,-0.009192669306698598,1194.43,0.00031824462962193323,1200.94,0.012520129163891447
2021-03-26,1162.71,1165.76,1137.9,1162.21,612775600.0,-0.00076519645774209,-0.076519645774209,0.0115899880400272,1.15899880400272,1175.68,27.8599999999999,-0.5,4,3,2021,1179.9985714285715,1178.9914285714283,1170.715,17.267424463977363,13.189588468039606,1163.1,0.0011103364577684793,1161.81,-0.01828552114580262,1183.45,-0.009192669306698598,1194.05,-0.005737172548170633
2021-03-29,1169.65,1175.77,1165.78,1175.68,576722900.0,0.0115899880400272,1.15899880400272,0.009084104518236158,0.9084104518236158,1186.36,9.990000000000009,6.029999999999973,0,3,2021,1176.3899999999999,1179.9707142857144,1173.7983333333332,14.594164358861164,12.308092062540855,1162.21,-0.00076519645774209,1163.1,0.0011103364577684793,1161.81,-0.01828552114580262,1194.43,0.00031824462962193323
2021-03-30,1179.64,1187.29,1172.85,1186.36,682885100.0,0.009084104518236158,0.9084104518236158,0.004282005462085792,0.42820054620857917,1191.44,14.440000000000055,6.7199999999998,1,3,2021,1175.2914285714287,1181.1335714285713,1176.1793333333335,13.27287387691537,12.068471706925509,1175.68,0.0115899880400272,1162.21,-0.00076519645774209,1163.1,0.0011103364577684793,1183.45,-0.009192669306698598
2021-03-31,1186.36,1196.45,1186.36,1191.44,652432200.0,0.004282005462085792,0.42820054620857917,0.020697643188074766,2.0697643188074766,1216.1,10.090000000000146,5.080000000000155,2,3,2021,1174.8642857142856,1181.827142857143,1177.368,12.58457634983728,12.380369963767787,1186.36,0.009084104518236158,1175.68,0.0115899880400272,1162.21,-0.00076519645774209,1161.81,-0.01828552114580262
2021-04-01,1194.59,1217.26,1192.83,1216.1,617974300.0,0.020697643188074766,2.0697643188074766,0.006866211660225385,0.6866211660225385,1224.45,24.430000000000064,21.50999999999999,3,4,2021,1179.5285714285715,1184.2942857142857,1178.7586666666668,20.10228049133963,15.397049025106233,1191.44,0.004282005462085792,1186.36,0.009084104518236158,1175.68,0.0115899880400272,1163.1,0.0011103364577684793
2021-04-02,1225.76,1228.29,1221.07,1224.45,590027100.0,0.006866211660225385,0.6866211660225385,0.009473641226673157,0.9473641226673157,1236.05,7.220000000000027,-1.3099999999999454,4,4,2021,1188.4771428571428,1187.1435714285712,1180.4569999999999,24.385988268053094,18.77119585844904,1216.1,0.020697643188074766,1191.44,0.004282005462085792,1186.36,0.009084104518236158,1162.21,-0.00076519645774209
2021-04-05,1245.28,1245.28,1228.18,1236.05,614658300.0,0.009473641226673157,0.9473641226673157,0.003163302455402306,0.3163302455402306,1239.96,17.09999999999991,-9.230000000000018,0,4,2021,1198.8985714285716,1191.1542857142856,1182.4906666666668,27.163065259388475,22.693304913835338,1224.45,0.006866211660225385,1216.1,0.020697643188074766,1191.44,0.004282005462085792,1175.68,0.0115899880400272
2021-04-06,1233.37,1244.63,1231.14,1239.96,636394100.0,0.003163302455402306,0.3163302455402306,0.0019516758605115925,0.19516758605115925,1242.38,13.490000000000009,6.5900000000001455,1,4,2021,1210.0057142857145,1195.0021428571429,1184.568,25.506214835568283,26.08254033716386,1236.05,0.009473641226673157,1224.45,0.006866211660225385,1216.1,0.020697643188074766,1186.36,0.009084104518236158
2021-04-07,1237.39,1242.38,1232.52,1242.38,658286800.0,0.0019516758605115925,0.19516758605115925,-0.006028751267728061,-0.6028751267728061,1234.89,9.860000000000127,4.990000000000009,2,4,2021,1219.5342857142857,1197.962142857143,1187.2469999999998,22.86804893087335,28.996852131165998,1239.96,0.003163302455402306,1236.05,0.009473641226673157,1224.45,0.006866211660225385,1191.44,0.004282005462085792
2021-04-08,1242.38,1246.4,1232.26,1234.89,617808800.0,-0.006028751267728061,-0.6028751267728061,-0.0026156175853719876,-0.26156175853719876,1231.66,14.1400000000001,-7.490000000000009,3,4,2021,1226.467142857143,1200.8792857142857,1189.562333333333,17.965240247291447,30.583872437886736,1242.38,0.0019516758605115925,1239.96,0.003163302455402306,1236.05,0.009473641226673157,1216.1,0.020697643188074766
2021-04-09,1231.51,1234.98,1227.6,1231.66,638997900.0,-0.0026156175853719876,-0.26156175853719876,0.01687965834727123,1.6879658347271231,1252.45,7.380000000000109,0.15000000000009095,4,4,2021,1232.212857142857,1203.5385714285715,1191.6686666666667,9.178521511817133,31.582256668325066,1234.89,-0.006028751267728061,1242.38,0.0019516758605115925,1239.96,0.003163302455402306,1224.45,0.006866211660225385
2021-04-12,1236.79,1252.45,1232.35,1252.45,830823700.0,0.01687965834727123,1.6879658347271231,-0.003289552477144908,-0.3289552477144908,1248.33,20.100000000000136,15.660000000000082,0,4,2021,1237.4057142857143,1208.467142857143,1193.878,8.818814843170161,33.53002315459209,1231.66,-0.0026156175853719876,1234.89,-0.006028751267728061,1242.38,0.0019516758605115925,1236.05,0.009473641226673157
2021-04-13,1262.44,1268.02,1247.66,1248.33,950518900.0,-0.003289552477144908,-0.3289552477144908,0.006040069532895931,0.6040069532895931,1255.87,20.3599999999999,-14.110000000000127,1,4,2021,1240.817142857143,1214.6471428571429,1195.9353333333333,7.49058901619497,32.216666357787844,1252.45,0.01687965834727123,1231.66,-0.0026156175853719876,1234.89,-0.006028751267728061,1239.96,0.003163302455402306
2021-04-14,1240.9,1255.87,1233.01,1255.87,788216400.0,0.006040069532895931,0.6040069532895931,-0.006863767746661642,-0.6863767746661642,1247.25,22.8599999999999,14.9699999999998,2,4,2021,1243.6485714285716,1221.2735714285716,1198.2326666666668,8.985149652939862,30.281193606989195,1248.33,-0.003289552477144908,1252.45,0.01687965834727123,1231.66,-0.0026156175853719876,1242.38,0.0019516758605115925
2021-04-15,1262.25,1265.87,1247.25,1247.25,741312300.0,-0.006863767746661642,-0.6863767746661642,-0.006847063539787479,-0.6847063539787479,1238.71,18.61999999999989,-15.0,3,4,2021,1244.69,1227.347857142857,1200.857,8.908518395334276,25.705538217574286,1255.87,0.006040069532895931,1248.33,-0.003289552477144908,1252.45,0.01687965834727123,1234.89,-0.006028751267728061
2021-04-16,1245.06,1254.61,1227.14,1238.71,920678200.0,-0.006847063539787479,-0.6847063539787479,0.017655464152222855,1.7655464152222855,1260.58,27.4699999999998,-6.349999999999909,4,4,2021,1244.1657142857143,1231.8500000000001,1203.191,9.171244657702607,21.060045657052836,1247.25,-0.006863767746661642,1255.87,0.006040069532895931,1248.33,-0.003289552477144908,1231.66,-0.0026156175853719876
2021-04-19,1243.58,1260.58,1233.77,1260.58,741859400.0,0.017655464152222855,1.7655464152222855,0.0061082993542656006,0.6108299354265601,1268.28,26.809999999999945,17.0,0,4,2021,1247.8357142857144,1237.1514285714286,1206.268,9.948014638011895,17.820542535623353,1238.71,-0.006847063539787479,1247.25,-0.006863767746661642,1255.87,0.006040069532895931,1252.45,0.01687965834727123
2021-04-20,1267.74,1286.32,1261.28,1268.28,746192400.0,0.0061082993542656006,0.6108299354265601,-0.03190147286088252,-3.190147286088252,1227.82,25.039999999999964,0.5399999999999636,1,4,2021,1253.0671428571427,1242.6399999999999,1209.811666666667,9.648127131358253,14.10440193153823,1260.58,0.017655464152222855,1238.71,-0.006847063539787479,1247.25,-0.006863767746661642,1248.33,-0.003289552477144908
2021-04-22,1264.31,1271.98,1227.82,1227.82,699782600.0,-0.03190147286088252,-3.190147286088252,0.016867293251453752,1.6867293251453752,1248.53,44.16000000000008,-36.49000000000001,3,4,2021,1249.5485714285714,1243.4771428571428,1211.7363333333335,13.594686987412258,12.684313406473057,1268.28,0.0061082993542656006,1260.58,0.017655464152222855,1238.71,-0.006847063539787479,1255.87,0.006040069532895931
2021-04-23,1227.18,1248.53,1216.15,1248.53,652051800.0,0.016867293251453752,1.6867293251453752,-0.026238856895709373,-2.6238856895709373,1215.77,32.37999999999988,21.34999999999991,4,4,2021,1249.577142857143,1245.1971428571428,1213.963,13.591909007795493,11.481339662242664,1227.82,-0.03190147286088252,1268.28,0.0061082993542656006,1260.58,0.017655464152222855,1247.25,-0.006863767746661642
2021-04-26,1251.25,1251.25,1214.14,1215.77,661919500.0,-0.026238856895709373,-2.6238856895709373,0.0032736455086077587,0.32736455086077587,1219.75,37.1099999999999,-35.48000000000002,0,4,2021,1243.8485714285714,1243.7485714285715,1215.1033333333332,18.175290395270096,13.774515408009835,1248.53,0.016867293251453752,1227.82,-0.03190147286088252,1268.28,0.0061082993542656006,1238.71,-0.006847063539787479
2021-04-27,1213.84,1220.96,1204.14,1219.75,522912500.0,0.0032736455086077587,0.32736455086077587,0.008034433285509346,0.8034433285509346,1229.55,16.819999999999936,5.910000000000082,1,4,2021,1239.92,1242.305,1216.2763333333335,20.17912617863715,15.188528439387113,1215.77,-0.026238856895709373,1248.53,0.016867293251453752,1227.82,-0.03190147286088252,1260.58,0.017655464152222855
2021-04-28,1220.26,1230.91,1217.49,1229.55,566130400.0,0.008034433285509346,0.8034433285509346,0.008002927900451429,0.8002927900451429,1239.39,13.420000000000073,9.289999999999964,2,4,2021,1238.6114285714286,1241.3885714285714,1217.9313333333334,20.564002065561315,15.56602506306479,1219.75,0.0032736455086077587,1215.77,-0.026238856895709373,1248.53,0.016867293251453752,1268.28,0.0061082993542656006
2021-04-29,1234.91,1239.39,1231.25,1239.39,591216700.0,0.008002927900451429,0.8002927900451429,0.0022672443702143052,0.22672443702143052,1242.2,8.1400000000001,4.480000000000018,3,4,2021,1235.5842857142857,1241.7100000000003,1219.7079999999999,18.216805297255934,15.467661550679821,1229.55,0.008034433285509346,1219.75,0.0032736455086077587,1215.77,-0.026238856895709373,1227.82,-0.03190147286088252
2021-05-04,1222.08,1242.8,1212.56,1242.2,687879600.0,0.0022672443702143052,0.22672443702143052,0.011455482208984069,1.145548220898407,1256.43,30.24000000000001,20.12000000000012,1,5,2021,1231.8585714285714,1242.462857142857,1221.0833333333333,12.032617377463138,15.19497306985543,1239.39,0.008002927900451429,1229.55,0.008034433285509346,1219.75,0.0032736455086077587,1248.53,0.016867293251453752
2021-05-05,1244.69,1265.93,1244.69,1256.43,656695400.0,0.011455482208984069,1.145548220898407,-0.004664008341093484,-0.4664008341093484,1250.57,21.24000000000001,11.740000000000009,2,5,2021,1235.945714285714,1242.7471428571428,1223.1626666666666,14.939964142241623,15.431586701700295,1242.2,0.0022672443702143052,1239.39,0.008002927900451429,1229.55,0.008034433285509346,1215.77,-0.026238856895709373
2021-05-06,1255.42,1261.49,1246.64,1250.57,643017200.0,-0.004664008341093484,-0.4664008341093484,-0.00700480580855134,-0.700480580855134,1241.81,14.849999999999909,-4.850000000000136,3,5,2021,1236.2371428571428,1242.9071428571428,1225.0339999999999,15.243174116400189,15.505360576059882,1256.43,0.011455482208984069,1242.2,0.0022672443702143052,1239.39,0.008002927900451429,1219.75,0.0032736455086077587
2021-05-07,1245.48,1250.5,1231.92,1241.81,718314800.0,-0.00700480580855134,-0.700480580855134,0.014309757531345335,1.4309757531345335,1259.58,18.579999999999927,-3.6700000000000728,4,5,2021,1239.9571428571428,1241.902857142857,1226.9793333333334,12.311310131049462,15.049810849098133,1250.57,-0.004664008341093484,1256.43,0.011455482208984069,1242.2,0.0022672443702143052,1229.55,0.008034433285509346
2021-05-10,1239.96,1259.58,1236.85,1259.58,701147100.0,0.014309757531345335,1.4309757531345335,-0.0028104606297336687,-0.2810460629733669,1256.04,22.730000000000018,19.61999999999989,0,5,2021,1245.6471428571426,1242.7835714285713,1230.2383333333332,10.48415743600136,15.732105148955995,1241.81,-0.00700480580855134,1250.57,-0.004664008341093484,1256.43,0.011455482208984069,1239.39,0.008002927900451429
2021-05-11,1265.11,1272.55,1256.04,1256.04,678077300.0,-0.0028104606297336687,-0.2810460629733669,0.010389796503295967,1.0389796503295967,1269.09,16.50999999999999,-9.069999999999936,1,5,2021,1249.4314285714286,1244.0214285714285,1233.3363333333332,8.247758136955014,16.065193076077673,1259.58,0.014309757531345335,1241.81,-0.00700480580855134,1250.57,-0.004664008341093484,1242.2,0.0022672443702143052
2021-05-12,1251.97,1269.09,1249.18,1269.09,636352400.0,0.010389796503295967,1.0389796503295967,-0.0055945598814898245,-0.5594559881489825,1261.99,19.909999999999854,17.11999999999989,2,5,2021,1253.6742857142856,1244.6292857142857,1236.8990000000001,9.727704177831887,16.880233531149965,1256.04,-0.0028104606297336687,1259.58,0.014309757531345335,1241.81,-0.00700480580855134,1256.43,0.011455482208984069
2021-05-13,1262.98,1273.49,1261.99,1261.99,654225600.0,-0.0055945598814898245,-0.5594559881489825,0.003462784966600241,0.3462784966600241,1266.36,11.5,-0.9900000000000091,3,5,2021,1256.5014285714285,1244.18,1239.776,8.65363204781769,16.275185925921164,1269.09,0.010389796503295967,1256.04,-0.0028104606297336687,1259.58,0.014309757531345335,1250.57,-0.004664008341093484
2021-05-14,1266.43,1271.45,1259.97,1266.36,648712400.0,0.003462784966600241,0.3462784966600241,-0.006048832875327648,-0.6048832875327648,1258.7,11.480000000000018,-0.07000000000016371,4,5,2021,1257.9199999999998,1246.932857142857,1242.4426666666666,9.419943382701291,16.55217737412218,1261.99,-0.0055945598814898245,1269.09,0.010389796503295967,1256.04,-0.0028104606297336687,1241.81,-0.00700480580855134
2021-05-17,1272.55,1277.83,1258.5,1258.7,674186900.0,-0.006048832875327648,-0.6048832875327648,-0.004782712322237259,-0.4782712322237259,1252.68,19.329999999999927,-13.849999999999909,0,5,2021,1259.0814285714284,1247.6592857142857,1244.6846666666665,8.846425697365458,16.848182948957596,1266.36,0.003462784966600241,1261.99,-0.0055945598814898245,1269.09,0.010389796503295967,1259.58,0.014309757531345335
2021-05-18,1259.57,1262.22,1249.02,1252.68,635896900.0,-0.004782712322237259,-0.4782712322237259,0.007831209886004276,0.7831209886004276,1262.49,13.200000000000045,-6.889999999999873,1,5,2021,1260.6342857142856,1250.2957142857142,1245.9039999999998,5.706019795331647,14.145308933897232,1258.7,-0.006048832875327648,1266.36,0.003462784966600241,1261.99,-0.0055945598814898245,1256.04,-0.0028104606297336687
2021-05-19,1254.78,1262.71,1250.58,1262.49,625623500.0,0.007831209886004276,0.7831209886004276,0.012459504629739548,1.2459504629739548,1278.22,12.13000000000011,7.710000000000036,2,5,2021,1261.05,1253.3485714285714,1247.172,5.7223887785859615,11.389427524721748,1252.68,-0.004782712322237259,1258.7,-0.006048832875327648,1266.36,0.003462784966600241,1269.09,0.010389796503295967
2021-05-20,1264.62,1278.22,1255.78,1278.22,683043500.0,0.012459504629739548,1.2459504629739548,0.0044671496299542035,0.44671496299542035,1283.93,22.440000000000055,13.600000000000136,3,5,2021,1264.2185714285713,1256.825,1248.5776666666668,8.123056544121166,10.98728618415572,1262.49,0.007831209886004276,1252.68,-0.004782712322237259,1258.7,-0.006048832875327648,1261.99,-0.0055945598814898245
2021-05-21,1272.84,1289.03,1268.46,1283.93,626704900.0,0.0044671496299542035,0.44671496299542035,0.01094296418029006,1.094296418029006,1297.98,20.569999999999936,11.090000000000146,4,5,2021,1266.3385714285712,1260.0064285714286,1250.0433333333333,11.024617043340633,11.956224389354048,1278.22,0.012459504629739548,1262.49,0.007831209886004276,1252.68,-0.004782712322237259,1266.36,0.003462784966600241
2021-05-24,1287.5,1299.83,1287.36,1297.98,641854700.0,0.01094296418029006,1.094296418029006,0.008166535693924226,0.8166535693924226,1308.58,12.470000000000027,10.480000000000018,0,5,2021,1271.48,1263.9907142857141,1251.8966666666668,15.950355272947785,14.573544769310338,1283.93,0.0044671496299542035,1278.22,0.012459504629739548,1262.49,0.007831209886004276,1258.7,-0.006048832875327648
2021-05-25,1299.19,1308.58,1297.23,1308.58,617120500.0,0.008166535693924226,0.8166535693924226,0.0062051995292609075,0.6205199529260907,1316.7,11.349999999999909,9.389999999999873,1,5,2021,1277.5114285714285,1267.7157142857143,1254.353,20.904671271088706,18.60071947090766,1297.98,0.01094296418029006,1283.93,0.0044671496299542035,1278.22,0.012459504629739548,1252.68,-0.004782712322237259
2021-05-26,1308.04,1317.3,1304.68,1316.7,660896200.0,0.0062051995292609075,0.6205199529260907,-0.009971899445583743,-0.9971899445583743,1303.57,12.61999999999989,8.660000000000082,2,5,2021,1285.797142857143,1272.4392857142855,1257.1876666666665,23.53484842687685,21.99815183296491,1308.58,0.008166535693924226,1297.98,0.01094296418029006,1283.93,0.0044671496299542035,1262.49,0.007831209886004276
2021-05-27,1318.42,1319.67,1299.99,1303.57,666986400.0,-0.009971899445583743,-0.9971899445583743,0.012956726527919571,1.295672652791957,1320.46,19.680000000000064,-14.850000000000136,3,5,2021,1293.0671428571427,1276.8507142857143,1258.8916666666667,19.028459137374078,21.57181439689007,1316.7,0.0062051995292609075,1308.58,0.008166535693924226,1297.98,0.01094296418029006,1278.22,0.012459504629739548
2021-05-28,1307.79,1323.09,1300.06,1320.46,704736300.0,0.012956726527919571,1.295672652791957,0.005747996910167696,0.5747996910167696,1328.05,23.029999999999973,12.670000000000073,4,5,2021,1301.3485714285714,1281.1992857142857,1261.2959999999998,15.85258173354996,23.839547770717868,1303.57,-0.009971899445583743,1316.7,0.0062051995292609075,1308.58,0.008166535693924226,1283.93,0.0044671496299542035
2021-05-31,1326.65,1328.05,1307.56,1328.05,686089600.0,0.005747996910167696,0.5747996910167696,0.007326531380595691,0.7326531380595691,1337.78,20.49000000000001,1.3999999999998636,0,5,2021,1308.467142857143,1286.3428571428572,1263.702,14.894871280947747,25.690201193507495,1320.46,0.012956726527919571,1303.57,-0.009971899445583743,1316.7,0.0062051995292609075,1297.98,0.01094296418029006
2021-06-01,1329.47,1346.34,1328.84,1337.78,585998900.0,0.007326531380595691,0.7326531380595691,0.0022425211918253307,0.22425211918253307,1340.78,17.5,8.309999999999945,1,6,2021,1316.1599999999999,1291.2492857142856,1266.7196666666666,13.98841782808628,28.542707128442462,1328.05,0.005747996910167696,1320.46,0.012956726527919571,1303.57,-0.009971899445583743,1308.58,0.008166535693924226
2021-06-02,1337.78,1344.98,1330.82,1340.78,743586200.0,0.0022425211918253307,0.22425211918253307,0.017527111084592484,1.7527111084592484,1364.28,14.160000000000082,3.0,2,6,2021,1322.2742857142857,1296.8771428571429,1270.1219999999998,14.071221052365479,30.0572360233422,1337.78,0.007326531380595691,1328.05,0.005747996910167696,1320.46,0.012956726527919571,1316.7,0.0062051995292609075
2021-06-03,1345.21,1366.0,1345.21,1364.28,842889800.0,0.017527111084592484,1.7527111084592484,0.007161286539419942,0.7161286539419942,1374.05,20.789999999999964,19.069999999999936,3,6,2021,1330.2314285714288,1303.8714285714286,1273.5786666666665,19.67116877443054,33.594476848516926,1340.78,0.0022425211918253307,1337.78,0.007326531380595691,1328.05,0.005747996910167696,1303.57,-0.009971899445583743
2021-06-04,1367.06,1374.05,1360.42,1374.05,874131500.0,0.007161286539419942,0.7161286539419942,-0.011113132709872242,-1.1113132709872242,1358.78,13.629999999999882,6.990000000000009,4,6,2021,1338.4242857142856,1312.1107142857143,1277.1043333333332,24.45688918425963,35.74033241296561,1364.28,0.017527111084592484,1340.78,0.0022425211918253307,1337.78,0.007326531380595691,1320.46,0.012956726527919571
2021-06-07,1374.59,1375.74,1347.21,1358.78,828123200.0,-0.011113132709872242,-1.1113132709872242,-0.028628622735100473,-2.8628622735100473,1319.88,28.529999999999973,-15.809999999999945,0,6,2021,1346.3114285714287,1319.6892857142855,1281.4696666666666,19.802867156519316,33.337151478217095,1374.05,0.007161286539419942,1364.28,0.017527111084592484,1340.78,0.0022425211918253307,1328.05,0.005747996910167696
2021-06-08,1355.36,1364.48,1318.11,1319.88,859332400.0,-0.028628622735100473,-2.8628622735100473,0.009864533139376297,0.9864533139376297,1332.9,46.37000000000012,-35.47999999999979,1,6,2021,1346.2285714285715,1323.7885714285715,1283.8480000000002,19.92986572003813,29.01030820963229,1358.78,-0.011113132709872242,1374.05,0.007161286539419942,1364.28,0.017527111084592484,1337.78,0.007326531380595691
2021-06-09,1323.52,1339.14,1312.08,1332.9,752808200.0,0.009864533139376297,0.9864533139376297,-0.006992272488558937,-0.6992272488558937,1323.58,27.060000000000173,9.38000000000011,2,6,2021,1346.9214285714286,1327.6942857142858,1287.7523333333334,19.265804272996633,25.919598677538858,1319.88,-0.028628622735100473,1358.78,-0.011113132709872242,1374.05,0.007161286539419942,1340.78,0.0022425211918253307
2021-06-10,1332.9,1336.71,1317.49,1323.58,667770700.0,-0.006992272488558937,-0.6992272488558937,0.021275631242539284,2.1275631242539284,1351.74,19.220000000000027,-9.320000000000164,3,6,2021,1344.892857142857,1330.5264285714286,1291.2133333333334,21.053416756967614,22.741106328260475,1332.9,0.009864533139376297,1319.88,-0.028628622735100473,1358.78,-0.011113132709872242,1364.28,0.017527111084592484
2021-06-11,1326.79,1352.47,1322.08,1351.74,696720700.0,0.021275631242539284,2.1275631242539284,0.0073830766271620885,0.7383076627162088,1361.72,30.3900000000001,24.950000000000045,4,6,2021,1346.4585714285713,1334.3664285714287,1295.2863333333332,21.104050502658254,21.316949055464114,1323.58,-0.006992272488558937,1332.9,0.009864533139376297,1319.88,-0.028628622735100473,1374.05,0.007161286539419942
2021-06-14,1352.73,1368.53,1352.73,1361.72,706965800.0,0.0073830766271620885,0.7383076627162088,0.004141820638604132,0.41418206386041323,1367.36,15.799999999999955,8.990000000000009,0,6,2021,1346.0928571428572,1338.1621428571427,1299.364,20.763177915303846,21.10219426380921,1351.74,0.021275631242539284,1323.58,-0.006992272488558937,1332.9,0.009864533139376297,1358.78,-0.011113132709872242
2021-06-15,1361.58,1372.72,1356.59,1367.36,696896400.0,0.004141820638604132,0.41418206386041323,-0.007927685466885048,-0.7927685466885048,1356.52,16.13000000000011,5.779999999999973,1,6,2021,1345.1371428571426,1341.7807142857143,1303.536,19.36901797052613,21.47898488659405,1361.72,0.0073830766271620885,1351.74,0.021275631242539284,1323.58,-0.006992272488558937,1319.88,-0.028628622735100473
2021-06-16,1363.85,1370.14,1350.73,1356.52,733597200.0,-0.007927685466885048,-0.7927685466885048,0.002506413469760993,0.2506413469760993,1359.92,19.410000000000082,-7.329999999999927,2,6,2021,1344.814285714286,1345.5628571428572,1306.8723333333335,19.12095434955596,18.717395622826302,1367.36,0.004141820638604132,1361.72,0.0073830766271620885,1351.74,0.021275631242539284,1332.9,0.009864533139376297
2021-06-17,1341.06,1364.55,1337.49,1359.92,705807300.0,0.002506413469760993,0.2506413469760993,0.013125772104241262,1.3125772104241262,1377.77,27.059999999999945,18.860000000000127,3,6,2021,1350.5342857142857,1348.3814285714286,1310.5173333333335,16.181782820127797,17.583175899864546,1356.52,-0.007927685466885048,1367.36,0.004141820638604132,1361.72,0.0073830766271620885,1323.58,-0.006992272488558937
2021-06-18,1366.19,1377.77,1363.52,1377.77,743046800.0,0.013125772104241262,1.3125772104241262,-0.003730666221502754,-0.3730666221502754,1372.63,14.25,11.579999999999927,4,6,2021,1356.9442857142858,1351.932857142857,1315.0493333333332,16.903155383076445,18.1721026380004,1359.92,0.002506413469760993,1356.52,-0.007927685466885048,1367.36,0.004141820638604132,1351.74,0.021275631242539284
2021-06-21,1373.59,1381.74,1367.85,1372.63,724919500.0,-0.003730666221502754,-0.3730666221502754,0.0053473987891856645,0.5347398789185664,1379.97,13.8900000000001,-0.959999999999809,0,6,2021,1363.9514285714286,1354.422142857143,1318.8176666666668,9.160291895932373,18.46877996828144,1377.77,0.013125772104241262,1359.92,0.002506413469760993,1356.52,-0.007927685466885048,1361.72,0.0073830766271620885
2021-06-22,1380.84,1385.98,1375.0,1379.97,686837800.0,0.0053473987891856645,0.5347398789185664,-0.002246425646934447,-0.22464256469344468,1376.87,10.980000000000018,-0.8699999999998909,1,6,2021,1367.9842857142855,1357.2214285714285,1322.9486666666667,9.102140512230287,19.197609569608574,1372.63,-0.003730666221502754,1377.77,0.013125772104241262,1359.92,0.002506413469760993,1367.36,0.004141820638604132
2021-06-23,1383.15,1388.33,1372.06,1376.87,636933200.0,-0.002246425646934447,-0.22464256469344468,0.0020699121921461394,0.20699121921461394,1379.72,16.269999999999982,-6.2800000000002,2,6,2021,1370.1485714285716,1358.1207142857143,1326.5413333333333,9.165328560322386,19.83789631538824,1379.97,0.0053473987891856645,1372.63,-0.003730666221502754,1377.77,0.013125772104241262,1356.52,-0.007927685466885048
2021-06-24,1376.87,1384.71,1372.99,1379.72,531324500.0,0.0020699121921461394,0.20699121921461394,0.007537761284898359,0.7537761284898359,1390.12,11.720000000000027,2.8500000000001364,3,6,2021,1371.9142857142856,1358.5257142857142,1330.4656666666667,9.712804018632797,20.24188031487276,1376.87,-0.002246425646934447,1379.97,0.0053473987891856645,1372.63,-0.003730666221502754,1359.92,0.002506413469760993
2021-06-25,1382.11,1390.12,1372.8,1390.12,511420300.0,0.007537761284898359,0.7537761284898359,0.011286795384571224,1.1286795384571224,1405.81,17.319999999999936,8.009999999999991,4,6,2021,1376.7142857142858,1360.7642857142857,1334.5910000000001,9.121543833384305,21.93437018937888,1379.72,0.0020699121921461394,1376.87,-0.002246425646934447,1379.97,0.0053473987891856645,1377.77,0.013125772104241262
2021-06-28,1397.96,1406.02,1390.56,1405.81,645842300.0,0.011286795384571224,1.1286795384571224,0.003008941464351489,0.3008941464351489,1410.04,15.460000000000036,7.849999999999909,0,6,2021,1383.27,1366.902142857143,1339.4946666666667,11.275978893185513,21.63451877781381,1390.12,0.007537761284898359,1379.72,0.0020699121921461394,1376.87,-0.002246425646934447,1372.63,-0.003730666221502754
2021-06-29,1408.34,1416.34,1406.87,1410.04,599995500.0,0.003008941464351489,0.3008941464351489,-0.0010567076111316354,-0.10567076111316354,1408.55,9.470000000000027,1.7000000000000455,1,6,2021,1387.8799999999999,1372.4121428571427,1344.7400000000002,14.722456769604742,22.126157224353623,1405.81,0.011286795384571224,1390.12,0.007537761284898359,1379.72,0.0020699121921461394,1379.97,0.0053473987891856645
2021-06-30,1410.83,1419.61,1408.18,1408.55,523401100.0,-0.0010567076111316354,-0.10567076111316354,0.006055873060949235,0.6055873060949235,1417.08,11.429999999999836,-2.2799999999999727,2,6,2021,1393.0114285714285,1378.4814285714288,1349.6086666666665,14.781011950649429,19.155292844443387,1410.04,0.003008941464351489,1405.81,0.011286795384571224,1390.12,0.007537761284898359,1376.87,-0.002246425646934447
2021-07-01,1412.15,1417.27,1402.18,1417.08,689994700.0,0.006055873060949235,0.6055873060949235,0.0022511079120444144,0.22511079120444144,1420.27,15.089999999999918,4.929999999999836,3,7,2021,1398.3128571428572,1383.1485714285714,1354.2373333333333,15.93398434611892,20.07643619047557,1408.55,-0.0010567076111316354,1410.04,0.003008941464351489,1405.81,0.011286795384571224,1379.72,0.0020699121921461394
2021-07-02,1422.89,1424.28,1415.82,1420.27,640414600.0,0.0022511079120444144,0.22511079120444144,-0.0064353960866594395,-0.643539608665944,1411.13,8.460000000000036,-2.6200000000001182,4,7,2021,1404.5128571428572,1387.3307142857143,1358.7820000000002,14.586472859319736,21.328520257485774,1417.08,0.006055873060949235,1408.55,-0.0010567076111316354,1410.04,0.003008941464351489,1390.12,0.007537761284898359
2021-07-05,1411.13,1421.52,1394.12,1411.13,765943500.0,-0.0064353960866594395,-0.643539608665944,-0.03992544981681356,-3.9925449816813563,1354.79,27.40000000000009,0.0,0,7,2021,1409.0,1390.457142857143,1362.5536666666667,9.701810827510323,21.383868624806823,1420.27,0.0022511079120444144,1417.08,0.006055873060949235,1408.55,-0.0010567076111316354,1405.81,0.011286795384571224
2021-07-06,1411.13,1418.99,1354.79,1354.79,765555500.0,-0.03992544981681356,-3.9925449816813563,0.024918991135157498,2.4918991135157498,1388.55,64.20000000000005,-56.340000000000146,1,7,2021,1403.952857142857,1390.3335714285715,1364.094,22.24374422489031,21.5989841666993,1411.13,-0.0064353960866594395,1420.27,0.0022511079120444144,1417.08,0.006055873060949235,1410.04,0.003008941464351489
2021-07-07,1354.79,1388.55,1334.88,1388.55,725684700.0,0.024918991135157498,2.4918991135157498,-0.009988837276295293,-0.9988837276295293,1374.68,53.669999999999845,33.75999999999999,2,7,2021,1401.4871428571428,1392.3785714285714,1366.489,22.94902228438104,19.776359180039847,1354.79,-0.03992544981681356,1411.13,-0.0064353960866594395,1420.27,0.0022511079120444144,1408.55,-0.0010567076111316354
2021-07-08,1388.55,1388.55,1363.92,1374.68,521754500.0,-0.009988837276295293,-0.9988837276295293,-0.020033753309861124,-2.0033753309861124,1347.14,24.62999999999988,-13.86999999999989,3,7,2021,1396.435714285714,1392.157857142857,1368.8593333333333,24.585899656190673,19.968251793051216,1388.55,0.024918991135157498,1354.79,-0.03992544981681356,1411.13,-0.0064353960866594395,1417.08,0.006055873060949235
2021-07-09,1374.68,1374.68,1335.9,1347.14,707063900.0,-0.020033753309861124,-2.0033753309861124,-0.037739210475526086,-3.7739210475526086,1296.3,38.77999999999997,-27.539999999999964,4,7,2021,1387.662857142857,1390.337142857143,1369.7486666666666,29.920364143434835,22.841198078706153,1374.68,-0.009988837276295293,1388.55,0.024918991135157498,1354.79,-0.03992544981681356,1420.27,0.0022511079120444144
2021-07-12,1347.14,1347.14,1270.06,1296.3,900010700.0,-0.037739210475526086,-3.7739210475526086,0.0009565686955179675,0.09565686955179675,1297.54,77.08000000000015,-50.840000000000146,0,7,2021,1370.4085714285716,1384.3607142857143,1368.6903333333332,42.3658665392161,33.988485711919594,1347.14,-0.020033753309861124,1374.68,-0.009988837276295293,1388.55,0.024918991135157498,1411.13,-0.0064353960866594395
2021-07-13,1296.3,1307.73,1278.3,1297.54,493260200.0,0.0009565686955179675,0.09565686955179675,-0.013587249718698402,-1.3587249718698402,1279.91,29.430000000000064,1.240000000000009,1,7,2021,1352.8757142857144,1378.6942857142858,1367.349,43.667415333454954,41.18441727612482,1296.3,-0.037739210475526086,1347.14,-0.020033753309861124,1374.68,-0.009988837276295293,1354.79,-0.03992544981681356
2021-07-14,1297.54,1305.37,1264.68,1279.91,541751600.0,-0.013587249718698402,-1.3587249718698402,0.010946082146400915,1.0946082146400915,1293.92,40.68999999999983,-17.62999999999988,2,7,2021,1334.1299999999999,1371.565,1365.32,42.6452029345986,48.907872537600454,1297.54,0.0009565686955179675,1296.3,-0.037739210475526086,1347.14,-0.020033753309861124,1388.55,0.024918991135157498
2021-07-15,1279.91,1299.18,1270.77,1293.92,413941000.0,0.010946082146400915,1.0946082146400915,0.004165636206256762,0.4165636206256762,1299.31,28.410000000000082,14.009999999999991,3,7,2021,1325.4342857142858,1364.6935714285714,1362.9746666666667,43.917309365494624,52.710505828777514,1279.91,-0.013587249718698402,1297.54,0.0009565686955179675,1296.3,-0.037739210475526086,1374.68,-0.009988837276295293
2021-07-16,1293.92,1304.37,1293.92,1299.31,410314600.0,0.004165636206256762,0.4165636206256762,-0.042945871270135605,-4.2945871270135605,1243.51,10.449999999999818,5.389999999999873,4,7,2021,1312.685714285714,1357.0864285714285,1360.4833333333333,34.480870956294304,53.98964040331646,1293.92,0.010946082146400915,1279.91,-0.013587249718698402,1297.54,0.0009565686955179675,1347.14,-0.020033753309861124
2021-07-19,1299.31,1299.31,1237.79,1243.51,665733700.0,-0.042945871270135605,-4.2945871270135605,0.02394833978013855,2.394833978013855,1273.29,61.51999999999998,-55.799999999999955,0,7,2021,1293.9471428571428,1345.1914285714283,1356.641,30.598562991467332,59.49021029446271,1299.31,0.004165636206256762,1293.92,0.010946082146400915,1279.91,-0.013587249718698402,1296.3,-0.037739210475526086
2021-07-20,1243.51,1273.29,1225.52,1273.29,532555600.0,0.02394833978013855,2.394833978013855,-0.0019634176032168327,-0.19634176032168327,1270.79,47.76999999999998,29.779999999999973,1,7,2021,1283.3971428571429,1335.53,1355.088,20.148417402106375,59.39231276339449,1243.51,-0.042945871270135605,1299.31,0.004165636206256762,1293.92,0.010946082146400915,1297.54,0.0009565686955179675
2021-07-21,1273.29,1284.33,1266.71,1270.79,391119000.0,-0.0019634176032168327,-0.19634176032168327,0.018004548351812755,1.8004548351812755,1293.67,17.61999999999989,-2.5,2,7,2021,1279.7528571428572,1325.0807142857143,1353.0176666666666,19.72833386636722,56.75117599110932,1273.29,0.02394833978013855,1243.51,-0.042945871270135605,1299.31,0.004165636206256762,1279.91,-0.013587249718698402
2021-07-22,1270.79,1294.16,1266.54,1293.67,486962100.0,0.018004548351812755,1.8004548351812755,-0.0192011873197957,-1.9201187319795698,1268.83,27.62000000000012,22.88000000000011,3,7,2021,1279.2,1316.037857142857,1352.0206666666668,19.193782847578472,50.11514037748637,1270.79,-0.0019634176032168327,1273.29,0.02394833978013855,1243.51,-0.042945871270135605,1293.92,0.010946082146400915
2021-07-23,1293.67,1295.63,1268.83,1268.83,544429400.0,-0.0192011873197957,-1.9201187319795698,0.0030579352631954215,0.30579352631954215,1272.71,26.800000000000182,-24.840000000000146,4,7,2021,1277.6171428571429,1305.8735714285715,1349.257,19.578485397910484,43.314185916955076,1293.67,0.018004548351812755,1270.79,-0.0019634176032168327,1273.29,0.02394833978013855,1299.31,0.004165636206256762
2021-07-26,1268.83,1277.33,1254.57,1272.71,454862700.0,0.0030579352631954215,0.30579352631954215,0.003315759285304587,0.3315759285304587,1276.93,22.75999999999999,3.880000000000109,0,7,2021,1274.587142857143,1300.0107142857141,1346.2900000000002,18.229706264122992,41.708996717051875,1268.83,-0.0192011873197957,1293.67,0.018004548351812755,1270.79,-0.0019634176032168327,1243.51,-0.042945871270135605
2021-07-27,1272.71,1288.35,1272.71,1276.93,513020600.0,0.003315759285304587,0.3315759285304587,0.0001096379597940178,0.01096379597940178,1277.07,15.639999999999873,4.220000000000027,1,7,2021,1271.3899999999999,1292.037857142857,1343.275666666667,14.813565854761661,33.30385659778591,1272.71,0.0030579352631954215,1268.83,-0.0192011873197957,1293.67,0.018004548351812755,1273.29,0.02394833978013855
2021-07-28,1276.93,1281.17,1271.78,1277.07,355190400.0,0.0001096379597940178,0.01096379597940178,0.012943691418638048,1.2943691418638048,1293.6,9.3900000000001,0.13999999999987267,2,7,2021,1276.1842857142856,1285.0657142857142,1340.6273333333334,8.273674832751361,23.42364246597416,1276.93,0.003315759285304587,1272.71,0.0030579352631954215,1268.83,-0.0192011873197957,1270.79,-0.0019634176032168327
2021-07-29,1277.07,1293.6,1277.07,1293.6,438103100.0,0.012943691418638048,1.2943691418638048,0.012716450216450292,1.2716450216450292,1310.05,16.529999999999973,16.529999999999973,3,7,2021,1279.0857142857144,1281.2414285714287,1338.4166666666667,10.382070854992827,15.560146754870955,1277.07,0.0001096379597940178,1276.93,0.003315759285304587,1272.71,0.0030579352631954215,1293.67,0.018004548351812755
2021-07-30,1293.6,1311.97,1293.6,1310.05,609027100.0,0.012716450216450292,1.2716450216450292,0.003183084615091092,0.3183084615091092,1314.22,18.37000000000012,16.450000000000045,4,7,2021,1284.6942857142858,1282.2235714285714,1336.1593333333333,14.812719598532054,16.955155606732355,1293.6,0.012943691418638048,1277.07,0.0001096379597940178,1276.93,0.003315759285304587,1268.83,-0.0192011873197957
2021-08-02,1310.05,1322.35,1304.49,1314.22,578784400.0,0.003183084615091092,0.3183084615091092,0.013863736665094217,1.3863736665094217,1332.44,17.8599999999999,4.170000000000073,0,8,2021,1287.6299999999999,1283.4149999999997,1334.2123333333332,18.472391110338027,18.6186638163927,1310.05,0.012716450216450292,1293.6,0.012943691418638048,1277.07,0.0001096379597940178,1272.71,0.0030579352631954215
2021-08-03,1314.22,1332.44,1314.22,1332.44,607397800.0,0.013863736665094217,1.3863736665094217,0.0017261565248716249,0.17261565248716249,1334.74,18.220000000000027,18.220000000000027,1,8,2021,1296.717142857143,1287.1671428571428,1332.6280000000002,22.817531062966676,22.703059579842563,1314.22,0.003183084615091092,1310.05,0.012716450216450292,1293.6,0.012943691418638048,1276.93,0.003315759285304587
2021-08-04,1332.44,1340.76,1328.4,1334.74,614173100.0,0.0017261565248716249,0.17261565248716249,0.008098955601840041,0.8098955601840041,1345.55,12.3599999999999,2.2999999999999545,2,8,2021,1305.5785714285714,1290.0828571428572,1331.2236666666665,23.95676204370989,26.016462370696875,1332.44,0.013863736665094217,1314.22,0.003183084615091092,1310.05,0.012716450216450292,1277.07,0.0001096379597940178
2021-08-05,1334.74,1346.62,1326.8,1345.55,575015000.0,0.008098955601840041,0.8098955601840041,-0.0030470811192448988,-0.3047081119244899,1341.45,19.819999999999936,10.809999999999945,3,8,2021,1315.3814285714286,1293.3857142857144,1330.0846666666666,24.316870295172336,29.920242366947516,1334.74,0.0017261565248716249,1332.44,0.013863736665094217,1314.22,0.003183084615091092,1293.6,0.012943691418638048
2021-08-06,1345.55,1351.85,1341.45,1341.45,666046400.0,-0.0030470811192448988,-0.3047081119244899,0.013723955421372391,1.3723955421372391,1359.86,10.399999999999864,-4.099999999999909,4,8,2021,1324.5785714285714,1300.3814285714286,1328.4623333333332,19.00681406633414,28.790089335676527,1345.55,0.008098955601840041,1334.74,0.0017261565248716249,1332.44,0.013863736665094217,1310.05,0.012716450216450292
2021-08-09,1341.45,1361.12,1334.69,1359.86,624857600.0,0.013723955421372391,1.3723955421372391,0.0018899004309267387,0.18899004309267387,1362.43,26.429999999999836,18.409999999999854,0,8,2021,1334.0442857142857,1306.565,1326.9306666666666,17.442586636482634,31.67593523602933,1341.45,-0.0030470811192448988,1345.55,0.008098955601840041,1334.74,0.0017261565248716249,1314.22,0.003183084615091092
2021-08-10,1359.86,1370.35,1358.12,1362.43,666359800.0,0.0018899004309267387,0.18899004309267387,-0.003405679557848873,-0.3405679557848873,1357.79,12.230000000000018,2.5700000000001637,1,8,2021,1341.527142857143,1313.1107142857143,1325.3436666666666,16.65099568021687,33.148780802339196,1359.86,0.013723955421372391,1341.45,-0.0030470811192448988,1345.55,0.008098955601840041,1332.44,0.013863736665094217
2021-08-11,1362.43,1374.03,1357.79,1357.79,761972900.0,-0.003405679557848873,-0.3405679557848873,-0.0034909669389228126,-0.34909669389228126,1353.05,16.24000000000001,-4.6400000000001,2,8,2021,1347.7514285714285,1317.6907142857144,1323.6516666666669,12.323029157588156,34.65163920294059,1362.43,0.0018899004309267387,1359.86,0.013723955421372391,1341.45,-0.0030470811192448988,1334.74,0.0017261565248716249
2021-08-12,1357.79,1365.01,1353.05,1353.05,710090200.0,-0.0034909669389228126,-0.34909669389228126,0.0029562839510735017,0.2956283951073502,1357.05,11.960000000000036,-4.740000000000009,3,8,2021,1350.6957142857143,1323.7064285714284,1321.5173333333335,10.360948890158271,32.77644032090916,1357.79,-0.003405679557848873,1362.43,0.0018899004309267387,1359.86,0.013723955421372391,1345.55,0.008098955601840041
2021-08-13,1353.05,1357.41,1336.74,1357.05,713712000.0,0.0029562839510735017,0.2956283951073502,0.01025017501197456,1.025017501197456,1370.96,20.670000000000073,4.0,4,8,2021,1353.8828571428571,1329.7307142857142,1319.4099999999999,7.732857846610699,30.342791936928162,1353.05,-0.0034909669389228126,1357.79,-0.003405679557848873,1362.43,0.0018899004309267387,1341.45,-0.0030470811192448988
2021-08-16,1357.05,1372.33,1357.05,1370.96,793990600.0,0.01025017501197456,1.025017501197456,-0.005740503005193576,-0.5740503005193576,1363.09,15.279999999999973,13.910000000000082,0,8,2021,1357.5128571428572,1336.447142857143,1318.071,9.02530279136799,28.078595852627625,1357.05,0.0029562839510735017,1353.05,-0.0034909669389228126,1357.79,-0.003405679557848873,1359.86,0.013723955421372391
2021-08-17,1370.96,1379.7,1359.11,1363.09,727641800.0,-0.005740503005193576,-0.5740503005193576,-0.001577298637654101,-0.1577298637654101,1360.94,20.590000000000146,-7.870000000000118,1,8,2021,1360.6042857142857,1342.5914285714284,1318.3476666666668,5.699812444671726,23.046714051501766,1370.96,0.01025017501197456,1357.05,0.0029562839510735017,1353.05,-0.0034909669389228126,1362.43,0.0018899004309267387
2021-08-18,1363.09,1370.5,1355.83,1360.94,636257800.0,-0.001577298637654101,-0.1577298637654101,0.010220876746954266,1.0220876746954266,1374.85,14.670000000000073,-2.1499999999998636,2,8,2021,1360.7585714285713,1347.4014285714286,1317.4273333333333,5.6909179943766395,18.64149212299525,1363.09,-0.005740503005193576,1370.96,0.01025017501197456,1357.05,0.0029562839510735017,1357.79,-0.003405679557848873
2021-08-19,1360.94,1374.85,1352.94,1374.85,647948200.0,0.010220876746954266,1.0220876746954266,-0.0330363312361347,-3.3036331236134697,1329.43,21.909999999999854,13.909999999999854,3,8,2021,1362.532857142857,1352.03,1317.4330000000002,7.832170227711884,16.585284023920586,1360.94,-0.001577298637654101,1363.09,-0.005740503005193576,1370.96,0.01025017501197456,1353.05,-0.0034909669389228126
2021-08-20,1374.85,1374.85,1317.52,1329.43,1165664100.0,-0.0330363312361347,-3.3036331236134697,-0.022994817327727013,-2.2994817327727013,1298.86,57.32999999999993,-45.419999999999845,4,8,2021,1358.4814285714288,1353.1164285714287,1316.842666666667,14.868665517974167,14.25204633466875,1374.85,0.010220876746954266,1360.94,-0.001577298637654101,1363.09,-0.005740503005193576,1357.05,0.0029562839510735017
2021-08-23,1329.43,1326.07,1298.86,1298.86,761345100.0,-0.022994817327727013,-2.2994817327727013,-9.238871009953353e-05,-0.009238871009953353,1298.74,27.210000000000036,-30.570000000000164,0,8,2021,1350.74,1350.7178571428572,1316.9279999999999,27.17894282957018,19.760629147018147,1329.43,-0.0330363312361347,1374.85,0.010220876746954266,1360.94,-0.001577298637654101,1370.96,0.01025017501197456
2021-08-24,1298.86,1307.56,1289.16,1298.74,638238200.0,-9.238871009953353e-05,-0.009238871009953353,0.00832345196113149,0.8323451961131489,1309.55,18.399999999999864,-0.11999999999989086,1,8,2021,1342.4099999999999,1348.1464285714287,1316.968,33.19294905045965,23.90704164279127,1298.86,-0.022994817327727013,1329.43,-0.0330363312361347,1374.85,0.010220876746954266,1363.09,-0.005740503005193576
2021-08-25,1298.74,1309.8,1291.7,1309.55,472111500.0,0.00832345196113149,0.8323451961131489,-0.006437325798938631,-0.6437325798938631,1301.12,18.09999999999991,10.809999999999945,2,8,2021,1333.6371428571426,1345.575,1317.956,32.4976079705769,26.047999701739137,1298.74,-9.238871009953353e-05,1298.86,-0.022994817327727013,1329.43,-0.0330363312361347,1360.94,-0.001577298637654101
2021-08-26,1309.55,1316.26,1295.77,1301.12,492665900.0,-0.006437325798938631,-0.6437325798938631,0.009284308903098948,0.9284308903098948,1313.2,20.49000000000001,-8.430000000000064,3,8,2021,1324.7842857142857,1342.6942857142858,1318.196,31.564350596380848,28.640382924573405,1309.55,0.00832345196113149,1298.74,-9.238871009953353e-05,1298.86,-0.022994817327727013,1374.85,0.010220876746954266
2021-08-27,1301.12,1313.2,1285.16,1313.2,625254800.0,0.009284308903098948,0.9284308903098948,0.011376789521778896,1.1376789521778896,1328.14,28.039999999999964,12.080000000000155,4,8,2021,1317.9642857142858,1339.3614285714286,1318.6589999999999,27.322831025315494,29.19861689484089,1301.12,-0.006437325798938631,1309.55,0.00832345196113149,1298.74,-9.238871009953353e-05,1329.43,-0.0330363312361347
2021-08-30,1313.2,1329.62,1313.2,1328.14,626412100.0,0.011376789521778896,1.1376789521778896,0.0025072658002920356,0.25072658002920356,1331.47,16.419999999999845,14.940000000000055,0,8,2021,1311.2914285714285,1336.912142857143,1321.4799999999998,13.134522486647956,28.545571441142243,1313.2,0.009284308903098948,1301.12,-0.006437325798938631,1309.55,0.00832345196113149,1298.86,-0.022994817327727013
2021-08-31,1328.14,1336.14,1325.69,1331.47,701548700.0,0.0025072658002920356,0.25072658002920356,0.00238833770193847,0.238833770193847,1334.65,10.450000000000045,3.3299999999999272,1,8,2021,1311.5828571428572,1335.0321428571428,1323.419333333333,13.617798052893926,27.924755815635926,1328.14,0.011376789521778896,1313.2,0.009284308903098948,1301.12,-0.006437325798938631,1298.74,-9.238871009953353e-05
2021-09-01,1331.47,1338.02,1328.13,1334.65,667074200.0,0.00238833770193847,0.238833770193847,0.008796313640280218,0.8796313640280218,1346.39,9.889999999999873,3.1800000000000637,2,9,2021,1316.695714285714,1333.7178571428572,1325.548,14.719031735747738,27.44030701179112,1331.47,0.0025072658002920356,1328.14,0.011376789521778896,1313.2,0.009284308903098948,1309.55,0.00832345196113149
2021-09-06,1334.65,1348.36,1334.65,1346.39,874672600.0,0.008796313640280218,0.8796313640280218,-0.003334843544589572,-0.3334843544589572,1341.9,13.709999999999809,11.740000000000009,0,9,2021,1323.5028571428572,1332.9564285714284,1327.3053333333332,15.994175725640833,26.885359643997077,1334.65,0.00238833770193847,1331.47,0.0025072658002920356,1328.14,0.011376789521778896,1301.12,-0.006437325798938631
2021-09-07,1346.39,1353.66,1340.32,1341.9,832845900.0,-0.003334843544589572,-0.3334843544589572,-0.00617780758625841,-0.617780758625841,1333.61,13.340000000000146,-4.490000000000009,1,9,2021,1328.1242857142859,1330.8807142857145,1329.7410000000002,15.964290209857749,24.76363508307543,1346.39,0.008796313640280218,1334.65,0.00238833770193847,1331.47,0.0025072658002920356,1313.2,0.009284308903098948
2021-09-08,1341.9,1344.49,1328.35,1333.61,582036600.0,-0.00617780758625841,-0.617780758625841,0.007775886503550655,0.7775886503550655,1343.98,16.1400000000001,-8.290000000000191,2,9,2021,1332.7657142857145,1328.775,1331.771,10.639650459697226,23.005055548063382,1341.9,-0.003334843544589572,1346.39,0.008796313640280218,1334.65,0.00238833770193847,1328.14,0.011376789521778896
2021-09-09,1333.61,1345.59,1332.67,1343.98,568663500.0,0.007775886503550655,0.7775886503550655,0.000989598059494945,0.0989598059494945,1345.31,12.919999999999845,10.370000000000118,3,9,2021,1337.162857142857,1327.5635714285713,1334.0059999999999,6.91389835591622,21.58361650995036,1333.61,-0.00617780758625841,1341.9,-0.003334843544589572,1346.39,0.008796313640280218,1331.47,0.0025072658002920356
2021-09-10,1343.98,1350.43,1343.98,1345.31,533105300.0,0.000989598059494945,0.0989598059494945,-0.0028840936289775687,-0.28840936289775687,1341.43,6.4500000000000455,1.3299999999999272,4,9,2021,1339.6157142857141,1325.4535714285716,1336.2806666666665,6.186818937965353,17.699809910825905,1343.98,0.007775886503550655,1333.61,-0.00617780758625841,1341.9,-0.003334843544589572,1334.65,0.00238833770193847
2021-09-13,1345.31,1350.69,1340.5,1341.43,722319500.0,-0.0028840936289775687,-0.28840936289775687,-0.0012896684881059661,-0.1289668488105966,1339.7,10.190000000000055,-3.8799999999998818,0,9,2021,1341.0385714285715,1326.3107142857145,1337.875,5.040299027383733,18.19093411747138,1345.31,0.000989598059494945,1343.98,0.007775886503550655,1333.61,-0.00617780758625841,1346.39,0.008796313640280218
2021-09-14,1341.43,1349.13,1336.84,1339.7,672819500.0,-0.0012896684881059661,-0.1289668488105966,0.004575651265208647,0.4575651265208647,1345.83,12.290000000000191,-1.7300000000000182,1,9,2021,1341.76,1329.2278571428571,1338.8633333333335,4.277117409314494,16.660469648282692,1341.43,-0.0028840936289775687,1345.31,0.000989598059494945,1343.98,0.007775886503550655,1341.9,-0.003334843544589572
2021-09-15,1339.7,1347.7,1334.97,1345.83,625538600.0,0.004575651265208647,0.4575651265208647,2.972143584245579e-05,0.002972143584245579,1345.87,12.730000000000018,6.129999999999882,2,9,2021,1341.68,1332.5914285714284,1339.9170000000001,4.180223279490524,14.665913833501069,1339.7,-0.0012896684881059661,1341.43,-0.0028840936289775687,1345.31,0.000989598059494945,1333.61,-0.00617780758625841
2021-09-16,1345.83,1353.12,1341.23,1345.87,550023100.0,2.972143584245579e-05,0.002972143584245579,0.005030203511483533,0.5030203511483533,1352.64,11.889999999999873,0.03999999999996362,3,9,2021,1342.2471428571428,1335.185714285714,1340.3646666666668,4.474031419489833,13.437450373032872,1345.83,0.004575651265208647,1339.7,-0.0012896684881059661,1341.43,-0.0028840936289775687,1343.98,0.007775886503550655
2021-09-17,1345.87,1356.45,1345.87,1352.64,785574800.0,0.005030203511483533,0.5030203511483533,-0.0015968772178850399,-0.159687721788504,1350.48,10.580000000000155,6.770000000000209,4,9,2021,1344.9657142857143,1338.8657142857141,1340.9613333333334,4.118627834340899,10.00742625353934,1345.87,2.972143584245579e-05,1345.83,0.004575651265208647,1339.7,-0.0012896684881059661,1345.31,0.000989598059494945
2021-09-20,1352.64,1365.92,1349.18,1350.48,821369200.0,-0.0015968772178850399,-0.159687721788504,-0.00787868017297566,-0.7878680172975661,1339.84,16.74000000000001,-2.160000000000082,0,9,2021,1345.8942857142858,1341.5285714285712,1341.1256666666666,4.56761373561768,7.22614362219569,1352.64,0.005030203511483533,1345.87,2.972143584245579e-05,1345.83,0.004575651265208647,1341.43,-0.0028840936289775687
2021-09-21,1350.48,1350.48,1324.82,1339.84,796167300.0,-0.00787868017297566,-0.7878680172975661,0.008090518270838398,0.8090518270838398,1350.68,25.660000000000082,-10.6400000000001,1,9,2021,1345.1128571428574,1342.3642857142856,1341.0720000000001,5.118872643714541,6.1559386140562,1350.48,-0.0015968772178850399,1352.64,0.005030203511483533,1345.87,2.972143584245579e-05,1339.7,-0.0012896684881059661
2021-09-22,1339.84,1350.71,1336.63,1350.68,707468700.0,0.008090518270838398,0.8090518270838398,0.0015399650546390475,0.15399650546390475,1352.76,14.079999999999927,10.840000000000146,2,9,2021,1346.4342857142858,1343.7364285714284,1340.766,5.202941018097485,5.661946671431814,1339.84,-0.00787868017297566,1350.48,-0.0015968772178850399,1352.64,0.005030203511483533,1345.83,0.004575651265208647
2021-09-23,1350.68,1361.09,1350.43,1352.76,941137100.0,0.0015399650546390475,0.15399650546390475,-0.0011753747893195055,-0.11753747893195055,1351.17,10.659999999999854,2.0799999999999272,3,9,2021,1348.2999999999997,1345.0300000000002,1340.4436666666666,4.703215212280966,5.492543196869592,1350.68,0.008090518270838398,1339.84,-0.00787868017297566,1350.48,-0.0015968772178850399,1345.87,2.972143584245579e-05
2021-09-24,1352.76,1356.97,1348.07,1351.17,613583200.0,-0.0011753747893195055,-0.11753747893195055,-0.01937580023239127,-1.9375800232391271,1324.99,8.900000000000091,-1.5899999999999181,4,9,2021,1349.062857142857,1345.3714285714286,1340.2230000000002,4.668756844801898,5.727144351055792,1352.76,0.0015399650546390475,1350.68,0.008090518270838398,1339.84,-0.00787868017297566,1352.64,0.005030203511483533
2021-09-27,1351.17,1354.38,1324.99,1324.99,704752900.0,-0.01937580023239127,-1.9375800232391271,0.010807628736820618,1.0807628736820618,1339.31,29.3900000000001,-26.180000000000064,0,9,2021,1346.0800000000002,1344.1635714285715,1339.2876666666666,10.310268344376032,7.890253585823399,1351.17,-0.0011753747893195055,1352.76,0.0015399650546390475,1350.68,0.008090518270838398,1350.48,-0.0015968772178850399
2021-09-28,1324.99,1341.81,1316.41,1339.31,569826500.0,0.010807628736820618,1.0807628736820618,-7.466531273558896e-05,-0.007466531273558896,1339.21,25.399999999999864,14.319999999999936,1,9,2021,1344.1757142857143,1344.570714285714,1338.6963333333333,10.126079954148784,7.437885828959934,1324.99,-0.01937580023239127,1351.17,-0.0011753747893195055,1352.76,0.0015399650546390475,1339.84,-0.00787868017297566
2021-09-29,1339.31,1340.9,1328.17,1339.21,547814000.0,-7.466531273558896e-05,-0.007466531273558896,0.002128120309734749,0.2128120309734749,1342.06,12.730000000000018,-0.09999999999990905,2,9,2021,1342.5657142857142,1344.23,1337.638,9.848811869348594,7.575014597615859,1339.31,0.010807628736820618,1324.99,-0.01937580023239127,1351.17,-0.0011753747893195055,1350.68,0.008090518270838398
2021-09-30,1339.21,1348.89,1339.21,1342.06,423750600.0,0.002128120309734749,0.2128120309734749,-0.005342533120724746,-0.5342533120724746,1334.89,9.680000000000064,2.849999999999909,3,9,2021,1342.8828571428571,1343.997857142857,1336.9370000000001,9.78192842997988,7.589157426210603,1339.21,-7.466531273558896e-05,1339.31,0.010807628736820618,1324.99,-0.01937580023239127,1352.76,0.0015399650546390475
2021-10-01,1342.06,1344.06,1332.97,1334.89,586980600.0,-0.005342533120724746,-0.5342533120724746,0.0034834330918651624,0.34834330918651624,1339.54,11.089999999999918,-7.169999999999845,4,10,2021,1340.6271428571429,1343.5307142857143,1336.0686666666668,9.50078367693559,7.951986171151263,1342.06,0.002128120309734749,1339.21,-7.466531273558896e-05,1339.31,0.010807628736820618,1351.17,-0.0011753747893195055
2021-10-04,1334.89,1347.49,1333.53,1339.54,684922300.0,0.0034834330918651624,0.34834330918651624,0.011265061140391497,1.1265061140391497,1354.63,13.960000000000036,4.649999999999864,0,10,2021,1338.7385714285715,1343.5192857142858,1334.8916666666667,7.859156927991184,7.958027842569036,1334.89,-0.005342533120724746,1342.06,0.002128120309734749,1339.21,-7.466531273558896e-05,1324.99,-0.01937580023239127
2021-10-05,1339.54,1354.63,1339.54,1354.63,558376400.0,0.011265061140391497,1.1265061140391497,0.006045931361331025,0.6045931361331025,1362.82,15.090000000000146,15.090000000000146,1,10,2021,1339.2328571428573,1344.1478571428572,1335.7316666666666,8.821233311878752,8.484691353424981,1339.54,0.0034834330918651624,1334.89,-0.005342533120724746,1342.06,0.002128120309734749,1339.31,0.010807628736820618
2021-10-06,1354.63,1362.82,1354.63,1362.82,576985600.0,0.006045931361331025,0.6045931361331025,0.002326059200774999,0.23260592007749992,1365.99,8.189999999999827,8.189999999999827,2,10,2021,1344.637142857143,1345.3585714285714,1337.8636666666669,10.131922677487005,9.848980312045555,1354.63,0.011265061140391497,1339.54,0.0034834330918651624,1334.89,-0.005342533120724746,1339.21,-7.466531273558896e-05
2021-10-07,1362.82,1367.64,1360.57,1365.99,642146400.0,0.002326059200774999,0.23260592007749992,0.004934150323208764,0.49341503232087636,1372.73,7.070000000000164,3.1700000000000728,3,10,2021,1348.4485714285713,1346.312142857143,1340.1053333333332,12.528715588016832,11.166356873413283,1362.82,0.006045931361331025,1354.63,0.011265061140391497,1339.54,0.0034834330918651624,1342.06,0.002128120309734749
2021-10-08,1365.99,1373.18,1365.93,1372.73,583226400.0,0.004934150323208764,0.49341503232087636,0.015560233986289917,1.5560233986289917,1394.09,7.25,6.740000000000009,4,10,2021,1353.2371428571428,1347.9014285714288,1342.2113333333334,14.637485797631745,13.202879556054365,1365.99,0.002326059200774999,1362.82,0.006045931361331025,1354.63,0.011265061140391497,1334.89,-0.005342533120724746
2021-10-11,1372.73,1394.64,1372.73,1394.09,697518700.0,0.015560233986289917,1.5560233986289917,0.0005092928003214148,0.05092928003214148,1394.8,21.910000000000082,21.3599999999999,0,10,2021,1360.67,1351.7764285714288,1345.3103333333333,20.177676608890824,17.81159328905637,1372.73,0.004934150323208764,1365.99,0.002326059200774999,1362.82,0.006045931361331025,1339.54,0.0034834330918651624
2021-10-12,1394.09,1400.78,1389.43,1394.8,683357500.0,0.0005092928003214148,0.05092928003214148,-0.002071981646113996,-0.20719816461139962,1391.91,11.349999999999909,0.7100000000000364,1,10,2021,1369.2285714285715,1354.9278571428572,1348.0303333333334,20.126004263605235,21.186119613699187,1394.09,0.015560233986289917,1372.73,0.004934150323208764,1365.99,0.002326059200774999,1354.63,0.011265061140391497
2021-10-13,1394.8,1400.67,1389.61,1391.91,582912400.0,-0.002071981646113996,-0.20719816461139962,-4.3106235317114105e-05,-0.0043106235317114105,1391.85,11.060000000000173,-2.8899999999998727,2,10,2021,1376.7100000000003,1357.7242857142858,1350.156,16.69116432925638,23.351117158023303,1394.8,0.0005092928003214148,1394.09,0.015560233986289917,1372.73,0.004934150323208764,1362.82,0.006045931361331025
2021-10-14,1391.91,1398.67,1388.89,1391.85,671090900.0,-4.3106235317114105e-05,-0.0043106235317114105,0.0006106979918814037,0.06106979918814037,1392.7,9.779999999999973,-0.060000000000172804,3,10,2021,1382.027142857143,1360.6299999999999,1352.168666666667,14.232351309923214,24.94913594927979,1391.91,-0.002071981646113996,1394.8,0.0005092928003214148,1394.09,0.015560233986289917,1365.99,0.002326059200774999
2021-10-15,1391.85,1399.03,1388.0,1392.7,711550400.0,0.0006106979918814037,0.06106979918814037,0.002032024125798726,0.2032024125798726,1395.53,11.029999999999973,0.8500000000001364,4,10,2021,1386.2957142857142,1365.4664285714284,1354.1036666666666,11.781408881692595,24.055660970456458,1391.85,-4.3106235317114105e-05,1391.91,-0.002071981646113996,1394.8,0.0005092928003214148,1372.73,0.004934150323208764
2021-10-18,1392.7,1402.63,1390.88,1395.53,741454800.0,0.002032024125798726,0.2032024125798726,-0.00014331472630468856,-0.014331472630468856,1395.33,11.75,2.8299999999999272,0,10,2021,1390.5157142857145,1369.482142857143,1355.7416666666666,7.969742482515078,24.045899755576162,1392.7,0.0006106979918814037,1391.85,-4.3106235317114105e-05,1391.91,-0.002071981646113996,1394.09,0.015560233986289917
2021-10-19,1395.53,1399.66,1388.95,1395.33,583394100.0,-0.00014331472630468856,-0.014331472630468856,-0.0010965148029498106,-0.10965148029498106,1393.8,10.710000000000036,-0.20000000000004547,1,10,2021,1393.7442857142858,1373.4907142857141,1357.5226666666667,1.5801250702367786,23.276625602754955,1395.53,0.002032024125798726,1392.7,0.0006106979918814037,1391.85,-4.3106235317114105e-05,1394.8,0.0005092928003214148
2021-10-20,1395.33,1401.76,1376.15,1393.8,775436500.0,-0.0010965148029498106,-0.10965148029498106,-0.006478691347395538,-0.6478691347395538,1384.77,25.6099999999999,-1.5299999999999727,2,10,2021,1393.702857142857,1377.1864285714287,1359.529,1.5733373686804144,21.97337185958048,1395.33,-0.00014331472630468856,1395.53,0.002032024125798726,1392.7,0.0006106979918814037,1391.91,-0.002071981646113996
2021-10-21,1393.8,1398.45,1384.77,1384.77,660491700.0,-0.006478691347395538,-0.6478691347395538,0.0032279728763622284,0.32279728763622284,1389.24,13.680000000000064,-9.029999999999973,3,10,2021,1392.27,1380.7492857142859,1360.8886666666665,3.6302662895213396,18.329432600351737,1393.8,-0.0010965148029498106,1395.33,-0.00014331472630468856,1395.53,0.002032024125798726,1391.85,-4.3106235317114105e-05
2021-10-22,1384.77,1393.7,1384.77,1389.24,723134800.0,0.0032279728763622284,0.32279728763622284,-0.00276410123520765,-0.276410123520765,1385.4,8.930000000000064,4.470000000000027,4,10,2021,1391.8885714285714,1384.2992857142858,1362.3529999999998,3.810203094134361,14.046727768035609,1384.77,-0.006478691347395538,1393.8,-0.0010965148029498106,1395.33,-0.00014331472630468856,1392.7,0.0006106979918814037
2021-10-25,1389.24,1395.72,1385.4,1385.4,842037500.0,-0.00276410123520765,-0.276410123520765,0.004496896203262546,0.4496896203262546,1391.63,10.319999999999936,-3.839999999999918,0,10,2021,1390.9671428571426,1386.4971428571428,1363.8186666666666,4.532525838392754,11.157454512974107,1389.24,0.0032279728763622284,1384.77,-0.006478691347395538,1393.8,-0.0010965148029498106,1395.53,0.002032024125798726
2021-10-26,1385.4,1393.03,1377.56,1391.63,667788500.0,0.004496896203262546,0.4496896203262546,0.02255628292002898,2.255628292002898,1423.02,15.470000000000027,6.230000000000018,1,10,2021,1390.814285714286,1388.555,1365.5496666666666,4.482108347374412,8.878697712909275,1385.4,-0.00276410123520765,1389.24,0.0032279728763622284,1384.77,-0.006478691347395538,1395.33,-0.00014331472630468856
2021-10-27,1391.63,1423.02,1391.63,1423.02,833096300.0,0.02255628292002898,2.255628292002898,0.010533934870908368,1.0533934870908368,1438.01,31.389999999999873,31.389999999999873,2,10,2021,1394.7414285714287,1392.6285714285714,1368.1226666666666,13.086562355531111,10.637913949037012,1391.63,0.004496896203262546,1385.4,-0.00276410123520765,1389.24,0.0032279728763622284,1393.8,-0.0010965148029498106
2021-10-28,1423.02,1440.64,1420.42,1438.01,795476100.0,0.010533934870908368,1.0533934870908368,0.004353238155506478,0.4353238155506478,1444.27,20.220000000000027,14.990000000000009,3,10,2021,1400.8385714285712,1397.2914285714285,1371.194,20.972781907792815,14.755122634405819,1423.02,0.02255628292002898,1391.63,0.004496896203262546,1385.4,-0.00276410123520765,1384.77,-0.006478691347395538
2021-10-29,1438.01,1447.62,1432.19,1444.27,904699600.0,0.004353238155506478,0.4353238155506478,-0.003669673952931163,-0.3669673952931163,1438.97,15.429999999999836,6.259999999999991,4,10,2021,1408.0485714285714,1400.8757142857141,1374.2483333333332,26.17888553048952,19.309533203259715,1438.01,0.010533934870908368,1423.02,0.02255628292002898,1391.63,0.004496896203262546,1389.24,0.0032279728763622284
2021-11-01,1444.27,1451.81,1435.57,1438.97,1052909000.0,-0.003669673952931163,-0.3669673952931163,0.009374761113852381,0.9374761113852381,1452.46,16.24000000000001,-5.2999999999999545,0,11,2021,1415.7914285714287,1404.0307142857143,1377.198,26.161626751505764,21.700866506736077,1444.27,0.004353238155506478,1438.01,0.010533934870908368,1423.02,0.02255628292002898,1385.4,-0.00276410123520765
2021-11-02,1438.97,1452.46,1438.83,1452.46,942151100.0,0.009374761113852381,0.9374761113852381,-0.005618054886193158,-0.5618054886193158,1444.3,13.63000000000011,13.490000000000009,1,11,2021,1424.8228571428572,1408.3557142857142,1380.952,26.379357911231782,24.897735675329447,1438.97,-0.003669673952931163,1444.27,0.004353238155506478,1438.01,0.010533934870908368,1391.63,0.004496896203262546
2021-11-03,1452.46,1463.63,1440.67,1444.3,1412338600.0,-0.005618054886193158,-0.5618054886193158,0.002797202797202747,0.2797202797202747,1448.34,22.960000000000036,-8.160000000000082,2,11,2021,1433.2371428571428,1412.1021428571428,1384.0726666666667,20.4320791194181,26.13826701882872,1452.46,0.009374761113852381,1438.97,-0.003669673952931163,1444.27,0.004353238155506478,1423.02,0.02255628292002898
2021-11-04,1444.3,1451.98,1435.84,1448.34,863608400.0,0.002797202797202747,0.2797202797202747,0.005640940663103944,0.5640940663103944,1456.51,16.1400000000001,4.039999999999964,3,11,2021,1441.3385714285712,1416.0764285714286,1387.2586666666668,9.507269900010726,27.170865224230706,1444.3,-0.005618054886193158,1452.46,0.009374761113852381,1438.97,-0.003669673952931163,1438.01,0.010533934870908368
2021-11-05,1448.34,1459.93,1444.51,1456.51,814437100.0,0.005640940663103944,0.5640940663103944,0.007593494037116066,0.7593494037116066,1467.57,15.420000000000073,8.170000000000073,4,11,2021,1446.122857142857,1420.4321428571432,1390.77,6.790993334957673,28.47999761738162,1448.34,0.002797202797202747,1444.3,-0.005618054886193158,1452.46,0.009374761113852381,1444.27,0.004353238155506478
2021-11-08,1456.51,1470.49,1456.51,1467.57,972340900.0,0.007593494037116066,0.7593494037116066,-0.004136088908876512,-0.4136088908876512,1461.5,13.980000000000018,11.059999999999945,0,11,2021,1450.345714285714,1425.592142857143,1395.5226666666667,9.539735945192195,30.081344890810893,1456.51,0.005640940663103944,1448.34,0.002797202797202747,1444.3,-0.005618054886193158,1438.97,-0.003669673952931163
2021-11-09,1467.57,1474.2,1457.57,1461.5,971430000.0,-0.004136088908876512,-0.4136088908876512,0.002408484433800817,0.2408484433800817,1465.02,16.63000000000011,-6.069999999999936,1,11,2021,1452.8071428571427,1430.4278571428572,1399.5956666666668,9.925831139443325,30.018956876919983,1467.57,0.007593494037116066,1456.51,0.005640940663103944,1448.34,0.002797202797202747,1452.46,0.009374761113852381
2021-11-10,1461.5,1470.19,1457.98,1465.02,926684900.0,0.002408484433800817,0.2408484433800817,-0.0018225007167138596,-0.18225007167138596,1462.35,12.210000000000036,3.519999999999982,2,11,2021,1456.5285714285712,1436.16,1403.7893333333334,8.678295586399273,28.239038717574548,1461.5,-0.004136088908876512,1467.57,0.007593494037116066,1456.51,0.005640940663103944,1444.3,-0.005618054886193158
2021-11-11,1465.02,1472.89,1449.18,1462.35,1172790500.0,-0.0018225007167138596,-0.18225007167138596,0.007535815639210908,0.7535815639210908,1473.37,23.710000000000036,-2.6700000000000728,3,11,2021,1457.9414285714286,1441.3821428571428,1407.7989999999998,8.710525105769706,25.524350117122925,1465.02,0.002408484433800817,1461.5,-0.004136088908876512,1467.57,0.007593494037116066,1448.34,0.002797202797202747
2021-11-12,1462.35,1474.98,1453.22,1473.37,881068600.0,0.007535815639210908,0.7535815639210908,0.0021718916497552865,0.21718916497552865,1476.57,21.75999999999999,11.019999999999982,4,11,2021,1462.0942857142857,1447.6657142857143,1412.415,8.025668938097324,21.13301962999383,1462.35,-0.0018225007167138596,1465.02,0.002408484433800817,1461.5,-0.004136088908876512,1456.51,0.005640940663103944
2021-11-15,1473.37,1481.96,1466.01,1476.57,1115831700.0,0.0021718916497552865,0.21718916497552865,-0.006853721801201362,-0.6853721801201362,1466.45,15.950000000000045,3.2000000000000455,0,11,2021,1466.1271428571429,1453.732857142857,1416.9826666666665,6.987924618608234,15.155532337729268,1473.37,0.007535815639210908,1462.35,-0.0018225007167138596,1465.02,0.002408484433800817,1467.57,0.007593494037116066
2021-11-16,1476.57,1476.97,1459.08,1466.45,1126970500.0,-0.006853721801201362,-0.6853721801201362,0.006410037846499961,0.6410037846499961,1475.85,17.8900000000001,-10.11999999999989,1,11,2021,1467.547142857143,1456.8349999999998,1420.71,5.575041746511409,12.61772913253175,1476.57,0.0021718916497552865,1473.37,0.007535815639210908,1462.35,-0.0018225007167138596,1461.5,-0.004136088908876512
2021-11-17,1466.45,1477.04,1464.78,1475.85,801112100.0,0.006410037846499961,0.6410037846499961,-0.004079005318968765,-0.4079005318968765,1469.83,12.259999999999991,9.399999999999864,2,11,2021,1468.73,1459.537857142857,1424.4776666666667,6.398299253120552,12.32447731991897,1466.45,-0.006853721801201362,1476.57,0.0021718916497552865,1473.37,0.007535815639210908,1465.02,0.002408484433800817
2021-11-18,1475.85,1482.68,1469.83,1469.83,1018526500.0,-0.004079005318968765,-0.4079005318968765,-0.011892531789390648,-1.1892531789390648,1452.35,12.850000000000136,-6.019999999999982,3,11,2021,1469.92,1461.3635714285715,1427.9389999999999,5.547579051485312,11.769455648590757,1475.85,0.006410037846499961,1466.45,-0.006853721801201362,1476.57,0.0021718916497552865,1462.35,-0.0018225007167138596
2021-11-19,1469.83,1481.53,1434.69,1452.35,1454744900.0,-0.011892531789390648,-1.1892531789390648,-0.0035115502461526837,-0.3511550246152684,1447.25,46.83999999999992,-17.480000000000018,4,11,2021,1468.1100000000001,1462.3192857142856,1430.593,8.625698039336752,10.257252941821145,1469.83,-0.004079005318968765,1475.85,0.006410037846499961,1466.45,-0.006853721801201362,1473.37,0.007535815639210908
2021-11-22,1452.35,1466.46,1442.85,1447.25,1179261600.0,-0.0035115502461526837,-0.3511550246152684,0.01131801692865797,1.131801692865797,1463.63,23.610000000000127,-5.099999999999909,0,11,2021,1465.952857142857,1461.9471428571428,1432.3650000000002,11.66051130134015,10.726262112288188,1452.35,-0.011892531789390648,1469.83,-0.004079005318968765,1475.85,0.006410037846499961,1476.57,0.0021718916497552865
2021-11-23,1447.25,1463.63,1438.41,1463.63,812872100.0,0.01131801692865797,1.131801692865797,0.017244795474265828,1.7244795474265828,1488.87,25.220000000000027,16.38000000000011,1,11,2021,1464.5614285714287,1463.327857142857,1434.6593333333333,11.199957482875078,9.447857859445191,1447.25,-0.0035115502461526837,1452.35,-0.011892531789390648,1469.83,-0.004079005318968765,1466.45,-0.006853721801201362
2021-11-24,1463.63,1491.05,1463.63,1488.87,1030950500.0,0.017244795474265828,1.7244795474265828,0.008019504725059967,0.8019504725059967,1500.81,27.419999999999845,25.23999999999978,2,11,2021,1466.3185714285717,1466.222857142857,1437.8913333333335,14.010247949918767,10.636790600840591,1463.63,0.01131801692865797,1447.25,-0.0035115502461526837,1452.35,-0.011892531789390648,1475.85,0.006410037846499961
2021-11-25,1488.87,1505.36,1488.87,1500.81,912165600.0,0.008019504725059967,0.8019504725059967,-0.0051838673782823586,-0.5183867378282359,1493.03,16.49000000000001,11.940000000000055,3,11,2021,1471.2271428571428,1469.3871428571426,1441.5233333333333,19.14290618328359,13.67926585333205,1488.87,0.017244795474265828,1463.63,0.01131801692865797,1447.25,-0.0035115502461526837,1469.83,-0.004079005318968765
2021-11-26,1500.81,1511.68,1488.83,1493.03,967912000.0,-0.0051838673782823586,-0.5183867378282359,-0.005485489240001917,-0.5485489240001917,1484.84,22.850000000000136,-7.779999999999973,4,11,2021,1473.6814285714286,1471.205714285714,1444.8676666666665,20.858788258625655,15.043454858055698,1500.81,0.008019504725059967,1488.87,0.017244795474265828,1463.63,0.01131801692865797,1452.35,-0.011892531789390648
2021-11-29,1493.03,1493.03,1464.83,1484.84,936276500.0,-0.005485489240001917,-0.5485489240001917,-0.004310228711510877,-0.4310228711510877,1478.44,28.200000000000045,-8.190000000000055,0,11,2021,1475.8257142857142,1472.872857142857,1447.8446666666669,21.166123765045413,15.177801821485772,1493.03,-0.0051838673782823586,1500.81,0.008019504725059967,1488.87,0.017244795474265828,1447.25,-0.0035115502461526837
2021-11-30,1484.84,1503.09,1471.57,1478.44,1010078900.0,-0.004310228711510877,-0.4310228711510877,0.004565623224479953,0.45656232244799533,1485.19,31.519999999999982,-6.399999999999864,1,11,2021,1479.552857142857,1473.8314285714284,1450.615,18.468499951953426,15.067068959601855,1484.84,-0.005485489240001917,1493.03,-0.0051838673782823586,1500.81,0.008019504725059967,1463.63,0.01131801692865797
2021-12-01,1478.44,1487.68,1471.3,1485.19,813267800.0,0.004565623224479953,0.45656232244799533,-0.0021142076098008555,-0.21142076098008555,1482.05,16.38000000000011,6.75,2,12,2021,1484.972857142857,1475.462857142857,1453.6613333333332,11.755714517145343,14.964438578792597,1478.44,-0.004310228711510877,1484.84,-0.005485489240001917,1493.03,-0.0051838673782823586,1488.87,0.017244795474265828
2021-12-02,1485.19,1493.84,1482.05,1482.05,721589500.0,-0.0021142076098008555,-0.21142076098008555,-0.026132721568098205,-2.6132721568098205,1443.32,11.789999999999964,-3.1400000000001,3,12,2021,1487.6042857142857,1476.0828571428572,1456.904,7.458055727680383,15.050623001978634,1485.19,0.004565623224479953,1478.44,-0.004310228711510877,1484.84,-0.005485489240001917,1500.81,0.008019504725059967
2021-12-03,1482.05,1491.2,1443.32,1443.32,998875400.0,-0.026132721568098205,-2.6132721568098205,-0.020605271180334284,-2.0605271180334284,1413.58,47.88000000000011,-38.73000000000002,4,12,2021,1481.0971428571427,1473.7078571428572,1458.7066666666667,18.242949061906106,17.406840025425637,1482.05,-0.0021142076098008555,1485.19,0.004565623224479953,1478.44,-0.004310228711510877,1493.03,-0.0051838673782823586
2021-12-06,1443.32,1452.55,1400.87,1413.58,978214400.0,-0.020605271180334284,-2.0605271180334284,0.023479392747492334,2.3479392747492334,1446.77,51.680000000000064,-29.74000000000001,0,12,2021,1468.6357142857141,1469.9314285714286,1459.646,29.096931600609985,23.700045393390596,1443.32,-0.026132721568098205,1482.05,-0.0021142076098008555,1485.19,0.004565623224479953,1484.84,-0.005485489240001917
2021-12-07,1413.58,1446.77,1413.58,1446.77,664287400.0,0.023479392747492334,2.3479392747492334,0.004216288698272619,0.4216288698272619,1452.87,33.190000000000055,33.190000000000055,1,12,2021,1462.0271428571427,1467.8542857142859,1461.4840000000002,27.86007999166593,24.405259431370666,1413.58,-0.020605271180334284,1443.32,-0.026132721568098205,1482.05,-0.0021142076098008555,1478.44,-0.004310228711510877
2021-12-08,1446.77,1460.28,1446.77,1452.87,711759600.0,0.004216288698272619,0.4216288698272619,0.010400104620509776,1.0400104620509776,1467.98,13.509999999999991,6.099999999999909,2,12,2021,1457.4600000000003,1466.642857142857,1462.4789999999998,26.0592900900846,24.71856431871477,1446.77,0.023479392747492334,1413.58,-0.020605271180334284,1443.32,-0.026132721568098205,1485.19,0.004565623224479953
2021-12-09,1452.87,1467.98,1446.88,1467.98,611970400.0,0.010400104620509776,1.0400104620509776,-0.0030245643673619815,-0.30245643673619815,1463.54,21.09999999999991,15.110000000000127,3,12,2021,1455.9657142857143,1467.7592857142859,1463.4779999999998,24.931236670168357,24.37392820974997,1452.87,0.004216288698272619,1446.77,0.023479392747492334,1413.58,-0.020605271180334284,1482.05,-0.0021142076098008555
2021-12-10,1467.98,1475.85,1461.78,1463.54,760375600.0,-0.0030245643673619815,-0.30245643673619815,0.008657091709143527,0.8657091709143527,1476.21,14.069999999999936,-4.440000000000055,4,12,2021,1452.872857142857,1468.9228571428573,1464.1203333333333,21.85463315810594,23.699019593028552,1467.98,0.010400104620509776,1452.87,0.004216288698272619,1446.77,0.023479392747492334,1443.32,-0.026132721568098205
2021-12-13,1463.54,1481.7,1463.54,1476.21,789945400.0,0.008657091709143527,0.8657091709143527,-0.000128707975152631,-0.0128707975152631,1476.02,18.160000000000082,12.670000000000073,0,12,2021,1452.0385714285715,1469.8214285714287,1465.3616666666667,20.632475557194866,23.721379469931072,1463.54,-0.0030245643673619815,1467.98,0.010400104620509776,1452.87,0.004216288698272619,1413.58,-0.020605271180334284
2021-12-14,1476.21,1485.14,1469.21,1476.02,888205600.0,-0.000128707975152631,-0.0128707975152631,-0.000352298749339397,-0.0352298749339397,1475.5,15.930000000000064,-0.19000000000005457,1,12,2021,1456.7100000000003,1468.9035714285715,1466.147,21.986867292375138,23.169824077938525,1476.21,0.008657091709143527,1463.54,-0.0030245643673619815,1467.98,0.010400104620509776,1446.77,0.023479392747492334
2021-12-15,1476.02,1481.67,1468.21,1475.5,840610100.0,-0.000352298749339397,-0.0352298749339397,0.000752287360216819,0.0752287360216819,1476.61,13.460000000000036,-0.5199999999999818,2,12,2021,1465.5557142857144,1467.0957142857144,1467.1869999999997,11.872058031525926,21.409317782510186,1476.02,-0.000128707975152631,1476.21,0.008657091709143527,1463.54,-0.0030245643673619815,1452.87,0.004216288698272619
2021-12-16,1475.5,1482.32,1468.95,1476.61,870245300.0,0.000752287360216819,0.0752287360216819,0.002153581514414915,0.2153581514414915,1479.79,13.36999999999989,1.1099999999999,3,12,2021,1469.8185714285714,1465.9228571428573,1468.1293333333333,9.016328573844666,20.30032528295602,1475.5,-0.000352298749339397,1476.02,-0.000128707975152631,1476.21,0.008657091709143527,1467.98,0.010400104620509776
2021-12-17,1476.61,1487.73,1476.61,1479.79,1035566100.0,0.002153581514414915,0.2153581514414915,-0.0016623980429655294,-0.16623980429655294,1477.33,11.120000000000118,3.1800000000000637,4,12,2021,1473.6642857142856,1465.5621428571428,1468.9053333333331,5.72150579572955,19.980681892806242,1476.61,0.000752287360216819,1475.5,-0.000352298749339397,1476.02,-0.000128707975152631,1463.54,-0.0030245643673619815
2021-12-20,1479.79,1483.85,1468.88,1477.33,886732500.0,-0.0016623980429655294,-0.16623980429655294,0.0009544245361565729,0.09544245361565729,1478.74,14.9699999999998,-2.4600000000000364,0,12,2021,1475.0,1465.482857142857,1469.2306666666666,5.244857799070357,19.92778247287265,1479.79,0.002153581514414915,1476.61,0.000752287360216819,1475.5,-0.000352298749339397,1476.21,0.008657091709143527
2021-12-21,1477.33,1486.03,1472.43,1478.74,838294200.0,0.0009544245361565729,0.09544245361565729,-0.0007235890014470892,-0.07235890014470892,1477.67,13.599999999999909,1.4100000000000819,1,12,2021,1477.1714285714286,1465.0221428571426,1469.8053333333332,1.5653266809774575,19.507244089784617,1477.33,-0.0016623980429655294,1479.79,0.002153581514414915,1476.61,0.000752287360216819,1476.02,-0.000128707975152631
2021-12-22,1478.74,1489.24,1471.84,1477.67,998640700.0,-0.0007235890014470892,-0.07235890014470892,-0.01401530788335692,-1.401530788335692,1456.96,17.40000000000009,-1.0699999999999363,2,12,2021,1477.3799999999999,1464.7092857142857,1470.2269999999999,1.5122389579027053,19.24652514663867,1478.74,0.0009544245361565729,1477.33,-0.0016623980429655294,1479.79,0.002153581514414915,1475.5,-0.000352298749339397
2021-12-23,1477.67,1481.21,1447.14,1456.96,1236789400.0,-0.01401530788335692,-1.401530788335692,0.01377525807160107,1.377525807160107,1477.03,34.069999999999936,-20.710000000000036,3,12,2021,1474.6571428571426,1465.6835714285714,1470.0473333333334,7.926225907832293,18.407427684401213,1477.67,-0.0007235890014470892,1478.74,0.0009544245361565729,1477.33,-0.0016623980429655294,1476.61,0.000752287360216819
2021-12-24,1456.96,1478.8,1456.32,1477.03,830953100.0,0.01377525807160107,1.377525807160107,0.00802285667860514,0.8022856678605139,1488.88,22.480000000000018,20.069999999999936,4,12,2021,1474.8757142857141,1470.215714285714,1470.1693333333335,7.974291728458591,10.85296465297231,1456.96,-0.01401530788335692,1477.67,-0.0007235890014470892,1478.74,0.0009544245361565729,1479.79,0.002153581514414915
2021-12-27,1477.03,1490.12,1469.91,1488.88,693941300.0,0.00802285667860514,0.8022856678605139,0.003700768362796092,0.3700768362796092,1494.39,20.20999999999981,11.850000000000136,0,12,2021,1476.6285714285716,1473.2235714285712,1470.5796666666668,9.60156832422953,9.620579390173363,1477.03,0.01377525807160107,1456.96,-0.01401530788335692,1477.67,-0.0007235890014470892,1477.33,-0.0016623980429655294
2021-12-28,1488.88,1499.77,1483.97,1494.39,906771600.0,0.003700768362796092,0.3700768362796092,-0.005734781415828616,-0.5734781415828616,1485.82,15.799999999999955,5.509999999999991,1,12,2021,1478.7142857142858,1476.1892857142855,1471.5109999999997,11.74849615499336,9.256330444465549,1488.88,0.00802285667860514,1477.03,0.01377525807160107,1456.96,-0.01401530788335692,1478.74,0.0009544245361565729
2021-12-29,1494.39,1498.91,1485.82,1485.82,769725300.0,-0.005734781415828616,-0.5734781415828616,0.00010095435517087914,0.010095435517087914,1485.97,13.090000000000146,-8.570000000000164,2,12,2021,1479.9271428571428,1477.4635714285712,1471.8433333333332,12.016937649639395,9.267231440504087,1494.39,0.003700768362796092,1488.88,0.00802285667860514,1477.03,0.01377525807160107,1477.67,-0.0007235890014470892
2021-12-30,1490.96,1493.38,1484.82,1485.97,697130800.0,0.00010095435517087914,0.010095435517087914,0.008284151093225223,0.8284151093225223,1498.28,8.560000000000173,-4.990000000000009,3,12,2021,1480.9599999999998,1479.0657142857142,1472.3813333333335,12.207101758094042,8.58898195302871,1485.82,-0.005734781415828616,1494.39,0.003700768362796092,1488.88,0.00802285667860514,1456.96,-0.01401530788335692
2021-12-31,1485.97,1499.07,1485.97,1498.28,807120700.0,0.008284151093225223,0.8284151093225223,0.01822089329097354,1.8220893290973539,1525.58,13.099999999999909,12.309999999999945,4,12,2021,1483.9042857142856,1480.6421428571427,1473.9123333333332,13.678185621780674,9.943145438403073,1485.97,0.00010095435517087914,1485.82,-0.005734781415828616,1494.39,0.003700768362796092,1477.03,0.01377525807160107
2022-01-04,1508.55,1526.69,1507.19,1525.58,790467000.0,0.01822089329097354,1.8220893290973539,-0.0020189042855831563,-0.20189042855831563,1522.5,19.5,17.029999999999973,1,1,2022,1493.707142857143,1484.1821428571427,1476.5233333333333,15.603178858018078,15.46177479045597,1498.28,0.008284151093225223,1485.97,0.00010095435517087914,1485.82,-0.005734781415828616,1488.88,0.00802285667860514
2022-01-05,1525.58,1535.82,1522.5,1522.5,958500400.0,-0.0020189042855831563,-0.20189042855831563,0.003986863711001654,0.39868637110016536,1528.57,13.319999999999936,-3.0799999999999272,2,1,2022,1500.202857142857,1487.5392857142856,1478.4856666666667,16.912995707698453,18.2776809942599,1525.58,0.01822089329097354,1498.28,0.008284151093225223,1485.97,0.00010095435517087914,1494.39,0.003700768362796092
2022-01-06,1522.5,1536.24,1518.18,1528.57,1049960600.0,0.003986863711001654,0.39868637110016536,-5.8878559699548916e-05,-0.005887855969954892,1528.48,18.059999999999945,6.069999999999936,3,1,2022,1505.8728571428571,1491.2507142857141,1479.809,19.00763856476179,20.96550553952699,1522.5,-0.0020189042855831563,1525.58,0.01822089329097354,1498.28,0.008284151093225223,1485.82,-0.005734781415828616
2022-01-07,1534.1,1534.52,1524.96,1528.48,925633800.0,-5.8878559699548916e-05,-0.005887855969954892,-0.016205642206636672,-1.6205642206636672,1503.71,9.559999999999945,-5.619999999999891,4,1,2022,1510.742857142857,1494.7285714285715,1480.7313333333334,19.92046913291157,22.870061671967424,1528.57,0.003986863711001654,1522.5,-0.0020189042855831563,1525.58,0.01822089329097354,1485.97,0.00010095435517087914
2022-01-10,1528.48,1536.45,1503.71,1503.71,1283743700.0,-0.016205642206636672,-1.6205642206636672,-0.007581249044031124,-0.7581249044031124,1492.31,32.74000000000001,-24.769999999999982,0,1,2022,1513.2985714285714,1496.612857142857,1481.0873333333334,17.14419768565458,22.408385596812224,1528.48,-5.8878559699548916e-05,1528.57,0.003986863711001654,1522.5,-0.0020189042855831563,1498.28,0.008284151093225223
2022-01-11,1503.71,1512.05,1488.4,1492.31,1194709000.0,-0.007581249044031124,-0.7581249044031124,0.012195857429086576,1.2195857429086576,1510.51,23.649999999999864,-11.400000000000091,1,1,2022,1514.2042857142858,1497.582142857143,1481.3363333333332,15.553499988872337,21.862660538567905,1503.71,-0.016205642206636672,1528.48,-5.8878559699548916e-05,1528.57,0.003986863711001654,1525.58,0.01822089329097354
2022-01-12,1489.11,1510.51,1464.49,1510.51,1070503500.0,0.012195857429086576,1.2195857429086576,-0.009572925700591206,-0.9572925700591206,1496.05,46.01999999999998,21.40000000000009,2,1,2022,1515.9514285714286,1499.927857142857,1482.4053333333334,14.084065971330967,21.316822240663456,1492.31,-0.007581249044031124,1503.71,-0.016205642206636672,1528.48,-5.8878559699548916e-05,1522.5,-0.0020189042855831563
2022-01-13,1510.51,1522.6,1495.13,1496.05,941991300.0,-0.009572925700591206,-0.9572925700591206,-2.0052805721704203e-05,-0.0020052805721704203,1496.02,27.4699999999998,-14.460000000000036,3,1,2022,1511.732857142857,1502.72,1482.7673333333332,15.104902862159719,17.468534349171456,1510.51,0.012195857429086576,1492.31,-0.007581249044031124,1503.71,-0.016205642206636672,1528.57,0.003986863711001654
2022-01-14,1496.05,1503.25,1476.68,1496.02,712911900.0,-2.0052805721704203e-05,-0.0020052805721704203,-0.02886325049130367,-2.886325049130367,1452.84,26.569999999999936,-0.029999999999972715,4,1,2022,1507.95,1504.0764285714288,1483.233,15.273839290294962,15.995435217670437,1496.05,-0.009572925700591206,1510.51,0.012195857429086576,1492.31,-0.007581249044031124,1528.48,-5.8878559699548916e-05
2022-01-17,1496.02,1503.86,1452.84,1452.84,888508000.0,-0.02886325049130367,-2.886325049130367,-0.009567467856061107,-0.9567467856061107,1438.94,51.01999999999998,-43.180000000000064,0,1,2022,1497.1314285714286,1501.5021428571429,1483.5503333333331,23.06649187930712,20.805998091749743,1496.02,-2.0052805721704203e-05,1496.05,-0.009572925700591206,1510.51,0.012195857429086576,1503.71,-0.016205642206636672
2022-01-18,1439.29,1452.14,1424.65,1438.94,666313500.0,-0.009567467856061107,-0.9567467856061107,0.002675580635745689,0.2675580635745689,1442.79,27.49000000000001,-0.34999999999990905,1,1,2022,1484.3400000000001,1497.5414285714287,1484.3956666666668,27.23521984488275,26.705490319170124,1452.84,-0.02886325049130367,1496.02,-2.0052805721704203e-05,1496.05,-0.009572925700591206,1492.31,-0.007581249044031124
2022-01-19,1438.68,1449.11,1434.46,1442.79,538507600.0,0.002675580635745689,0.2675580635745689,0.015601716119463038,1.5601716119463038,1465.3,14.649999999999864,4.1099999999999,2,1,2022,1475.6371428571426,1494.4678571428574,1484.263,29.6411053067969,30.381488589296712,1438.94,-0.009567467856061107,1452.84,-0.02886325049130367,1496.02,-2.0052805721704203e-05,1510.51,0.012195857429086576
2022-01-20,1438.99,1469.08,1432.58,1465.3,738010400.0,0.015601716119463038,1.5601716119463038,0.005179826656657394,0.5179826656657394,1472.89,36.5,26.309999999999945,3,1,2022,1471.7785714285715,1492.9914285714287,1484.6773333333333,28.856608387302717,31.31414717323907,1442.79,0.002675580635745689,1438.94,-0.009567467856061107,1452.84,-0.02886325049130367,1496.05,-0.009572925700591206
2022-01-21,1465.3,1477.09,1463.06,1472.89,755353500.0,0.005179826656657394,0.5179826656657394,-0.02252714051965865,-2.252714051965865,1439.71,14.029999999999973,7.5900000000001455,4,1,2022,1466.4042857142856,1491.177857142857,1484.841,23.434853571206027,31.71694213086006,1465.3,0.015601716119463038,1442.79,0.002675580635745689,1438.94,-0.009567467856061107,1496.02,-2.0052805721704203e-05
2022-01-24,1472.89,1472.89,1432.18,1439.71,757646100.0,-0.02252714051965865,-2.252714051965865,0.0276930770780226,2.76930770780226,1479.58,40.710000000000036,-33.180000000000064,0,1,2022,1458.3557142857146,1485.0442857142857,1484.0466666666666,21.116400306488682,32.83558171213156,1472.89,0.005179826656657394,1465.3,0.015601716119463038,1442.79,0.002675580635745689,1452.84,-0.02886325049130367
2022-01-25,1439.71,1479.58,1424.36,1479.58,680083800.0,0.0276930770780226,2.76930770780226,0.0013517349518106236,0.13517349518106236,1481.58,55.22000000000003,39.86999999999989,1,1,2022,1456.0071428571428,1481.9785714285715,1484.1589999999999,16.67670802272755,31.023103018227484,1439.71,-0.02252714051965865,1472.89,0.005179826656657394,1465.3,0.015601716119463038,1438.94,-0.009567467856061107
2022-01-26,1479.58,1490.45,1478.41,1481.58,737216700.0,0.0013517349518106236,0.13517349518106236,-0.007303014349545722,-0.7303014349545722,1470.76,12.039999999999964,2.0,2,1,2022,1460.1128571428574,1478.6221428571428,1484.3443333333335,19.12510367227593,27.988056567757397,1479.58,0.0276930770780226,1439.71,-0.02252714051965865,1472.89,0.005179826656657394,1442.79,0.002675580635745689
2022-01-27,1481.58,1486.39,1464.06,1470.76,498256400.0,-0.007303014349545722,-0.7303014349545722,0.005575348799260249,0.5575348799260249,1478.96,22.330000000000155,-10.819999999999936,3,1,2022,1464.6585714285713,1474.4992857142859,1484.1863333333336,16.906826460086798,24.0533750915983,1481.58,0.0013517349518106236,1479.58,0.0276930770780226,1439.71,-0.02252714051965865,1465.3,0.015601716119463038
2022-01-28,1470.76,1484.48,1465.22,1478.96,634887600.0,0.005575348799260249,0.5575348799260249,0.01264402012224819,1.264402012224819,1497.66,19.25999999999999,8.200000000000045,4,1,2022,1469.8257142857144,1472.7314285714288,1484.2646666666667,14.459400468341354,22.607386082758882,1470.76,-0.007303014349545722,1481.58,0.0013517349518106236,1479.58,0.0276930770780226,1472.89,0.005179826656657394
2022-02-07,1498.8,1505.69,1493.89,1497.66,516533800.0,0.01264402012224819,1.264402012224819,0.0022234686110331747,0.22234686110331747,1500.99,11.799999999999955,-1.1399999999998727,0,2,2022,1474.4485714285713,1473.1135714285715,1484.8603333333333,17.60262899734455,23.005500214303233,1478.96,0.005575348799260249,1470.76,-0.007303014349545722,1481.58,0.0013517349518106236,1439.71,-0.02252714051965865
2022-02-08,1496.26,1503.33,1491.78,1500.99,660158600.0,0.0022234686110331747,0.22234686110331747,0.0029247363406819105,0.29247363406819105,1505.38,11.549999999999955,4.730000000000018,1,2,2022,1478.462857142857,1472.4335714285717,1485.6490000000001,20.20038012369974,21.930692088826557,1497.66,0.01264402012224819,1478.96,0.005575348799260249,1470.76,-0.007303014349545722,1479.58,0.0276930770780226
2022-02-09,1501.67,1511.72,1499.53,1505.38,722161500.0,0.0029247363406819105,0.29247363406819105,0.0009366405824442481,0.09366405824442481,1506.79,12.190000000000055,3.7100000000000364,2,2,2022,1487.8442857142857,1473.1,1486.537,13.260231090389523,22.826994815527257,1500.99,0.0022234686110331747,1497.66,0.01264402012224819,1478.96,0.005575348799260249,1481.58,0.0013517349518106236
2022-02-10,1510.66,1512.88,1495.7,1506.79,594347700.0,0.0009366405824442481,0.09366405824442481,-0.0033714054380503677,-0.3371405438050368,1501.71,17.180000000000064,-3.8700000000001182,3,2,2022,1491.7314285714288,1473.8692857142855,1487.5076666666669,14.375180495730023,23.818765215141692,1505.38,0.0029247363406819105,1500.99,0.0022234686110331747,1497.66,0.01264402012224819,1470.76,-0.007303014349545722
2022-02-11,1502.83,1508.54,1499.06,1501.71,550204700.0,-0.0033714054380503677,-0.3371405438050368,-0.01981074907938285,-1.981074907938285,1471.96,9.480000000000018,-1.1199999999998909,4,2,2022,1494.6071428571431,1477.3600000000001,1488.9993333333332,14.014915523896603,24.07938761041759,1506.79,0.0009366405824442481,1505.38,0.0029247363406819105,1500.99,0.0022234686110331747,1478.96,0.005575348799260249
2022-02-14,1486.73,1495.99,1471.96,1471.96,717396000.0,-0.01981074907938285,-1.981074907938285,0.014124025109377936,1.4124025109377936,1492.75,24.029999999999973,-14.769999999999982,0,2,2022,1494.7785714285715,1479.7185714285715,1488.830333333333,13.677891441476449,21.506355717884105,1501.71,-0.0033714054380503677,1506.79,0.0009366405824442481,1505.38,0.0029247363406819105,1497.66,0.01264402012224819
2022-02-15,1473.92,1495.56,1470.06,1492.75,538527000.0,0.014124025109377936,1.4124025109377936,-0.0004354379500921546,-0.04354379500921546,1492.1,25.5,18.829999999999927,1,2,2022,1496.7485714285715,1483.287142857143,1488.9593333333332,11.896987613879972,18.893662522574115,1471.96,-0.01981074907938285,1501.71,-0.0033714054380503677,1506.79,0.0009366405824442481,1500.99,0.0022234686110331747
2022-02-16,1499.07,1499.5,1486.68,1492.1,594459500.0,-0.0004354379500921546,-0.04354379500921546,0.010649420280142152,1.0649420280142152,1507.99,12.819999999999936,-6.970000000000027,2,2,2022,1495.9542857142858,1485.2014285714286,1488.883,12.011051656864263,18.278702553338107,1492.75,0.014124025109377936,1471.96,-0.01981074907938285,1501.71,-0.0033714054380503677,1505.38,0.0029247363406819105
2022-02-17,1492.1,1507.99,1492.1,1507.99,687250992.0,0.010649420280142152,1.0649420280142152,-0.0020888732683904676,-0.20888732683904676,1504.84,15.8900000000001,15.8900000000001,3,2,2022,1496.9542857142858,1487.7085714285713,1489.622,12.767746939216066,18.858153860688873,1492.1,-0.0004354379500921546,1492.75,0.014124025109377936,1471.96,-0.01981074907938285,1506.79,0.0009366405824442481
2022-02-18,1494.3,1507.29,1492.38,1504.84,645883900.0,-0.0020888732683904676,-0.20888732683904676,0.003987134844900542,0.39871348449005417,1510.84,14.909999999999854,10.539999999999964,4,2,2022,1496.8771428571429,1492.3607142857143,1490.251,12.70985406978732,13.329604105330853,1507.99,0.010649420280142152,1492.1,-0.0004354379500921546,1492.75,0.014124025109377936,1501.71,-0.0033714054380503677
2022-02-21,1504.96,1516.63,1500.97,1510.84,708058800.0,0.003987134844900542,0.39871348449005417,-0.004878081067485551,-0.4878081067485551,1503.47,15.660000000000082,5.879999999999882,0,2,2022,1497.4557142857143,1494.5935714285713,1490.669666666667,13.314126404081499,13.638623665713757,1504.84,-0.0020888732683904676,1507.99,0.010649420280142152,1492.1,-0.0004354379500921546,1471.96,-0.01981074907938285
2022-02-22,1499.18,1506.38,1484.81,1503.47,842552800.0,-0.004878081067485551,-0.4878081067485551,0.005873080274298781,0.5873080274298781,1512.3,21.570000000000164,4.289999999999964,1,2,2022,1497.7071428571428,1496.1571428571428,1489.9326666666668,13.424020404060105,13.282052916277465,1510.84,0.003987134844900542,1504.84,-0.0020888732683904676,1507.99,0.010649420280142152,1492.75,0.014124025109377936
2022-02-23,1509.12,1520.78,1507.37,1512.3,628763100.0,0.005873080274298781,0.5873080274298781,-0.011538715863254723,-1.1538715863254723,1494.85,13.410000000000082,3.1800000000000637,2,2,2022,1503.47,1499.1242857142856,1489.5926666666667,8.1525905902621,11.720100888458072,1503.47,-0.004878081067485551,1510.84,0.003987134844900542,1504.84,-0.0020888732683904676,1492.1,-0.0004354379500921546
2022-02-24,1508.73,1513.25,1473.76,1494.85,1085759500.0,-0.011538715863254723,-1.1538715863254723,0.0027026123022377835,0.27026123022377835,1498.89,39.49000000000001,-13.88000000000011,3,2,2022,1503.77,1500.2592857142859,1488.4686666666666,7.719503438203158,10.300582107760473,1512.3,0.005873080274298781,1503.47,-0.004878081067485551,1510.84,0.003987134844900542,1507.99,0.010649420280142152
2022-02-25,1494.85,1512.05,1494.85,1498.89,915975659.0,0.0027026123022377835,0.27026123022377835,-0.005844324800352241,-0.5844324800352241,1490.13,17.200000000000045,4.040000000000191,4,2,2022,1504.74,1500.347142857143,1487.4823333333331,6.305864994783024,10.281935187952937,1494.85,-0.011538715863254723,1512.3,0.005873080274298781,1503.47,-0.004878081067485551,1504.84,-0.0020888732683904676
2022-02-28,1499.43,1502.36,1487.57,1490.13,661415000.0,-0.005844324800352241,-0.5844324800352241,0.005804862662988963,0.5804862662988963,1498.78,14.789999999999964,-9.299999999999955,0,2,2022,1502.1885714285713,1499.5714285714287,1487.0296666666666,8.123060647613679,10.633361764656264,1498.89,0.0027026123022377835,1494.85,-0.011538715863254723,1512.3,0.005873080274298781,1510.84,0.003987134844900542
2022-03-01,1493.93,1501.73,1491.48,1498.78,766211100.0,0.005804862662988963,0.5804862662988963,-0.008847195719184908,-0.8847195719184908,1485.52,10.25,4.849999999999909,1,3,2022,1501.3228571428572,1499.1000000000001,1487.2453333333333,8.116308098018,10.501517839033887,1490.13,-0.005844324800352241,1498.89,0.0027026123022377835,1494.85,-0.011538715863254723,1503.47,-0.004878081067485551
2022-03-02,1499.37,1500.41,1479.55,1485.52,870952300.0,-0.008847195719184908,-0.8847195719184908,0.013113253271581637,1.3113253271581637,1505.0,20.860000000000127,-13.849999999999909,2,3,2022,1497.705714285714,1497.5807142857143,1486.4123333333332,8.78270052834108,10.836652523383513,1498.78,0.005804862662988963,1490.13,-0.005844324800352241,1498.89,0.0027026123022377835,1512.3,0.005873080274298781
2022-03-03,1492.48,1505.0,1487.69,1505.0,858871000.0,0.013113253271581637,1.3113253271581637,0.00021926910299008284,0.021926910299008284,1505.33,17.309999999999945,12.519999999999982,3,3,2022,1497.9242857142858,1497.8157142857144,1486.7106666666666,8.96716390898053,10.967964339781048,1485.52,-0.008847195719184908,1498.78,0.005804862662988963,1490.13,-0.005844324800352241,1494.85,-0.011538715863254723
2022-03-04,1505.0,1509.19,1501.39,1505.33,1112602915.0,0.00021926910299008284,0.021926910299008284,-0.004171842718872276,-0.4171842718872276,1499.05,7.7999999999999545,0.32999999999992724,4,3,2022,1496.9285714285713,1500.1992857142855,1487.021,7.3451059183291925,8.191261257552751,1505.0,0.013113253271581637,1485.52,-0.008847195719184908,1498.78,0.005804862662988963,1498.89,0.0027026123022377835
2022-03-07,1500.65,1505.32,1493.87,1499.05,907794900.0,-0.004171842718872276,-0.4171842718872276,-0.016904039224842293,-1.6904039224842293,1473.71,11.450000000000045,-1.6000000000001364,0,3,2022,1497.5285714285715,1500.6492857142855,1488.5613333333336,7.318509476080147,7.919070909292904,1505.33,0.00021926910299008284,1505.0,0.013113253271581637,1485.52,-0.008847195719184908,1490.13,-0.005844324800352241
2022-03-08,1487.37,1495.97,1473.71,1473.71,952541400.0,-0.016904039224842293,-1.6904039224842293,2.035678661327367e-05,0.002035678661327367,1473.74,22.25999999999999,-13.659999999999854,1,3,2022,1493.9314285714283,1499.3357142857144,1489.7203333333334,11.519970238017349,10.53831888090484,1499.05,-0.004171842718872276,1505.33,0.00021926910299008284,1505.0,0.013113253271581637,1498.78,0.005804862662988963
2022-03-09,1478.43,1482.86,1462.8,1473.74,864004300.0,2.035678661327367e-05,0.002035678661327367,0.0036234342557031063,0.36234342557031063,1479.08,20.059999999999945,-4.690000000000055,2,3,2022,1491.5900000000001,1496.8892857142855,1490.752,13.851144357022978,12.216583599174854,1473.71,-0.016904039224842293,1499.05,-0.004171842718872276,1505.33,0.00021926910299008284,1485.52,-0.008847195719184908
2022-03-10,1485.11,1488.59,1479.08,1479.08,607737500.0,0.0036234342557031063,0.36234342557031063,-0.008478243232279525,-0.8478243232279525,1466.54,9.509999999999991,-6.029999999999973,3,3,2022,1488.7757142857142,1495.0492857142858,1491.2113333333334,14.14500955238926,12.850448339568949,1473.74,2.035678661327367e-05,1473.71,-0.016904039224842293,1499.05,-0.004171842718872276,1505.0,0.013113253271581637
2022-03-11,1479.08,1480.29,1458.88,1466.54,1159784462.0,-0.008478243232279525,-0.8478243232279525,-0.013835285774680517,-1.3835285774680517,1446.25,21.409999999999854,-12.539999999999964,4,3,2022,1486.0642857142855,1491.885,1490.9996666666666,16.496727814039822,14.060301862406298,1479.08,0.0036234342557031063,1473.74,2.035678661327367e-05,1473.71,-0.016904039224842293,1505.33,0.00021926910299008284
2022-03-14,1459.28,1461.06,1439.19,1446.25,787290900.0,-0.013835285774680517,-1.3835285774680517,0.0044874675885910875,0.44874675885910875,1452.74,21.86999999999989,-13.029999999999973,0,3,2022,1477.6714285714286,1487.797857142857,1491.2176666666667,19.859455706324457,18.154193911981906,1466.54,-0.008478243232279525,1479.08,0.0036234342557031063,1473.74,2.035678661327367e-05,1499.05,-0.004171842718872276
2022-03-15,1444.92,1453.07,1437.27,1452.74,618581000.0,0.0044874675885910875,0.44874675885910875,0.004536255627297425,0.4536255627297425,1459.33,15.799999999999955,7.819999999999936,1,3,2022,1470.1585714285713,1483.5435714285716,1490.323,17.454064883329067,18.932643607179244,1446.25,-0.013835285774680517,1466.54,-0.008478243232279525,1479.08,0.0036234342557031063,1473.71,-0.016904039224842293
2022-03-16,1459.68,1462.98,1453.91,1459.33,527855900.0,0.004536255627297425,0.4536255627297425,0.001377344397771596,0.1377344397771596,1461.34,9.069999999999936,-0.3500000000001364,2,3,2022,1464.4842857142855,1481.0064285714286,1489.5813333333333,12.14514286606686,19.666698368706633,1452.74,0.0044874675885910875,1446.25,-0.013835285774680517,1466.54,-0.008478243232279525,1473.74,2.035678661327367e-05
2022-03-17,1466.56,1467.74,1459.14,1461.34,666857100.0,0.001377344397771596,0.1377344397771596,0.005310194752761177,0.5310194752761177,1469.1,8.599999999999909,-5.220000000000027,3,3,2022,1462.717142857143,1478.3242857142857,1489.2673333333332,11.45964035831561,19.60054776091415,1459.33,0.004536255627297425,1452.74,0.0044874675885910875,1446.25,-0.013835285774680517,1479.08,0.0036234342557031063
2022-03-18,1461.34,1474.86,1461.34,1469.1,935872693.0,0.005310194752761177,0.5310194752761177,0.017595806956640203,1.7595806956640203,1494.95,13.519999999999982,7.759999999999991,4,3,2022,1462.0542857142857,1476.8221428571428,1488.9386666666664,10.832835666182095,19.431302335148807,1461.34,0.001377344397771596,1459.33,0.004536255627297425,1452.74,0.0044874675885910875,1466.54,-0.008478243232279525
2022-03-21,1474.78,1494.95,1474.38,1494.95,694839300.0,0.017595806956640203,1.7595806956640203,0.0059065520585972475,0.5906552058597248,1503.78,20.569999999999936,20.170000000000073,0,3,2022,1464.3214285714282,1476.5485714285714,1488.8483333333336,15.601151056405833,19.12289319000768,1469.1,0.005310194752761177,1461.34,0.001377344397771596,1459.33,0.004536255627297425,1446.25,-0.013835285774680517
2022-03-22,1500.08,1507.71,1498.48,1503.78,873002500.0,0.0059065520585972475,0.5906552058597248,-0.0009575868810597354,-0.09575868810597354,1502.34,9.230000000000018,3.7000000000000455,1,3,2022,1469.6414285714286,1477.8528571428571,1488.9413333333332,21.65762177505781,20.36428526332601,1494.95,0.017595806956640203,1469.1,0.005310194752761177,1461.34,0.001377344397771596,1452.74,0.0044874675885910875
2022-03-23,1505.76,1513.9,1501.67,1502.34,763655100.0,-0.0009575868810597354,-0.09575868810597354,-0.0027157634090817506,-0.27157634090817506,1498.26,12.230000000000018,-3.4200000000000728,2,3,2022,1477.6542857142856,1477.662857142857,1488.84,21.93517711889221,20.102240375944902,1503.78,0.0059065520585972475,1494.95,0.017595806956640203,1469.1,0.005310194752761177,1459.33,0.004536255627297425
2022-03-24,1503.91,1505.39,1495.18,1498.26,732998300.0,-0.0027157634090817506,-0.27157634090817506,0.00016018581554599898,0.016018581554599898,1498.5,10.210000000000036,-5.650000000000091,3,3,2022,1484.1571428571428,1477.157857142857,1488.5556666666666,19.978220403110697,19.43134271404654,1502.34,-0.0009575868810597354,1503.78,0.0059065520585972475,1494.95,0.017595806956640203,1461.34,0.001377344397771596
2022-03-25,1500.17,1503.29,1494.55,1498.5,947688031.0,0.00016018581554599898,0.016018581554599898,-0.010223556890223473,-1.0223556890223473,1483.18,8.740000000000009,-1.6700000000000728,4,3,2022,1489.7528571428572,1477.1185714285714,1488.4486666666667,17.15090931919551,19.384175884614606,1498.26,-0.0027157634090817506,1502.34,-0.0009575868810597354,1503.78,0.0059065520585972475,1469.1,0.005310194752761177
2022-03-28,1490.44,1496.79,1473.8,1483.18,958280800.0,-0.010223556890223473,-1.0223556890223473,0.009830229641715649,0.9830229641715649,1497.76,22.99000000000001,-7.259999999999991,0,3,2022,1492.8728571428571,1477.7949999999998,1488.8226666666667,12.467914439683401,19.421277685144158,1498.5,0.00016018581554599898,1498.26,-0.0027157634090817506,1502.34,-0.0009575868810597354,1494.95,0.017595806956640203
2022-03-29,1487.57,1498.45,1487.57,1497.76,661152000.0,0.009830229641715649,0.9830229641715649,-0.004840561905779306,-0.4840561905779306,1490.51,10.88000000000011,10.190000000000055,1,3,2022,1496.967142857143,1479.5107142857144,1488.9896666666668,6.758778770995762,20.0851362816127,1483.18,-0.010223556890223473,1498.5,0.00016018581554599898,1498.26,-0.0027157634090817506,1503.78,0.0059065520585972475
2022-03-30,1491.92,1503.89,1483.9,1490.51,854370000.0,-0.004840561905779306,-0.4840561905779306,0.0011002945300602196,0.11002945300602196,1492.15,19.99000000000001,-1.4100000000000819,2,3,2022,1496.3328571428572,1480.3271428571427,1488.936666666667,7.175143934114728,20.29746495296619,1497.76,0.009830229641715649,1483.18,-0.010223556890223473,1498.5,0.00016018581554599898,1502.34,-0.0009575868810597354
2022-03-31,1492.5,1498.41,1488.27,1492.15,603940100.0,0.0011002945300602196,0.11002945300602196,0.01627852427704979,1.6278524277049788,1516.44,10.1400000000001,-0.34999999999990905,3,3,2022,1494.6714285714286,1482.1564285714287,1488.4086666666665,6.475725000707494,20.112527136155947,1490.51,-0.004840561905779306,1497.76,0.009830229641715649,1483.18,-0.010223556890223473,1498.26,-0.0027157634090817506
2022-04-01,1492.15,1516.87,1484.13,1516.44,1087307257.0,0.01627852427704979,1.6278524277049788,0.005446967898499189,0.5446967898499189,1524.7,32.73999999999978,24.289999999999964,4,4,2022,1496.685714285714,1487.17,1488.7953333333332,10.314006426723891,19.201097324422932,1492.15,0.0011002945300602196,1490.51,-0.004840561905779306,1497.76,0.009830229641715649,1498.5,0.00016018581554599898
2022-04-04,1528.87,1530.95,1522.82,1524.7,702062500.0,0.005446967898499189,0.5446967898499189,-0.0030628976192038637,-0.30628976192038637,1520.03,8.13000000000011,-4.169999999999845,0,4,2022,1500.462857142857,1492.31,1489.2573333333335,14.83647837174514,18.904760084343526,1516.44,0.01627852427704979,1492.15,0.0011002945300602196,1490.51,-0.004840561905779306,1483.18,-0.010223556890223473
2022-04-05,1521.4,1527.57,1519.28,1520.03,635012500.0,-0.0030628976192038637,-0.30628976192038637,0.0018881206291980757,0.18881206291980757,1522.9,8.289999999999964,-1.3700000000001182,1,4,2022,1503.5385714285715,1496.6457142857141,1489.8093333333334,16.500134775756106,17.68008341187883,1524.7,0.005446967898499189,1516.44,0.01627852427704979,1492.15,0.0011002945300602196,1497.76,0.009830229641715649
2022-04-06,1510.69,1523.75,1507.62,1522.9,875381800.0,0.0018881206291980757,0.18881206291980757,-0.013493991726311716,-1.3493991726311716,1502.35,16.13000000000011,12.210000000000036,2,4,2022,1509.212857142857,1501.042857142857,1490.1626666666666,15.102635216254725,15.776602651054024,1520.03,-0.0030628976192038637,1524.7,0.005446967898499189,1516.44,0.01627852427704979,1490.51,-0.004840561905779306
2022-04-07,1524.12,1524.92,1502.35,1502.35,731702000.0,-0.013493991726311716,-1.3493991726311716,-0.013545445468765571,-1.3545445468765571,1482.0,22.570000000000164,-21.769999999999982,3,4,2022,1509.8685714285714,1503.417857142857,1490.4126666666668,14.614254945706765,12.824583471179478,1522.9,0.0018881206291980757,1520.03,-0.0030628976192038637,1524.7,0.005446967898499189,1492.15,0.0011002945300602196
2022-04-08,1504.31,1507.73,1482.0,1482.0,714336000.0,-0.013545445468765571,-1.3545445468765571,-0.018049932523616752,-1.8049932523616752,1455.25,25.730000000000018,-22.309999999999945,4,4,2022,1508.6528571428573,1502.492857142857,1489.8496666666667,16.698382870064336,13.903929952798393,1502.35,-0.013493991726311716,1522.9,0.0018881206291980757,1520.03,-0.0030628976192038637,1516.44,0.01627852427704979
2022-04-12,1487.94,1490.58,1455.25,1455.25,626421200.0,-0.018049932523616752,-1.8049932523616752,0.015083319017350938,1.5083319017350938,1477.2,35.32999999999993,-32.690000000000055,1,4,2022,1503.3814285714286,1499.0264285714286,1488.6870000000001,26.006477032041833,18.759931772539513,1482.0,-0.013545445468765571,1502.35,-0.013493991726311716,1522.9,0.0018881206291980757,1524.7,0.005446967898499189
2022-04-13,1459.48,1477.2,1448.52,1477.2,610048700.0,0.015083319017350938,1.5083319017350938,-0.0034389385323586596,-0.34389385323586596,1472.12,28.680000000000064,17.720000000000027,2,4,2022,1497.7757142857142,1497.2307142857142,1487.9676666666667,26.935087931986363,19.602638152246648,1455.25,-0.018049932523616752,1482.0,-0.013545445468765571,1502.35,-0.013493991726311716,1520.03,-0.0030628976192038637
2022-04-14,1483.08,1484.34,1471.75,1472.12,469987900.0,-0.0034389385323586596,-0.34389385323586596,-0.009211205608238404,-0.9211205608238404,1458.56,12.589999999999918,-10.960000000000036,3,4,2022,1490.2642857142857,1495.3635714285715,1487.5210000000002,25.46678022909804,20.710654859895524,1477.2,0.015083319017350938,1455.25,-0.018049932523616752,1482.0,-0.013545445468765571,1522.9,0.0018881206291980757
2022-04-15,1470.32,1478.95,1456.39,1458.56,607674500.0,-0.009211205608238404,-0.9211205608238404,-0.01779837648091276,-1.7798376480912759,1432.6,22.559999999999945,-11.759999999999991,4,4,2022,1481.482857142857,1492.5107142857144,1485.9730000000002,24.051025421146164,22.882355467885617,1472.12,-0.0034389385323586596,1477.2,0.015083319017350938,1455.25,-0.018049932523616752,1502.35,-0.013493991726311716
2022-04-18,1455.04,1456.07,1425.07,1432.6,756738100.0,-0.01779837648091276,-1.7798376480912759,-0.018253525059332643,-1.8253525059332643,1406.45,31.0,-22.440000000000055,0,4,2022,1468.5828571428572,1488.8978571428572,1483.5486666666666,22.286000623903664,27.909636653534093,1458.56,-0.009211205608238404,1472.12,-0.0034389385323586596,1477.2,0.015083319017350938,1482.0,-0.013545445468765571
2022-04-19,1435.82,1442.04,1406.45,1406.45,631671200.0,-0.018253525059332643,-1.8253525059332643,-0.015450247075971424,-1.5450247075971424,1384.72,35.58999999999992,-29.36999999999989,1,4,2022,1454.882857142857,1482.3757142857141,1480.462,27.038358378582277,35.35522629504777,1432.6,-0.01779837648091276,1458.56,-0.009211205608238404,1472.12,-0.0034389385323586596,1455.25,-0.018049932523616752
2022-04-20,1401.63,1410.64,1384.72,1384.72,623503300.0,-0.015450247075971424,-1.5450247075971424,-0.01047865272401638,-1.047865272401638,1370.21,25.920000000000073,-16.910000000000082,2,4,2022,1440.9857142857143,1474.8192857142858,1477.4956666666665,34.6939235107615,43.78353544854526,1406.45,-0.018253525059332643,1432.6,-0.01779837648091276,1458.56,-0.009211205608238404,1477.2,0.015083319017350938
2022-04-21,1369.8,1392.33,1356.58,1370.21,710757900.0,-0.01047865272401638,-1.047865272401638,0.006582932543186759,0.6582932543186759,1379.23,35.75,0.41000000000008185,3,4,2022,1428.8371428571427,1466.1092857142855,1474.044666666667,42.806984131977146,51.51670774005263,1384.72,-0.015450247075971424,1406.45,-0.018253525059332643,1432.6,-0.01779837648091276,1472.12,-0.0034389385323586596
2022-04-22,1378.28,1392.89,1352.43,1379.23,757404900.0,0.006582932543186759,0.6582932543186759,-0.04952763498473778,-4.952763498473778,1310.92,40.460000000000036,0.9500000000000455,4,4,2022,1414.8414285714284,1456.3085714285714,1470.7163333333333,40.301716021589996,54.18749413729582,1370.21,-0.01047865272401638,1384.72,-0.015450247075971424,1406.45,-0.018253525059332643,1458.56,-0.009211205608238404
2022-04-25,1377.75,1382.13,1298.38,1310.92,653206600.0,-0.04952763498473778,-4.952763498473778,0.023205077350257675,2.3205077350257675,1341.34,83.75,-66.82999999999993,0,4,2022,1391.812857142857,1441.0385714285715,1465.5289999999998,47.52541906329762,62.85987308256637,1379.23,0.006582932543186759,1370.21,-0.01047865272401638,1384.72,-0.015450247075971424,1432.6,-0.01779837648091276
2022-04-26,1285.4,1341.34,1261.4,1341.34,642893200.0,0.023205077350257675,2.3205077350257675,0.00926685255043469,0.926685255043469,1353.77,79.93999999999983,55.93999999999983,1,4,2022,1375.0671428571427,1428.275,1462.032,40.16920118459841,63.72245356592775,1310.92,-0.04952763498473778,1379.23,0.006582932543186759,1370.21,-0.01047865272401638,1406.45,-0.018253525059332643
2022-04-27,1331.73,1355.92,1314.81,1353.77,460096300.0,0.00926685255043469,0.926685255043469,-0.0020535246016679665,-0.20535246016679665,1350.99,41.11000000000013,22.039999999999964,2,4,2022,1363.8057142857142,1416.1942857142858,1458.733,31.45681847502481,60.34583494827665,1341.34,0.023205077350257675,1310.92,-0.04952763498473778,1379.23,0.006582932543186759,1384.72,-0.015450247075971424
2022-04-28,1353.48,1358.07,1344.1,1350.99,433237500.0,-0.0020535246016679665,-0.20535246016679665,0.011702529256323091,1.170252925632309,1366.8,13.970000000000027,-2.490000000000009,3,4,2022,1355.8828571428571,1405.3828571428571,1455.1216666666667,25.309729166378563,57.199671385364056,1353.77,0.00926685255043469,1341.34,0.023205077350257675,1310.92,-0.04952763498473778,1370.21,-0.01047865272401638
2022-04-29,1347.08,1369.31,1343.24,1366.8,507963700.0,0.011702529256323091,1.170252925632309,-0.013257243195785695,-1.3257243195785695,1348.68,26.069999999999936,19.720000000000027,4,4,2022,1353.3228571428572,1397.1542857142856,1451.9703333333334,22.676060588399594,53.49618975853824,1350.99,-0.0020535246016679665,1353.77,0.00926685255043469,1341.34,0.023205077350257675,1379.23,0.006582932543186759
2022-05-04,1366.11,1366.39,1348.68,1348.68,479468500.0,-0.013257243195785695,-1.3257243195785695,0.008897588753447705,0.8897588753447705,1360.68,17.710000000000036,-17.429999999999836,2,5,2022,1350.2471428571428,1389.5421428571428,1447.9563333333333,21.429663019798184,52.15905293184926,1366.8,0.011702529256323091,1350.99,-0.0020535246016679665,1353.77,0.00926685255043469,1310.92,-0.04952763498473778
2022-05-05,1361.62,1362.18,1331.41,1360.68,489256000.0,0.008897588753447705,0.8897588753447705,-0.02309139547873129,-2.309139547873129,1329.26,30.769999999999982,-0.9399999999998272,3,5,2022,1347.597142857143,1381.2192857142857,1443.4806666666666,18.143243659154304,46.032356924951394,1348.68,-0.013257243195785695,1366.8,0.011702529256323091,1350.99,-0.0020535246016679665,1341.34,0.023205077350257675
2022-05-06,1333.55,1350.09,1328.13,1329.26,483028300.0,-0.02309139547873129,-2.309139547873129,-0.04486706889547576,-4.486706889547576,1269.62,21.95999999999981,-4.289999999999964,4,5,2022,1350.217142857143,1371.015,1437.6633333333334,12.369660079219624,39.735428630652905,1360.68,0.008897588753447705,1348.68,-0.013257243195785695,1366.8,0.011702529256323091,1353.77,0.00926685255043469
2022-05-09,1313.49,1314.52,1265.54,1269.62,599089800.0,-0.04486706889547576,-4.486706889547576,0.018856035664214454,1.8856035664214454,1293.56,48.98000000000002,-43.87000000000012,0,5,2022,1339.9714285714285,1357.5192857142858,1429.906,33.1670621895426,39.80016862436167,1329.26,-0.02309139547873129,1360.68,0.008897588753447705,1348.68,-0.013257243195785695,1350.99,-0.0020535246016679665
2022-05-10,1240.93,1293.56,1232.57,1293.56,581394400.0,0.018856035664214454,1.8856035664214454,0.006161291320077922,0.6161291320077922,1301.53,60.99000000000001,52.62999999999988,1,5,2022,1331.3700000000001,1347.5878571428573,1423.0826666666667,36.61978563562725,36.863057634059665,1269.62,-0.04486706889547576,1329.26,-0.02309139547873129,1360.68,0.008897588753447705,1366.8,0.011702529256323091
2022-05-11,1295.39,1305.17,1277.91,1301.53,358173000.0,0.006161291320077922,0.6161291320077922,-0.048166388788579595,-4.81663887885796,1238.84,27.25999999999999,6.139999999999873,2,5,2022,1324.304285714286,1340.0935714285715,1416.517,36.97310547642352,34.56963888179492,1293.56,0.018856035664214454,1269.62,-0.04486706889547576,1329.26,-0.02309139547873129,1348.68,-0.013257243195785695
2022-05-12,1290.4,1291.65,1238.05,1238.84,487651200.0,-0.048166388788579595,-4.81663887885796,-0.04526008201220488,-4.526008201220488,1182.77,53.600000000000136,-51.56000000000017,3,5,2022,1306.0242857142857,1329.6735714285714,1408.3723333333332,43.51477291569062,41.39535195148034,1301.53,0.006161291320077922,1293.56,0.018856035664214454,1269.62,-0.04486706889547576,1360.68,0.008897588753447705
2022-05-13,1235.03,1237.8,1180.6,1182.77,703049500.0,-0.04526008201220488,-4.526008201220488,-0.00914801694327716,-0.914801694327716,1171.95,57.200000000000045,-52.25999999999999,4,5,2022,1282.3228571428572,1316.285,1397.8726666666666,58.87984621647389,55.26466429130708,1238.84,-0.048166388788579595,1301.53,0.006161291320077922,1293.56,0.018856035664214454,1329.26,-0.02309139547873129
2022-05-16,1208.05,1215.96,1170.59,1171.95,521921500.0,-0.00914801694327716,-0.914801694327716,0.048141985579589486,4.814198557958949,1228.37,45.37000000000012,-36.09999999999991,0,5,2022,1255.3614285714284,1301.4792857142857,1387.254,60.21477266932544,64.15484350853396,1182.77,-0.04526008201220488,1238.84,-0.048166388788579595,1301.53,0.006161291320077922,1269.62,-0.04486706889547576
2022-05-17,1164.32,1228.37,1156.54,1228.37,515009800.0,0.048141985579589486,4.814198557958949,0.010086537443929844,1.0086537443929844,1240.76,71.82999999999993,64.04999999999995,1,5,2022,1240.9485714285713,1295.5828571428572,1378.4613333333334,50.93842407867153,66.95294655761862,1171.95,-0.00914801694327716,1182.77,-0.04526008201220488,1238.84,-0.048166388788579595,1293.56,0.018856035664214454
2022-05-18,1240.06,1249.84,1222.92,1240.76,485410300.0,0.010086537443929844,1.0086537443929844,0.0007092427222026298,0.07092427222026298,1241.64,26.919999999999845,0.7000000000000455,2,5,2022,1236.8257142857144,1288.3985714285714,1369.2720000000002,49.374989234472864,67.06156515381369,1228.37,0.048141985579589486,1171.95,-0.00914801694327716,1182.77,-0.04526008201220488,1301.53,0.006161291320077922
2022-05-19,1211.31,1246.66,1211.07,1241.64,435034100.0,0.0007092427222026298,0.07092427222026298,-0.0007490093746980175,-0.07490093746980175,1240.71,35.590000000000146,30.330000000000155,3,5,2022,1229.4085714285716,1280.3892857142855,1359.8366666666668,42.90811400677755,65.32707937333967,1240.76,0.010086537443929844,1228.37,0.048141985579589486,1171.95,-0.00914801694327716,1238.84,-0.048166388788579595
2022-05-20,1240.72,1252.96,1232.33,1240.71,439345600.0,-0.0007490093746980175,-0.07490093746980175,-0.017651183596489206,-1.7651183596489206,1218.81,20.63000000000011,-0.009999999999990905,4,5,2022,1220.72,1272.512142857143,1350.526,30.123137286803303,62.75743807323998,1241.64,0.0007092427222026298,1240.76,0.010086537443929844,1228.37,0.048141985579589486,1182.77,-0.04526008201220488
2022-05-23,1246.56,1246.58,1207.99,1218.81,464634600.0,-0.017651183596489206,-1.7651183596489206,0.011954283276310651,1.195428327631065,1233.38,38.58999999999992,-27.75,0,5,2022,1217.8585714285714,1261.9414285714286,1340.3896666666667,29.047144683863916,57.93219416593146,1240.71,-0.0007490093746980175,1241.64,0.0007092427222026298,1240.76,0.010086537443929844,1171.95,-0.00914801694327716
2022-05-24,1218.87,1233.38,1203.28,1233.38,451441400.0,0.011954283276310651,1.195428327631065,0.028417843649159114,2.8417843649159114,1268.43,30.100000000000136,14.510000000000218,1,5,2022,1225.0885714285712,1253.7057142857143,1331.4239999999998,24.853625777445448,52.603309447554935,1218.81,-0.017651183596489206,1240.71,-0.0007490093746980175,1241.64,0.0007092427222026298,1228.37,0.048141985579589486
2022-05-25,1238.52,1268.43,1234.17,1268.43,583626500.0,0.028417843649159114,2.8417843649159114,0.00011037266542102131,0.011037266542102131,1268.57,34.25999999999999,29.910000000000082,2,5,2022,1238.8714285714286,1247.1164285714287,1324.3049999999998,15.444620885125643,43.090112484839224,1233.38,0.011954283276310651,1218.81,-0.017651183596489206,1240.71,-0.0007490093746980175,1240.76,0.010086537443929844
2022-05-26,1273.8,1278.11,1261.55,1268.57,488313100.0,0.00011037266542102131,0.011037266542102131,0.013306321290902368,1.3306321290902368,1285.45,16.559999999999945,-5.230000000000018,3,5,2022,1244.6142857142856,1242.7814285714285,1318.082333333333,18.12953470365289,36.78152710619539,1268.43,0.028417843649159114,1233.38,0.011954283276310651,1218.81,-0.017651183596489206,1241.64,0.0007092427222026298
2022-05-27,1270.56,1286.99,1269.29,1285.45,545455800.0,0.013306321290902368,1.3306321290902368,0.006589132210510051,0.6589132210510051,1293.92,17.700000000000045,14.8900000000001,4,5,2022,1250.9985714285715,1243.912142857143,1311.6906666666666,23.591900042568707,37.89646668704999,1268.57,0.00011037266542102131,1268.43,0.028417843649159114,1233.38,0.011954283276310651,1240.71,-0.0007490093746980175
2022-05-30,1290.11,1296.22,1281.27,1293.92,469531300.0,0.006589132210510051,0.6589132210510051,-0.0009583281810312538,-0.09583281810312538,1292.68,14.950000000000045,3.810000000000173,0,5,2022,1258.467142857143,1243.9378571428572,1305.7506666666666,27.999034932338983,37.9328508285111,1285.45,0.013306321290902368,1268.57,0.00011037266542102131,1268.43,0.028417843649159114,1218.81,-0.017651183596489206
2022-05-31,1288.63,1297.64,1280.44,1292.68,514291400.0,-0.0009583281810312538,-0.09583281810312538,0.005291332735092968,0.5291332735092968,1299.52,17.200000000000045,4.0499999999999545,1,5,2022,1265.8914285714286,1243.3057142857142,1300.2213333333334,29.362785647002834,36.96054272709441,1293.92,0.006589132210510051,1285.45,0.013306321290902368,1268.57,0.00011037266542102131,1233.38,0.011954283276310651
2022-06-01,1289.56,1302.25,1286.01,1299.52,471780800.0,0.005291332735092968,0.5291332735092968,-0.008387712386111912,-0.8387712386111912,1288.62,16.24000000000001,9.960000000000036,2,6,2022,1277.4214285714286,1247.6399999999999,1295.7853333333335,22.937133959697835,39.84215123941818,1292.68,-0.0009583281810312538,1293.92,0.006589132210510051,1285.45,0.013306321290902368,1268.43,0.028417843649159114
2022-06-02,1300.58,1302.66,1283.32,1288.62,493377500.0,-0.008387712386111912,-0.8387712386111912,-0.0004966553367167226,-0.04966553367167226,1287.98,19.340000000000146,-11.960000000000036,3,6,2022,1285.3128571428572,1255.2007142857144,1291.8576666666665,12.291668878102152,36.48719806353364,1299.52,0.005291332735092968,1292.68,-0.0009583281810312538,1293.92,0.006589132210510051,1268.57,0.00011037266542102131
2022-06-03,1284.62,1292.78,1276.37,1287.98,406823300.0,-0.0004966553367167226,-0.04966553367167226,0.0015761114303016743,0.15761114303016743,1290.01,16.410000000000082,3.3600000000001273,4,6,2022,1288.1057142857142,1263.4885714285715,1288.6330000000003,9.780875654602683,28.405393815299675,1288.62,-0.008387712386111912,1299.52,0.005291332735092968,1292.68,-0.0009583281810312538,1285.45,0.013306321290902368
2022-06-06,1290.04,1302.14,1281.95,1290.01,515257600.0,0.0015761114303016743,0.15761114303016743,0.0010387516375840455,0.10387516375840455,1291.35,20.190000000000055,-0.029999999999972715,0,6,2022,1291.1685714285716,1267.8914285714286,1285.9596666666664,4.660251883579442,27.29883509973032,1287.98,-0.0004966553367167226,1288.62,-0.008387712386111912,1299.52,0.005291332735092968,1293.92,0.006589132210510051
2022-06-07,1285.07,1291.35,1260.92,1291.35,592865300.0,0.0010387516375840455,0.10387516375840455,0.012823789057962776,1.2823789057962776,1307.91,30.429999999999836,6.279999999999973,1,6,2022,1292.0114285714285,1271.5049999999999,1283.0303333333334,3.9299212398896444,26.774446413872024,1290.01,0.0015761114303016743,1287.98,-0.0004966553367167226,1288.62,-0.008387712386111912,1292.68,-0.0009583281810312538
2022-06-08,1297.56,1316.78,1294.27,1307.91,512060100.0,0.012823789057962776,1.2823789057962776,-8.41036462754241e-05,-0.00841036462754241,1307.8,22.50999999999999,10.350000000000136,2,6,2022,1294.01,1276.2385714285715,1282.93,7.232191922186988,26.945864205890267,1291.35,0.0010387516375840455,1290.01,0.0015761114303016743,1287.98,-0.0004966553367167226,1299.52,0.005291332735092968
2022-06-09,1310.35,1312.44,1300.85,1307.8,408896500.0,-8.41036462754241e-05,-0.00841036462754241,-0.018137329866952157,-1.8137329866952157,1284.08,11.590000000000146,-2.5499999999999545,3,6,2022,1296.1699999999998,1281.0307142857143,1281.8120000000001,8.84650213357444,26.09358054396679,1307.91,0.012823789057962776,1291.35,0.0010387516375840455,1290.01,0.0015761114303016743,1288.62,-0.008387712386111912
2022-06-10,1298.78,1309.59,1284.08,1284.08,535867000.0,-0.018137329866952157,-1.8137329866952157,-0.04442090835461965,-4.442090835461965,1227.04,25.50999999999999,-14.700000000000045,4,6,2022,1293.9642857142858,1285.6928571428568,1279.489,9.750666399659181,18.983711815285403,1307.8,-8.41036462754241e-05,1307.91,0.012823789057962776,1291.35,0.0010387516375840455,1287.98,-0.0004966553367167226
2022-06-13,1251.08,1261.54,1226.01,1227.04,667133200.0,-0.04442090835461965,-4.442090835461965,0.0026649497978876724,0.26649497978876724,1230.31,35.52999999999997,-24.039999999999964,0,6,2022,1285.1671428571428,1285.24,1275.3573333333331,27.32222399090002,20.353810076137542,1284.08,-0.018137329866952157,1307.8,-8.41036462754241e-05,1307.91,0.012823789057962776,1290.01,0.0015761114303016743
2022-06-14,1213.44,1239.36,1211.13,1230.31,492264800.0,0.0026649497978876724,0.26649497978876724,-0.01331371768090961,-1.331371768090961,1213.93,28.22999999999979,16.86999999999989,1,6,2022,1276.9285714285713,1282.517142857143,1270.8076666666668,34.16942855270597,24.83258108849288,1227.04,-0.04442090835461965,1284.08,-0.018137329866952157,1307.8,-8.41036462754241e-05,1291.35,0.0010387516375840455
2022-06-15,1231.23,1235.56,1195.19,1213.93,597693500.0,-0.01331371768090961,-1.331371768090961,0.018699595528572477,1.8699595528572477,1236.63,40.36999999999989,-17.299999999999955,2,6,2022,1266.06,1278.6142857142859,1266.316,40.776043620400685,30.775818857890883,1230.31,0.0026649497978876724,1227.04,-0.04442090835461965,1284.08,-0.018137329866952157,1307.91,0.012823789057962776
2022-06-16,1227.24,1246.32,1223.0,1236.63,493452200.0,0.018699595528572477,1.8699595528572477,-0.015631191221303187,-1.5631191221303187,1217.3,23.319999999999936,9.3900000000001,3,6,2022,1258.2428571428572,1275.127142857143,1262.181,40.36273269336104,32.650449738586275,1213.93,-0.01331371768090961,1230.31,0.0026649497978876724,1227.04,-0.04442090835461965,1307.8,-8.41036462754241e-05
2022-06-17,1210.5,1220.41,1191.92,1217.3,647122700.0,-0.015631191221303187,-1.5631191221303187,-0.030312987759796184,-3.0312987759796184,1180.4,28.49000000000001,6.7999999999999545,4,6,2022,1245.2985714285714,1269.6542857142856,1258.449,36.0821097999914,35.550777274698746,1236.63,0.018699595528572477,1213.93,-0.01331371768090961,1230.31,0.0026649497978876724,1284.08,-0.018137329866952157
2022-06-20,1218.37,1221.6,1180.4,1180.4,579954500.0,-0.030312987759796184,-3.0312987759796184,-0.006718061674008902,-0.6718061674008902,1172.47,41.19999999999982,-37.9699999999998,0,6,2022,1227.0985714285714,1261.6342857142856,1255.475,31.08651338258108,42.03094953342566,1217.3,-0.015631191221303187,1236.63,0.018699595528572477,1213.93,-0.01331371768090961,1227.04,-0.04442090835461965
2022-06-21,1172.98,1189.97,1162.94,1172.47,574256800.0,-0.006718061674008902,-0.6718061674008902,-0.0027292809197677625,-0.27292809197677625,1169.27,27.029999999999973,-0.5099999999999909,1,6,2022,1211.1542857142856,1252.5592857142858,1251.4386666666664,25.020271019805577,46.68039704931138,1180.4,-0.030312987759796184,1217.3,-0.015631191221303187,1236.63,0.018699595528572477,1230.31,0.0026649497978876724
2022-06-22,1180.11,1185.86,1162.98,1169.27,491739500.0,-0.0027292809197677625,-0.27292809197677625,0.016771147810172193,1.6771147810172193,1188.88,22.87999999999988,-10.839999999999918,2,6,2022,1202.9014285714286,1244.0342857142857,1247.03,28.228985356996386,50.34270579114368,1172.47,-0.006718061674008902,1180.4,-0.030312987759796184,1217.3,-0.015631191221303187,1213.93,-0.01331371768090961
2022-06-23,1162.06,1188.88,1162.06,1188.88,348627000.0,0.016771147810172193,1.6771147810172193,-0.0028598344660522024,-0.28598344660522024,1185.48,26.820000000000164,26.820000000000164,3,6,2022,1196.9828571428573,1236.9557142857143,1245.3646666666668,25.759845829171574,50.654430547247735,1169.27,-0.0027292809197677625,1172.47,-0.006718061674008902,1180.4,-0.030312987759796184,1236.63,0.018699595528572477
2022-06-24,1190.82,1196.85,1185.48,1185.48,365631700.0,-0.0028598344660522024,-0.28598344660522024,0.01462698653709893,1.462698653709893,1202.82,11.36999999999989,-5.339999999999918,4,6,2022,1192.9185714285716,1229.4892857142856,1245.4550000000002,24.86932208469366,49.93137867487359,1188.88,0.016771147810172193,1169.27,-0.0027292809197677625,1172.47,-0.006718061674008902,1217.3,-0.015631191221303187
2022-06-27,1189.12,1203.51,1187.38,1202.82,399448200.0,0.01462698653709893,1.462698653709893,0.012703480154969027,1.2703480154969027,1218.1,16.12999999999988,13.700000000000045,0,6,2022,1188.0885714285716,1223.1657142857143,1246.4840000000002,17.00463704264971,47.015161664867314,1185.48,-0.0028598344660522024,1188.88,0.016771147810172193,1169.27,-0.0027292809197677625,1180.4,-0.030312987759796184
2022-06-28,1202.41,1221.74,1198.99,1218.1,496605600.0,0.012703480154969027,1.2703480154969027,-8.209506608625183e-06,-0.0008209506608625183,1218.09,22.75,15.689999999999827,1,6,2022,1188.202857142857,1216.7507142857141,1246.1416666666667,17.23481429576184,40.195165125304754,1202.82,0.01462698653709893,1185.48,-0.0028598344660522024,1188.88,0.016771147810172193,1172.47,-0.006718061674008902
2022-06-29,1208.22,1219.58,1207.38,1218.09,487488100.0,-8.209506608625183e-06,-0.0008209506608625183,-0.01682141713666474,-1.682141713666474,1197.6,12.199999999999818,9.86999999999989,2,6,2022,1193.587142857143,1210.3428571428572,1245.3859999999997,20.048507603876722,30.559449357848347,1218.1,0.012703480154969027,1202.82,0.01462698653709893,1185.48,-0.0028598344660522024,1169.27,-0.0027292809197677625
2022-06-30,1218.22,1220.51,1197.6,1197.6,445081100.0,-0.01682141713666474,-1.682141713666474,0.0010855043420174848,0.10855043420174848,1198.9,22.910000000000082,-20.62000000000012,3,6,2022,1197.1771428571428,1204.1657142857143,1243.9180000000001,17.755790336563983,22.068867983335156,1218.09,-8.209506608625183e-06,1218.1,0.012703480154969027,1202.82,0.01462698653709893,1188.88,0.016771147810172193
2022-07-01,1193.04,1202.41,1170.95,1198.9,466693700.0,0.0010855043420174848,0.10855043420174848,-0.0028109100008342214,-0.28109100008342214,1195.53,31.460000000000036,5.860000000000127,4,7,2022,1201.4099999999999,1202.1557142857143,1242.5243333333333,12.8474939190415,21.08478770411052,1197.6,-0.01682141713666474,1218.09,-8.209506608625183e-06,1218.1,0.012703480154969027,1185.48,-0.0028598344660522024
2022-07-04,1206.47,1208.96,1192.63,1195.53,379316900.0,-0.0028109100008342214,-0.28109100008342214,-0.011911035273058812,-1.1911035273058812,1181.29,16.329999999999927,-10.940000000000055,0,7,2022,1202.3600000000001,1199.6714285714286,1241.7483333333332,11.983353732009729,19.501913853670295,1198.9,0.0010855043420174848,1197.6,-0.01682141713666474,1218.09,-8.209506608625183e-06,1202.82,0.01462698653709893
2022-07-05,1198.42,1200.99,1181.29,1181.29,527858300.0,-0.011911035273058812,-1.1911035273058812,-0.026818139491572857,-2.6818139491572857,1149.61,19.700000000000045,-17.13000000000011,1,7,2022,1201.7614285714285,1197.34,1240.012,13.0263008673039,19.616893426132393,1195.53,-0.0028109100008342214,1198.9,0.0010855043420174848,1197.6,-0.01682141713666474,1218.1,0.012703480154969027
2022-07-06,1167.25,1175.26,1147.63,1149.61,481767700.0,-0.026818139491572857,-2.6818139491572857,0.014674541801132701,1.4674541801132701,1166.48,27.62999999999988,-17.6400000000001,2,7,2022,1194.16,1191.1242857142859,1236.0513333333333,23.566522866130338,19.992787050980397,1181.29,-0.011911035273058812,1195.53,-0.0028109100008342214,1198.9,0.0010855043420174848,1218.09,-8.209506608625183e-06
2022-07-07,1148.97,1166.48,1142.8,1166.48,336105000.0,0.014674541801132701,1.4674541801132701,0.0041406625060009805,0.41406625060009805,1171.31,23.680000000000064,17.50999999999999,3,7,2022,1186.7857142857142,1187.4942857142858,1232.6483333333335,22.893536829666736,19.48164055415321,1149.61,-0.026818139491572857,1181.29,-0.011911035273058812,1195.53,-0.0028109100008342214,1197.6,-0.01682141713666474
2022-07-08,1174.53,1177.18,1164.23,1171.31,408239000.0,0.0041406625060009805,0.41406625060009805,-0.013676994134772191,-1.3676994134772191,1155.29,12.950000000000045,-3.2200000000000273,4,7,2022,1180.1028571428571,1186.8449999999998,1228.8436666666666,18.670830828043908,19.88359654434702,1166.48,0.014674541801132701,1149.61,-0.026818139491572857,1181.29,-0.011911035273058812,1198.9,0.0010855043420174848
2022-07-11,1161.3,1165.23,1144.55,1155.29,458175600.0,-0.013676994134772191,-1.3676994134772191,0.016904846402201912,1.6904846402201912,1174.82,20.680000000000064,-6.009999999999991,0,7,2022,1174.0585714285714,1185.6178571428572,1224.2226666666668,18.90940544505973,21.3174566164285,1171.31,0.0041406625060009805,1166.48,0.014674541801132701,1149.61,-0.026818139491572857,1195.53,-0.0028109100008342214
2022-07-12,1154.31,1174.82,1153.55,1174.82,446374900.0,0.016904846402201912,1.6904846402201912,-0.0007660748029484354,-0.07660748029484354,1173.92,21.269999999999982,20.50999999999999,1,7,2022,1170.6185714285714,1186.0142857142857,1220.294,15.524398462388286,21.03985694389783,1155.29,-0.013676994134772191,1171.31,0.0041406625060009805,1166.48,0.014674541801132701,1181.29,-0.011911035273058812
2022-07-13,1173.46,1182.21,1170.92,1173.92,494032300.0,-0.0007660748029484354,-0.07660748029484354,0.00702773613193397,0.702773613193397,1182.17,11.289999999999964,0.4600000000000364,2,7,2022,1167.5314285714285,1184.9457142857143,1216.1073333333331,11.32584570583371,21.261840398769824,1174.82,0.016904846402201912,1155.29,-0.013676994134772191,1171.31,0.0041406625060009805,1149.61,-0.026818139491572857
2022-07-14,1170.7,1182.17,1170.04,1182.17,462987000.0,0.00702773613193397,0.702773613193397,-0.002470033920671355,-0.2470033920671355,1179.25,12.13000000000011,11.470000000000027,3,7,2022,1167.6571428571428,1184.7092857142857,1212.5590000000002,11.50744355375374,21.273842177399782,1173.92,-0.0007660748029484354,1174.82,0.016904846402201912,1155.29,-0.013676994134772191,1166.48,0.014674541801132701
2022-07-15,1183.15,1189.66,1178.12,1179.25,514039500.0,-0.002470033920671355,-0.2470033920671355,-0.0023404706381174867,-0.23404706381174867,1176.49,11.540000000000191,-3.900000000000091,4,7,2022,1171.8914285714286,1183.0257142857142,1208.9346666666668,8.922987968481552,20.65395611733024,1182.17,0.00702773613193397,1173.92,-0.0007660748029484354,1174.82,0.016904846402201912,1171.31,0.0041406625060009805
2022-07-18,1184.74,1184.93,1174.7,1176.49,449643100.0,-0.0023404706381174867,-0.23404706381174867,0.0015639741944257768,0.15639741944257768,1178.33,10.230000000000018,-8.25,0,7,2022,1173.3214285714287,1180.0535714285713,1205.150666666667,8.710791063521551,18.047918954032458,1179.25,-0.002470033920671355,1182.17,0.00702773613193397,1173.92,-0.0007660748029484354,1155.29,-0.013676994134772191
2022-07-19,1176.1,1180.46,1168.99,1178.33,447446600.0,0.0015639741944257768,0.15639741944257768,0.013417293966885513,1.3417293966885513,1194.14,11.470000000000027,2.230000000000018,1,7,2022,1174.3242857142857,1177.2135714285716,1201.3833333333334,8.84370935965426,14.351998846119377,1176.49,-0.0023404706381174867,1179.25,-0.002470033920671355,1182.17,0.00702773613193397,1174.82,0.016904846402201912
2022-07-20,1188.12,1198.63,1185.82,1194.14,573367800.0,0.013417293966885513,1.3417293966885513,0.0036260404977639382,0.3626040497763938,1198.47,12.810000000000173,6.020000000000209,2,7,2022,1179.8742857142859,1176.9664285714284,1197.5910000000001,6.880021456217349,13.999397573376996,1178.33,0.0015639741944257768,1176.49,-0.0023404706381174867,1179.25,-0.002470033920671355,1173.92,-0.0007660748029484354
2022-07-21,1195.03,1201.91,1194.97,1198.47,474055300.0,0.0036260404977639382,0.3626040497763938,-0.003095613573973477,-0.3095613573973477,1194.76,6.940000000000055,3.4400000000000546,3,7,2022,1183.2528571428572,1176.9357142857145,1193.9466666666667,9.348437862878,13.947951442790464,1194.14,0.013417293966885513,1178.33,0.0015639741944257768,1176.49,-0.0023404706381174867,1182.17,0.00702773613193397
2022-07-22,1199.16,1202.69,1194.76,1194.76,418875300.0,-0.003095613573973477,-0.3095613573973477,-0.00523954601761023,-0.523954601761023,1188.5,7.930000000000064,-4.400000000000091,4,7,2022,1186.23,1176.8807142857145,1190.9693333333335,9.198081321660887,13.870291696937471,1198.47,0.0036260404977639382,1194.14,0.013417293966885513,1178.33,0.0015639741944257768,1179.25,-0.002470033920671355
2022-07-25,1191.43,1198.16,1184.32,1188.5,382922500.0,-0.00523954601761023,-0.523954601761023,-0.0028859907446361355,-0.28859907446361355,1185.07,13.840000000000146,-2.9300000000000637,0,7,2022,1187.1342857142859,1177.3957142857143,1189.6846666666668,9.042246876264288,14.177060948685705,1194.76,-0.003095613573973477,1198.47,0.0036260404977639382,1194.14,0.013417293966885513,1176.49,-0.0023404706381174867
2022-07-26,1189.2,1194.15,1184.44,1185.07,363909800.0,-0.0028859907446361355,-0.28859907446361355,0.005037677099243076,0.5037677099243076,1191.04,9.710000000000036,-4.130000000000109,1,7,2022,1187.9657142857143,1179.9285714285713,1188.1766666666665,8.444266017322496,11.7992547725147,1188.5,-0.00523954601761023,1194.76,-0.003095613573973477,1198.47,0.0036260404977639382,1178.33,0.0015639741944257768
2022-07-27,1180.83,1191.04,1178.58,1191.04,362473100.0,0.005037677099243076,0.5037677099243076,0.014340408382589986,1.4340408382589986,1208.12,12.460000000000036,10.210000000000036,2,7,2022,1190.0442857142857,1181.6828571428573,1187.4136666666666,6.774336024386369,11.467029276995108,1185.07,-0.0028859907446361355,1188.5,-0.00523954601761023,1194.76,-0.003095613573973477,1194.14,0.013417293966885513
2022-07-28,1201.77,1214.03,1198.68,1208.12,586753300.0,0.014340408382589986,1.4340408382589986,-0.0014816408965996342,-0.14816408965996342,1206.33,15.349999999999909,6.349999999999909,3,7,2022,1194.3,1184.3121428571428,1186.4633333333334,7.506430576502515,13.020540682715081,1191.04,0.005037677099243076,1185.07,-0.0028859907446361355,1188.5,-0.00523954601761023,1198.47,0.0036260404977639382
2022-07-29,1214.32,1217.84,1206.33,1206.33,502192400.0,-0.0014816408965996342,-0.14816408965996342,0.02074059336997336,2.074059336997336,1231.35,11.509999999999991,-7.990000000000009,4,7,2022,1196.0414285714287,1187.9578571428572,1186.0976666666668,8.770654533854678,11.301368997104225,1208.12,0.014340408382589986,1191.04,0.005037677099243076,1185.07,-0.0028859907446361355,1194.76,-0.003095613573973477
2022-08-01,1209.05,1231.35,1209.04,1231.35,643232700.0,0.02074059336997336,2.074059336997336,0.008340439355179363,0.8340439355179363,1241.62,22.309999999999945,22.299999999999955,0,8,2022,1200.7385714285715,1191.9957142857143,1187.796,16.061867293444013,15.547413692553464,1206.33,-0.0014816408965996342,1208.12,0.014340408382589986,1191.04,0.005037677099243076,1188.5,-0.00523954601761023
2022-08-02,1230.31,1241.91,1224.11,1241.62,701766800.0,0.008340439355179363,0.8340439355179363,0.006555951096148593,0.6555951096148593,1249.76,17.800000000000182,11.309999999999945,1,8,2022,1207.432857142857,1196.8314285714284,1190.1009999999999,21.869899949687046,19.514979200264357,1231.35,0.02074059336997336,1206.33,-0.0014816408965996342,1208.12,0.014340408382589986,1185.07,-0.0028859907446361355
2022-08-03,1233.84,1250.2,1232.41,1249.76,668682400.0,0.006555951096148593,0.6555951096148593,0.0035126744334912363,0.35126744334912363,1254.15,17.789999999999964,15.920000000000073,2,8,2022,1216.1842857142856,1201.6592857142857,1192.7839999999999,25.05585949908438,23.551920863776164,1241.62,0.008340439355179363,1231.35,0.02074059336997336,1206.33,-0.0014816408965996342,1191.04,0.005037677099243076
2022-08-04,1252.49,1257.38,1247.38,1254.15,621344900.0,0.0035126744334912363,0.35126744334912363,-0.0011242674321254587,-0.11242674321254587,1252.74,10.0,1.6600000000000819,3,8,2022,1226.052857142857,1207.0092857142859,1194.9596666666666,24.352797042829547,26.40424309266722,1249.76,0.006555951096148593,1241.62,0.008340439355179363,1231.35,0.02074059336997336,1208.12,0.014340408382589986
2022-08-05,1250.25,1253.75,1245.05,1252.74,579008400.0,-0.0011242674321254587,-0.11242674321254587,0.0032009834442900953,0.32009834442900953,1256.75,8.700000000000045,2.490000000000009,4,8,2022,1234.8671428571429,1212.4557142857143,1197.2016666666666,20.415738793290853,27.467426782753204,1254.15,0.0035126744334912363,1249.76,0.006555951096148593,1241.62,0.008340439355179363,1206.33,-0.0014816408965996342
2022-08-08,1252.36,1258.84,1252.04,1256.75,600108300.0,0.0032009834442900953,0.32009834442900953,0.0016709767256812835,0.16709767256812835,1258.85,6.7999999999999545,4.3900000000001,0,8,2022,1241.814285714286,1218.0571428571427,1198.9993333333332,17.918447530531925,27.96444072487293,1252.74,-0.0011242674321254587,1254.15,0.0035126744334912363,1249.76,0.006555951096148593,1231.35,0.02074059336997336
2022-08-09,1260.36,1263.14,1252.84,1258.85,622183100.0,0.0016709767256812835,0.16709767256812835,-0.0018667831751201236,-0.18667831751201236,1256.5,10.300000000000182,-1.509999999999991,1,8,2022,1249.3171428571427,1222.6792857142857,1200.3576666666665,9.690678879340243,29.034538971657547,1256.75,0.0032009834442900953,1252.74,-0.0011242674321254587,1254.15,0.0035126744334912363,1241.62,0.008340439355179363
2022-08-10,1255.69,1260.36,1253.89,1256.5,554958800.0,-0.0018667831751201236,-0.18667831751201236,-0.0035256665340230864,-0.35256665340230864,1252.07,6.4699999999998,0.8099999999999454,2,8,2022,1252.9099999999999,1226.8242857142857,1201.638,5.800436765131253,29.451752909641183,1258.85,0.0016709767256812835,1256.75,0.0032009834442900953,1252.74,-0.0011242674321254587,1249.76,0.006555951096148593
2022-08-11,1267.37,1268.03,1245.85,1252.07,726941900.0,-0.0035256665340230864,-0.35256665340230864,0.008194430023880539,0.8194430023880539,1262.33,22.180000000000064,-15.299999999999955,3,8,2022,1254.402857142857,1230.917857142857,1203.4536666666665,3.1493793794657283,28.623416766044137,1256.5,-0.0018667831751201236,1258.85,0.0016709767256812835,1256.75,0.0032009834442900953,1254.15,0.0035126744334912363
2022-08-12,1250.66,1262.33,1248.65,1262.33,478668400.0,0.008194430023880539,0.8194430023880539,0.009403246377730268,0.9403246377730268,1274.2,13.679999999999836,11.669999999999845,4,8,2022,1256.1985714285713,1236.1914285714286,1205.568,3.610699048474421,26.960084700033892,1252.07,-0.0035256665340230864,1256.5,-0.0018667831751201236,1258.85,0.0016709767256812835,1252.74,-0.0011242674321254587
2022-08-15,1268.56,1274.24,1267.14,1274.2,556111500.0,0.009403246377730268,0.9403246377730268,0.00038455501491130306,0.038455501491130306,1274.69,7.099999999999909,5.6400000000001,0,8,2022,1259.0628571428572,1242.5578571428573,1208.1903333333332,7.534904808674494,24.357610460853728,1262.33,0.008194430023880539,1252.07,-0.0035256665340230864,1256.5,-0.0018667831751201236,1256.75,0.0032009834442900953
2022-08-16,1274.08,1275.93,1271.11,1274.69,541168800.0,0.00038455501491130306,0.038455501491130306,0.00046285763597420093,0.04628576359742009,1275.28,4.820000000000164,0.6100000000001273,1,8,2022,1262.1985714285713,1248.532857142857,1211.3036666666667,8.907383507628069,20.739015045440738,1274.2,0.009403246377730268,1262.33,0.008194430023880539,1252.07,-0.0035256665340230864,1258.85,0.0016709767256812835
2022-08-17,1276.78,1280.61,1271.97,1275.28,611549400.0,0.00046285763597420093,0.04628576359742009,-0.0012703092654161585,-0.12703092654161585,1273.66,8.639999999999873,-1.5,2,8,2022,1264.8457142857144,1253.33,1215.4926666666665,9.733397586197825,18.295485361571355,1274.69,0.00038455501491130306,1274.2,0.009403246377730268,1262.33,0.008194430023880539,1256.5,-0.0018667831751201236
2022-08-18,1273.45,1283.15,1268.64,1273.66,522028300.0,-0.0012703092654161585,-0.12703092654161585,-0.003517422231992806,-0.3517422231992806,1269.18,14.509999999999991,0.21000000000003638,3,8,2022,1266.9614285714285,1258.1392857142857,1219.0653333333332,9.822113534534136,13.10291186914767,1275.28,0.00046285763597420093,1274.69,0.00038455501491130306,1274.2,0.009403246377730268,1252.07,-0.0035256665340230864
2022-08-19,1272.23,1280.0,1263.45,1269.18,541159000.0,-0.003517422231992806,-0.3517422231992806,-0.006894215162545847,-0.6894215162545847,1260.43,16.549999999999955,-3.0499999999999545,4,8,2022,1268.7728571428572,1260.8414285714284,1222.3276666666668,8.673284103637663,10.862537497253125,1273.66,-0.0012703092654161585,1275.28,0.00046285763597420093,1274.69,0.00038455501491130306,1262.33,0.008194430023880539
2022-08-22,1264.64,1270.57,1255.83,1260.43,530100300.0,-0.006894215162545847,-0.6894215162545847,0.008235284783764119,0.8235284783764119,1270.81,14.740000000000009,-4.210000000000036,0,8,2022,1269.967142857143,1262.185,1225.8323333333333,6.218101838643474,9.361807641038439,1269.18,-0.003517422231992806,1273.66,-0.0012703092654161585,1275.28,0.00046285763597420093,1274.2,0.009403246377730268
2022-08-23,1253.45,1270.81,1253.45,1270.81,488438500.0,0.008235284783764119,0.8235284783764119,0.0049968130562398905,0.49968130562398905,1277.16,17.3599999999999,17.3599999999999,1,8,2022,1271.1785714285713,1263.6885714285713,1229.032,5.229727298683244,8.891329274290438,1260.43,-0.006894215162545847,1269.18,-0.003517422231992806,1273.66,-0.0012703092654161585,1274.69,0.00038455501491130306
2022-08-24,1275.57,1280.36,1272.33,1277.16,495010400.0,0.0049968130562398905,0.49968130562398905,0.009176610604779478,0.9176610604779478,1288.88,8.029999999999973,1.5900000000001455,2,8,2022,1271.6014285714286,1265.332142857143,1232.4733333333336,5.619861886077896,9.116346416089362,1270.81,0.008235284783764119,1260.43,-0.006894215162545847,1269.18,-0.003517422231992806,1275.28,0.00046285763597420093
2022-08-25,1280.39,1289.18,1280.28,1288.88,531338200.0,0.009176610604779478,0.9176610604779478,-0.004895723418782305,-0.4895723418782305,1282.57,8.900000000000091,8.490000000000009,3,8,2022,1273.6285714285714,1267.9135714285715,1236.0303333333331,8.6577680506342,10.314469751948879,1277.16,0.0049968130562398905,1270.81,0.008235284783764119,1260.43,-0.006894215162545847,1273.66,-0.0012703092654161585
2022-08-26,1291.29,1295.12,1280.05,1282.57,579737000.0,-0.004895723418782305,-0.4895723418782305,-0.009176887031506986,-0.9176887031506986,1270.8,15.069999999999936,-8.720000000000027,4,8,2022,1274.67,1269.7578571428571,1239.474333333333,9.303866579700223,10.471991345842065,1288.88,0.009176610604779478,1277.16,0.0049968130562398905,1270.81,0.008235284783764119,1269.18,-0.003517422231992806
2022-08-29,1263.43,1270.8,1249.17,1270.8,754982100.0,-0.009176887031506986,-0.9176887031506986,0.006759521561221282,0.6759521561221282,1279.39,21.62999999999988,7.369999999999891,0,8,2022,1274.2614285714285,1270.6114285714286,1242.618,9.417712794795023,9.990450715290413,1282.57,-0.004895723418782305,1288.88,0.009176610604779478,1277.16,0.0049968130562398905,1260.43,-0.006894215162545847
2022-08-30,1274.97,1287.65,1274.0,1279.39,450860200.0,0.006759521561221282,0.6759521561221282,0.0008754171910050346,0.08754171910050346,1280.51,13.650000000000091,4.420000000000073,1,8,2022,1275.72,1272.2464285714286,1245.9866666666667,9.289323620848714,9.356298254818228,1270.8,-0.009176887031506986,1282.57,-0.004895723418782305,1288.88,0.009176610604779478,1270.81,0.008235284783764119
2022-08-31,1276.49,1285.29,1274.99,1280.51,434307600.0,0.0008754171910050346,0.08754171910050346,-0.002467766749185918,-0.2467766749185918,1277.35,10.299999999999955,4.019999999999982,2,8,2022,1278.5885714285712,1274.277857142857,1248.8656666666668,6.4460360650474255,7.552119599140075,1279.39,0.006759521561221282,1270.8,-0.009176887031506986,1282.57,-0.004895723418782305,1277.16,0.0049968130562398905
2022-09-05,1280.26,1285.7,1275.35,1277.35,431994100.0,-0.002467766749185918,-0.2467766749185918,3.914353935896564e-05,0.003914353935896564,1277.4,10.350000000000136,-2.910000000000082,0,9,2022,1279.5228571428572,1275.3507142857143,1251.495,5.541148239221756,6.748339356174473,1280.51,0.0008754171910050346,1279.39,0.006759521561221282,1270.8,-0.009176887031506986,1288.88,0.009176610604779478
2022-09-06,1279.58,1286.92,1277.4,1277.4,515252000.0,3.914353935896564e-05,0.003914353935896564,-0.026796618130577765,-2.6796618130577765,1243.17,9.519999999999982,-2.1799999999998363,1,9,2022,1279.5571428571432,1275.5792857142858,1254.2496666666668,5.524809843698712,6.76054784340865,1277.35,-0.002467766749185918,1280.51,0.0008754171910050346,1279.39,0.006759521561221282,1282.57,-0.004895723418782305
2022-09-07,1274.6,1275.07,1243.17,1243.17,753758800.0,-0.026796618130577765,-2.6796618130577765,-0.006893666996468872,-0.6893666996468872,1234.6,31.899999999999864,-31.429999999999836,2,9,2022,1273.0271428571427,1273.327857142857,1256.0720000000001,13.673352081417162,10.999199396446452,1277.4,3.914353935896564e-05,1277.35,-0.002467766749185918,1280.51,0.0008754171910050346,1270.8,-0.009176887031506986
2022-09-08,1251.06,1251.36,1234.6,1234.6,524895800.0,-0.006893666996468872,-0.6893666996468872,0.011485501376964358,1.1485501376964358,1248.78,16.75999999999999,-16.460000000000036,3,9,2022,1266.1742857142856,1270.422142857143,1257.7230000000002,19.05523100282446,15.065504754790743,1243.17,-0.026796618130577765,1277.4,3.914353935896564e-05,1277.35,-0.002467766749185918,1279.39,0.006759521561221282
2022-09-09,1241.26,1248.78,1228.54,1248.78,513432800.0,0.011485501376964358,1.1485501376964358,0.0006726565127563866,0.06726565127563866,1249.62,20.24000000000001,7.519999999999982,4,9,2022,1263.0285714285715,1268.6450000000002,1259.6476666666667,19.96040366037984,16.086989367908735,1234.6,-0.006893666996468872,1243.17,-0.026796618130577765,1277.4,3.914353935896564e-05,1280.51,0.0008754171910050346
2022-09-12,1255.0,1257.8,1248.97,1249.62,359054745.0,0.0006726565127563866,0.06726565127563866,-0.0009762967942252843,-0.09762967942252843,1248.4,8.829999999999927,-5.380000000000109,0,9,2022,1258.7757142857142,1267.2478571428571,1261.031,19.04377488588793,16.867406521080213,1248.78,0.011485501376964358,1234.6,-0.006893666996468872,1243.17,-0.026796618130577765,1277.35,-0.002467766749185918
2022-09-13,1251.1,1252.35,1243.87,1248.4,379401200.0,-0.0009762967942252843,-0.09762967942252843,-0.006111823133611138,-0.6111823133611138,1240.77,8.480000000000018,-2.699999999999818,1,9,2022,1254.1885714285713,1266.3885714285716,1262.4333333333334,16.653204324854542,17.534676789436784,1249.62,0.0006726565127563866,1248.78,0.011485501376964358,1234.6,-0.006893666996468872,1277.4,3.914353935896564e-05
2022-09-14,1229.76,1242.17,1228.51,1240.77,547541600.0,-0.006111823133611138,-0.6111823133611138,0.003941101090451982,0.39411010904519816,1245.66,13.660000000000082,11.009999999999991,2,9,2022,1248.962857142857,1264.242857142857,1262.7473333333332,13.640777976684229,18.7480224305141,1248.4,-0.0009762967942252843,1249.62,0.0006726565127563866,1248.78,0.011485501376964358,1243.17,-0.026796618130577765
2022-09-15,1247.34,1250.93,1243.45,1245.66,364378200.0,0.003941101090451982,0.39411010904519816,-0.009336416036478723,-0.9336416036478723,1234.03,7.480000000000018,-1.6799999999998363,3,9,2022,1244.4285714285713,1261.9928571428572,1262.8820000000003,5.396673137412984,18.967469085689576,1240.77,-0.006111823133611138,1248.4,-0.0009762967942252843,1249.62,0.0006726565127563866,1234.6,-0.006893666996468872
2022-09-16,1243.38,1246.17,1230.37,1234.03,556878300.0,-0.009336416036478723,-0.9336416036478723,-0.02317609782582264,-2.317609782582264,1205.43,15.800000000000182,-9.350000000000136,4,9,2022,1243.1228571428571,1258.075,1262.3576666666668,6.700205753748027,18.64867895919625,1245.66,0.003941101090451982,1240.77,-0.006111823133611138,1248.4,-0.0009762967942252843,1248.78,0.011485501376964358
2022-09-19,1231.45,1233.46,1202.07,1205.43,607678700.0,-0.02317609782582264,-2.317609782582264,0.01119932306313931,1.119932306313931,1218.93,31.3900000000001,-26.019999999999982,0,9,2022,1238.955714285714,1252.565,1260.7336666666667,15.78983518716448,21.95712877054345,1234.03,-0.009336416036478723,1245.66,0.003941101090451982,1240.77,-0.006111823133611138,1249.62,0.0006726565127563866
2022-09-20,1212.08,1218.93,1199.71,1218.93,392624700.0,0.01119932306313931,1.119932306313931,-0.006874882068699684,-0.6874882068699684,1210.55,19.220000000000027,6.850000000000136,1,9,2022,1234.6914285714286,1248.8600000000001,1259.6066666666668,16.69898742295847,22.995185449267737,1205.43,-0.02317609782582264,1234.03,-0.009336416036478723,1245.66,0.003941101090451982,1248.4,-0.0009762967942252843
2022-09-21,1213.47,1217.28,1204.68,1210.55,306355000.0,-0.006874882068699684,-0.6874882068699684,0.003428193796208401,0.3428193796208401,1214.7,12.599999999999909,-2.9200000000000728,2,9,2022,1229.1100000000001,1243.9428571428573,1258.0666666666666,17.39260858333531,23.322488793362705,1218.93,0.01119932306313931,1205.43,-0.02317609782582264,1234.03,-0.009336416036478723,1240.77,-0.006111823133611138
2022-09-22,1200.34,1214.7,1196.64,1214.7,413670100.0,0.003428193796208401,0.3428193796208401,-0.009401498312340606,-0.9401498312340606,1203.28,18.059999999999945,14.360000000000127,3,9,2022,1224.2957142857142,1239.2421428571429,1256.5950000000003,15.749706724398507,21.97872229035425,1210.55,-0.006874882068699684,1218.93,0.01119932306313931,1205.43,-0.02317609782582264,1245.66,0.003941101090451982
2022-09-23,1212.61,1216.59,1201.45,1203.28,418744600.0,-0.009401498312340606,-0.9401498312340606,-0.02404261684728415,-2.404261684728415,1174.35,15.139999999999873,-9.329999999999927,4,9,2022,1218.94,1233.9514285714286,1254.8210000000001,15.587345294602489,20.992707106239738,1214.7,0.003428193796208401,1210.55,-0.006874882068699684,1218.93,0.01119932306313931,1234.03,-0.009336416036478723
2022-09-26,1186.41,1190.27,1159.12,1174.35,671202400.0,-0.02404261684728415,-2.404261684728415,-0.006650487503725433,-0.6650487503725433,1166.54,31.15000000000009,-12.060000000000173,0,9,2022,1208.7528571428572,1226.5907142857143,1252.2303333333334,18.283218821533715,22.591777082784716,1203.28,-0.009401498312340606,1214.7,0.003428193796208401,1210.55,-0.006874882068699684,1205.43,-0.02317609782582264
2022-09-27,1177.51,1180.75,1166.44,1166.54,390888400.0,-0.006650487503725433,-0.6650487503725433,-0.01964784748058368,-1.964784748058368,1143.62,14.309999999999945,-10.970000000000027,1,9,2022,1199.1114285714286,1221.1171428571429,1249.0373333333334,20.404035081792113,27.09928310961241,1174.35,-0.02404261684728415,1203.28,-0.009401498312340606,1214.7,0.003428193796208401,1218.93,0.01119932306313931
2022-09-28,1158.53,1162.6,1142.79,1143.62,475130574.0,-0.01964784748058368,-1.964784748058368,-0.015346006540634116,-1.5346006540634116,1126.07,19.809999999999945,-14.910000000000082,2,9,2022,1190.2814285714285,1214.6185714285714,1244.6846666666665,28.84308087368147,33.71783888894158,1166.54,-0.006650487503725433,1174.35,-0.02404261684728415,1203.28,-0.009401498312340606,1210.55,-0.006874882068699684
2022-09-29,1157.09,1159.49,1126.07,1126.07,392743158.0,-0.015346006540634116,-1.5346006540634116,0.005363787331160497,0.5363787331160497,1132.11,33.42000000000007,-31.019999999999982,3,9,2022,1177.015714285714,1205.8535714285715,1239.7306666666666,34.30756129346514,39.59205215641113,1143.62,-0.01964784748058368,1166.54,-0.006650487503725433,1174.35,-0.02404261684728415,1214.7,0.003428193796208401
2022-09-30,1115.2,1135.47,1099.44,1132.11,580988602.0,0.005363787331160497,0.5363787331160497,-0.04034060294494335,-4.034060294494335,1086.44,36.02999999999997,16.909999999999854,4,9,2022,1165.81,1197.4599999999998,1234.9583333333333,34.33912054785598,41.98368107875947,1126.07,-0.015346006540634116,1143.62,-0.01964784748058368,1166.54,-0.006650487503725433,1203.28,-0.009401498312340606
2022-10-03,1124.46,1126.46,1079.86,1086.44,467842505.0,-0.04034060294494335,-4.034060294494335,-0.007639630352343385,-0.7639630352343385,1078.14,46.600000000000136,-38.01999999999998,0,10,2022,1147.4871428571428,1185.8914285714286,1228.7176666666667,37.934870376429345,48.651898667533125,1132.11,0.005363787331160497,1126.07,-0.015346006540634116,1143.62,-0.01964784748058368,1174.35,-0.02404261684728415
2022-10-04,1095.73,1100.42,1069.74,1078.14,484847543.0,-0.007639630352343385,-0.7639630352343385,0.02422690930676885,2.422690930676885,1104.26,30.680000000000064,-17.589999999999918,1,10,2022,1129.61,1174.2749999999999,1222.3496666666665,36.727292304230986,53.69474057470099,1086.44,-0.04034060294494335,1132.11,0.005363787331160497,1126.07,-0.015346006540634116,1166.54,-0.006650487503725433
2022-10-05,1092.08,1110.21,1092.08,1104.26,366497390.0,0.02422690930676885,2.422690930676885,-0.026932063101081316,-2.6932063101081316,1074.52,18.13000000000011,12.180000000000064,2,10,2022,1119.597142857143,1164.175,1217.144,31.708352587449504,52.52015668000328,1078.14,-0.007639630352343385,1086.44,-0.04034060294494335,1132.11,0.005363787331160497,1143.62,-0.01964784748058368
2022-10-06,1105.31,1106.97,1072.57,1074.52,465644550.0,-0.026932063101081316,-2.6932063101081316,-0.035932323269925126,-3.5932323269925126,1035.91,34.40000000000009,-30.789999999999964,3,10,2022,1106.4514285714286,1152.7814285714285,1210.6009999999999,27.84231218163506,53.4931185879406,1104.26,0.02422690930676885,1078.14,-0.007639630352343385,1086.44,-0.04034060294494335,1126.07,-0.015346006540634116
2022-10-07,1061.93,1062.23,1022.38,1035.91,724043484.0,-0.035932323269925126,-3.5932323269925126,0.00634224980934639,0.634224980934639,1042.48,39.85000000000002,-26.019999999999982,4,10,2022,1091.064285714286,1140.672857142857,1202.5593333333334,33.13710752674061,59.50700817532093,1074.52,-0.026932063101081316,1104.26,0.02422690930676885,1078.14,-0.007639630352343385,1132.11,0.005363787331160497
2022-10-10,1019.67,1051.02,1012.94,1042.48,509726370.0,0.00634224980934639,0.634224980934639,-0.034801626889724435,-3.4801626889724435,1006.2,38.07999999999993,22.81000000000006,0,10,2022,1079.1228571428571,1128.0692857142858,1194.346,33.47948661210733,60.337415928995895,1035.91,-0.035932323269925126,1074.52,-0.026932063101081316,1104.26,0.02422690930676885,1086.44,-0.04034060294494335
2022-10-11,1036.39,1036.42,998.64,1006.2,532383498.0,-0.034801626889724435,-3.4801626889724435,0.028433710991850436,2.8433710991850436,1034.81,37.780000000000086,-30.190000000000055,1,10,2022,1061.1357142857144,1113.472857142857,1185.1336666666668,34.084700310241296,63.48477908777624,1042.48,0.00634224980934639,1035.91,-0.035932323269925126,1074.52,-0.026932063101081316,1078.14,-0.007639630352343385
2022-10-12,1006.1,1039.44,1002.89,1034.81,503602751.0,0.028433710991850436,2.8433710991850436,0.01563572056706075,1.5635720567060751,1050.99,36.55000000000007,28.709999999999923,2,10,2022,1053.76,1100.6235714285715,1177.2673333333332,33.2729344462971,59.50021067927946,1006.2,-0.034801626889724435,1042.48,0.00634224980934639,1035.91,-0.035932323269925126,1104.26,0.02422690930676885
2022-10-13,1035.33,1050.99,1025.04,1050.99,362426909.0,0.01563572056706075,1.5635720567060751,0.01033311449205021,1.033311449205021,1061.85,25.950000000000045,15.660000000000082,3,10,2022,1049.8814285714286,1089.7457142857143,1169.6539999999998,31.49210029441231,52.836566695984835,1034.81,0.028433710991850436,1006.2,-0.034801626889724435,1042.48,0.00634224980934639,1074.52,-0.026932063101081316
2022-10-14,1063.07,1068.12,1055.29,1061.85,466714307.0,0.01033311449205021,1.033311449205021,-0.009671799218345378,-0.9671799218345378,1051.58,12.829999999999927,-1.2200000000000273,4,10,2022,1043.8228571428572,1081.7099999999998,1162.3653333333336,21.90809569871014,47.23786291003365,1050.99,0.01563572056706075,1034.81,0.028433710991850436,1006.2,-0.034801626889724435,1035.91,-0.035932323269925126
2022-10-17,1053.46,1054.05,1033.59,1051.58,391417511.0,-0.009671799218345378,-0.9671799218345378,0.01148747598851263,1.148747598851263,1063.66,20.460000000000036,-1.8800000000001091,0,10,2022,1040.5457142857142,1073.4985714285715,1154.8396666666665,17.90004176640666,40.92780338729768,1061.85,0.01033311449205021,1050.99,0.01563572056706075,1034.81,0.028433710991850436,1042.48,0.00634224980934639
2022-10-18,1065.6,1071.74,1057.71,1063.66,435818990.0,0.01148747598851263,1.148747598851263,-0.0033751386721322385,-0.33751386721322385,1060.07,14.029999999999973,-1.9399999999998272,1,10,2022,1044.51,1067.787142857143,1147.715,19.68603735309998,35.625404813577205,1051.58,-0.009671799218345378,1061.85,0.01033311449205021,1050.99,0.01563572056706075,1006.2,-0.034801626889724435
2022-10-19,1065.08,1065.99,1052.29,1060.07,315804513.0,-0.0033751386721322385,-0.33751386721322385,-0.001528200967860549,-0.1528200967860549,1058.45,13.700000000000045,-5.009999999999991,2,10,2022,1047.0228571428572,1063.0728571428572,1141.6116666666667,20.489964791180594,31.440692747439943,1063.66,0.01148747598851263,1051.58,-0.009671799218345378,1061.85,0.01033311449205021,1034.81,0.028433710991850436
2022-10-20,1056.14,1065.28,1048.21,1058.45,330284750.0,-0.001528200967860549,-0.1528200967860549,-0.036496764136236926,-3.6496764136236926,1019.82,17.069999999999936,2.3099999999999454,3,10,2022,1054.4871428571428,1057.8114285714285,1135.74,9.94230810612412,24.36644914540041,1060.07,-0.0033751386721322385,1063.66,0.01148747598851263,1051.58,-0.009671799218345378,1050.99,0.01563572056706075
2022-10-21,1059.03,1059.03,1013.69,1019.82,593037630.0,-0.036496764136236926,-3.6496764136236926,-0.03301563020925269,-3.301563020925269,986.15,45.33999999999992,-39.20999999999992,4,10,2022,1052.3457142857144,1053.0528571428572,1128.108,15.14165210841782,24.84590584707985,1058.45,-0.001528200967860549,1060.07,-0.0033751386721322385,1063.66,0.01148747598851263,1061.85,0.01033311449205021
2022-10-24,1021.25,1023.51,977.41,986.15,502992511.0,-0.03301563020925269,-3.301563020925269,0.01171221416620205,1.171221416620205,997.7,46.10000000000002,-35.10000000000002,0,10,2022,1043.0828571428572,1046.482142857143,1119.3256666666668,29.31168351489189,29.44007608124714,1019.82,-0.036496764136236926,1058.45,-0.001528200967860549,1060.07,-0.0033751386721322385,1051.58,-0.009671799218345378
2022-10-25,980.47,1011.39,962.45,997.7,631312849.0,0.01171221416620205,1.171221416620205,-0.004350005011526492,-0.4350005011526492,993.36,48.93999999999994,17.230000000000018,1,10,2022,1033.9185714285716,1038.8707142857143,1110.969,32.33820724190059,27.029439637959825,986.15,-0.03301563020925269,1019.82,-0.036496764136236926,1058.45,-0.001528200967860549,1063.66,0.01148747598851263
2022-10-26,1000.71,1004.55,984.71,993.36,327124544.0,-0.004350005011526492,-0.4350005011526492,0.034881613916404985,3.4881613916404985,1028.01,19.839999999999918,-7.350000000000023,2,10,2022,1025.6014285714286,1033.0735714285715,1102.722,34.45626572367033,27.494804154489554,997.7,0.01171221416620205,986.15,-0.03301563020925269,1019.82,-0.036496764136236926,1060.07,-0.0033751386721322385
2022-10-27,994.82,1028.01,990.48,1028.01,525571421.0,0.034881613916404985,3.4881613916404985,-0.0006322895691677211,-0.0632289569167721,1027.36,37.52999999999997,33.18999999999994,3,10,2022,1020.5085714285714,1032.5092857142859,1095.467,30.274278096874344,27.513174316829364,993.36,-0.004350005011526492,997.7,0.01171221416620205,986.15,-0.03301563020925269,1058.45,-0.001528200967860549
2022-10-28,1036.27,1044.57,1026.53,1027.36,471075420.0,-0.0006322895691677211,-0.0632289569167721,0.0005645538078182799,0.05645538078182799,1027.94,18.039999999999964,-8.910000000000082,4,10,2022,1015.8357142857143,1031.4292857142857,1088.578,25.259248377032886,27.388153380679363,1028.01,0.034881613916404985,993.36,-0.004350005011526492,997.7,0.01171221416620205,1019.82,-0.036496764136236926
2022-10-31,1028.24,1030.32,1005.0,1027.94,540146599.0,0.0005645538078182799,0.05645538078182799,0.00565208086075053,0.565208086075053,1033.75,25.319999999999936,-0.2999999999999545,0,10,2022,1011.4771428571428,1032.982142857143,1082.6616666666666,18.37450290876195,26.447831721078444,1027.36,-0.0006322895691677211,1028.01,0.034881613916404985,993.36,-0.004350005011526492,986.15,-0.03301563020925269
2022-11-01,1034.77,1043.53,1027.39,1033.75,529853499.0,0.00565208086075053,0.565208086075053,-0.010215235792019328,-1.0215235792019328,1023.19,16.139999999999873,-1.0199999999999818,1,11,2022,1013.4671428571428,1032.9064285714285,1076.489,20.101784095217813,26.44371340357966,1027.94,0.0005645538078182799,1027.36,-0.0006322895691677211,1028.01,0.034881613916404985,997.7,0.01171221416620205
2022-11-02,1033.51,1034.73,1018.64,1023.19,440707791.0,-0.010215235792019328,-1.0215235792019328,-0.003303394286496286,-0.3303394286496286,1019.81,16.090000000000032,-10.319999999999936,2,11,2022,1018.7585714285715,1030.9207142857142,1070.2436666666667,16.21112522169778,26.021736908927924,1033.75,0.00565208086075053,1027.94,0.0005645538078182799,1027.36,-0.0006322895691677211,993.36,-0.004350005011526492
2022-11-03,1011.41,1023.95,1010.65,1019.81,374895655.0,-0.003303394286496286,-0.3303394286496286,-0.022219825261568293,-2.2219825261568293,997.15,13.300000000000068,8.399999999999977,3,11,2022,1021.9171428571428,1027.9178571428572,1063.7473333333335,13.32047010471791,24.562772700704176,1023.19,-0.010215235792019328,1033.75,0.00565208086075053,1027.94,0.0005645538078182799,1028.01,0.034881613916404985
2022-11-04,1008.23,1009.96,974.61,997.15,636169416.0,-0.022219825261568293,-2.2219825261568293,-0.02202276487990762,-2.202276487990762,975.19,35.35000000000002,-11.080000000000041,4,11,2022,1022.4585714285714,1024.03,1056.8763333333332,11.975380896664761,24.835513344324294,1019.81,-0.003303394286496286,1023.19,-0.010215235792019328,1033.75,0.00565208086075053,1027.36,-0.0006322895691677211
2022-11-07,989.74,996.18,969.61,975.19,490290336.0,-0.02202276487990762,-2.202276487990762,0.006624350126641865,0.6624350126641865,981.65,26.569999999999936,-14.549999999999955,0,11,2022,1014.9128571428572,1017.7107142857142,1050.2376666666667,21.076817212538046,25.228459041399052,997.15,-0.022219825261568293,1019.81,-0.003303394286496286,1023.19,-0.010215235792019328,1027.94,0.0005645538078182799
2022-11-08,960.93,981.86,956.97,981.65,491662593.0,0.006624350126641865,0.6624350126641865,0.004013650486425879,0.40136504864258793,985.59,24.889999999999986,20.720000000000027,1,11,2022,1008.3828571428572,1012.1092857142856,1044.0746666666666,23.51734587797117,23.76322124765621,975.19,-0.02202276487990762,997.15,-0.022219825261568293,1019.81,-0.003303394286496286,1033.75,0.00565208086075053
2022-11-09,983.62,994.79,977.93,985.59,442045429.0,0.004013650486425879,0.40136504864258793,-0.03891070323359613,-3.8910703233596133,947.24,16.860000000000014,1.9700000000000273,2,11,2022,1002.3328571428572,1006.905,1038.807,23.09115394425991,20.601727616108512,981.65,0.006624350126641865,975.19,-0.02202276487990762,997.15,-0.022219825261568293,1023.19,-0.010215235792019328
2022-11-10,974.76,976.31,935.78,947.24,589632905.0,-0.03891070323359613,-3.8910703233596133,0.007696043241417039,0.7696043241417039,954.53,40.52999999999997,-27.519999999999982,3,11,2022,989.9742857142858,1001.7207142857143,1032.846,26.38893193315808,25.62217322921848,985.59,0.004013650486425879,981.65,0.006624350126641865,975.19,-0.02202276487990762,1019.81,-0.003303394286496286
2022-11-11,954.95,966.7,949.49,954.53,610519072.0,0.007696043241417039,0.7696043241417039,-0.014132609766062898,-1.4132609766062898,941.04,17.210000000000036,-0.42000000000007276,4,11,2022,980.1657142857142,999.4621428571428,1026.9266666666667,24.69079305948403,28.348850520316212,947.24,-0.03891070323359613,985.59,0.004013650486425879,981.65,0.006624350126641865,997.15,-0.022219825261568293
2022-11-14,939.94,945.29,923.53,941.04,556442961.0,-0.014132609766062898,-1.4132609766062898,-0.03096574003230468,-3.096574003230468,911.9,21.75999999999999,1.099999999999909,0,11,2022,968.9128571428572,995.415,1022.08,21.332979721809174,32.377907650822465,954.53,0.007696043241417039,947.24,-0.03891070323359613,985.59,0.004013650486425879,975.19,-0.02202276487990762
2022-11-15,926.08,929.06,900.17,911.9,534263131.0,-0.03096574003230468,-3.096574003230468,0.03399495558723542,3.399495558723542,942.9,28.889999999999986,-14.180000000000064,1,11,2022,956.7342857142856,989.5964285714286,1016.5386666666667,26.28523847916281,39.34543969412815,941.04,-0.014132609766062898,954.53,0.007696043241417039,947.24,-0.03891070323359613,981.65,0.006624350126641865
2022-11-16,876.0,945.42,873.78,942.9,881883690.0,0.03399495558723542,3.399495558723542,0.027956305016438643,2.7956305016438643,969.26,71.63999999999999,66.89999999999998,2,11,2022,952.1214285714286,983.5171428571429,1011.16,25.322280985082127,39.52834726321862,911.9,-0.03096574003230468,941.04,-0.014132609766062898,954.53,0.007696043241417039,985.59,0.004013650486425879
2022-11-17,952.91,972.88,950.9,969.26,551181919.0,0.027956305016438643,2.7956305016438643,7.222004415741168e-05,0.007222004415741168,969.33,21.980000000000018,16.350000000000023,3,11,2022,950.3514285714285,979.367142857143,1007.6513333333332,23.263602779609755,37.57282987816978,942.9,0.03399495558723542,911.9,-0.03096574003230468,941.04,-0.014132609766062898,947.24,-0.03891070323359613
2022-11-18,967.18,971.77,939.73,969.33,788755529.0,7.222004415741168e-05,0.007222004415741168,-0.008954638771110024,-0.8954638771110024,960.65,32.039999999999964,2.150000000000091,4,11,2022,948.0285714285716,975.1807142857143,1005.432,19.697000134220588,34.91570430539494,969.26,0.027956305016438643,942.9,0.03399495558723542,911.9,-0.03096574003230468,954.53,0.007696043241417039
2022-11-21,971.58,973.19,956.77,960.65,499288906.0,-0.008954638771110024,-0.8954638771110024,-0.008879404569822502,-0.8879404569822502,952.12,16.420000000000073,-10.930000000000064,0,11,2022,949.9442857142857,969.9592857142858,1002.7043333333332,20.25183025242863,30.693869712223893,969.33,7.222004415741168e-05,969.26,0.027956305016438643,942.9,0.03399495558723542,941.04,-0.014132609766062898
2022-11-22,953.78,985.28,948.52,952.12,937062402.0,-0.008879404569822502,-0.8879404569822502,-0.006427761206570626,-0.6427761206570626,946.0,36.75999999999999,-1.6599999999999682,1,11,2022,949.6,964.8828571428572,1000.9016666666666,20.1812412899147,26.849189481677723,960.65,-0.008954638771110024,969.33,7.222004415741168e-05,969.26,0.027956305016438643,911.9,-0.03096574003230468
2022-11-23,947.81,958.61,942.02,946.0,466946398.0,-0.006427761206570626,-0.6427761206570626,0.0018076109936575602,0.18076109936575602,947.71,16.590000000000032,-1.8099999999999454,2,11,2022,950.3085714285714,959.6107142857143,997.9413333333334,19.915935352228185,22.052142914956935,952.12,-0.008879404569822502,960.65,-0.008954638771110024,969.33,7.222004415741168e-05,942.9,0.03399495558723542
2022-11-24,942.86,950.03,934.31,947.71,451208470.0,0.0018076109936575602,0.18076109936575602,0.025060408774836285,2.5060408774836285,971.46,15.720000000000027,4.850000000000023,3,11,2022,955.4242857142857,956.0792857142858,994.4986666666666,11.01670981917022,19.3742420057021,946.0,-0.006427761206570626,952.12,-0.008879404569822502,960.65,-0.008954638771110024,969.26,0.027956305016438643
2022-11-25,956.62,971.46,955.53,971.46,525761736.0,0.025060408774836285,2.5060408774836285,0.03523562472978825,3.523562472978825,1005.69,15.930000000000064,14.840000000000032,4,11,2022,959.5042857142856,955.8128571428572,991.4856666666667,10.893185725019364,19.115135939271504,947.71,0.0018076109936575602,946.0,-0.006427761206570626,952.12,-0.008879404569822502,969.33,7.222004415741168e-05
2022-11-28,979.68,1006.22,979.48,1005.69,818144334.0,0.03523562472978825,3.523562472978825,0.026320237846652494,2.6320237846652494,1032.16,26.74000000000001,26.010000000000105,0,11,2022,964.7085714285715,957.53,989.956,20.657214582013204,22.41040417715469,971.46,0.025060408774836285,947.71,0.0018076109936575602,946.0,-0.006427761206570626,960.65,-0.008954638771110024
2022-11-29,1008.85,1032.16,998.56,1032.16,1050658035.0,0.026320237846652494,2.6320237846652494,0.0157533715702991,1.5753371570299102,1048.42,33.600000000000136,23.31000000000006,1,11,2022,973.6842857142858,960.8564285714285,988.9060000000001,32.97654866577622,29.294659951042064,1005.69,0.03523562472978825,971.46,0.025060408774836285,947.71,0.0018076109936575602,952.12,-0.008879404569822502
2022-11-30,1037.44,1048.42,1021.54,1048.42,917539238.0,0.0157533715702991,1.5753371570299102,-0.011579328894908647,-1.1579328894908647,1036.28,26.88000000000011,10.980000000000018,2,11,2022,986.2228571428572,968.0835714285714,988.5176666666666,42.504392994265416,37.11420205197628,1032.16,0.026320237846652494,1005.69,0.03523562472978825,971.46,0.025060408774836285,946.0,-0.006427761206570626
2022-12-01,1057.97,1066.28,1035.62,1036.28,1187911811.0,-0.011579328894908647,-1.1579328894908647,0.042199019570000385,4.2199019570000385,1080.01,30.660000000000082,-21.690000000000055,3,12,2022,998.2457142857144,973.9228571428572,987.7786666666667,43.14821273130659,41.040996282048056,1048.42,0.0157533715702991,1032.16,0.026320237846652494,1005.69,0.03523562472978825,947.71,0.0018076109936575602
2022-12-02,1032.67,1080.01,1030.81,1080.01,971782887.0,0.042199019570000385,4.2199019570000385,0.01264803103674983,1.264803103674983,1093.67,49.200000000000045,47.33999999999992,4,12,2022,1017.3900000000001,983.8492857142858,989.785,45.75454002975539,48.588102130874354,1036.28,-0.011579328894908647,1048.42,0.0157533715702991,1032.16,0.026320237846652494,971.46,0.025060408774836285
2022-12-05,1090.97,1099.45,1082.59,1093.67,1026762548.0,0.01264803103674983,1.264803103674983,-0.041127579617252,-4.112757961725199,1048.69,16.860000000000127,2.7000000000000455,0,12,2022,1038.2414285714287,996.8328571428572,993.369,41.79459511651417,52.04606944865264,1080.01,0.042199019570000385,1036.28,-0.011579328894908647,1048.42,0.0157533715702991,1005.69,0.03523562472978825
2022-12-06,1088.9,1089.63,1048.69,1048.69,1303644184.0,-0.041127579617252,-4.112757961725199,-0.007313886849307338,-0.7313886849307338,1041.02,40.940000000000055,-40.210000000000036,1,12,2022,1049.2742857142857,1004.3892857142857,995.0686666666667,29.65938573041652,51.28752216883605,1093.67,0.01264803103674983,1080.01,0.042199019570000385,1036.28,-0.011579328894908647,1032.16,0.026320237846652494
2022-12-07,1046.72,1059.79,1034.92,1041.02,767643808.0,-0.007313886849307338,-0.7313886849307338,0.00913527117634616,0.913527117634616,1050.53,24.86999999999989,-5.7000000000000455,2,12,2022,1054.3214285714287,1009.515,996.6573333333333,23.339175527137748,51.09211165215252,1048.69,-0.041127579617252,1093.67,0.01264803103674983,1080.01,0.042199019570000385,1048.42,0.0157533715702991
2022-12-08,1055.21,1078.09,1045.98,1050.53,836407763.0,0.00913527117634616,0.913527117634616,0.0012184326006872137,0.12184326006872137,1051.81,32.1099999999999,-4.680000000000064,3,12,2022,1056.9457142857143,1015.3149999999999,997.408,21.382783461753508,50.787404821083975,1041.02,-0.007313886849307338,1048.69,-0.041127579617252,1093.67,0.01264803103674983,1036.28,-0.011579328894908647
2022-12-09,1056.85,1061.21,1041.39,1051.81,694652833.0,0.0012184326006872137,0.12184326006872137,-0.01876764814938059,-1.876764814938059,1032.07,19.819999999999936,-5.039999999999964,4,12,2022,1057.43,1021.8264285714286,998.2230000000001,21.19507254058847,49.05391642908978,1050.53,0.00913527117634616,1041.02,-0.007313886849307338,1048.69,-0.041127579617252,1080.01,0.042199019570000385
2022-12-12,1059.55,1065.16,1032.07,1032.07,777174987.0,-0.01876764814938059,-1.876764814938059,0.014902089974517363,1.4902089974517363,1047.45,33.090000000000146,-27.480000000000018,0,12,2022,1056.8285714285714,1027.537142857143,998.3606666666667,21.94182340386793,44.78246590738879,1051.81,0.0012184326006872137,1050.53,0.00913527117634616,1041.02,-0.007313886849307338,1093.67,0.01264803103674983
2022-12-13,1035.76,1047.45,1026.3,1047.45,706529660.0,0.014902089974517363,1.4902089974517363,0.002845004534822726,0.2845004534822726,1050.43,21.15000000000009,11.690000000000055,1,12,2022,1052.1771428571428,1034.7835714285716,998.8173333333332,19.526862450063664,38.31465508072945,1032.07,-0.01876764814938059,1051.81,0.0012184326006872137,1050.53,0.00913527117634616,1048.69,-0.041127579617252
2022-12-14,1062.18,1062.18,1046.43,1050.43,636888454.0,0.002845004534822726,0.2845004534822726,0.004655236426986953,0.4655236426986953,1055.32,15.75,-11.75,2,12,2022,1046.0,1042.1207142857143,999.7253333333333,7.095606622004238,29.080126564172193,1047.45,0.014902089974517363,1032.07,-0.01876764814938059,1051.81,0.0012184326006872137,1041.02,-0.007313886849307338
2022-12-15,1049.16,1062.61,1049.06,1055.32,632450383.0,0.004655236426986953,0.4655236426986953,-0.002691126861994353,-0.2691126861994353,1052.48,13.549999999999955,6.1599999999998545,3,12,2022,1046.9471428571428,1048.1107142857143,1000.9089999999999,7.910252238524375,20.888830458199024,1050.43,0.002845004534822726,1047.45,0.014902089974517363,1032.07,-0.01876764814938059,1050.53,0.00913527117634616
2022-12-16,1048.62,1064.79,1047.16,1052.48,758882687.0,-0.002691126861994353,-0.2691126861994353,-0.013377926421404562,-1.3377926421404562,1038.4,17.62999999999988,3.8600000000001273,4,12,2022,1048.5842857142857,1051.452857142857,1002.7533333333334,7.661074461564661,16.951643636454126,1055.32,0.004655236426986953,1050.43,0.002845004534822726,1047.45,0.014902089974517363,1051.81,0.0012184326006872137
2022-12-19,1053.91,1065.59,1038.4,1038.4,815335805.0,-0.013377926421404562,-1.3377926421404562,-0.014705315870570224,-1.4705315870570224,1023.13,27.189999999999827,-15.509999999999991,0,12,2022,1046.8514285714286,1051.8985714285716,1004.8603333333333,8.476110406308841,16.480847559001706,1052.48,-0.002691126861994353,1055.32,0.004655236426986953,1050.43,0.002845004534822726,1032.07,-0.01876764814938059
2022-12-20,1035.82,1038.74,1010.08,1023.13,909733007.0,-0.014705315870570224,-1.4705315870570224,-0.004153919834234188,-0.41539198342341876,1018.88,28.659999999999968,-12.68999999999994,1,12,2022,1042.7542857142857,1050.092142857143,1006.243,11.914132864194611,18.188931621065315,1038.4,-0.013377926421404562,1052.48,-0.002691126861994353,1055.32,0.004655236426986953,1047.45,0.014902089974517363
2022-12-21,1033.34,1033.84,1005.43,1018.88,670212562.0,-0.004153919834234188,-0.41539198342341876,0.0036608825376884813,0.3660882537688481,1022.61,28.409999999999968,-14.459999999999923,2,12,2022,1040.8700000000001,1048.8492857142858,1007.3526666666668,14.621064712744651,19.734157994643233,1023.13,-0.014705315870570224,1038.4,-0.013377926421404562,1052.48,-0.002691126861994353,1050.43,0.002845004534822726
2022-12-22,1026.49,1033.18,1016.54,1022.61,507307086.0,0.0036608825376884813,0.3660882537688481,-0.002219810093779584,-0.2219810093779584,1020.34,16.6400000000001,-3.8799999999999955,3,12,2022,1037.3214285714287,1044.7492857142856,1009.865,15.730214481055445,18.69769811592976,1018.88,-0.004153919834234188,1023.13,-0.014705315870570224,1038.4,-0.013377926421404562,1055.32,0.004655236426986953
2022-12-23,1023.69,1027.34,1013.2,1020.34,394851537.0,-0.002219810093779584,-0.2219810093779584,-0.034429699903953614,-3.4429699903953614,985.21,14.139999999999873,-3.3500000000000227,4,12,2022,1033.0228571428572,1039.5114285714285,1012.0586666666667,15.66220579858339,13.483139817561455,1022.61,0.0036608825376884813,1018.88,-0.004153919834234188,1023.13,-0.014705315870570224,1052.48,-0.002691126861994353
2022-12-26,1019.66,1021.89,985.21,985.21,534206745.0,-0.034429699903953614,-3.4429699903953614,0.019650632859999462,1.9650632859999462,1004.57,36.67999999999995,-34.44999999999993,0,12,2022,1023.0071428571429,1034.9771428571428,1013.5310000000001,20.649992505501082,19.49338800268964,1020.34,-0.002219810093779584,1022.61,0.0036608825376884813,1018.88,-0.004153919834234188,1038.4,-0.013377926421404562
2022-12-27,986.07,1007.88,983.67,1004.57,484114138.0,0.019650632859999462,1.9650632859999462,0.011039549259882264,1.1039549259882264,1015.66,24.210000000000036,18.5,1,12,2022,1016.1628571428571,1032.3735714285715,1016.6200000000001,16.841923597894013,21.000139782352296,985.21,-0.034429699903953614,1020.34,-0.002219810093779584,1022.61,0.0036608825376884813,1023.13,-0.014705315870570224
2022-12-28,1008.41,1020.52,998.97,1015.66,375445830.0,0.011039549259882264,1.1039549259882264,-0.006271783864679081,-0.6271783864679081,1009.29,21.549999999999955,7.25,2,12,2022,1012.9142857142857,1029.8828571428571,1019.0453333333334,13.746467251839384,20.747405186606436,1004.57,0.019650632859999462,985.21,-0.034429699903953614,1020.34,-0.002219810093779584,1018.88,-0.004153919834234188
2022-12-29,1016.06,1021.96,1009.29,1009.29,357699137.0,-0.006271783864679081,-0.6271783864679081,-0.0021797501213723924,-0.21797501213723924,1007.09,12.670000000000073,-6.769999999999982,3,12,2022,1010.9371428571428,1026.8457142857144,1020.3796666666668,13.007710167845385,20.399923723172932,1015.66,0.011039549259882264,1004.57,0.019650632859999462,985.21,-0.034429699903953614,1022.61,0.0036608825376884813
2022-12-30,1017.45,1017.99,1007.09,1007.09,327331402.0,-0.0021797501213723924,-0.21797501213723924,0.03655085444200634,3.655085444200634,1043.9,10.899999999999977,-10.360000000000014,4,12,2022,1009.2528571428571,1025.0614285714287,1021.6383333333334,12.56355140120339,20.99168914561165,1009.29,-0.006271783864679081,1015.66,0.011039549259882264,1004.57,0.019650632859999462,1020.34,-0.002219810093779584
2023-01-03,1011.39,1043.9,1011.38,1043.9,495370447.0,0.03655085444200634,3.655085444200634,0.002346968100392477,0.2346968100392477,1046.35,32.520000000000095,32.510000000000105,1,1,2023,1012.2942857142858,1024.8078571428573,1024.4133333333334,17.815331278776846,20.720125177271804,1007.09,-0.0021797501213723924,1009.29,-0.006271783864679081,1015.66,0.011039549259882264,985.21,-0.034429699903953614
2023-01-04,1048.31,1052.6,1041.56,1046.35,546100135.0,0.002346968100392477,0.2346968100392477,0.009050508911931932,0.9050508911931932,1055.82,11.039999999999964,-1.9600000000000364,2,1,2023,1016.01,1024.5164285714286,1027.5543333333333,21.9951835637057,20.357548819914868,1043.9,0.03655085444200634,1007.09,-0.0021797501213723924,1009.29,-0.006271783864679081,1004.57,0.019650632859999462
2023-01-05,1048.17,1058.14,1046.64,1055.82,472906022.0,0.009050508911931932,0.9050508911931932,-0.004148434392225786,-0.4148434392225786,1051.44,11.5,7.649999999999864,3,1,2023,1026.097142857143,1024.5521428571428,1031.215,21.70511284952381,20.416100425707654,1046.35,0.002346968100392477,1043.9,0.03655085444200634,1007.09,-0.0021797501213723924,1015.66,0.011039549259882264
2023-01-06,1055.51,1065.58,1047.26,1051.44,586381415.0,-0.004148434392225786,-0.4148434392225786,0.0026344822338888463,0.26344822338888463,1054.21,18.319999999999936,-4.069999999999936,4,1,2023,1032.7928571428572,1024.4778571428571,1034.6726666666666,21.180517552942778,20.30827310710046,1055.82,0.009050508911931932,1046.35,0.002346968100392477,1043.9,0.03655085444200634,1009.29,-0.006271783864679081
2023-01-09,1058.28,1062.12,1050.95,1054.21,368655811.0,0.0026344822338888463,0.26344822338888463,-0.0008157767427743323,-0.08157767427743323,1053.35,11.169999999999845,-4.069999999999936,0,1,2023,1038.3,1025.607142857143,1037.431,20.994224602676333,21.543975930646546,1051.44,-0.004148434392225786,1055.82,0.009050508911931932,1046.35,0.002346968100392477,1007.09,-0.0021797501213723924
2023-01-10,1054.84,1057.44,1045.75,1053.35,406057518.0,-0.0008157767427743323,-0.08157767427743323,0.0022879384819860515,0.22879384819860515,1055.76,11.690000000000055,-1.490000000000009,1,1,2023,1044.5942857142857,1027.7657142857142,1039.0196666666666,17.08869495423809,22.75649618637517,1054.21,0.0026344822338888463,1051.44,-0.004148434392225786,1055.82,0.009050508911931932,1043.9,0.03655085444200634
2023-01-11,1058.25,1065.69,1054.53,1055.76,490275635.0,0.0022879384819860515,0.22879384819860515,0.0005967265287565304,0.05967265287565304,1056.39,11.160000000000082,-2.490000000000009,2,1,2023,1051.547142857143,1030.4,1039.8063333333332,4.687699202207892,23.761195256114583,1053.35,-0.0008157767427743323,1054.21,0.0026344822338888463,1051.44,-0.004148434392225786,1046.35,0.002346968100392477
2023-01-12,1058.51,1060.97,1050.27,1056.39,370321885.0,0.0005967265287565304,0.05967265287565304,0.0035782239513815206,0.35782239513815206,1060.17,10.700000000000045,-2.119999999999891,3,1,2023,1053.3314285714284,1032.8128571428572,1040.072,3.5245776512785416,24.60928043474044,1055.76,0.0022879384819860515,1053.35,-0.0008157767427743323,1054.21,0.0026344822338888463,1055.82,0.009050508911931932
2023-01-13,1060.71,1066.39,1055.23,1060.17,459494342.0,0.0035782239513815206,0.35782239513815206,0.0061405246328418706,0.6140524632841871,1066.68,11.160000000000082,-0.5399999999999636,4,1,2023,1055.3057142857142,1035.6578571428572,1040.8683333333333,2.7470278312373018,25.347646887758305,1056.39,0.0005967265287565304,1055.76,0.0022879384819860515,1053.35,-0.0008157767427743323,1051.44,-0.004148434392225786
2023-01-16,1062.27,1067.74,1057.87,1066.68,391079501.0,0.0061405246328418706,0.6140524632841871,0.020259121760977994,2.0259121760977994,1088.29,9.870000000000118,4.410000000000082,0,1,2023,1056.857142857143,1041.4771428571428,1040.424,5.124098991726214,22.00669738215144,1060.17,0.0035782239513815206,1056.39,0.0005967265287565304,1055.76,0.0022879384819860515,1054.21,0.0026344822338888463
2023-01-17,1071.37,1088.29,1069.86,1088.29,566247477.0,0.020259121760977994,2.0259121760977994,0.009179538542116505,0.9179538542116505,1098.28,18.430000000000064,16.920000000000073,1,1,2023,1062.1214285714286,1047.4571428571428,1040.2446666666667,12.397771881262631,22.573797413585982,1066.68,0.0061405246328418706,1060.17,0.0035782239513815206,1056.39,0.0005967265287565304,1053.35,-0.0008157767427743323
2023-01-18,1092.5,1100.39,1089.56,1098.28,531786150.0,0.009179538542116505,0.9179538542116505,0.008923043304075451,0.8923043304075451,1108.08,10.830000000000155,5.779999999999973,2,1,2023,1068.4171428571428,1053.3585714285714,1041.8976666666667,17.74649234290885,24.35130824383228,1088.29,0.020259121760977994,1066.68,0.0061405246328418706,1060.17,0.0035782239513815206,1055.76,0.0022879384819860515
2023-01-19,1095.53,1111.72,1094.46,1108.08,556193050.0,0.008923043304075451,0.8923043304075451,0.008140206483286283,0.8140206483286283,1117.1,17.25999999999999,12.549999999999955,3,1,2023,1076.2357142857143,1060.4150000000002,1044.133,21.63269505259964,24.90614992016047,1098.28,0.009179538542116505,1088.29,0.020259121760977994,1066.68,0.0061405246328418706,1056.39,0.0005967265287565304
2023-01-27,1114.15,1124.3,1111.41,1117.1,552307747.0,0.008140206483286283,0.8140206483286283,-0.013006892847551632,-1.3006892847551632,1102.57,12.889999999999873,2.949999999999818,4,1,2023,1084.9985714285715,1068.2728571428572,1046.352,24.224513361874934,24.129941001723274,1108.08,0.008923043304075451,1098.28,0.009179538542116505,1088.29,0.020259121760977994,1060.17,0.0035782239513815206
2023-01-30,1117.66,1118.46,1102.57,1102.57,725060556.0,-0.013006892847551632,-1.3006892847551632,0.007809027998222362,0.7809027998222362,1111.18,15.8900000000001,-15.090000000000146,0,1,2023,1091.5957142857144,1072.4635714285712,1048.044,21.239157906376455,24.66029403003468,1117.1,0.008140206483286283,1108.08,0.008923043304075451,1098.28,0.009179538542116505,1066.68,0.0061405246328418706
2023-01-31,1100.4,1111.18,1088.25,1111.18,629524308.0,0.007809027998222362,0.7809027998222362,-0.03168703540380502,-3.168703540380502,1075.97,22.930000000000064,10.779999999999973,1,1,2023,1098.8828571428571,1077.0942857142857,1050.681,16.984613344928047,25.453615948124103,1102.57,-0.013006892847551632,1117.1,0.008140206483286283,1108.08,0.008923043304075451,1088.29,0.020259121760977994
2023-02-01,1114.68,1116.96,1075.97,1075.97,938658935.0,-0.03168703540380502,-3.168703540380502,0.0015056181863806195,0.15056181863806195,1077.59,40.99000000000001,-38.710000000000036,2,2,2023,1100.2099999999998,1078.5335714285716,1051.6316666666667,14.180434878163732,24.717157730272614,1111.18,0.007809027998222362,1102.57,-0.013006892847551632,1117.1,0.008140206483286283,1098.28,0.009179538542116505
2023-02-02,1079.69,1083.36,1070.81,1077.59,567704887.0,0.0015056181863806195,0.15056181863806195,-0.00040831856271850153,-0.04083185627185015,1077.15,12.549999999999955,-2.1000000000001364,3,2,2023,1098.6814285714286,1080.4014285714286,1052.537,16.123123589622278,23.468762825740864,1075.97,-0.03168703540380502,1111.18,0.007809027998222362,1102.57,-0.013006892847551632,1108.08,0.008923043304075451
2023-02-03,1078.8,1081.89,1070.46,1077.15,487967451.0,-0.00040831856271850153,-0.04083185627185015,0.011270482291231287,1.1270482291231287,1089.29,11.430000000000064,-1.6499999999998636,4,2,2023,1095.662857142857,1082.04,1053.2646666666667,18.071107431755944,22.269621944207234,1077.59,0.0015056181863806195,1075.97,-0.03168703540380502,1111.18,0.007809027998222362,1117.1,0.008140206483286283
2023-02-06,1072.53,1089.29,1067.24,1089.29,392295500.0,0.011270482291231287,1.1270482291231287,-0.0215277841529804,-2.15277841529804,1065.84,22.049999999999955,16.75999999999999,0,2,2023,1092.9785714285715,1084.607142857143,1054.4916666666666,17.298264294998166,20.725963066994275,1077.15,-0.00040831856271850153,1077.59,0.0015056181863806195,1075.97,-0.03168703540380502,1102.57,-0.013006892847551632
2023-02-07,1088.07,1092.12,1065.18,1065.84,565279974.0,-0.0215277841529804,-2.15277841529804,0.005985889064024752,0.5985889064024752,1072.22,26.939999999999827,-22.230000000000018,1,2,2023,1085.6557142857143,1085.327142857143,1055.4063333333334,16.20014800051868,19.801209142775917,1089.29,0.011270482291231287,1077.15,-0.00040831856271850153,1077.59,0.0015056181863806195,1111.18,0.007809027998222362
2023-02-08,1067.58,1079.51,1063.5,1072.22,452708164.0,0.005985889064024752,0.5985889064024752,-0.007638357799705342,-0.7638357799705342,1064.03,16.00999999999999,4.6400000000001,2,2,2023,1081.32,1086.4578571428572,1057.0426666666667,14.930423079537253,18.425906168526485,1065.84,-0.0215277841529804,1089.29,0.011270482291231287,1077.15,-0.00040831856271850153,1075.97,-0.03168703540380502
2023-02-09,1070.07,1075.2,1064.03,1064.03,363991072.0,-0.007638357799705342,-0.7638357799705342,-0.008204655883762735,-0.8204655883762735,1055.3,11.170000000000073,-6.039999999999964,3,2,2023,1074.5842857142857,1086.7335714285714,1058.5476666666666,8.438411890799621,18.02685031881771,1072.22,0.005985889064024752,1065.84,-0.0215277841529804,1089.29,0.011270482291231287,1077.59,0.0015056181863806195
2023-02-10,1066.16,1066.28,1054.08,1055.3,385841692.0,-0.008204655883762735,-0.8204655883762735,-0.010992134937932274,-1.0992134937932274,1043.7,12.200000000000045,-10.860000000000127,4,2,2023,1071.6314285714286,1085.9207142857144,1059.6373333333333,11.076767622059092,19.217877680091135,1064.03,-0.007638357799705342,1072.22,0.005985889064024752,1065.84,-0.0215277841529804,1077.15,-0.00040831856271850153
2023-02-13,1050.99,1054.05,1031.7,1043.7,578047487.0,-0.010992134937932274,-1.0992134937932274,-0.004848136437673567,-0.4848136437673567,1038.64,22.34999999999991,-7.289999999999964,0,2,2023,1066.7900000000002,1082.7357142857143,1060.416,14.814141892149982,22.250678023982328,1055.3,-0.008204655883762735,1064.03,-0.007638357799705342,1072.22,0.005985889064024752,1089.29,0.011270482291231287
2023-02-14,1045.14,1046.64,1032.76,1038.64,325253255.0,-0.004848136437673567,-0.4848136437673567,0.009204344142339949,0.9204344142339949,1048.2,13.88000000000011,-6.5,1,2,2023,1061.2885714285715,1078.4757142857143,1062.197,17.272259482182445,24.627916528340563,1043.7,-0.010992134937932274,1055.3,-0.008204655883762735,1064.03,-0.007638357799705342,1065.84,-0.0215277841529804
2023-02-15,1037.17,1051.89,1034.39,1048.2,472046511.0,0.009204344142339949,0.9204344142339949,0.009626025567639696,0.9626025567639696,1058.29,17.5,11.029999999999973,2,2,2023,1055.4185714285716,1074.1985714285713,1063.6513333333335,12.490116664249106,24.28838812687281,1038.64,-0.004848136437673567,1043.7,-0.010992134937932274,1055.3,-0.008204655883762735,1072.22,0.005985889064024752
2023-02-16,1051.16,1058.29,1047.45,1058.29,395624947.0,0.009626025567639696,0.9626025567639696,0.0009638189910137207,0.09638189910137207,1059.31,10.839999999999918,7.129999999999882,3,2,2023,1054.34,1069.9978571428571,1065.0723333333333,11.743890610334981,21.185157060303553,1048.2,0.009204344142339949,1038.64,-0.004848136437673567,1043.7,-0.010992134937932274,1064.03,-0.007638357799705342
2023-02-17,1058.99,1062.25,1053.26,1059.31,414090312.0,0.0009638189910137207,0.09638189910137207,0.025847013622074755,2.5847013622074755,1086.69,8.990000000000009,0.31999999999993634,4,2,2023,1052.4957142857143,1066.9078571428572,1066.7396666666666,9.207882234203298,19.12339251305003,1058.29,0.009626025567639696,1048.2,0.009204344142339949,1038.64,-0.004848136437673567,1055.3,-0.008204655883762735
2023-02-20,1059.74,1088.01,1059.56,1086.69,603720812.0,0.025847013622074755,2.5847013622074755,-0.00410420635139741,-0.41042063513974103,1082.23,28.450000000000045,26.950000000000045,0,2,2023,1055.7328571428573,1065.1585714285716,1069.3929999999998,15.6608127868159,15.548001037532622,1059.31,0.0009638189910137207,1058.29,0.009626025567639696,1048.2,0.009204344142339949,1043.7,-0.010992134937932274
2023-02-21,1089.74,1095.1,1081.8,1082.23,635036875.0,-0.00410420635139741,-0.41042063513974103,-0.02582630309638434,-2.582630309638434,1054.28,13.299999999999955,-7.509999999999991,1,2,2023,1059.5800000000002,1065.6057142857142,1070.6706666666666,18.57361031142877,15.967206640845768,1086.69,0.025847013622074755,1059.31,0.0009638189910137207,1058.29,0.009626025567639696,1038.64,-0.004848136437673567
2023-02-22,1073.62,1073.93,1054.28,1054.28,742873929.0,-0.02582630309638434,-2.582630309638434,-0.0005880790681791481,-0.05880790681791481,1053.66,19.65000000000009,-19.339999999999918,2,2,2023,1061.0914285714287,1063.9407142857142,1070.935,17.46328856830382,15.836203636091874,1082.23,-0.00410420635139741,1086.69,0.025847013622074755,1059.31,0.0009638189910137207,1048.2,0.009204344142339949
2023-02-23,1053.95,1054.48,1030.58,1053.66,601815220.0,-0.0005880790681791481,-0.05880790681791481,-0.01338192585843645,-1.338192585843645,1039.56,23.90000000000009,-0.2899999999999636,3,2,2023,1063.2371428571428,1062.2628571428572,1070.863,14.992940243449445,15.57118760775329,1054.28,-0.02582630309638434,1082.23,-0.00410420635139741,1086.69,0.025847013622074755,1058.29,0.009626025567639696
2023-02-24,1051.58,1052.49,1034.66,1039.56,380927906.0,-0.01338192585843645,-1.338192585843645,-0.017613220978106026,-1.7613220978106026,1021.25,17.829999999999927,-12.019999999999982,4,2,2023,1062.002857142857,1058.7107142857144,1070.467,16.69609107377099,14.571599597659707,1053.66,-0.0005880790681791481,1054.28,-0.02582630309638434,1082.23,-0.00410420635139741,1059.31,0.0009638189910137207
2023-02-27,1029.55,1031.59,1017.55,1021.25,488187762.0,-0.017613220978106026,-1.7613220978106026,0.0033586291309670724,0.33586291309670724,1024.68,14.039999999999964,-8.299999999999955,0,2,2023,1056.7114285714285,1055.5257142857142,1069.3683333333333,22.816559358352386,17.47694952886526,1039.56,-0.01338192585843645,1053.66,-0.0005880790681791481,1054.28,-0.02582630309638434,1086.69,0.025847013622074755
2023-02-28,1027.74,1034.36,1018.72,1024.68,344385802.0,0.0033586291309670724,0.33586291309670724,0.015487762033024932,1.5487762033024932,1040.55,15.639999999999873,-3.0599999999999454,1,2,2023,1051.7642857142857,1052.1299999999999,1068.4126666666666,25.72778190800045,18.5681605070268,1021.25,-0.017613220978106026,1039.56,-0.01338192585843645,1053.66,-0.0005880790681791481,1082.23,-0.00410420635139741
2023-03-01,1023.29,1040.55,1013.37,1040.55,451887043.0,0.015487762033024932,1.5487762033024932,-0.0028254288597376886,-0.28254288597376886,1037.61,27.17999999999995,17.25999999999999,2,3,2023,1045.172857142857,1050.452857142857,1067.9056666666668,20.709654523364506,18.470772516653344,1024.68,0.0033586291309670724,1021.25,-0.017613220978106026,1039.56,-0.01338192585843645,1054.28,-0.02582630309638434
2023-03-02,1039.0,1043.8,1033.07,1037.61,306963389.0,-0.0028254288597376886,-0.28254288597376886,-0.012374591609564223,-1.2374591609564223,1024.77,10.730000000000018,-1.3900000000001,3,3,2023,1038.7985714285714,1049.1892857142857,1067.2796666666666,12.73370256262289,18.717113298238456,1040.55,0.015487762033024932,1024.68,0.0033586291309670724,1021.25,-0.017613220978106026,1053.66,-0.0005880790681791481
2023-03-03,1038.1,1041.82,1022.78,1024.77,370374610.0,-0.012374591609564223,-1.2374591609564223,0.0023517472213276935,0.23517472213276935,1027.18,19.039999999999964,-13.329999999999927,4,3,2023,1034.5828571428572,1047.837142857143,1066.0996666666665,11.587374903051028,19.796789727523816,1037.61,-0.0028254288597376886,1040.55,0.015487762033024932,1024.68,0.0033586291309670724,1039.56,-0.01338192585843645
2023-03-06,1032.68,1042.43,1026.73,1027.18,374784462.0,0.0023517472213276935,0.23517472213276935,0.010377927919157148,1.0377927919157148,1037.84,15.700000000000045,-5.5,0,3,2023,1030.8,1047.0185714285712,1064.783,8.127098703372598,20.433036544206733,1024.77,-0.012374591609564223,1037.61,-0.0028254288597376886,1040.55,0.015487762033024932,1021.25,-0.017613220978106026
2023-03-07,1033.96,1043.92,1033.32,1037.84,410803657.0,0.010377927919157148,1.0377927919157148,0.010926539736375585,1.0926539736375585,1049.18,10.600000000000136,3.8799999999998818,1,3,2023,1030.5542857142857,1046.2785714285715,1063.1013333333333,7.839002609120047,20.57407025924305,1027.18,0.0023517472213276935,1024.77,-0.012374591609564223,1037.61,-0.0028254288597376886,1024.68,0.0033586291309670724
2023-03-08,1028.77,1049.18,1027.8,1049.18,465169105.0,0.010926539736375585,1.0926539736375585,0.006452658266455691,0.6452658266455691,1055.95,21.38000000000011,20.410000000000082,2,3,2023,1034.5442857142857,1045.627857142857,1061.4646666666665,9.28804403013691,20.307286747722962,1037.84,0.010377927919157148,1027.18,0.0023517472213276935,1024.77,-0.012374591609564223,1040.55,0.015487762033024932
2023-03-09,1050.61,1060.56,1049.45,1055.95,539118977.0,0.006452658266455691,0.6452658266455691,-0.002793692883185761,-0.2793692883185761,1053.0,11.1099999999999,5.3400000000001455,3,3,2023,1039.0114285714285,1045.3878571428572,1059.727,11.096692342916755,20.1524112619217,1049.18,0.010926539736375585,1037.84,0.010377927919157148,1027.18,0.0023517472213276935,1037.61,-0.0028254288597376886
2023-03-10,1050.53,1053.86,1046.31,1053.0,436309809.0,-0.002793692883185761,-0.2793692883185761,-0.00018993352326690527,-0.018993352326690527,1052.8,7.5499999999999545,2.4700000000000273,4,3,2023,1040.7900000000002,1042.9814285714285,1057.5903333333333,12.315229054614413,16.526344868862047,1055.95,0.006452658266455691,1049.18,0.010926539736375585,1037.84,0.010377927919157148,1024.77,-0.012374591609564223
2023-03-13,1046.95,1055.58,1045.46,1052.8,505863805.0,-0.00018993352326690527,-0.018993352326690527,-0.01203457446808498,-1.203457446808498,1040.13,10.11999999999989,5.849999999999909,0,3,2023,1042.9599999999998,1040.8792857142857,1055.9313333333332,12.981747442759827,12.541159598107846,1053.0,-0.002793692883185761,1055.95,0.006452658266455691,1049.18,0.010926539736375585,1027.18,0.0023517472213276935
2023-03-14,1049.3,1051.56,1034.72,1040.13,535172436.0,-0.01203457446808498,-1.203457446808498,0.021208887350619543,2.1208887350619543,1062.19,16.839999999999918,-9.169999999999845,1,3,2023,1045.1542857142856,1039.8685714285714,1053.5629999999999,10.444960279436781,11.933564724433378,1052.8,-0.00018993352326690527,1053.0,-0.002793692883185761,1055.95,0.006452658266455691,1037.84,0.010377927919157148
2023-03-15,1052.06,1062.55,1049.26,1062.19,534049436.0,0.021208887350619543,2.1208887350619543,-0.013924062550014549,-1.3924062550014549,1047.4,13.289999999999964,10.13000000000011,2,3,2023,1050.1557142857143,1040.4778571428571,1053.1036666666666,8.627705096894008,12.872675400914082,1040.13,-0.01203457446808498,1052.8,-0.00018993352326690527,1053.0,-0.002793692883185761,1049.18,0.010926539736375585
2023-03-16,1056.15,1058.73,1043.65,1047.4,450886053.0,-0.013924062550014549,-1.3924062550014549,-0.002157723887721952,-0.21577238877219518,1045.14,15.079999999999927,-8.75,3,3,2023,1051.5214285714285,1041.037857142857,1052.0973333333334,6.946038267956125,12.999580572242486,1062.19,0.021208887350619543,1040.13,-0.01203457446808498,1052.8,-0.00018993352326690527,1055.95,0.006452658266455691
2023-03-17,1053.37,1055.42,1043.54,1045.14,478768177.0,-0.002157723887721952,-0.21577238877219518,-0.021088083893067044,-2.1088083893067044,1023.1,11.88000000000011,-8.22999999999979,4,3,2023,1050.9442857142856,1042.7442857142858,1051.0303333333334,7.330227047799842,11.705882619921278,1047.4,-0.013924062550014549,1062.19,0.021208887350619543,1040.13,-0.01203457446808498,1053.0,-0.002793692883185761
2023-03-20,1041.91,1042.6,1022.71,1023.1,458008396.0,-0.021088083893067044,-2.1088083893067044,0.009119343172710348,0.9119343172710348,1032.43,19.889999999999873,-18.81000000000006,0,3,2023,1046.2514285714285,1042.6314285714286,1048.8239999999998,12.372550839928644,11.89945432303935,1045.14,-0.002157723887721952,1047.4,-0.013924062550014549,1062.19,0.021208887350619543,1052.8,-0.00018993352326690527
2023-03-21,1028.83,1036.15,1017.05,1032.43,369349957.0,0.009119343172710348,0.9119343172710348,0.007855254109237375,0.7855254109237375,1040.54,19.100000000000136,3.6000000000001364,1,3,2023,1043.3128571428572,1042.0514285714287,1047.7103333333332,12.932661126405952,12.202737307730649,1023.1,-0.021088083893067044,1045.14,-0.002157723887721952,1047.4,-0.013924062550014549,1040.13,-0.01203457446808498
2023-03-22,1035.84,1042.84,1033.73,1040.54,368600650.0,0.007855254109237375,0.7855254109237375,0.004382339938877822,0.43823399388778217,1045.1,9.1099999999999,4.7000000000000455,2,3,2023,1041.5614285714287,1042.2607142857144,1046.6543333333334,12.245629735541971,12.145696587832262,1032.43,0.009119343172710348,1023.1,-0.021088083893067044,1045.14,-0.002157723887721952,1062.19,0.021208887350619543
2023-03-23,1035.33,1045.1,1030.93,1045.1,359367516.0,0.004382339938877822,0.43823399388778217,0.0016170701368289908,0.16170701368289908,1046.79,14.169999999999845,9.769999999999982,3,3,2023,1042.2714285714285,1043.712857142857,1046.0233333333333,12.292792506993026,11.060489924136697,1040.54,0.007855254109237375,1032.43,0.009119343172710348,1023.1,-0.021088083893067044,1047.4,-0.013924062550014549
2023-03-24,1047.1,1052.29,1044.02,1046.79,492024379.0,0.0016170701368289908,0.16170701368289908,0.005215945891726248,0.5215945891726248,1052.25,8.269999999999982,-0.30999999999994543,4,3,2023,1040.0714285714287,1045.1135714285715,1045.7396666666666,9.096377353283833,9.996203592516288,1045.1,0.004382339938877822,1040.54,0.007855254109237375,1032.43,0.009119343172710348,1045.14,-0.002157723887721952
2023-03-27,1047.78,1053.78,1041.99,1052.25,499268427.0,0.005215945891726248,0.5215945891726248,0.0019387027797577172,0.19387027797577172,1054.29,11.789999999999964,4.470000000000027,0,3,2023,1040.7642857142857,1046.142857142857,1046.0246666666667,9.897085189036344,9.931321415312741,1046.79,0.0016170701368289908,1045.1,0.004382339938877822,1040.54,0.007855254109237375,1023.1,-0.021088083893067044
2023-03-28,1055.57,1059.83,1051.75,1054.29,569426119.0,0.0019387027797577172,0.19387027797577172,0.0019349514839370752,0.19349514839370752,1056.33,8.079999999999927,-1.2799999999999727,1,3,2023,1042.0714285714287,1046.5078571428571,1046.5463333333332,11.102188115561574,10.14317290559087,1052.25,0.005215945891726248,1046.79,0.0016170701368289908,1045.1,0.004382339938877822,1032.43,0.009119343172710348
2023-03-29,1055.18,1056.33,1048.26,1056.33,406337846.0,0.0019349514839370752,0.19349514839370752,0.002944155708916929,0.2944155708916929,1059.44,8.069999999999936,1.1499999999998636,2,3,2023,1046.8185714285714,1046.535,1046.8173333333332,8.418191469665093,10.170854097676806,1054.29,0.0019387027797577172,1052.25,0.005215945891726248,1046.79,0.0016170701368289908,1040.54,0.007855254109237375
2023-03-30,1061.32,1066.23,1058.89,1059.44,545987403.0,0.002944155708916929,0.2944155708916929,0.0049082534168995995,0.49082534168995995,1064.64,7.339999999999918,-1.8799999999998818,3,3,2023,1050.6771428571428,1046.9950000000001,1046.8556666666668,6.748396635032644,10.621393324472754,1056.33,0.0019349514839370752,1054.29,0.0019387027797577172,1052.25,0.005215945891726248,1045.1,0.004382339938877822
2023-03-31,1060.0,1067.55,1059.85,1064.64,563211648.0,0.0049082534168995995,0.49082534168995995,0.013751127141568897,1.3751127141568897,1079.28,7.7000000000000455,4.6400000000001,4,3,2023,1054.1200000000001,1047.8407142857143,1047.0333333333333,6.8613895580633555,11.549947362011949,1059.44,0.002944155708916929,1056.33,0.0019349514839370752,1054.29,0.0019387027797577172,1046.79,0.0016170701368289908
2023-04-03,1074.69,1079.28,1071.62,1079.28,761882248.0,0.013751127141568897,1.3751127141568897,-0.0007690312059891458,-0.07690312059891458,1078.45,7.660000000000082,4.589999999999918,0,4,2023,1059.0028571428572,1050.6371428571429,1046.7863333333332,10.545466189014608,14.015678269779308,1064.64,0.0049082534168995995,1059.44,0.002944155708916929,1056.33,0.0019349514839370752,1052.25,0.005215945891726248
2023-04-04,1081.36,1082.21,1075.1,1078.45,732795030.0,-0.0007690312059891458,-0.07690312059891458,0.0022346886735591376,0.22346886735591376,1080.86,7.110000000000127,-2.9099999999998545,1,4,2023,1063.5257142857142,1051.7985714285712,1046.6603333333335,11.203310310150188,15.627667209693024,1079.28,0.013751127141568897,1064.64,0.0049082534168995995,1059.44,0.002944155708916929,1054.29,0.0019387027797577172
2023-04-05,1079.06,1080.86,1074.1,1080.86,696512807.0,0.0022346886735591376,0.22346886735591376,-0.00920563255185669,-0.9205632551856691,1070.91,6.759999999999991,1.7999999999999545,2,4,2023,1067.6128571428571,1054.1885714285713,1047.5463333333332,11.615274016436757,17.365220704305315,1078.45,-0.0007690312059891458,1079.28,0.013751127141568897,1064.64,0.0049082534168995995,1056.33,0.0019349514839370752
2023-04-06,1083.27,1084.52,1070.91,1070.91,942408869.0,-0.00920563255185669,-0.9205632551856691,-0.0011205423424938132,-0.11205423424938132,1069.71,13.6099999999999,-12.3599999999999,3,4,2023,1069.9871428571428,1056.0292857142856,1048.1213333333333,10.028289509028475,17.694970804089944,1080.86,0.0022346886735591376,1078.45,-0.0007690312059891458,1079.28,0.013751127141568897,1059.44,0.002944155708916929
2023-04-07,1071.09,1072.94,1063.7,1069.71,592943658.0,-0.0011205423424938132,-0.11205423424938132,-0.00407587103046636,-0.40758710304663603,1065.35,9.240000000000009,-1.3799999999998818,4,4,2023,1071.8985714285714,1059.3585714285714,1049.1263333333334,8.07654923960299,15.236853025124995,1070.91,-0.00920563255185669,1080.86,0.0022346886735591376,1078.45,-0.0007690312059891458,1064.64,0.0049082534168995995
2023-04-10,1073.86,1075.54,1063.45,1065.35,774551045.0,-0.00407587103046636,-0.40758710304663603,0.003857887079363742,0.3857887079363742,1069.46,12.089999999999918,-8.509999999999991,0,4,2023,1072.7428571428572,1061.7099999999998,1050.5963333333334,6.758475455076227,13.16008592440961,1069.71,-0.0011205423424938132,1070.91,-0.00920563255185669,1080.86,0.0022346886735591376,1079.28,0.013751127141568897
2023-04-11,1063.64,1070.56,1056.9,1069.46,634178633.0,0.003857887079363742,0.3857887079363742,-9.350513343164835e-06,-0.0009350513343164835,1069.45,13.659999999999854,5.819999999999936,1,4,2023,1073.4314285714286,1063.7757142857142,1052.0890000000002,5.99810922594664,11.778713991607727,1065.35,-0.00407587103046636,1069.71,-0.0011205423424938132,1070.91,-0.00920563255185669,1078.45,-0.0007690312059891458
2023-04-12,1071.61,1072.7,1066.43,1069.45,653032406.0,-9.350513343164835e-06,-0.0009350513343164835,-0.004815559399691471,-0.48155593996914714,1064.3,6.269999999999982,-2.1599999999998545,2,4,2023,1072.0271428571427,1065.5149999999999,1053.0523333333333,5.533319420583521,10.541708188802351,1069.46,0.003857887079363742,1065.35,-0.00407587103046636,1069.71,-0.0011205423424938132,1080.86,0.0022346886735591376
2023-04-13,1070.96,1070.96,1062.26,1064.3,587279674.0,-0.004815559399691471,-0.48155593996914714,-0.010720661467631176,-1.0720661467631176,1052.89,8.700000000000045,-6.660000000000082,3,4,2023,1070.0057142857142,1066.7657142857142,1053.942,5.37832333589759,9.087648180357606,1069.45,-9.350513343164835e-06,1069.46,0.003857887079363742,1065.35,-0.00407587103046636,1070.91,-0.00920563255185669
2023-04-14,1067.21,1068.79,1052.89,1052.89,714026518.0,-0.010720661467631176,-1.0720661467631176,0.0008737854856630811,0.08737854856630811,1053.81,15.899999999999864,-14.319999999999936,4,4,2023,1066.01,1066.8114285714287,1054.8793333333333,6.28397697858583,9.010292283404263,1064.3,-0.004815559399691471,1069.45,-9.350513343164835e-06,1069.46,0.003857887079363742,1069.71,-0.0011205423424938132
2023-04-17,1052.99,1054.72,1049.11,1053.81,399822299.0,0.0008737854856630811,0.08737854856630811,0.0011482145737846672,0.11482145737846672,1055.02,5.610000000000127,0.8199999999999363,0,4,2023,1063.567142857143,1066.777142857143,1055.767,7.30282300280329,9.062366330925425,1052.89,-0.010720661467631176,1064.3,-0.004815559399691471,1069.45,-9.350513343164835e-06,1065.35,-0.00407587103046636
2023-04-18,1055.85,1057.15,1050.89,1055.02,486767389.0,0.0011482145737846672,0.11482145737846672,-0.005725009952417981,-0.5725009952417981,1048.98,6.259999999999991,-0.8299999999999272,1,4,2023,1061.4685714285715,1066.6835714285714,1056.3396666666667,7.353891098355981,9.184474028828213,1053.81,0.0008737854856630811,1052.89,-0.010720661467631176,1064.3,-0.004815559399691471,1069.46,0.003857887079363742
2023-04-19,1057.88,1058.14,1047.47,1048.98,485131148.0,-0.005725009952417981,-0.5725009952417981,0.0002573928959559435,0.02573928959559435,1049.25,10.670000000000073,-8.900000000000091,2,4,2023,1059.1299999999999,1065.9364285714287,1056.333,8.436970230328534,10.189516941146346,1055.02,0.0011482145737846672,1053.81,0.0008737854856630811,1052.89,-0.010720661467631176,1069.45,-9.350513343164835e-06
2023-04-20,1050.02,1051.86,1045.85,1049.25,324438225.0,0.0002573928959559435,0.02573928959559435,-0.006042411246128143,-0.6042411246128143,1042.91,6.009999999999991,-0.7699999999999818,3,4,2023,1056.242857142857,1064.837142857143,1056.1096666666667,7.742212677501335,11.127165254133875,1048.98,-0.005725009952417981,1055.02,0.0011482145737846672,1053.81,0.0008737854856630811,1064.3,-0.004815559399691471
2023-04-21,1050.1,1050.4,1041.26,1042.91,506699323.0,-0.006042411246128143,-0.6042411246128143,-0.0014862260405981154,-0.14862260405981154,1041.36,9.1400000000001,-7.189999999999827,4,4,2023,1052.4514285714286,1062.2392857142856,1055.7733333333333,6.612653094879194,11.725379747332914,1049.25,0.0002573928959559435,1048.98,-0.005725009952417981,1055.02,0.0011482145737846672,1052.89,-0.010720661467631176
2023-04-24,1045.28,1047.18,1038.36,1041.36,439489141.0,-0.0014862260405981154,-0.14862260405981154,-0.0062514404240607835,-0.6251440424060783,1034.85,8.820000000000164,-3.9200000000000728,0,4,2023,1049.1742857142856,1059.59,1055.392,5.320034013577578,11.968529888490018,1042.91,-0.006042411246128143,1049.25,0.0002573928959559435,1048.98,-0.005725009952417981,1053.81,0.0008737854856630811
2023-04-25,1045.87,1045.87,1032.49,1034.85,477297616.0,-0.0062514404240607835,-0.6251440424060783,0.005749625549596571,0.5749625549596571,1040.8,13.379999999999882,-11.019999999999982,1,4,2023,1046.597142857143,1056.3035714285713,1055.216,7.242277989491398,11.995641264226542,1041.36,-0.0014862260405981154,1042.91,-0.006042411246128143,1049.25,0.0002573928959559435,1055.02,0.0011482145737846672
2023-04-26,1034.02,1040.8,1029.19,1040.8,421775639.0,0.005749625549596571,0.5749625549596571,-0.0011241352805532179,-0.11241352805532179,1039.63,11.6099999999999,6.779999999999973,2,4,2023,1044.7385714285715,1054.152857142857,1054.503,6.734303796231946,11.874002907793512,1034.85,-0.0062514404240607835,1041.36,-0.0014862260405981154,1042.91,-0.006042411246128143,1048.98,-0.005725009952417981
2023-04-27,1041.39,1044.25,1037.62,1039.63,456952522.0,-0.0011241352805532179,-0.11241352805532179,0.009128247549608837,0.9128247549608837,1049.12,6.630000000000109,-1.759999999999991,3,4,2023,1042.54,1052.0042857142857,1054.244,5.142288725290313,11.559727648004309,1040.8,0.005749625549596571,1034.85,-0.0062514404240607835,1041.36,-0.0014862260405981154,1049.25,0.0002573928959559435
2023-04-28,1043.17,1049.12,1042.04,1049.12,565502199.0,0.009128247549608837,0.9128247549608837,-0.008111560164709486,-0.8111560164709486,1040.61,7.079999999999927,5.949999999999818,4,4,2023,1042.56,1050.845,1054.3766666666666,5.171698624976204,10.914178322753598,1039.63,-0.0011241352805532179,1040.8,0.005749625549596571,1034.85,-0.0062514404240607835,1042.91,-0.006042411246128143
2023-05-04,1046.05,1048.16,1038.18,1040.61,562692030.0,-0.008111560164709486,-0.8111560164709486,-0.0002882924438549761,-0.02882924438549761,1040.31,9.980000000000018,-5.440000000000055,3,5,2023,1041.3257142857142,1048.7842857142857,1054.9603333333334,4.259518193296016,9.795352676920265,1049.12,0.009128247549608837,1039.63,-0.0011241352805532179,1040.8,0.005749625549596571,1041.36,-0.0014862260405981154
2023-05-05,1040.12,1043.22,1036.69,1040.31,433301354.0,-0.0002882924438549761,-0.02882924438549761,0.012621237900241278,1.2621237900241278,1053.44,6.529999999999973,0.19000000000005457,4,5,2023,1040.9542857142858,1046.702857142857,1055.2230000000002,4.211432286727339,7.997235511317609,1040.61,-0.008111560164709486,1049.12,0.009128247549608837,1039.63,-0.0011241352805532179,1034.85,-0.0062514404240607835
2023-05-08,1043.44,1053.44,1043.44,1053.44,584061271.0,0.012621237900241278,1.2621237900241278,0.00031325941676785263,0.03132594167678526,1053.77,10.0,10.0,0,5,2023,1042.6799999999998,1045.9271428571428,1055.653,6.341645422725851,6.55585754353827,1040.31,-0.0002882924438549761,1040.61,-0.008111560164709486,1049.12,0.009128247549608837,1040.8,0.005749625549596571
2023-05-09,1055.42,1058.71,1052.68,1053.77,494560113.0,0.00031325941676785263,0.03132594167678526,0.0042608918454691835,0.42608918454691835,1058.26,6.029999999999973,-1.650000000000091,1,5,2023,1045.3828571428571,1045.99,1055.942,6.478682258794116,6.631534223175349,1053.44,0.012621237900241278,1040.31,-0.0002882924438549761,1040.61,-0.008111560164709486,1039.63,-0.0011241352805532179
2023-05-10,1055.62,1058.67,1053.34,1058.26,642043890.0,0.0042608918454691835,0.42608918454691835,-0.0010772399977322378,-0.10772399977322378,1057.12,5.330000000000155,2.6400000000001,2,5,2023,1047.8771428571429,1046.307857142857,1056.3243333333332,7.671461647586625,7.123580753143356,1053.77,0.00031325941676785263,1053.44,0.012621237900241278,1040.31,-0.0002882924438549761,1049.12,0.009128247549608837
2023-05-11,1060.75,1063.69,1056.72,1057.12,669387113.0,-0.0010772399977322378,-0.10772399977322378,0.009251551384894974,0.9251551384894974,1066.9,6.970000000000027,-3.630000000000109,3,5,2023,1050.3757142857141,1046.4578571428572,1056.4866666666667,7.380412945014868,7.339965603069773,1058.26,0.0042608918454691835,1053.77,0.00031325941676785263,1053.44,0.012621237900241278,1040.61,-0.008111560164709486
2023-05-12,1057.7,1066.9,1053.97,1066.9,675214868.0,0.009251551384894974,0.9251551384894974,-0.0011153810104039819,-0.11153810104039819,1065.71,12.930000000000064,9.200000000000045,4,5,2023,1052.9157142857143,1047.7378571428571,1056.907,9.601536087466563,9.152379411956717,1057.12,-0.0010772399977322378,1058.26,0.0042608918454691835,1053.77,0.00031325941676785263,1040.31,-0.0002882924438549761
2023-05-15,1074.82,1076.32,1065.71,1065.71,762161980.0,-0.0011153810104039819,-0.11153810104039819,0.0001876683150201508,0.01876683150201508,1065.91,10.6099999999999,-9.1099999999999,0,5,2023,1056.5014285714285,1048.9135714285715,1057.2196666666666,8.90129846070291,10.341543261635776,1066.9,0.009251551384894974,1057.12,-0.0010772399977322378,1058.26,0.0042608918454691835,1053.44,0.012621237900241278
2023-05-16,1068.51,1069.27,1063.65,1065.91,582357907.0,0.0001876683150201508,0.01876683150201508,-0.005131765346042427,-0.5131765346042427,1060.44,5.619999999999891,-2.599999999999909,1,5,2023,1060.1585714285716,1050.5564285714286,1057.4353333333333,5.889746538390381,11.112597568732603,1065.71,-0.0011153810104039819,1066.9,0.009251551384894974,1057.12,-0.0010772399977322378,1053.77,0.00031325941676785263
2023-05-17,1066.27,1069.95,1060.44,1060.44,743431551.0,-0.005131765346042427,-0.5131765346042427,0.007421447700954209,0.7421447700954209,1068.31,9.509999999999991,-5.829999999999927,2,5,2023,1061.1585714285716,1051.9192857142857,1057.2953333333332,5.100239957081097,11.067885257142358,1065.91,0.0001876683150201508,1065.71,-0.0011153810104039819,1066.9,0.009251551384894974,1058.26,0.0042608918454691835
2023-05-18,1063.66,1073.41,1060.94,1068.31,578415860.0,0.007421447700954209,0.7421447700954209,-0.0011607117784163679,-0.11607117784163679,1067.07,12.470000000000027,4.649999999999864,3,5,2023,1063.2357142857143,1054.3092857142858,1056.9296666666667,4.517096623441139,10.705141442131987,1060.44,-0.005131765346042427,1065.91,0.0001876683150201508,1065.71,-0.0011153810104039819,1057.12,-0.0010772399977322378
2023-05-19,1070.13,1070.15,1058.56,1067.07,649620819.0,-0.0011607117784163679,-0.11607117784163679,0.0033456099412412232,0.3345609941241223,1070.64,11.590000000000146,-3.060000000000173,4,5,2023,1064.4942857142858,1056.1857142857143,1056.5503333333334,4.108547420377769,10.454450443007184,1068.31,0.007421447700954209,1060.44,-0.005131765346042427,1065.91,0.0001876683150201508,1066.9,0.009251551384894974
2023-05-22,1067.32,1070.64,1065.88,1070.64,623716964.0,0.0033456099412412232,0.3345609941241223,-0.004473959500859492,-0.44739595008594923,1065.85,4.759999999999991,3.3200000000001637,0,5,2023,1066.4257142857143,1058.4007142857142,1056.2096666666666,3.124040424217271,9.949833755275227,1067.07,-0.0011607117784163679,1068.31,0.007421447700954209,1060.44,-0.005131765346042427,1065.71,-0.0011153810104039819
2023-05-23,1073.12,1073.96,1062.15,1065.85,653341933.0,-0.004473959500859492,-0.44739595008594923,-0.0038091663930196473,-0.38091663930196473,1061.79,11.809999999999945,-7.269999999999982,1,5,2023,1066.2757142857142,1059.5957142857144,1056.041,3.122679710143969,9.752149044615274,1070.64,0.0033456099412412232,1067.07,-0.0011607117784163679,1068.31,0.007421447700954209,1065.91,0.0001876683150201508
2023-05-24,1069.13,1069.61,1060.6,1061.79,671873653.0,-0.0038091663930196473,-0.38091663930196473,0.0026747285244730357,0.26747285244730357,1064.63,9.009999999999991,-7.3400000000001455,2,5,2023,1065.7157142857143,1061.1085714285714,1055.777,3.561674967223897,8.079758999740891,1065.85,-0.004473959500859492,1070.64,0.0033456099412412232,1067.07,-0.0011607117784163679,1060.44,-0.005131765346042427
2023-05-25,1062.03,1065.5,1057.91,1064.63,603883481.0,0.0026747285244730357,0.26747285244730357,-0.0008171853132075135,-0.08171853132075135,1063.76,7.589999999999918,2.6000000000001364,3,5,2023,1065.532857142857,1062.8457142857144,1055.753,3.5828327447583526,5.450794880984192,1061.79,-0.0038091663930196473,1065.85,-0.004473959500859492,1070.64,0.0033456099412412232,1068.31,0.007421447700954209
2023-05-26,1067.24,1067.28,1063.76,1063.76,585687066.0,-0.0008171853132075135,-0.08171853132075135,0.010547491915469775,1.0547491915469775,1074.98,3.519999999999982,-3.480000000000018,4,5,2023,1066.0071428571428,1063.5828571428572,1055.5629999999999,2.962300425386033,4.731289348634486,1064.63,0.0026747285244730357,1061.79,-0.0038091663930196473,1065.85,-0.004473959500859492,1067.07,-0.0011607117784163679
2023-05-29,1067.34,1077.18,1067.27,1074.98,726721589.0,0.010547491915469775,1.0547491915469775,0.002855867085899133,0.2855867085899133,1078.05,9.910000000000082,7.6400000000001,0,5,2023,1066.96,1065.097857142857,1055.7473333333332,4.500088888089923,4.743220552346676,1063.76,-0.0008171853132075135,1064.63,0.0026747285244730357,1061.79,-0.0038091663930196473,1070.64,0.0033456099412412232
2023-05-30,1078.82,1079.31,1071.01,1078.05,803342265.0,0.002855867085899133,0.2855867085899133,-0.0026714901906218502,-0.267149019062185,1075.17,8.299999999999955,-0.7699999999999818,1,5,2023,1068.5285714285715,1066.5114285714285,1056.2056666666665,6.154373590091125,5.445555501938808,1074.98,0.010547491915469775,1063.76,-0.0008171853132075135,1064.63,0.0026747285244730357,1065.85,-0.004473959500859492
2023-05-31,1078.39,1079.11,1071.38,1075.17,848883278.0,-0.0026714901906218502,-0.267149019062185,0.0029948752290336333,0.29948752290336333,1078.39,7.729999999999791,-3.2200000000000273,2,5,2023,1069.1757142857143,1067.8007142857143,1056.9483333333333,6.632957754435047,5.181351864357993,1078.05,0.002855867085899133,1074.98,0.010547491915469775,1063.76,-0.0008171853132075135,1061.79,-0.0038091663930196473
2023-06-01,1076.27,1078.39,1071.61,1078.39,800986902.0,0.0029948752290336333,0.29948752290336333,0.011544988362280684,1.1544988362280684,1090.84,6.7800000000002,2.1200000000001182,3,6,2023,1070.9671428571428,1068.6214285714286,1057.7676666666666,7.249769454509097,5.889331759279854,1075.17,-0.0026714901906218502,1078.05,0.002855867085899133,1074.98,0.010547491915469775,1064.63,0.0026747285244730357
2023-06-02,1084.19,1092.24,1083.36,1090.84,949003221.0,0.011544988362280684,1.1544988362280684,0.006398738586777197,0.6398738586777197,1097.82,8.88000000000011,6.649999999999864,4,6,2023,1075.1171428571429,1070.4164285714285,1058.9616666666666,9.178851987594271,8.278680317637672,1078.39,0.0029948752290336333,1075.17,-0.0026714901906218502,1078.05,0.002855867085899133,1063.76,-0.0008171853132075135
2023-06-05,1100.2,1103.81,1096.76,1097.82,877700529.0,0.006398738586777197,0.6398738586777197,0.009555300504636488,0.9555300504636488,1108.31,7.0499999999999545,-2.380000000000109,0,6,2023,1079.8585714285714,1072.6957142857143,1060.5896666666665,11.206988041083111,10.915377095744956,1090.84,0.011544988362280684,1078.39,0.0029948752290336333,1075.17,-0.0026714901906218502,1074.98,0.010547491915469775
2023-06-06,1099.99,1108.31,1098.28,1108.31,767663752.0,0.009555300504636488,0.9555300504636488,0.0011097978002545528,0.11097978002545528,1109.54,10.029999999999973,8.319999999999936,1,6,2023,1086.2228571428573,1076.115,1062.5583333333334,13.040771595656036,13.876888783411381,1097.82,0.006398738586777197,1090.84,0.011544988362280684,1078.39,0.0029948752290336333,1078.05,0.002855867085899133
2023-06-07,1111.67,1112.28,1104.26,1109.54,909508073.0,0.0011097978002545528,0.11097978002545528,-0.007408475584476437,-0.7408475584476437,1101.32,8.019999999999982,-2.130000000000109,2,6,2023,1091.16,1079.06,1064.7793333333332,14.531746855322316,16.2629233818084,1108.31,0.009555300504636488,1097.82,0.006398738586777197,1090.84,0.011544988362280684,1075.17,-0.0026714901906218502
2023-06-08,1111.86,1115.14,1101.32,1101.32,1191167261.0,-0.007408475584476437,-0.7408475584476437,0.005638688119711022,0.5638688119711022,1107.53,13.820000000000164,-10.539999999999964,3,6,2023,1094.4842857142855,1081.5064285714286,1066.7779999999998,13.668865909012693,16.88474988179975,1109.54,0.0011097978002545528,1108.31,0.009555300504636488,1097.82,0.006398738586777197,1078.39,0.0029948752290336333
2023-06-09,1103.11,1107.53,1097.23,1107.53,826887389.0,0.005638688119711022,0.5638688119711022,0.0076657065722824935,0.7665706572282494,1116.02,10.299999999999955,4.420000000000073,4,6,2023,1099.1071428571427,1084.1414285714286,1069.2006666666666,11.31798526578936,17.906109768246477,1101.32,-0.007408475584476437,1109.54,0.0011097978002545528,1108.31,0.009555300504636488,1090.84,0.011544988362280684
2023-06-12,1110.26,1116.02,1100.08,1116.02,712022071.0,0.0076657065722824935,0.7665706572282494,0.005770505904912238,0.5770505904912238,1122.46,15.940000000000055,5.759999999999991,0,6,2023,1104.4828571428573,1087.725,1071.708,8.397790809289049,18.95349196564723,1107.53,0.005638688119711022,1101.32,-0.007408475584476437,1109.54,0.0011097978002545528,1097.82,0.006398738586777197
2023-06-13,1117.43,1122.46,1116.1,1122.46,857714144.0,0.005770505904912238,0.5770505904912238,-0.004490137733193178,-0.4490137733193178,1117.42,6.360000000000127,5.029999999999973,1,6,2023,1109.0,1092.0585714285714,1074.469,8.340217822915854,19.495623515633152,1116.02,0.0076657065722824935,1107.53,0.005638688119711022,1101.32,-0.007408475584476437,1108.31,0.009555300504636488
2023-06-14,1124.56,1129.49,1117.42,1117.42,829498595.0,-0.004490137733193178,-0.4490137733193178,-0.00040271339335262724,-0.040271339335262724,1116.97,12.069999999999936,-7.139999999999873,2,6,2023,1111.8,1095.8292857142858,1076.7456666666667,7.169139883346736,18.877848013054628,1122.46,0.005770505904912238,1116.02,0.0076657065722824935,1107.53,0.005638688119711022,1109.54,0.0011097978002545528
2023-06-15,1117.06,1120.13,1112.11,1116.97,663782466.0,-0.00040271339335262724,-0.040271339335262724,-0.0015667385874285067,-0.15667385874285067,1115.22,8.02000000000021,-0.08999999999991815,3,6,2023,1113.037142857143,1099.6299999999999,1079.291,7.213581436649421,17.20712196020773,1117.42,-0.004490137733193178,1122.46,0.005770505904912238,1116.02,0.0076657065722824935,1101.32,-0.007408475584476437
2023-06-16,1121.92,1128.92,1112.51,1115.22,1054947020.0,-0.0015667385874285067,-0.15667385874285067,-0.008805437492154011,-0.8805437492154011,1105.4,16.410000000000082,-6.7000000000000455,4,6,2023,1113.8485714285714,1102.5042857142857,1081.788,7.072723258125099,16.0979452650913,1116.97,-0.00040271339335262724,1117.42,-0.004490137733193178,1122.46,0.005770505904912238,1107.53,0.005638688119711022
2023-06-19,1115.68,1117.23,1104.73,1105.4,709208551.0,-0.008805437492154011,-0.8805437492154011,0.005717387371087401,0.5717387371087401,1111.72,12.5,-10.279999999999973,0,6,2023,1114.4314285714286,1104.4578571428572,1083.52,5.946647314749596,14.480259336047997,1115.22,-0.0015667385874285067,1116.97,-0.00040271339335262724,1117.42,-0.004490137733193178,1116.02,0.0076657065722824935
2023-06-20,1105.75,1111.72,1102.58,1111.72,579184745.0,0.005717387371087401,0.5717387371087401,0.006062677652646453,0.6062677652646453,1118.46,9.1400000000001,5.970000000000027,1,6,2023,1115.0300000000002,1107.0685714285714,1085.4516666666666,5.313344834812888,11.84954193020575,1105.4,-0.008805437492154011,1115.22,-0.0015667385874285067,1116.97,-0.00040271339335262724,1122.46,0.005770505904912238
2023-06-21,1112.73,1118.46,1110.65,1118.46,778113811.0,0.006062677652646453,0.6062677652646453,0.0061155517407862625,0.6115551740786263,1125.3,7.809999999999945,5.730000000000018,2,6,2023,1115.3785714285714,1109.9307142857144,1087.4583333333333,5.466932194507667,8.849030772015283,1111.72,0.005717387371087401,1105.4,-0.008805437492154011,1115.22,-0.0015667385874285067,1117.42,-0.004490137733193178
2023-06-22,1126.21,1127.54,1122.27,1125.3,807623528.0,0.0061155517407862625,0.6115551740786263,0.003625699813383232,0.3625699813383232,1129.38,5.269999999999982,-0.9100000000000819,3,6,2023,1115.7842857142857,1112.3921428571427,1089.731,6.143559926599707,7.868673212909579,1118.46,0.006062677652646453,1111.72,0.005717387371087401,1105.4,-0.008805437492154011,1116.97,-0.00040271339335262724
2023-06-23,1126.4,1130.61,1122.62,1129.38,829820153.0,0.003625699813383232,0.3625699813383232,0.002346420159733631,0.2346420159733631,1132.03,7.990000000000009,2.980000000000018,4,6,2023,1117.492857142857,1114.6464285714287,1091.8136666666667,8.043562051508667,7.893536408522704,1125.3,0.0061155517407862625,1118.46,0.006062677652646453,1111.72,0.005717387371087401,1115.22,-0.0015667385874285067
2023-06-26,1130.08,1134.0,1119.95,1132.03,926624935.0,0.002346420159733631,0.2346420159733631,0.002031748275222345,0.20317482752223448,1134.33,14.049999999999955,1.9500000000000455,0,6,2023,1119.6442857142858,1116.3407142857143,1094.0243333333335,9.719807709261747,8.909168539524384,1129.38,0.003625699813383232,1125.3,0.0061155517407862625,1118.46,0.006062677652646453,1105.4,-0.008805437492154011
2023-06-27,1134.55,1136.49,1128.82,1134.33,619564674.0,0.002031748275222345,0.20317482752223448,0.003543942239030873,0.3543942239030873,1138.35,7.670000000000073,-0.22000000000002728,1,6,2023,1122.3742857142859,1118.1114285714286,1096.305,10.884037022401262,9.865719091203692,1132.03,0.002346420159733631,1129.38,0.003625699813383232,1125.3,0.0061155517407862625,1111.72,0.005717387371087401
2023-06-28,1137.18,1140.56,1131.86,1138.35,751202539.0,0.003543942239030873,0.3543942239030873,-0.01138489919620489,-1.138489919620489,1125.39,8.700000000000045,1.1699999999998454,2,6,2023,1127.0814285714284,1120.7564285714286,1098.9019999999998,9.334258457562749,9.98084596932947,1134.33,0.002031748275222345,1132.03,0.002346420159733631,1129.38,0.003625699813383232,1118.46,0.006062677652646453
2023-06-29,1139.42,1140.43,1125.39,1125.39,813877038.0,-0.01138489919620489,-1.138489919620489,-0.00462950621562308,-0.46295062156230804,1120.18,15.039999999999964,-14.029999999999973,3,6,2023,1129.0342857142857,1122.0321428571428,1100.8046666666667,6.620198529622306,9.276819894898749,1138.35,0.003543942239030873,1134.33,0.002031748275222345,1132.03,0.002346420159733631,1125.3,0.0061155517407862625
2023-06-30,1124.3,1126.33,1120.01,1120.18,520965834.0,-0.00462950621562308,-0.46295062156230804,0.0047492367298112015,0.47492367298112015,1125.5,6.319999999999936,-4.119999999999891,4,6,2023,1129.2800000000002,1122.3292857142858,1102.575,6.1795684854890425,9.13497291837988,1125.39,-0.01138489919620489,1138.35,0.003543942239030873,1134.33,0.002031748275222345,1129.38,0.003625699813383232
2023-07-03,1125.55,1128.35,1121.17,1125.5,482330417.0,0.0047492367298112015,0.47492367298112015,0.005775211017325699,0.5775211017325699,1132.0,7.179999999999836,-0.049999999999954525,0,7,2023,1129.3085714285714,1122.5464285714286,1104.4036666666666,6.158526416215979,9.174365295277022,1120.18,-0.00462950621562308,1125.39,-0.01138489919620489,1138.35,0.003543942239030873,1132.03,0.002346420159733631
2023-07-04,1127.11,1132.12,1123.49,1132.0,621589939.0,0.005775211017325699,0.5775211017325699,0.002314487632508744,0.23144876325087438,1134.62,8.629999999999882,4.8900000000001,1,7,2023,1129.6828571428573,1123.587857142857,1106.6086666666667,6.242632228718626,9.373048251035753,1125.5,0.0047492367298112015,1120.18,-0.00462950621562308,1125.39,-0.01138489919620489,1134.33,0.002031748275222345
2023-07-05,1136.64,1138.67,1133.45,1134.62,714171068.0,0.002314487632508744,0.23144876325087438,-0.007403359715146829,-0.7403359715146829,1126.22,5.220000000000027,-2.020000000000209,2,7,2023,1130.052857142857,1124.8485714285714,1109.0363333333332,6.477277499821974,9.598729769432037,1132.0,0.005775211017325699,1125.5,0.0047492367298112015,1120.18,-0.00462950621562308,1138.35,0.003543942239030873
2023-07-06,1133.7,1135.81,1122.35,1126.22,842931087.0,-0.007403359715146829,-0.7403359715146829,0.01052192289250753,1.052192289250753,1138.07,13.460000000000036,-7.480000000000018,3,7,2023,1128.8942857142856,1125.6342857142856,1111.0893333333333,6.307820165340867,9.191515916046532,1134.62,0.002314487632508744,1132.0,0.005775211017325699,1125.5,0.0047492367298112015,1125.39,-0.01138489919620489
2023-07-07,1124.98,1138.07,1122.94,1138.07,690911706.0,0.01052192289250753,1.052192289250753,0.00962155227710082,0.962155227710082,1149.02,15.129999999999882,13.089999999999918,4,7,2023,1128.8542857142857,1127.9678571428572,1113.5663333333332,6.238370132089624,7.682519797523772,1126.22,-0.007403359715146829,1134.62,0.002314487632508744,1132.0,0.005775211017325699,1120.18,-0.00462950621562308
2023-07-10,1142.61,1149.02,1140.03,1149.02,781792879.0,0.00962155227710082,0.962155227710082,0.0023933438930567874,0.23933438930567874,1151.77,8.990000000000009,6.410000000000082,0,7,2023,1132.23,1130.632142857143,1116.0343333333333,9.560249299407623,8.07225273919941,1138.07,0.01052192289250753,1126.22,-0.007403359715146829,1134.62,0.002314487632508744,1125.5,0.0047492367298112015
2023-07-11,1151.13,1157.01,1149.69,1151.77,816539478.0,0.0023933438930567874,0.23933438930567874,0.002109796226677174,0.21097962266771741,1154.2,7.319999999999936,0.6399999999998727,1,7,2023,1136.7428571428572,1133.0114285714285,1118.4916666666666,10.34760956983029,9.057467685779029,1149.02,0.00962155227710082,1138.07,0.01052192289250753,1126.22,-0.007403359715146829,1132.0,0.005775211017325699
2023-07-12,1154.37,1157.43,1149.28,1154.2,662915644.0,0.002109796226677174,0.21097962266771741,0.009721018887541177,0.9721018887541177,1165.42,8.150000000000091,-0.16999999999984539,2,7,2023,1140.8428571428572,1135.0757142857142,1121.126,10.8252647608704,10.363849681445664,1151.77,0.0023933438930567874,1149.02,0.00962155227710082,1138.07,0.01052192289250753,1134.62,0.002314487632508744
2023-07-13,1159.88,1165.42,1158.15,1165.42,738388049.0,0.009721018887541177,0.9721018887541177,0.0025570180707383816,0.25570180707383816,1168.4,7.269999999999982,5.539999999999964,3,7,2023,1145.6171428571429,1137.6499999999999,1124.0269999999998,13.350414118779325,12.984840865699017,1154.2,0.002109796226677174,1151.77,0.0023933438930567874,1149.02,0.00962155227710082,1126.22,-0.007403359715146829
2023-07-14,1169.2,1169.84,1156.28,1168.4,940146669.0,0.0025570180707383816,0.25570180707383816,0.004048271140020487,0.40482711400204874,1173.13,13.559999999999945,-0.7999999999999545,4,7,2023,1150.4428571428573,1140.2478571428571,1126.6123333333335,14.74511299186481,15.21985857538743,1165.42,0.009721018887541177,1154.2,0.002109796226677174,1151.77,0.0023933438930567874,1138.07,0.01052192289250753
2023-07-17,1171.75,1174.89,1168.77,1173.13,823237013.0,0.004048271140020487,0.40482711400204874,0.0008183236299470487,0.08183236299470487,1174.09,6.120000000000118,1.3800000000001091,0,7,2023,1157.1442857142858,1143.0192857142858,1129.1226666666666,12.370029449090817,17.431307142070093,1168.4,0.0025570180707383816,1165.42,0.009721018887541177,1154.2,0.002109796226677174,1149.02,0.00962155227710082
2023-07-18,1173.23,1175.7,1170.04,1174.09,729194875.0,0.0008183236299470487,0.08183236299470487,-0.0009454130432929864,-0.09454130432929864,1172.98,5.660000000000082,0.8599999999999,1,7,2023,1162.2900000000002,1145.5721428571428,1131.3153333333332,10.456943466738526,19.220189776764006,1173.13,0.004048271140020487,1168.4,0.0025570180707383816,1165.42,0.009721018887541177,1151.77,0.0023933438930567874
2023-07-19,1177.5,1178.55,1172.98,1172.98,776854252.0,-0.0009454130432929864,-0.09454130432929864,-0.0001449300073318449,-0.014493000733184491,1172.81,5.569999999999936,-4.519999999999982,2,7,2023,1165.712857142857,1148.9714285714285,1133.43,9.239927334277343,19.58119932570182,1174.09,0.0008183236299470487,1173.13,0.004048271140020487,1168.4,0.0025570180707383816,1154.2,0.002109796226677174
2023-07-20,1171.83,1174.39,1166.62,1172.81,713194602.0,-0.0001449300073318449,-0.014493000733184491,0.011161228161424397,1.1161228161424397,1185.9,7.770000000000209,0.9800000000000182,3,7,2023,1168.7185714285713,1152.7307142857142,1135.8129999999999,7.129556855248661,18.658847546356213,1172.98,-0.0009454130432929864,1174.09,0.0008183236299470487,1173.13,0.004048271140020487,1165.42,0.009721018887541177
2023-07-21,1173.21,1185.9,1172.07,1185.9,872012954.0,0.011161228161424397,1.1161228161424397,0.0040644236444893345,0.40644236444893345,1190.72,13.830000000000155,12.690000000000055,4,7,2023,1173.2471428571428,1157.045,1138.4253333333334,6.401046045451793,18.859991332894914,1172.81,-0.0001449300073318449,1172.98,-0.0009454130432929864,1174.09,0.0008183236299470487,1168.4,0.0025570180707383816
2023-07-24,1190.74,1193.22,1183.39,1190.72,960584502.0,0.0040644236444893345,0.40644236444893345,0.004350309056705193,0.4350309056705193,1195.9,9.829999999999927,-0.01999999999998181,0,7,2023,1176.8614285714286,1161.2392857142856,1140.9153333333336,8.148982407975035,19.383886434270025,1185.9,0.011161228161424397,1172.81,-0.0001449300073318449,1172.98,-0.0009454130432929864,1173.13,0.004048271140020487
2023-07-25,1194.45,1199.27,1193.34,1195.9,884463624.0,0.004350309056705193,0.4350309056705193,0.004130780165565451,0.4130780165565451,1200.84,5.930000000000064,1.4500000000000455,1,7,2023,1180.7900000000002,1165.6164285714285,1143.3633333333335,9.842689334377662,19.82442766935738,1190.72,0.0040644236444893345,1185.9,0.011161228161424397,1172.81,-0.0001449300073318449,1174.09,0.0008183236299470487
2023-07-26,1195.5,1200.84,1195.44,1200.84,816580555.0,0.004130780165565451,0.4130780165565451,-0.0029229539322473963,-0.29229539322473963,1197.33,5.399999999999864,5.339999999999918,2,7,2023,1184.7485714285715,1170.9464285714287,1146.144,11.654084303457026,18.39732405589504,1195.9,0.004350309056705193,1190.72,0.0040644236444893345,1185.9,0.011161228161424397,1172.98,-0.0009454130432929864
2023-07-27,1201.69,1203.69,1191.08,1197.33,1044856216.0,-0.0029229539322473963,-0.29229539322473963,0.008635881503010978,0.8635881503010978,1207.67,12.610000000000127,-4.360000000000127,3,7,2023,1188.0685714285714,1175.179285714286,1148.8226666666667,11.419548193867056,17.01672049408123,1200.84,0.004130780165565451,1195.9,0.004350309056705193,1190.72,0.0040644236444893345,1172.81,-0.0001449300073318449
2023-07-28,1197.32,1207.67,1195.86,1207.67,1018968754.0,0.008635881503010978,0.8635881503010978,0.012611060968642063,1.2611060968642063,1222.9,11.810000000000173,10.350000000000136,4,7,2023,1193.0242857142857,1179.3685714285714,1151.9043333333334,11.306884123004707,17.298356461346888,1197.33,-0.0029229539322473963,1200.84,0.004130780165565451,1195.9,0.004350309056705193,1185.9,0.011161228161424397
2023-07-31,1219.66,1224.81,1212.81,1222.9,1076364086.0,0.012611060968642063,1.2611060968642063,-0.004366669392427913,-0.4366669392427913,1217.56,12.0,3.240000000000009,0,7,2023,1200.18,1184.4492857142857,1155.8210000000001,12.196891680515513,18.937028629033183,1207.67,0.008635881503010978,1197.33,-0.0029229539322473963,1200.84,0.004130780165565451,1190.72,0.0040644236444893345
2023-08-01,1230.32,1234.5,1217.56,1217.56,1156851607.0,-0.004366669392427913,-0.4366669392427913,0.002357173363119802,0.23571733631198022,1220.43,16.940000000000055,-12.759999999999991,1,8,2023,1204.702857142857,1188.9750000000001,1159.349,11.885126158734927,18.721634030430632,1222.9,0.012611060968642063,1207.67,0.008635881503010978,1197.33,-0.0029229539322473963,1195.9,0.004350309056705193
2023-08-02,1217.17,1223.04,1213.18,1220.43,813384734.0,0.002357173363119802,0.23571733631198022,-0.0077677539883483915,-0.7767753988348391,1210.95,9.8599999999999,3.259999999999991,2,8,2023,1208.947142857143,1192.9042857142856,1162.748,11.352403143931289,19.16511964453088,1217.56,-0.004366669392427913,1222.9,0.012611060968642063,1207.67,0.008635881503010978,1200.84,0.004130780165565451
2023-08-03,1219.73,1222.35,1209.06,1210.95,935942395.0,-0.0077677539883483915,-0.7767753988348391,0.012411742846525353,1.2411742846525353,1225.98,13.289999999999964,-8.779999999999973,3,8,2023,1211.097142857143,1195.9435714285714,1165.6029999999998,9.786796742328713,18.33615537554793,1220.43,0.002357173363119802,1217.56,-0.004366669392427913,1222.9,0.012611060968642063,1197.33,-0.0029229539322473963
2023-08-04,1216.27,1228.12,1214.17,1225.98,1051204937.0,0.012411742846525353,1.2411742846525353,0.012594006427511184,1.2594006427511184,1241.42,13.949999999999818,9.710000000000036,4,8,2023,1214.6885714285713,1199.7185714285715,1168.823,10.005750727380825,18.714471922575683,1210.95,-0.0077677539883483915,1220.43,0.002357173363119802,1217.56,-0.004366669392427913,1207.67,0.008635881503010978
2023-08-07,1233.1,1241.42,1230.38,1241.42,1069565143.0,0.012594006427511184,1.2594006427511184,0.0006524786132009464,0.06524786132009464,1242.23,11.039999999999964,8.320000000000164,0,8,2023,1220.9871428571428,1204.527857142857,1172.4693333333335,11.077270593828745,20.21306743310351,1225.98,0.012411742846525353,1210.95,-0.0077677539883483915,1220.43,0.002357173363119802,1222.9,0.012611060968642063
2023-08-08,1244.35,1246.22,1239.01,1242.23,1055127603.0,0.0006524786132009464,0.06524786132009464,-0.006633232171176062,-0.6633232171176062,1233.99,7.210000000000036,-2.119999999999891,1,8,2023,1225.9242857142856,1209.4742857142858,1176.066,11.828782491762698,20.371604186787383,1241.42,0.012594006427511184,1225.98,0.012411742846525353,1210.95,-0.0077677539883483915,1217.56,-0.004366669392427913
2023-08-09,1240.68,1241.96,1231.28,1233.99,963201423.0,-0.006633232171176062,-0.6633232171176062,-0.010842875550045039,-1.084287555004504,1220.61,10.680000000000064,-6.690000000000055,2,8,2023,1227.5085714285713,1213.8442857142857,1179.2540000000001,12.095869031134994,18.364730291556725,1242.23,0.0006524786132009464,1241.42,0.012594006427511184,1225.98,0.012411742846525353,1220.43,0.002357173363119802
2023-08-10,1236.51,1238.19,1220.61,1220.61,932188428.0,-0.010842875550045039,-1.084287555004504,0.009503444998812283,0.9503444998812283,1232.21,17.580000000000155,-15.900000000000091,3,8,2023,1227.9442857142858,1216.3235714285713,1182.428,11.727088097111514,16.555870261336548,1233.99,-0.006633232171176062,1242.23,0.0006524786132009464,1241.42,0.012594006427511184,1210.95,-0.0077677539883483915
2023-08-11,1228.92,1232.21,1213.37,1232.21,938402362.0,0.009503444998812283,0.9503444998812283,0.0037574764041843345,0.37574764041843345,1236.84,18.840000000000146,3.2899999999999636,4,8,2023,1229.6271428571429,1219.287142857143,1186.1623333333334,11.306748300999807,15.284824262895171,1220.61,-0.010842875550045039,1233.99,-0.006633232171176062,1242.23,0.0006524786132009464,1225.98,0.012411742846525353
2023-08-14,1237.14,1239.61,1229.04,1236.84,993030302.0,0.0037574764041843345,0.37574764041843345,-0.0022557485204229843,-0.22557485204229843,1234.05,10.569999999999936,-0.3000000000001819,0,8,2023,1233.3257142857142,1222.2114285714285,1189.8736666666666,7.900305599829782,14.354201131036309,1232.21,0.009503444998812283,1220.61,-0.010842875550045039,1233.99,-0.006633232171176062,1241.42,0.012594006427511184
2023-08-15,1239.42,1239.42,1230.58,1234.05,811761959.0,-0.0022557485204229843,-0.22557485204229843,0.007463230825331291,0.7463230825331291,1243.26,8.840000000000146,-5.370000000000118,1,8,2023,1234.4785714285715,1224.5835714285715,1193.2753333333335,7.208218523669881,13.252561788439692,1236.84,0.0037574764041843345,1232.21,0.009503444998812283,1220.61,-0.010842875550045039,1242.23,0.0006524786132009464
2023-08-16,1239.95,1243.48,1235.27,1243.26,816831815.0,0.007463230825331291,0.7463230825331291,-0.007866415713527308,-0.7866415713527308,1233.48,8.210000000000036,3.3099999999999454,2,8,2023,1234.7414285714287,1227.8642857142859,1196.8966666666668,7.529905773091827,11.564414058994096,1234.05,-0.0022557485204229843,1236.84,0.0037574764041843345,1232.21,0.009503444998812283,1233.99,-0.006633232171176062
2023-08-17,1242.58,1243.98,1233.48,1233.48,1011505421.0,-0.007866415713527308,-0.7866415713527308,-0.04498654214093456,-4.498654214093456,1177.99,10.5,-9.099999999999909,3,8,2023,1233.4914285714287,1229.7078571428572,1200.472,6.767223528522326,10.056411027183199,1243.26,0.007463230825331291,1234.05,-0.0022557485204229843,1236.84,0.0037574764041843345,1220.61,-0.010842875550045039
2023-08-18,1227.02,1228.98,1177.74,1177.99,1583522435.0,-0.04498654214093456,-4.498654214093456,0.0015025594444775248,0.15025594444775248,1179.76,51.24000000000001,-49.02999999999997,4,8,2023,1225.4914285714283,1226.5,1201.8026666666667,22.011102826037387,17.094833227537013,1233.48,-0.007866415713527308,1243.26,0.007463230825331291,1234.05,-0.0022557485204229843,1232.21,0.009503444998812283
2023-08-21,1177.01,1188.16,1164.63,1179.76,961714839.0,0.0015025594444775248,0.15025594444775248,0.0006187699193056506,0.06187699193056506,1180.49,23.529999999999973,2.75,0,8,2023,1219.6557142857143,1223.8,1202.8273333333334,28.095308539045373,21.125407961476764,1177.99,-0.04498654214093456,1233.48,-0.007866415713527308,1243.26,0.007463230825331291,1236.84,0.0037574764041843345
2023-08-22,1183.92,1184.43,1149.13,1180.49,933784657.0,0.0006187699193056506,0.06187699193056506,-0.00671754949216008,-0.671754949216008,1172.56,35.299999999999955,-3.4300000000000637,1,8,2023,1212.2671428571427,1220.9471428571428,1203.7846666666667,30.90384103110239,24.102558571045453,1179.76,0.0015025594444775248,1177.99,-0.04498654214093456,1233.48,-0.007866415713527308,1234.05,-0.0022557485204229843
2023-08-23,1192.96,1193.79,1168.89,1172.56,620730150.0,-0.00671754949216008,-0.671754949216008,0.014353210070273681,1.435321007027368,1189.39,24.899999999999864,-20.40000000000009,2,8,2023,1203.0842857142857,1218.205,1204.3966666666668,31.9187566889904,27.299246467487677,1180.49,0.0006187699193056506,1179.76,0.0015025594444775248,1177.99,-0.04498654214093456,1243.26,0.007463230825331291
2023-08-24,1175.2,1189.99,1171.33,1189.39,737567928.0,0.014353210070273681,1.435321007027368,-0.0050614180378179,-0.50614180378179,1183.37,18.660000000000082,14.190000000000055,3,8,2023,1196.7042857142858,1215.5914285714287,1205.1956666666667,29.030355869406062,28.23317493717775,1172.56,-0.00671754949216008,1180.49,0.0006187699193056506,1179.76,0.0015025594444775248,1233.48,-0.007866415713527308
2023-08-25,1188.99,1192.59,1181.6,1183.37,774848913.0,-0.0050614180378179,-0.50614180378179,0.01550656176850862,1.550656176850862,1201.72,10.990000000000009,-5.620000000000118,4,8,2023,1188.1485714285716,1211.445,1205.6946666666668,20.633856828492302,28.410268119390853,1189.39,0.014353210070273681,1172.56,-0.00671754949216008,1180.49,0.0006187699193056506,1177.99,-0.04498654214093456
2023-08-28,1189.43,1202.02,1189.43,1201.72,713247349.0,0.01550656176850862,1.550656176850862,0.002255101021868766,0.22551010218687662,1204.43,12.589999999999918,12.289999999999964,0,8,2023,1183.6114285714284,1208.5514285714287,1206.6476666666665,9.484038219666203,27.06474313344571,1183.37,-0.0050614180378179,1189.39,0.014353210070273681,1172.56,-0.00671754949216008,1179.76,0.0015025594444775248
2023-08-29,1204.75,1208.78,1197.57,1204.43,848040448.0,0.002255101021868766,0.22551010218687662,0.007248241906960162,0.7248241906960162,1213.16,11.210000000000036,-0.31999999999993634,1,8,2023,1187.3885714285714,1206.44,1207.6589999999999,11.843610694606175,26.06199059639186,1201.72,0.01550656176850862,1183.37,-0.0050614180378179,1189.39,0.014353210070273681,1180.49,0.0006187699193056506
2023-08-30,1206.1,1213.52,1203.51,1213.16,799265566.0,0.007248241906960162,0.7248241906960162,0.008976557090573323,0.8976557090573323,1224.05,10.009999999999991,7.060000000000173,2,8,2023,1192.1599999999999,1205.907857142857,1208.9983333333332,14.652829078360066,25.825390957972527,1204.43,0.002255101021868766,1201.72,0.01550656176850862,1183.37,-0.0050614180378179,1172.56,-0.00671754949216008
2023-08-31,1216.0,1224.84,1214.39,1224.05,852855777.0,0.008976557090573323,0.8976557090573323,0.008929373800089957,0.8929373800089957,1234.98,10.449999999999818,8.049999999999955,3,8,2023,1198.3828571428571,1205.325,1210.7063333333333,17.785518185940987,25.272269920276937,1213.16,0.007248241906960162,1204.43,0.002255101021868766,1201.72,0.01550656176850862,1189.39,0.014353210070273681
2023-09-05,1231.43,1236.21,1228.7,1234.98,926699196.0,0.008929373800089957,0.8929373800089957,0.008518356572576158,0.8518356572576158,1245.5,7.509999999999991,3.5499999999999545,1,9,2023,1207.3,1205.1921428571427,1212.3423333333333,18.320620440717583,25.09813942800362,1224.05,0.008976557090573323,1213.16,0.007248241906960162,1204.43,0.002255101021868766,1183.37,-0.0050614180378179
2023-09-06,1237.07,1245.5,1229.89,1245.5,1009683101.0,0.008518356572576158,0.8518356572576158,-0.0018948213568846795,-0.18948213568846795,1243.14,15.6099999999999,8.430000000000064,2,9,2023,1215.3157142857144,1206.01,1214.1683333333333,21.223340027059862,26.270045533039216,1234.98,0.008929373800089957,1224.05,0.008976557090573323,1213.16,0.007248241906960162,1201.72,0.01550656176850862
2023-09-07,1248.91,1255.11,1240.82,1243.14,1034363991.0,-0.0018948213568846795,-0.18948213568846795,-0.001335328281609538,-0.1335328281609538,1241.48,14.289999999999964,-5.769999999999982,3,9,2023,1223.8542857142857,1206.0014285714285,1215.743,18.008760698730203,26.2569729514217,1245.5,0.008518356572576158,1234.98,0.008929373800089957,1224.05,0.008976557090573323,1204.43,0.002255101021868766
2023-09-08,1242.28,1248.1,1240.15,1241.48,920806719.0,-0.001335328281609538,-0.1335328281609538,-0.014378000451074402,-1.4378000451074402,1223.63,7.949999999999818,-0.7999999999999545,4,9,2023,1229.5342857142857,1206.5728571428572,1217.0976666666668,16.02495538956084,26.978136284089427,1243.14,-0.0018948213568846795,1245.5,0.008518356572576158,1234.98,0.008929373800089957,1213.16,0.007248241906960162
2023-09-11,1250.48,1251.37,1223.33,1223.63,1242292544.0,-0.014378000451074402,-1.4378000451074402,0.017824015429500628,1.7824015429500628,1245.44,28.039999999999964,-26.84999999999991,0,9,2023,1232.277142857143,1209.8328571428572,1217.974333333333,12.198140178273931,25.99828083919568,1241.48,-0.001335328281609538,1243.14,-0.0018948213568846795,1245.5,0.008518356572576158,1224.05,0.008976557090573323
2023-09-12,1227.16,1245.44,1220.85,1245.44,832491088.0,0.017824015429500628,1.7824015429500628,-0.005660650051387384,-0.5660650051387384,1238.39,24.590000000000146,18.279999999999973,1,9,2023,1236.8885714285716,1214.5242857142857,1219.2333333333333,9.589112625870985,26.080049467362745,1223.63,-0.014378000451074402,1241.48,-0.001335328281609538,1243.14,-0.0018948213568846795,1234.98,0.008929373800089957
2023-09-13,1248.94,1250.61,1232.84,1238.39,1126481442.0,-0.005660650051387384,-0.5660650051387384,-0.011773350883001465,-1.1773350883001465,1223.81,17.769999999999982,-10.549999999999955,2,9,2023,1238.9371428571428,1218.6599999999999,1219.7496666666666,7.743334153241925,24.828610357972575,1245.44,0.017824015429500628,1223.63,-0.014378000451074402,1241.48,-0.001335328281609538,1245.5,0.008518356572576158
2023-09-14,1238.19,1244.21,1223.03,1223.81,1110222861.0,-0.011773350883001465,-1.1773350883001465,0.002900777081409567,0.2900777081409567,1227.36,21.180000000000064,-14.38000000000011,3,9,2023,1237.3414285714287,1222.3207142857143,1219.9579999999999,9.618581718994104,20.990253219533383,1238.39,-0.005660650051387384,1245.44,0.017824015429500628,1223.63,-0.014378000451074402,1243.14,-0.0018948213568846795
2023-09-15,1228.87,1233.87,1220.27,1227.36,822519558.0,0.002900777081409567,0.2900777081409567,-0.012669469430321989,-1.266946943032199,1211.81,13.599999999999909,-1.509999999999991,4,9,2023,1234.75,1225.032857142857,1220.1889999999999,9.497024095259693,18.7404578503282,1223.81,-0.011773350883001465,1238.39,-0.005660650051387384,1245.44,0.017824015429500628,1241.48,-0.001335328281609538
2023-09-18,1225.6,1226.56,1203.88,1211.81,716585507.0,-0.012669469430321989,-1.266946943032199,-0.00025581568067600813,-0.025581568067600813,1211.5,22.679999999999836,-13.789999999999964,0,9,2023,1230.2742857142857,1227.064285714286,1220.2176666666667,11.949812909445312,15.056147078039038,1227.36,0.002900777081409567,1223.81,-0.011773350883001465,1238.39,-0.005660650051387384,1223.63,-0.014378000451074402
2023-09-19,1215.96,1219.57,1199.85,1211.5,831441539.0,-0.00025581568067600813,-0.025581568067600813,0.012059430458109643,1.2059430458109643,1226.11,19.720000000000027,-4.460000000000036,1,9,2023,1225.9914285714287,1227.7628571428572,1219.7350000000001,12.618068299799477,13.978061067586363,1211.81,-0.012669469430321989,1227.36,0.002900777081409567,1223.81,-0.011773350883001465,1245.44,0.017824015429500628
2023-09-20,1212.7,1226.11,1209.46,1226.11,722191241.0,0.012059430458109643,1.2059430458109643,-0.010904404988133165,-1.0904404988133165,1212.74,16.649999999999864,13.409999999999854,2,9,2023,1226.3457142857144,1229.3114285714287,1219.2246666666665,12.575458715455094,12.293704365786523,1211.5,-0.00025581568067600813,1211.81,-0.012669469430321989,1227.36,0.002900777081409567,1238.39,-0.005660650051387384
2023-09-21,1226.79,1227.88,1211.65,1212.74,863512780.0,-0.010904404988133165,-1.0904404988133165,-0.016235961541633093,-1.6235961541633093,1193.05,16.230000000000018,-14.049999999999955,3,9,2023,1221.6742857142856,1229.2814285714285,1218.2416666666666,10.13756193096537,12.336587769824744,1226.11,0.012059430458109643,1211.5,-0.00025581568067600813,1211.81,-0.012669469430321989,1223.81,-0.011773350883001465
2023-09-22,1197.49,1199.13,1174.57,1193.05,1236490782.0,-0.016235961541633093,-1.6235961541633093,-0.033401785340094636,-3.3401785340094636,1153.2,24.560000000000173,-4.440000000000055,4,9,2023,1215.1971428571428,1227.067142857143,1216.877,11.99223320079759,15.677504426895409,1212.74,-0.010904404988133165,1226.11,0.012059430458109643,1211.5,-0.00025581568067600813,1227.36,0.002900777081409567
2023-09-25,1190.58,1195.62,1153.2,1153.2,936520475.0,-0.033401785340094636,-3.3401785340094636,-0.013215400624349671,-1.3215400624349671,1137.96,42.419999999999845,-37.37999999999988,0,9,2023,1205.1100000000001,1221.2257142857143,1214.63,25.560689870702042,24.97879615079973,1193.05,-0.016235961541633093,1212.74,-0.010904404988133165,1226.11,0.012059430458109643,1211.81,-0.012669469430321989
2023-09-26,1150.94,1163.52,1137.96,1137.96,897032340.0,-0.013215400624349671,-1.3215400624349671,0.01396358395725672,1.396358395725672,1153.85,25.559999999999945,-12.980000000000018,1,9,2023,1192.3385714285712,1213.5442857142857,1211.4883333333335,33.64616740361432,32.378887640490014,1153.2,-0.033401785340094636,1193.05,-0.016235961541633093,1212.74,-0.010904404988133165,1211.5,-0.00025581568067600813
2023-09-27,1139.76,1153.85,1126.36,1153.85,719877728.0,0.01396358395725672,1.396358395725672,-0.0012306625644580294,-0.12306625644580294,1152.43,27.49000000000001,14.089999999999918,2,9,2023,1184.0585714285714,1207.1664285714287,1208.7220000000002,35.1537392172172,34.80398222289672,1137.96,-0.013215400624349671,1153.2,-0.033401785340094636,1193.05,-0.016235961541633093,1226.11,0.012059430458109643
2023-09-28,1153.74,1155.39,1136.99,1152.43,603271137.0,-0.0012306625644580294,-0.12306625644580294,0.0014924984597763924,0.14924984597763924,1154.15,18.40000000000009,-1.3099999999999454,3,9,2023,1175.6200000000001,1200.8057142857142,1206.0013333333334,34.55329313779622,36.161344791684805,1153.85,0.01396358395725672,1137.96,-0.013215400624349671,1153.2,-0.033401785340094636,1212.74,-0.010904404988133165
2023-09-29,1157.76,1163.88,1152.45,1154.15,490698501.0,0.0014924984597763924,0.14924984597763924,0.0009530823549797063,0.09530823549797063,1155.25,11.430000000000064,-3.6099999999999,4,9,2023,1165.34,1195.8428571428572,1203.031,26.88107264724694,37.52982965969794,1152.43,-0.0012306625644580294,1153.85,0.01396358395725672,1137.96,-0.013215400624349671,1193.05,-0.016235961541633093
2023-10-02,1155.07,1161.48,1149.63,1155.25,432841811.0,0.0009530823549797063,0.09530823549797063,-0.032157541657649946,-3.2157541657649946,1118.1,11.849999999999909,0.18000000000006366,0,10,2023,1157.1271428571429,1189.4007142857142,1200.4233333333334,16.92357006690659,36.07389008139533,1154.15,0.0014924984597763924,1152.43,-0.0012306625644580294,1153.85,0.01396358395725672,1153.2,-0.033401785340094636
2023-10-03,1145.85,1146.59,1117.28,1118.1,879751841.0,-0.032157541657649946,-3.2157541657649946,0.0094535372506932,0.94535372506932,1128.67,29.309999999999945,-27.75,1,10,2023,1146.42,1180.8085714285714,1198.427,13.835998939965654,37.79247480185051,1155.25,0.0009530823549797063,1154.15,0.0014924984597763924,1152.43,-0.0012306625644580294,1137.96,-0.013215400624349671
2023-10-04,1106.61,1133.79,1106.4,1128.67,609105878.0,0.0094535372506932,0.94535372506932,-0.013095058786004699,-1.3095058786004699,1113.89,27.389999999999873,22.060000000000173,2,10,2023,1142.9157142857143,1174.0128571428572,1196.724,14.898227922749308,38.01850610680971,1118.1,-0.032157541657649946,1155.25,0.0009530823549797063,1154.15,0.0014924984597763924,1153.85,0.01396358395725672
2023-10-05,1131.29,1133.12,1113.89,1113.89,512428619.0,-0.013095058786004699,-1.3095058786004699,0.013152106581439726,1.3152106581439726,1128.54,19.22999999999979,-17.399999999999864,3,10,2023,1139.4771428571428,1165.907857142857,1194.504,18.560305954993716,37.865606919244264,1128.67,0.0094535372506932,1118.1,-0.032157541657649946,1155.25,0.0009530823549797063,1152.43,-0.0012306625644580294
2023-10-06,1115.23,1129.13,1107.4,1128.54,539729169.0,0.013152106581439726,1.3152106581439726,0.00781540751767773,0.781540751767773,1137.36,21.730000000000018,13.309999999999945,4,10,2023,1135.8614285714286,1159.96,1193.0366666666666,17.740904175168964,36.62021971954492,1113.89,-0.013095058786004699,1128.67,0.0094535372506932,1118.1,-0.032157541657649946,1154.15,0.0014924984597763924
2023-10-09,1130.25,1137.36,1127.03,1137.36,512236036.0,0.00781540751767773,0.781540751767773,0.005565520151930903,0.5565520151930903,1143.69,10.329999999999927,7.1099999999999,0,10,2023,1133.7085714285715,1154.6642857142856,1191.3023333333333,16.24665445414973,33.84954327933848,1128.54,0.013152106581439726,1113.89,-0.013095058786004699,1128.67,0.0094535372506932,1155.25,0.0009530823549797063
2023-10-10,1143.6,1150.34,1141.97,1143.69,593794892.0,0.005565520151930903,0.5565520151930903,0.006225463193697545,0.6225463193697545,1150.81,8.36999999999989,0.09000000000014552,1,10,2023,1132.2142857142858,1148.7771428571427,1189.9796666666666,14.433002525633228,26.927276827830866,1137.36,0.00781540751767773,1128.54,0.013152106581439726,1113.89,-0.013095058786004699,1118.1,-0.032157541657649946
2023-10-11,1146.2,1150.81,1138.22,1150.81,466190895.0,0.006225463193697545,0.6225463193697545,0.0006951625376907522,0.06951625376907522,1151.61,12.589999999999918,4.6099999999999,2,10,2023,1131.5800000000002,1144.3535714285713,1188.2826666666665,13.30544750594698,19.7385813562176,1143.69,0.005565520151930903,1137.36,0.00781540751767773,1128.54,0.013152106581439726,1128.67,0.0094535372506932
2023-10-12,1155.12,1156.73,1148.11,1151.61,573657380.0,0.0006951625376907522,0.06951625376907522,0.0027092505275223555,0.27092505275223555,1154.73,8.620000000000118,-3.509999999999991,3,10,2023,1136.3671428571429,1141.3935714285715,1186.5220000000002,13.670423931843898,14.206179374397044,1150.81,0.006225463193697545,1143.69,0.005565520151930903,1137.36,0.00781540751767773,1113.89,-0.013095058786004699
2023-10-13,1145.03,1155.1,1138.99,1154.73,550270198.0,0.0027092505275223555,0.27092505275223555,-0.011526504031245333,-1.1526504031245333,1141.42,16.1099999999999,9.700000000000045,4,10,2023,1140.09,1141.502857142857,1184.5743333333335,14.732129287154862,14.309500033500585,1151.61,0.0006951625376907522,1150.81,0.006225463193697545,1143.69,0.005565520151930903,1128.54,0.013152106581439726
2023-10-16,1152.69,1157.46,1140.64,1141.42,579368110.0,-0.011526504031245333,-1.1526504031245333,-0.017320530567188186,-1.7320530567188186,1121.65,16.819999999999936,-11.269999999999982,0,10,2023,1144.0228571428572,1141.75,1181.82,9.21295413044094,14.273437406055303,1154.73,0.0027092505275223555,1151.61,0.0006951625376907522,1150.81,0.006225463193697545,1137.36,0.00781540751767773
2023-10-17,1145.34,1147.89,1121.65,1121.65,526675209.0,-0.017320530567188186,-1.7320530567188186,-0.016270672669727593,-1.6270672669727593,1103.4,26.24000000000001,-23.689999999999827,1,10,2023,1143.0385714285715,1139.45,1178.0423333333335,11.279149537345695,14.759724825450817,1141.42,-0.011526504031245333,1154.73,0.0027092505275223555,1151.61,0.0006951625376907522,1143.69,0.005565520151930903
2023-10-18,1123.73,1125.27,1088.87,1103.4,869615115.0,-0.016270672669727593,-1.6270672669727593,-0.014092804060177766,-1.4092804060177766,1087.85,36.40000000000009,-20.329999999999927,2,10,2023,1138.1871428571428,1135.9478571428572,1173.3056666666666,18.87472270373748,17.07777511115507,1121.65,-0.017320530567188186,1141.42,-0.011526504031245333,1154.73,0.0027092505275223555,1150.81,0.006225463193697545
2023-10-19,1102.93,1103.65,1087.85,1087.85,565321311.0,-0.014092804060177766,-1.4092804060177766,0.018550351610975735,1.8550351610975735,1108.03,15.800000000000182,-15.080000000000155,3,10,2023,1130.21,1131.212142857143,1168.1293333333335,26.44375729733171,20.49308182648879,1103.4,-0.016270672669727593,1121.65,-0.017320530567188186,1141.42,-0.011526504031245333,1151.61,0.0006951625376907522
2023-10-20,1085.83,1108.16,1073.73,1108.03,551429250.0,0.018550351610975735,1.8550351610975735,-0.013086288277393221,-1.308628827739322,1093.53,34.430000000000064,22.200000000000045,4,10,2023,1124.0985714285714,1127.8392857142858,1163.681,25.825630956202072,20.11484352958472,1087.85,-0.014092804060177766,1103.4,-0.016270672669727593,1121.65,-0.017320530567188186,1154.73,0.0027092505275223555
2023-10-23,1106.56,1106.8,1086.54,1093.53,454989854.0,-0.013086288277393221,-1.308628827739322,0.01131198961162494,1.131198961162494,1105.9,20.25999999999999,-13.029999999999973,0,10,2023,1115.8014285714287,1126.0842857142857,1159.3443333333335,24.824182046665797,22.012309742952183,1108.03,0.018550351610975735,1087.85,-0.014092804060177766,1103.4,-0.016270672669727593,1141.42,-0.011526504031245333
2023-10-24,1095.42,1107.3,1088.17,1105.9,402534037.0,0.01131198961162494,1.131198961162494,-0.003833981372637685,-0.3833981372637685,1101.66,19.12999999999988,10.480000000000018,1,10,2023,1108.8257142857144,1124.4578571428572,1154.693,17.9787864413898,22.63885162165103,1093.53,-0.013086288277393221,1108.03,0.018550351610975735,1087.85,-0.014092804060177766,1121.65,-0.017320530567188186
2023-10-25,1106.41,1111.39,1100.64,1101.66,439725814.0,-0.003833981372637685,-0.3833981372637685,-0.04194579089737305,-4.194579089737305,1055.45,10.75,-4.75,2,10,2023,1103.1457142857143,1123.5842857142857,1150.1353333333332,10.820842322657132,23.304188700507996,1105.9,0.01131198961162494,1093.53,-0.013086288277393221,1108.03,0.018550351610975735,1103.4,-0.016270672669727593
2023-10-26,1082.8,1083.22,1049.71,1055.45,1039942289.0,-0.04194579089737305,-4.194579089737305,0.004898384575299453,0.48983845752994526,1060.62,33.50999999999999,-27.34999999999991,3,10,2023,1093.6885714285713,1118.3635714285715,1144.5233333333335,18.298239832093838,29.4778241570305,1101.66,-0.003833981372637685,1105.9,0.01131198961162494,1093.53,-0.013086288277393221,1087.85,-0.014092804060177766
2023-10-27,1059.41,1061.87,1037.46,1060.62,578821510.0,0.004898384575299453,0.48983845752994526,-0.01717863136655895,-1.717863136655895,1042.4,24.409999999999854,1.209999999999809,4,10,2023,1087.577142857143,1112.882142857143,1138.9653333333333,21.395969802979543,32.639120505345296,1055.45,-0.04194579089737305,1101.66,-0.003833981372637685,1105.9,0.01131198961162494,1108.03,0.018550351610975735
2023-10-30,1054.03,1060.39,1042.4,1042.4,415365664.0,-0.01717863136655895,-1.717863136655895,-0.013632003069838916,-1.3632003069838916,1028.19,17.99000000000001,-11.629999999999882,0,10,2023,1081.0842857142857,1105.6471428571429,1133.3183333333332,27.36337141579282,36.305152935500786,1060.62,0.004898384575299453,1055.45,-0.04194579089737305,1101.66,-0.003833981372637685,1093.53,-0.013086288277393221
2023-10-31,1045.6,1046.17,1025.03,1028.19,648004448.0,-0.013632003069838916,-1.3632003069838916,0.01115552572968026,1.115552572968026,1039.66,21.1400000000001,-17.409999999999854,1,10,2023,1069.6785714285713,1096.8885714285714,1127.208,30.696433793189325,39.243601116247575,1042.4,-0.01717863136655895,1060.62,0.004898384575299453,1055.45,-0.04194579089737305,1105.9,0.01131198961162494
2023-11-01,1029.0,1039.66,1020.01,1039.66,539972091.0,0.01115552572968026,1.115552572968026,0.03444395283073298,3.4443952830732982,1075.47,19.65000000000009,10.660000000000082,2,11,2023,1061.9828571428573,1088.8921428571427,1120.993,30.47206956887211,38.63662813336791,1028.19,-0.013632003069838916,1042.4,-0.01717863136655895,1060.62,0.004898384575299453,1101.66,-0.003833981372637685
2023-11-02,1048.62,1075.47,1045.14,1075.47,667009654.0,0.03444395283073298,3.4443952830732982,0.0012180720987102767,0.12180720987102767,1076.78,30.329999999999927,26.850000000000136,3,11,2023,1057.6357142857144,1083.2307142857144,1116.4173333333335,24.806538692559414,33.74458713614157,1039.66,0.01115552572968026,1028.19,-0.013632003069838916,1042.4,-0.01717863136655895,1055.45,-0.04194579089737305
2023-11-03,1081.35,1082.23,1071.11,1076.78,649923945.0,0.0012180720987102767,0.12180720987102767,0.011961589182562848,1.1961589182562848,1089.66,11.120000000000118,-4.569999999999936,4,11,2023,1054.0814285714287,1078.6135714285715,1112.5416666666667,18.403448434639127,29.29981585847039,1075.47,0.03444395283073298,1039.66,0.01115552572968026,1028.19,-0.013632003069838916,1060.62,0.004898384575299453
2023-11-06,1082.21,1089.66,1081.01,1089.66,508936305.0,0.011961589182562848,1.1961589182562848,-0.008599012536020467,-0.8599012536020467,1080.29,8.650000000000091,7.4500000000000455,0,11,2023,1058.9685714285715,1076.3285714285714,1110.4236666666666,22.835987993071885,26.828546753015175,1076.78,0.0012180720987102767,1075.47,0.03444395283073298,1039.66,0.01115552572968026,1042.4,-0.01717863136655895
2023-11-07,1086.68,1089.89,1079.42,1080.29,480141780.0,-0.008599012536020467,-0.8599012536020467,0.03067694785659425,3.067694785659425,1113.43,10.470000000000027,-6.3900000000001,1,11,2023,1061.7785714285715,1074.6778571428572,1108.5013333333334,24.24010961787037,25.722938933221208,1089.66,0.011961589182562848,1076.78,0.0012180720987102767,1075.47,0.03444395283073298,1028.19,-0.013632003069838916
2023-11-08,1079.14,1113.43,1075.8,1113.43,800215243.0,0.03067694785659425,3.067694785659425,0.0004131377814502457,0.04131377814502457,1113.89,37.63000000000011,34.289999999999964,2,11,2023,1071.9257142857143,1076.5049999999999,1107.154,29.146431946958586,27.572547035041957,1080.29,-0.008599012536020467,1089.66,0.011961589182562848,1076.78,0.0012180720987102767,1039.66,0.01115552572968026
2023-11-09,1116.42,1124.78,1112.13,1113.89,928460378.0,0.0004131377814502457,0.04131377814502457,-0.010961585075725644,-1.0961585075725644,1101.68,12.649999999999864,-2.5299999999999727,3,11,2023,1084.1685714285716,1076.9235714285714,1105.8693333333333,25.482224803829332,28.126840892127095,1113.43,0.03067694785659425,1080.29,-0.008599012536020467,1089.66,0.011961589182562848,1075.47,0.03444395283073298
2023-11-10,1105.75,1116.02,1101.23,1101.68,877008662.0,-0.010961585075725644,-1.0961585075725644,-0.00146140440055198,-0.146140440055198,1100.07,14.789999999999964,-4.069999999999936,4,11,2023,1093.0285714285715,1077.5057142857142,1104.1203333333333,16.694323814383857,28.5777107104498,1113.89,0.0004131377814502457,1113.43,0.03067694785659425,1080.29,-0.008599012536020467,1076.78,0.0012180720987102767
2023-11-13,1103.66,1107.91,1093.19,1100.07,663473944.0,-0.00146140440055198,-0.146140440055198,0.008781259374403438,0.8781259374403438,1109.73,14.720000000000027,-3.5900000000001455,0,11,2023,1096.542857142857,1077.0892857142858,1102.281,14.87183883978793,28.17172053516953,1101.68,-0.010961585075725644,1113.89,0.0004131377814502457,1113.43,0.03067694785659425,1089.66,0.011961589182562848
2023-11-14,1109.08,1115.6,1101.67,1109.73,703358836.0,0.008781259374403438,0.8781259374403438,0.01150730357834795,1.150730357834795,1122.5,13.929999999999836,0.650000000000091,1,11,2023,1101.25,1077.6657142857143,1102.002,12.61784054426134,28.78894064213393,1100.07,-0.00146140440055198,1101.68,-0.010961585075725644,1113.89,0.0004131377814502457,1080.29,-0.008599012536020467
2023-11-15,1124.56,1132.75,1118.74,1122.5,800661750.0,0.01150730357834795,1.150730357834795,0.002699331848552422,0.2699331848552422,1125.53,14.009999999999991,-2.0599999999999454,2,11,2023,1105.9414285714286,1082.455,1101.7963333333332,13.653005076517903,30.344045100753387,1109.73,0.008781259374403438,1100.07,-0.00146140440055198,1101.68,-0.010961585075725644,1113.43,0.03067694785659425
2023-11-16,1119.98,1125.53,1114.97,1125.53,555157978.0,0.002699331848552422,0.2699331848552422,-0.021625367604595103,-2.1625367604595103,1101.19,10.559999999999945,5.5499999999999545,3,11,2023,1112.4042857142856,1087.0914285714287,1102.1843333333334,9.589612187419043,31.680656281353087,1122.5,0.01150730357834795,1109.73,0.008781259374403438,1100.07,-0.00146140440055198,1113.89,0.0004131377814502457
2023-11-17,1128.14,1129.84,1096.16,1101.19,1066006039.0,-0.021625367604595103,-2.1625367604595103,0.0022430279969851696,0.22430279969851696,1103.66,33.679999999999836,-26.950000000000045,4,11,2023,1110.6557142857143,1091.2907142857143,1101.2726666666667,10.448840218182482,29.091634659168466,1125.53,0.002699331848552422,1122.5,0.01150730357834795,1109.73,0.008781259374403438,1101.68,-0.010961585075725644
2023-11-20,1085.4,1111.26,1085.32,1103.66,688468182.0,0.0022430279969851696,0.22430279969851696,0.00616131779714757,0.616131779714757,1110.46,25.940000000000055,18.25999999999999,0,11,2023,1109.1942857142858,1096.6814285714286,1100.1493333333335,10.634837182821268,22.814744846639947,1101.19,-0.021625367604595103,1125.53,0.002699331848552422,1122.5,0.01150730357834795,1100.07,-0.00146140440055198
2023-11-21,1112.61,1112.77,1103.79,1110.46,552332579.0,0.00616131779714757,0.616131779714757,0.0030257731030383095,0.30257731030383095,1113.82,8.980000000000018,-2.1499999999998636,1,11,2023,1110.4485714285715,1101.7385714285715,1099.0416666666667,10.105472821829181,16.045664574833875,1103.66,0.0022430279969851696,1101.19,-0.021625367604595103,1125.53,0.002699331848552422,1109.73,0.008781259374403438
2023-11-22,1111.35,1115.47,1103.26,1113.82,755210854.0,0.0030257731030383095,0.30257731030383095,-0.022741556086261605,-2.2741556086261605,1088.49,12.210000000000036,2.4700000000000273,2,11,2023,1112.412857142857,1104.4778571428571,1097.8086666666668,9.031116051916841,14.40591501302077,1110.46,0.00616131779714757,1103.66,0.0022430279969851696,1101.19,-0.021625367604595103,1122.5,0.01150730357834795
2023-11-23,1117.71,1118.54,1088.49,1088.49,899564966.0,-0.022741556086261605,-2.2741556086261605,0.006541171714944394,0.6541171714944394,1095.61,30.049999999999955,-29.220000000000027,3,11,2023,1109.3785714285714,1105.314285714286,1095.7046666666668,12.845384941140132,12.939328073310234,1113.82,0.0030257731030383095,1110.46,0.00616131779714757,1103.66,0.0022430279969851696,1125.53,0.002699331848552422
2023-11-24,1090.97,1095.61,1073.31,1095.61,821052812.0,0.006541171714944394,0.6541171714944394,-0.00689113827000476,-0.689113827000476,1088.06,22.299999999999955,4.639999999999873,4,11,2023,1105.537142857143,1105.7392857142856,1093.7340000000002,12.275511821369154,12.47498571867176,1088.49,-0.022741556086261605,1113.82,0.0030257731030383095,1110.46,0.00616131779714757,1101.19,-0.021625367604595103
2023-11-27,1095.59,1096.84,1085.69,1088.06,462595978.0,-0.00689113827000476,-0.689113827000476,0.006773523518923685,0.6773523518923685,1095.43,11.149999999999864,-7.529999999999973,0,11,2023,1100.1842857142858,1106.2942857142857,1091.9553333333333,10.077150485389401,11.38050675785933,1095.61,0.006541171714944394,1088.49,-0.022741556086261605,1113.82,0.0030257731030383095,1103.66,0.0022430279969851696
2023-11-28,1088.6,1095.43,1076.45,1095.43,548105206.0,0.006773523518923685,0.6773523518923685,0.006727951580657754,0.6727951580657754,1102.8,18.980000000000018,6.830000000000155,1,11,2023,1099.3614285714286,1105.0085714285713,1091.0813333333333,10.215559094806085,11.528154737341687,1088.06,-0.00689113827000476,1095.61,0.006541171714944394,1088.49,-0.022741556086261605,1110.46,0.00616131779714757
2023-11-29,1097.28,1105.28,1096.33,1102.8,514743500.0,0.006727951580657754,0.6727951580657754,-0.007861806311207697,-0.7861806311207697,1094.13,8.950000000000045,5.519999999999982,2,11,2023,1099.2385714285715,1104.2164285714287,1091.0613333333333,10.160268087972678,11.24856134878238,1095.43,0.006773523518923685,1088.06,-0.00689113827000476,1095.61,0.006541171714944394,1113.82,0.0030257731030383095
2023-11-30,1101.75,1107.45,1094.13,1094.13,606826839.0,-0.007861806311207697,-0.7861806311207697,0.007339164450293811,0.7339164450293811,1102.16,13.319999999999936,-7.619999999999891,3,11,2023,1096.9057142857143,1103.6771428571428,1091.2706666666668,8.957936624685036,11.556292610557895,1102.8,0.006727951580657754,1095.43,0.006773523518923685,1088.06,-0.00689113827000476,1088.49,-0.022741556086261605
2023-12-01,1099.18,1102.2,1090.08,1102.16,518711253.0,0.007339164450293811,0.7339164450293811,0.016630979168178683,1.6630979168178683,1120.49,12.120000000000118,2.980000000000018,4,12,2023,1095.24,1103.8264285714286,1091.075,5.824660219027792,11.519551678726804,1094.13,-0.007861806311207697,1102.8,0.006727951580657754,1095.43,0.006773523518923685,1095.61,0.006541171714944394
2023-12-04,1107.74,1123.96,1106.62,1120.49,984773992.0,0.016630979168178683,1.6630979168178683,-0.004033949432837414,-0.40339494328374137,1115.97,17.340000000000146,12.75,0,12,2023,1099.8114285714287,1104.595,1091.9736666666665,10.402518010213011,12.277727019647031,1102.16,0.007339164450293811,1094.13,-0.007861806311207697,1102.8,0.006727951580657754,1088.06,-0.00689113827000476
2023-12-05,1122.28,1124.11,1113.55,1115.97,707845758.0,-0.004033949432837414,-0.40339494328374137,0.00937301181931427,0.937301181931427,1126.43,10.559999999999945,-6.309999999999945,1,12,2023,1102.72,1104.1285714285716,1092.3093333333334,11.786314097308145,11.653356635701956,1120.49,0.016630979168178683,1102.16,0.007339164450293811,1094.13,-0.007861806311207697,1095.43,0.006773523518923685
2023-12-06,1118.06,1126.43,1116.03,1126.43,738707669.0,0.00937301181931427,0.937301181931427,-0.004385536606802076,-0.4385536606802076,1121.49,10.400000000000091,8.370000000000118,2,12,2023,1108.2014285714288,1104.1928571428573,1093.1349999999998,12.717633989311105,11.782268573877921,1115.97,-0.004033949432837414,1120.49,0.016630979168178683,1102.16,0.007339164450293811,1102.8,0.006727951580657754
2023-12-07,1128.67,1129.83,1109.51,1121.49,1221764657.0,-0.004385536606802076,-0.4385536606802076,0.00263042916120515,0.263042916120515,1124.44,20.319999999999936,-7.180000000000064,3,12,2023,1111.9242857142858,1105.642857142857,1095.3363333333334,12.1579080672528,12.604709393748168,1126.43,0.00937301181931427,1115.97,-0.004033949432837414,1120.49,0.016630979168178683,1094.13,-0.007861806311207697
2023-12-08,1122.09,1127.46,1119.43,1124.44,689966264.0,0.00263042916120515,0.263042916120515,0.0009426914730887859,0.09426914730887859,1125.5,8.029999999999973,2.3500000000001364,4,12,2023,1115.0157142857145,1107.1271428571429,1097.4636666666665,12.20232471997652,13.541902166441211,1121.49,-0.004385536606802076,1126.43,0.00937301181931427,1115.97,-0.004033949432837414,1102.16,0.007339164450293811
2023-12-11,1127.92,1129.15,1120.32,1125.5,570094573.0,0.0009426914730887859,0.09426914730887859,0.0018924922256775556,0.18924922256775556,1127.63,8.830000000000155,-2.4200000000000728,0,12,2023,1119.4971428571428,1108.2014285714286,1100.2336666666667,8.43114407874058,14.396252641213465,1124.44,0.00263042916120515,1121.49,-0.004385536606802076,1126.43,0.00937301181931427,1120.49,0.016630979168178683
2023-12-12,1127.55,1129.77,1123.35,1127.63,498413736.0,0.0018924922256775556,0.18924922256775556,-0.011909934996408467,-1.1909934996408467,1114.2,6.420000000000073,0.08000000000015461,1,12,2023,1123.1357142857144,1109.1878571428572,1103.5483333333332,4.070167306761531,15.258177216751111,1125.5,0.0009426914730887859,1124.44,0.00263042916120515,1121.49,-0.004385536606802076,1115.97,-0.004033949432837414
2023-12-13,1129.94,1131.21,1112.08,1114.2,714276741.0,-0.011909934996408467,-1.1909934996408467,-0.0036528450906478938,-0.3652845090647894,1110.13,19.13000000000011,-15.740000000000009,2,12,2023,1122.237142857143,1111.0242857142857,1106.033,5.269293799280087,14.076880507944015,1127.63,0.0018924922256775556,1125.5,0.0009426914730887859,1124.44,0.00263042916120515,1126.43,0.00937301181931427
2023-12-14,1119.62,1120.36,1107.86,1110.13,559832758.0,-0.0036528450906478938,-0.3652845090647894,-0.007053228000324374,-0.7053228000324374,1102.3,12.5,-9.489999999999782,3,12,2023,1121.4028571428573,1112.0614285714287,1107.1883333333333,6.696097655336537,13.371040956616277,1114.2,-0.011909934996408467,1127.63,0.0018924922256775556,1125.5,0.0009426914730887859,1121.49,-0.004385536606802076
2023-12-15,1109.51,1112.79,1102.3,1102.3,641927289.0,-0.007053228000324374,-0.7053228000324374,-0.009452961988569264,-0.9452961988569264,1091.88,10.490000000000009,-7.210000000000036,4,12,2023,1117.9557142857143,1113.0785714285714,1108.039,9.358541298642585,11.861166019428175,1110.13,-0.0036528450906478938,1114.2,-0.011909934996408467,1127.63,0.0018924922256775556,1124.44,0.00263042916120515
2023-12-18,1103.43,1103.74,1091.45,1091.88,485967620.0,-0.009452961988569264,-0.9452961988569264,0.0040480638898046095,0.40480638898046095,1096.3,12.289999999999964,-11.549999999999955,0,12,2023,1113.7257142857143,1112.825,1108.113,13.339759939310282,12.297409201807515,1102.3,-0.007053228000324374,1110.13,-0.0036528450906478938,1114.2,-0.011909934996408467,1125.5,0.0009426914730887859
2023-12-19,1091.26,1096.3,1082.29,1096.3,513256942.0,0.0040480638898046095,0.40480638898046095,0.004068229499224696,0.4068229499224696,1100.76,14.009999999999991,5.039999999999964,1,12,2023,1109.7057142857143,1112.3607142857143,1108.6466666666668,13.804781607778345,12.816751937193589,1091.88,-0.009452961988569264,1102.3,-0.007053228000324374,1110.13,-0.0036528450906478938,1127.63,0.0018924922256775556
2023-12-20,1098.1,1102.27,1093.38,1100.76,433798180.0,0.004068229499224696,0.4068229499224696,0.001517133616773858,0.1517133616773858,1102.43,8.889999999999873,2.660000000000082,2,12,2023,1106.1714285714286,1112.8342857142857,1108.2243333333333,12.155657706849892,12.198917174059252,1096.3,0.0040480638898046095,1091.88,-0.009452961988569264,1102.3,-0.007053228000324374,1114.2,-0.011909934996408467
2023-12-21,1096.22,1102.43,1094.47,1102.43,411137272.0,0.001517133616773858,0.1517133616773858,0.0005714648549113299,0.05714648549113299,1103.06,7.960000000000036,6.210000000000036,3,12,2023,1102.5714285714287,1112.8535714285715,1107.8423333333333,7.630728293296988,12.180943886079671,1100.76,0.004068229499224696,1096.3,0.0040480638898046095,1091.88,-0.009452961988569264,1110.13,-0.0036528450906478938
2023-12-22,1103.08,1104.65,1099.32,1103.06,457342945.0,0.0005714648549113299,0.05714648549113299,0.013235907384911094,1.3235907384911094,1117.66,5.330000000000155,-0.01999999999998181,4,12,2023,1100.98,1111.6085714285714,1107.8883333333333,5.725012372657951,12.231041126279495,1102.43,0.001517133616773858,1100.76,0.004068229499224696,1096.3,0.0040480638898046095,1102.3,-0.007053228000324374
2023-12-25,1104.27,1118.31,1104.27,1117.66,513367086.0,0.013235907384911094,1.3235907384911094,0.004106794552905191,0.4106794552905191,1122.25,14.039999999999964,13.3900000000001,0,12,2023,1102.0557142857142,1111.7292857142859,1108.4746666666665,7.990143630655668,12.285615393791614,1103.06,0.0005714648549113299,1102.43,0.001517133616773858,1100.76,0.004068229499224696,1091.88,-0.009452961988569264
2023-12-26,1120.11,1123.11,1117.93,1122.25,526323287.0,0.004106794552905191,0.4106794552905191,-0.00023167743372687344,-0.023167743372687344,1121.99,5.179999999999836,2.1400000000001,1,12,2023,1104.9057142857143,1111.4307142857144,1108.892,11.060035951048592,11.946994771309928,1117.66,0.013235907384911094,1103.06,0.0005714648549113299,1102.43,0.001517133616773858,1096.3,0.0040480638898046095
2023-12-27,1123.28,1126.47,1121.99,1121.99,526146731.0,-0.00023167743372687344,-0.023167743372687344,0.006185438372890983,0.6185438372890983,1128.93,4.480000000000018,-1.2899999999999636,2,12,2023,1109.2071428571428,1111.4664285714287,1108.875,11.004801549470079,11.980080651538005,1122.25,0.004106794552905191,1117.66,0.013235907384911094,1103.06,0.0005714648549113299,1100.76,0.004068229499224696
2023-12-28,1122.77,1130.58,1120.5,1128.93,558386951.0,0.006185438372890983,0.6185438372890983,0.0008857945133888823,0.08857945133888823,1129.93,10.079999999999927,6.160000000000082,3,12,2023,1113.8685714285714,1111.787142857143,1108.9883333333335,11.52481587500247,12.406614506635467,1121.99,-0.00023167743372687344,1122.25,0.004106794552905191,1117.66,0.013235907384911094,1102.43,0.001517133616773858
2023-12-29,1131.75,1135.05,1129.93,1129.93,569745860.0,0.0008857945133888823,0.08857945133888823,0.0015841689308186968,0.15841689308186968,1131.72,5.119999999999891,-1.8199999999999363,4,12,2023,1118.0357142857142,1112.1035714285715,1109.9463333333333,11.265785750302845,12.832447219767833,1128.93,0.006185438372890983,1121.99,-0.00023167743372687344,1122.25,0.004106794552905191,1103.06,0.0005714648549113299
2024-01-02,1136.39,1139.71,1128.69,1131.72,723494585.0,0.0015841689308186968,0.15841689308186968,0.01100095429965009,1.100095429965009,1144.17,11.019999999999982,-4.670000000000073,1,1,2024,1122.22,1112.3957142857143,1110.8816666666667,9.854535334907178,13.25278357656417,1129.93,0.0008857945133888823,1128.93,0.006185438372890983,1121.99,-0.00023167743372687344,1117.66,0.013235907384911094
2024-01-03,1130.53,1144.17,1128.32,1144.17,614573860.0,0.01100095429965009,1.100095429965009,0.00572467378099395,0.572467378099395,1150.72,15.850000000000136,13.6400000000001,2,1,2024,1128.0928571428572,1114.5364285714286,1112.0053333333335,8.717175984404632,15.751591180736625,1131.72,0.0015841689308186968,1129.93,0.0008857945133888823,1128.93,0.006185438372890983,1122.25,0.004106794552905191
2024-01-04,1145.49,1160.08,1144.32,1150.72,1071028753.0,0.00572467378099395,0.572467378099395,0.0034413236929922153,0.34413236929922153,1154.68,15.759999999999991,5.230000000000018,3,1,2024,1132.8157142857142,1117.4357142857143,1113.2353333333333,10.823896182596087,18.392340259455207,1144.17,0.01100095429965009,1131.72,0.0015841689308186968,1129.93,0.0008857945133888823,1121.99,-0.00023167743372687344
2024-01-05,1152.37,1155.84,1149.08,1154.68,699280159.0,0.0034413236929922153,0.34413236929922153,0.004771884851214159,0.4771884851214159,1160.19,6.759999999999991,2.310000000000173,4,1,2024,1137.4485714285715,1121.1771428571428,1115.4416666666666,12.376789336733138,20.304768833021683,1150.72,0.00572467378099395,1144.17,0.01100095429965009,1131.72,0.0015841689308186968,1128.93,0.006185438372890983
2024-01-08,1159.42,1162.56,1155.48,1160.19,753445865.0,0.004771884851214159,0.4771884851214159,-0.001379084460303992,-0.1379084460303992,1158.59,7.079999999999927,0.7699999999999818,0,1,2024,1142.9057142857143,1126.0564285714286,1117.5943333333335,12.837781294738875,20.921214337138522,1154.68,0.0034413236929922153,1150.72,0.00572467378099395,1144.17,0.01100095429965009,1129.93,0.0008857945133888823
2024-01-09,1161.71,1162.83,1155.46,1158.59,740754627.0,-0.001379084460303992,-0.1379084460303992,0.0025461983963266377,0.25461983963266377,1161.54,7.369999999999891,-3.1200000000001182,1,1,2024,1147.142857142857,1130.5057142857142,1119.9453333333333,12.341355563427634,20.728846386794427,1160.19,0.004771884851214159,1154.68,0.0034413236929922153,1150.72,0.00572467378099395,1131.72,0.0015841689308186968
2024-01-10,1158.79,1166.1,1155.94,1161.54,865218394.0,0.0025461983963266377,0.25461983963266377,0.0005854296881726562,0.05854296881726562,1162.22,10.159999999999854,2.75,2,1,2024,1151.6585714285716,1134.8471428571427,1122.1490000000001,10.66230029679838,20.381653299196696,1158.59,-0.001379084460303992,1160.19,0.004771884851214159,1154.68,0.0034413236929922153,1144.17,0.01100095429965009
2024-01-11,1162.49,1169.1,1157.43,1162.22,721808488.0,0.0005854296881726562,0.05854296881726562,-0.006470375660374117,-0.6470375660374117,1154.7,11.669999999999845,-0.2699999999999818,3,1,2024,1156.0157142857145,1139.1178571428572,1124.1296666666667,6.623344716842511,19.302071303186285,1161.54,0.0025461983963266377,1158.59,-0.001379084460303992,1160.19,0.004771884851214159,1150.72,0.00572467378099395
2024-01-12,1159.25,1161.91,1146.75,1154.7,972347634.0,-0.006470375660374117,-0.6470375660374117,-0.0005022949683901601,-0.05022949683901601,1154.12,15.160000000000082,-4.5499999999999545,4,1,2024,1157.52,1142.8064285714286,1126.1486666666667,4.2579768278710795,16.6307539988818,1162.22,0.0005854296881726562,1161.54,0.0025461983963266377,1158.59,-0.001379084460303992,1154.68,0.0034413236929922153
2024-01-15,1159.37,1163.75,1154.12,1154.12,513403043.0,-0.0005022949683901601,-0.05022949683901601,0.007798149239247154,0.7798149239247154,1163.12,9.63000000000011,-5.25,0,1,2024,1158.0057142857142,1145.4107142857142,1127.8806666666667,3.474928570696929,15.181637422724528,1154.7,-0.006470375660374117,1162.22,0.0005854296881726562,1161.54,0.0025461983963266377,1160.19,0.004771884851214159
2024-01-16,1150.31,1163.12,1147.71,1163.12,520993518.0,0.007798149239247154,0.7798149239247154,-0.0005072563450030376,-0.05072563450030376,1162.53,15.409999999999854,12.809999999999945,1,1,2024,1159.2114285714285,1148.33,1129.3016666666667,3.590962863317203,14.28866253093668,1154.12,-0.0005022949683901601,1154.7,-0.006470375660374117,1162.22,0.0005854296881726562,1158.59,-0.001379084460303992
2024-01-17,1161.95,1168.46,1160.45,1162.53,637645718.0,-0.0005072563450030376,-0.05072563450030376,0.005617059344705133,0.5617059344705133,1169.06,8.009999999999991,0.5799999999999272,2,1,2024,1159.5457142857142,1151.2257142857143,1130.8536666666666,3.8000695482366167,12.54103585114519,1163.12,0.007798149239247154,1154.12,-0.0005022949683901601,1154.7,-0.006470375660374117,1161.54,0.0025461983963266377
2024-01-18,1164.32,1169.73,1162.62,1169.06,523948655.0,0.005617059344705133,0.5617059344705133,0.01064102783432852,1.064102783432852,1181.5,7.110000000000127,4.740000000000009,3,1,2024,1161.0414285714285,1154.0921428571428,1132.2746666666667,5.173510827833532,11.604182388304618,1162.53,-0.0005072563450030376,1163.12,0.007798149239247154,1154.12,-0.0005022949683901601,1162.22,0.0005854296881726562
2024-01-19,1171.5,1181.5,1171.47,1181.5,578206561.0,0.01064102783432852,1.064102783432852,0.001151079136690658,0.11510791366906581,1182.86,10.029999999999973,10.0,4,1,2024,1163.892857142857,1157.7757142857142,1134.275,9.327212363625465,11.529098112890637,1169.06,0.005617059344705133,1162.53,-0.0005072563450030376,1163.12,0.007798149239247154,1154.7,-0.006470375660374117
2024-01-22,1186.29,1186.96,1175.54,1182.86,695005662.0,0.001151079136690658,0.11510791366906581,-0.004531390020796944,-0.4531390020796944,1177.5,11.420000000000073,-3.4300000000000637,0,1,2024,1166.8414285714287,1161.4285714285713,1136.2223333333334,11.676735315104334,10.711156554044228,1181.5,0.01064102783432852,1169.06,0.005617059344705133,1162.53,-0.0005072563450030376,1154.12,-0.0005022949683901601
2024-01-23,1183.96,1184.74,1173.78,1177.5,546232894.0,-0.004531390020796944,-0.4531390020796944,-0.0038471337579617515,-0.38471337579617515,1172.97,10.960000000000036,-6.460000000000036,1,1,2024,1170.0985714285714,1163.8092857142858,1137.9556666666665,10.87815000903113,10.275282862873787,1182.86,0.001151079136690658,1181.5,0.01064102783432852,1169.06,0.005617059344705133,1163.12,0.007798149239247154
2024-01-24,1175.58,1180.3,1172.0,1172.97,585110178.0,-0.0038471337579617515,-0.38471337579617515,-0.002216595479850425,-0.2216595479850425,1170.37,8.299999999999955,-2.6099999999999,2,1,2024,1172.7914285714285,1165.3985714285714,1139.467,8.288293810286449,9.804968800909041,1177.5,-0.004531390020796944,1182.86,0.001151079136690658,1181.5,0.01064102783432852,1162.53,-0.0005072563450030376
2024-01-25,1173.58,1173.83,1168.5,1170.37,432026831.0,-0.002216595479850425,-0.2216595479850425,0.004528482445722348,0.4528482445722348,1175.67,5.329999999999927,-3.2100000000000364,3,1,2024,1173.8271428571427,1166.5192857142858,1141.3393333333333,7.26857096061083,9.37274975191801,1172.97,-0.0038471337579617515,1177.5,-0.004531390020796944,1182.86,0.001151079136690658,1169.06,0.005617059344705133
2024-01-26,1173.43,1176.76,1173.43,1175.67,450059721.0,0.004528482445722348,0.4528482445722348,1.701157637779005e-05,0.001701157637779005,1175.69,3.3299999999999272,2.240000000000009,4,1,2024,1175.7042857142858,1167.625,1143.5240000000001,5.293042153430693,9.481110572728463,1170.37,-0.002216595479850425,1172.97,-0.0038471337579617515,1177.5,-0.004531390020796944,1181.5,0.01064102783432852
2024-01-29,1177.23,1180.46,1174.88,1175.69,499332696.0,1.701157637779005e-05,0.001701157637779005,0.0033682348238055493,0.33682348238055493,1179.65,5.579999999999927,-1.5399999999999636,0,1,2024,1176.6514285714288,1168.8464285714285,1145.9703333333334,4.428541628151825,9.327855394662627,1175.67,0.004528482445722348,1170.37,-0.002216595479850425,1172.97,-0.0038471337579617515,1182.86,0.001151079136690658
2024-01-30,1176.02,1179.92,1174.13,1179.65,522946236.0,0.0033682348238055493,0.33682348238055493,-0.013003857076251513,-1.3003857076251513,1164.31,5.789999999999964,3.630000000000109,1,1,2024,1176.387142857143,1170.14,1148.896,4.136539271269111,9.490976281143926,1175.69,1.701157637779005e-05,1175.67,0.004528482445722348,1170.37,-0.002216595479850425,1177.5,-0.004531390020796944
2024-01-31,1181.62,1182.53,1163.13,1164.31,955418532.0,-0.013003857076251513,-1.3003857076251513,0.007480825553332071,0.7480825553332071,1173.02,19.399999999999864,-17.309999999999945,2,1,2024,1173.7371428571428,1170.2892857142856,1151.163,5.122950693637015,9.372515846703585,1179.65,0.0033682348238055493,1175.69,1.701157637779005e-05,1175.67,0.004528482445722348,1172.97,-0.0038471337579617515
2024-02-01,1162.78,1174.5,1162.45,1173.02,531547216.0,0.007480825553332071,0.7480825553332071,-0.0004006751803038444,-0.04006751803038444,1172.55,12.049999999999955,10.240000000000009,3,2,2024,1173.097142857143,1171.597857142857,1153.5716666666667,4.846919001741234,8.238888254512364,1164.31,-0.013003857076251513,1179.65,0.0033682348238055493,1175.69,1.701157637779005e-05,1170.37,-0.002216595479850425
2024-02-02,1173.93,1178.27,1169.7,1172.55,734972309.0,-0.0004006751803038444,-0.04006751803038444,0.011521896720822156,1.1521896720822156,1186.06,8.569999999999936,-1.3800000000001091,4,2,2024,1173.037142857143,1172.9142857142856,1155.909,4.851352781383832,6.525688545205656,1173.02,0.007480825553332071,1164.31,-0.013003857076251513,1179.65,0.0033682348238055493,1175.67,0.004528482445722348
2024-02-05,1174.22,1188.45,1173.54,1186.06,722125440.0,0.011521896720822156,1.1521896720822156,0.0020403689526669044,0.20403689526669044,1188.48,14.910000000000082,11.839999999999918,0,2,2024,1175.2785714285712,1174.5528571428572,1158.6756666666665,6.689878993844565,6.753306231392812,1172.55,-0.0004006751803038444,1173.02,0.007480825553332071,1164.31,-0.013003857076251513,1175.69,1.701157637779005e-05
2024-02-06,1189.08,1190.92,1185.68,1188.48,526235527.0,0.0020403689526669044,0.20403689526669044,0.008456179321486124,0.8456179321486124,1198.53,5.240000000000009,-0.599999999999909,1,2,2024,1177.1085714285714,1176.4064285714285,1161.0363333333335,8.358718858310239,6.760797184612207,1186.06,0.011521896720822156,1172.55,-0.0004006751803038444,1173.02,0.007480825553332071,1179.65,0.0033682348238055493
2024-02-07,1190.51,1199.52,1190.5,1198.53,614452225.0,0.008456179321486124,0.8456179321486124,0.00331239101232339,0.331239101232339,1202.5,9.019999999999982,8.019999999999982,2,2,2024,1180.3714285714286,1178.5114285714285,1163.5790000000002,11.558191076126489,8.627580868841026,1188.48,0.0020403689526669044,1186.06,0.011521896720822156,1172.55,-0.0004006751803038444,1164.31,-0.013003857076251513
2024-02-15,1203.08,1207.56,1198.81,1202.5,784034166.0,0.00331239101232339,0.331239101232339,0.0059875259875259434,0.5987525987525943,1209.7,8.75,-0.5799999999999272,3,2,2024,1183.6357142857144,1180.0114285714285,1166.2626666666667,14.23677732393382,10.751303933187934,1198.53,0.008456179321486124,1188.48,0.0020403689526669044,1186.06,0.011521896720822156,1173.02,0.007480825553332071
2024-02-16,1204.9,1210.25,1204.29,1209.7,732603874.0,0.0059875259875259434,0.5987525987525943,0.012622964371331813,1.2622964371331813,1224.97,5.960000000000036,4.7999999999999545,4,2,2024,1190.1200000000001,1181.9285714285713,1168.9550000000002,14.304177711417205,13.371950468825162,1202.5,0.00331239101232339,1198.53,0.008456179321486124,1188.48,0.0020403689526669044,1172.55,-0.0004006751803038444
2024-02-19,1213.24,1225.48,1212.58,1224.97,898027299.0,0.012622964371331813,1.2622964371331813,0.0041552038009093906,0.41552038009093906,1230.06,12.900000000000091,11.730000000000018,0,2,2024,1197.5414285714285,1185.3192857142858,1172.123,17.14752793511266,17.53351273080746,1209.7,0.0059875259875259434,1202.5,0.00331239101232339,1198.53,0.008456179321486124,1186.06,0.011521896720822156
2024-02-20,1227.75,1230.47,1222.66,1230.06,772746057.0,0.0041552038009093906,0.41552038009093906,-1.62593694615909e-05,-0.00162593694615909,1230.04,7.809999999999945,2.3099999999999454,1,2,2024,1205.7571428571428,1189.3971428571429,1175.401,16.95398941672889,20.778936608823184,1224.97,0.012622964371331813,1209.7,0.0059875259875259434,1202.5,0.00331239101232339,1188.48,0.0020403689526669044
2024-02-21,1231.78,1234.22,1222.92,1230.04,808511856.0,-1.62593694615909e-05,-0.00162593694615909,-0.0022194400182108387,-0.22194400182108387,1227.31,11.299999999999955,-1.740000000000009,2,2,2024,1212.0399999999997,1193.6592857142857,1178.2633333333333,16.583054604012347,22.61453292576818,1230.06,0.0041552038009093906,1224.97,0.012622964371331813,1209.7,0.0059875259875259434,1198.53,0.008456179321486124
2024-02-22,1229.85,1232.09,1226.15,1227.31,740122330.0,-0.0022194400182108387,-0.22194400182108387,-0.012474435961574493,-1.2474435961574493,1212.0,5.939999999999827,-2.5399999999999636,3,2,2024,1217.587142857143,1197.347857142857,1180.8163333333334,13.617941247088003,23.642693839284505,1230.04,-1.62593694615909e-05,1230.06,0.0041552038009093906,1224.97,0.012622964371331813,1202.5,0.00331239101232339
2024-02-23,1230.3,1240.81,1211.55,1212.0,1225443829.0,-0.012474435961574493,-1.2474435961574493,0.01004125412541268,1.004125412541268,1224.17,29.25999999999999,-18.299999999999955,4,2,2024,1219.5114285714285,1199.9414285714286,1182.727,11.216143764769788,23.06871102969473,1227.31,-0.0022194400182108387,1230.04,-1.62593694615909e-05,1230.06,0.0041552038009093906,1209.7,0.0059875259875259434
2024-02-26,1212.93,1225.21,1210.52,1224.17,761367297.0,0.01004125412541268,1.004125412541268,0.010856335312905863,1.0856335312905863,1237.46,14.690000000000055,11.240000000000009,0,2,2024,1222.607142857143,1203.1214285714286,1184.8596666666667,8.367006064045345,23.124842737811143,1212.0,-0.012474435961574493,1227.31,-0.0022194400182108387,1230.04,-1.62593694615909e-05,1224.97,0.012622964371331813
2024-02-27,1228.93,1237.6,1226.49,1237.46,830495936.0,0.010856335312905863,1.0856335312905863,0.013810547411633456,1.3810547411633456,1254.55,11.1099999999999,8.529999999999973,1,2,2024,1226.5728571428572,1208.3464285714285,1187.4886666666669,7.788512297549351,21.913221020531694,1224.17,0.01004125412541268,1212.0,-0.012474435961574493,1227.31,-0.0022194400182108387,1230.06,0.0041552038009093906
2024-02-28,1241.77,1254.55,1236.32,1254.55,814346543.0,0.013810547411633456,1.3810547411633456,-0.0014507193814514707,-0.14507193814514707,1252.73,18.230000000000018,12.779999999999973,2,2,2024,1230.7985714285714,1214.17,1190.5890000000002,13.032781013732432,22.62482979111913,1237.46,0.010856335312905863,1224.17,0.01004125412541268,1212.0,-0.012474435961574493,1230.04,-1.62593694615909e-05
2024-02-29,1259.59,1264.39,1247.7,1252.73,934494261.0,-0.0014507193814514707,-0.14507193814514707,0.004430324172008282,0.4430324172008282,1258.28,16.690000000000055,-6.8599999999999,3,2,2024,1234.037142857143,1219.8971428571429,1193.606,15.417219501011125,21.393609552166264,1254.55,0.013810547411633456,1237.46,0.010856335312905863,1224.17,0.01004125412541268,1227.31,-0.0022194400182108387
2024-03-01,1256.72,1258.76,1247.87,1258.28,822115129.0,0.004430324172008282,0.4430324172008282,0.002487522649966767,0.2487522649966767,1261.41,10.8900000000001,1.5599999999999454,4,3,2024,1238.0714285714287,1225.0557142857142,1197.0586666666666,17.719832042615945,21.313889192911343,1252.73,-0.0014507193814514707,1254.55,0.013810547411633456,1237.46,0.010856335312905863,1212.0,-0.012474435961574493
2024-03-04,1264.07,1268.25,1256.54,1261.41,994011577.0,0.002487522649966767,0.2487522649966767,0.006793984509398054,0.6793984509398054,1269.98,11.710000000000036,-2.6599999999998545,0,3,2024,1242.9428571428573,1230.2649999999999,1200.635,18.91524756580327,20.58678132649363,1258.28,0.004430324172008282,1252.73,-0.0014507193814514707,1254.55,0.013810547411633456,1224.17,0.01004125412541268
2024-03-05,1262.89,1269.98,1257.81,1269.98,841821123.0,0.006793984509398054,0.6793984509398054,-0.005708751318918459,-0.5708751318918459,1262.73,12.170000000000073,7.089999999999918,1,3,2024,1251.2257142857143,1235.3685714285714,1204.197,15.492074164040762,20.9672329920028,1261.41,0.002487522649966767,1258.28,0.004430324172008282,1252.73,-0.0014507193814514707,1237.46,0.010856335312905863
2024-03-06,1269.8,1277.51,1256.3,1262.73,921251926.0,-0.005708751318918459,-0.5708751318918459,0.004537787175405761,0.4537787175405761,1268.46,21.210000000000036,-7.069999999999936,2,3,2024,1256.734285714286,1239.6707142857142,1207.537,10.230286501565002,19.85390853374275,1269.98,0.006793984509398054,1261.41,0.002487522649966767,1258.28,0.004430324172008282,1254.55,0.013810547411633456
2024-03-07,1263.23,1269.88,1260.24,1268.46,871614163.0,0.004537787175405761,0.4537787175405761,-0.01664222758305356,-1.664222758305356,1247.35,9.6400000000001,5.230000000000018,3,3,2024,1261.162857142857,1243.8678571428572,1210.8503333333333,6.540401909834759,19.231914652709364,1262.73,-0.005708751318918459,1269.98,0.006793984509398054,1261.41,0.002487522649966767,1252.73,-0.0014507193814514707
2024-03-08,1272.62,1274.3,1247.35,1247.35,1209088843.0,-0.01664222758305356,-1.664222758305356,-0.009508157293462105,-0.9508157293462105,1235.49,26.950000000000045,-25.269999999999982,4,3,2024,1260.1342857142859,1245.4664285714284,1213.0453333333332,8.12732604063281,18.4546957156263,1268.46,0.004537787175405761,1262.73,-0.005708751318918459,1269.98,0.006793984509398054,1258.28,0.004430324172008282
2024-03-11,1248.32,1254.01,1233.49,1235.49,851738710.0,-0.009508157293462105,-0.9508157293462105,0.0076973508486510855,0.7697350848651086,1245.0,20.519999999999982,-12.829999999999927,0,3,2024,1257.6714285714286,1245.8542857142857,1214.7996666666668,12.290770830927693,18.16071487677393,1247.35,-0.01664222758305356,1268.46,0.004537787175405761,1262.73,-0.005708751318918459,1261.41,0.002487522649966767
2024-03-12,1235.4,1248.33,1233.14,1245.0,737689011.0,0.0076973508486510855,0.7697350848651086,0.02048995983935753,2.048995983935753,1270.51,15.189999999999827,9.599999999999909,1,3,2024,1255.7742857142857,1246.922857142857,1217.0496666666668,13.174337247243571,17.589775626588406,1235.49,-0.009508157293462105,1247.35,-0.01664222758305356,1268.46,0.004537787175405761,1269.98,0.006793984509398054
2024-03-13,1250.2,1270.51,1247.64,1270.51,826474776.0,0.02048995983935753,2.048995983935753,-0.004919284381862399,-0.4919284381862399,1264.26,22.86999999999989,20.309999999999945,2,3,2024,1257.0742857142857,1250.0085714285713,1220.301,14.229833516387355,17.67351119055082,1245.0,0.0076973508486510855,1235.49,-0.009508157293462105,1247.35,-0.01664222758305356,1262.73,-0.005708751318918459
2024-03-14,1276.0,1276.41,1258.67,1264.26,963097533.0,-0.004919284381862399,-0.4919284381862399,-0.00037966873902517406,-0.037966873902517406,1263.78,17.74000000000001,-11.740000000000009,3,3,2024,1256.2571428571428,1253.7414285714287,1223.4306666666666,13.511303556980275,14.20715305057763,1270.51,0.02048995983935753,1245.0,0.0076973508486510855,1235.49,-0.009508157293462105,1268.46,0.004537787175405761
2024-03-15,1263.76,1271.63,1252.36,1263.78,956309030.0,-0.00037966873902517406,-0.037966873902517406,-0.015999620187057917,-1.5999620187057917,1243.56,19.27000000000021,0.01999999999998181,4,3,2024,1256.4071428571428,1256.5707142857143,1226.3676666666665,13.600673652759507,11.563194570777881,1264.26,-0.004919284381862399,1270.51,0.02048995983935753,1245.0,0.0076973508486510855,1247.35,-0.01664222758305356
2024-03-18,1266.11,1269.9,1221.67,1243.56,1526779911.0,-0.015999620187057917,-1.5999620187057917,-0.0008845572388946898,-0.08845572388946898,1242.46,48.23000000000002,-22.549999999999955,0,3,2024,1252.8500000000001,1257.0064285714286,1228.6299999999999,13.17241309199009,10.882584963824328,1263.78,-0.00037966873902517406,1264.26,-0.004919284381862399,1270.51,0.02048995983935753,1235.49,-0.009508157293462105
2024-03-19,1246.54,1249.75,1238.92,1242.46,735805803.0,-0.0008845572388946898,-0.08845572388946898,0.014181543067784741,1.418154306778474,1260.08,10.829999999999927,-4.079999999999927,1,3,2024,1252.1514285714286,1256.142857142857,1230.723666666667,13.634275959938265,11.551631538840665,1243.56,-0.015999620187057917,1263.78,-0.00037966873902517406,1264.26,-0.004919284381862399,1245.0,0.0076973508486510855
2024-03-20,1243.79,1261.55,1235.46,1260.08,794727033.0,0.014181543067784741,1.418154306778474,0.012967430639324595,1.2967430639324595,1276.42,26.089999999999918,16.289999999999964,2,3,2024,1255.6642857142856,1256.6678571428572,1233.916,11.649311649368352,11.551614058779233,1242.46,-0.0008845572388946898,1243.56,-0.015999620187057917,1263.78,-0.00037966873902517406,1270.51,0.02048995983935753
2024-03-21,1269.96,1276.42,1264.2,1276.42,1081588505.0,0.012967430639324595,1.2967430639324595,0.004214913586436886,0.4214913586436886,1281.8,12.220000000000027,6.460000000000036,3,3,2024,1260.152857142857,1257.9635714285716,1237.3626666666669,12.847052469036505,12.706028615864435,1260.08,0.014181543067784741,1242.46,-0.0008845572388946898,1243.56,-0.015999620187057917,1264.26,-0.004919284381862399
2024-03-22,1281.56,1291.27,1276.38,1281.8,1111112910.0,0.004214913586436886,0.4214913586436886,-0.010875331564986768,-1.0875331564986768,1267.86,14.889999999999873,0.2400000000000091,4,3,2024,1261.7657142857145,1259.42,1241.0043333333333,14.90749124559208,14.210943778556004,1276.42,0.012967430639324595,1260.08,0.014181543067784741,1242.46,-0.0008845572388946898,1263.78,-0.00037966873902517406
2024-03-25,1278.86,1286.84,1264.51,1267.86,1101070678.0,-0.010875331564986768,-1.0875331564986768,0.011318284353162067,1.1318284353162067,1282.21,22.329999999999927,-11.0,0,3,2024,1262.28,1259.2685714285715,1243.731,15.069103047825125,14.100630022567183,1281.8,0.004214913586436886,1276.42,0.012967430639324595,1260.08,0.014181543067784741,1243.56,-0.015999620187057917
2024-03-26,1267.95,1282.5,1264.42,1282.21,813098800.0,0.011318284353162067,1.1318284353162067,0.0006863150341986923,0.06863150341986923,1283.09,18.079999999999927,14.259999999999991,1,3,2024,1264.912857142857,1260.6599999999999,1246.8553333333332,16.87650508277153,15.3722617324059,1267.86,-0.010875331564986768,1281.8,0.004214913586436886,1276.42,0.012967430639324595,1242.46,-0.0008845572388946898
2024-03-27,1286.34,1286.72,1276.95,1283.09,754700880.0,0.0006863150341986923,0.06863150341986923,0.005525723059177645,0.5525723059177645,1290.18,9.769999999999982,-3.25,2,3,2024,1270.56,1261.705,1249.674,15.05617813388423,16.405815455794745,1282.21,0.011318284353162067,1267.86,-0.010875331564986768,1281.8,0.004214913586436886,1260.08,0.014181543067784741
2024-03-28,1293.03,1293.9,1285.52,1290.18,823626900.0,0.005525723059177645,0.5525723059177645,-0.004720271590010761,-0.47202715900107606,1284.09,8.38000000000011,-2.849999999999909,3,3,2024,1277.3771428571429,1264.7642857142857,1252.5966666666668,10.248181487890179,17.48117788423172,1283.09,0.0006863150341986923,1282.21,0.011318284353162067,1267.86,-0.010875331564986768,1276.42,0.012967430639324595
2024-03-29,1292.7,1292.75,1282.44,1284.09,735188003.0,-0.004720271590010761,-0.47202715900107606,-0.002001417346136125,-0.2001417346136125,1281.52,10.309999999999945,-8.610000000000127,4,3,2024,1280.8071428571427,1268.2357142857143,1255.0763333333334,6.996050586488958,15.981909346946273,1290.18,0.005525723059177645,1283.09,0.0006863150341986923,1282.21,0.011318284353162067,1281.8,0.004214913586436886
2024-04-01,1282.37,1286.8,1274.09,1281.52,840172566.0,-0.002001417346136125,-0.2001417346136125,0.004307384980335893,0.4307384980335893,1287.04,12.710000000000036,-0.849999999999909,0,4,2024,1281.5357142857142,1270.8442857142857,1256.9613333333332,6.7232652213994415,14.837030966890845,1284.09,-0.004720271590010761,1290.18,0.005525723059177645,1283.09,0.0006863150341986923,1267.86,-0.010875331564986768
2024-04-02,1276.38,1287.04,1268.48,1287.04,956070829.0,0.004307384980335893,0.4307384980335893,-0.01209752610641468,-1.209752610641468,1271.47,18.559999999999945,10.659999999999854,1,4,2024,1282.2842857142857,1272.025,1258.8606666666667,7.041763172005126,15.453303231659696,1281.52,-0.002001417346136125,1284.09,-0.004720271590010761,1290.18,0.005525723059177645,1282.21,0.011318284353162067
2024-04-03,1285.3,1288.99,1271.47,1271.47,947216586.0,-0.01209752610641468,-1.209752610641468,-0.002532501749943017,-0.2532501749943017,1268.25,17.519999999999982,-13.829999999999927,2,4,2024,1282.8,1272.5399999999997,1260.2416666666666,5.838744157137601,15.293938467463128,1287.04,0.004307384980335893,1281.52,-0.002001417346136125,1284.09,-0.004720271590010761,1283.09,0.0006863150341986923
2024-04-04,1271.87,1277.62,1265.12,1268.25,859418901.0,-0.002532501749943017,-0.2532501749943017,-0.010360733293908964,-1.0360733293908964,1255.11,12.5,-3.619999999999891,3,4,2024,1280.8057142857142,1272.8592857142855,1261.6063333333332,8.042178098663085,15.142905149739986,1271.47,-0.01209752610641468,1287.04,0.004307384980335893,1281.52,-0.002001417346136125,1290.18,0.005525723059177645
2024-04-05,1258.58,1265.14,1253.56,1255.11,973835575.0,-0.010360733293908964,-1.0360733293908964,-0.00379249627522682,-0.379249627522682,1250.35,11.580000000000155,-3.4700000000000273,4,4,2024,1276.8085714285714,1273.6842857142856,1263.0433333333333,12.458407373534067,13.666519288061128,1268.25,-0.002532501749943017,1271.47,-0.01209752610641468,1287.04,0.004307384980335893,1284.09,-0.004720271590010761
2024-04-08,1255.37,1258.4,1246.87,1250.35,733082694.0,-0.00379249627522682,-0.379249627522682,0.00997320750189945,0.997320750189945,1262.82,11.5300000000002,-5.019999999999982,0,4,2024,1271.1185714285714,1274.2478571428571,1263.916,14.293936276791081,12.38219887182797,1255.11,-0.010360733293908964,1268.25,-0.002532501749943017,1271.47,-0.01209752610641468,1281.52,-0.002001417346136125
2024-04-09,1252.4,1262.82,1247.7,1262.82,596807326.0,0.00997320750189945,0.997320750189945,-0.003373402385138058,-0.3373402385138058,1258.56,15.11999999999989,10.419999999999845,1,4,2024,1268.08,1274.4435714285714,1264.7613333333331,13.303367994582032,12.160707600343773,1250.35,-0.00379249627522682,1255.11,-0.010360733293908964,1268.25,-0.002532501749943017,1287.04,0.004307384980335893
2024-04-10,1266.48,1268.72,1258.56,1258.56,586647926.0,-0.003373402385138058,-0.3373402385138058,-0.00028604118993125205,-0.028604118993125205,1258.2,10.160000000000082,-7.920000000000073,2,4,2024,1264.8,1273.167857142857,1264.895,12.224058245905496,12.854433044731884,1262.82,0.00997320750189945,1250.35,-0.00379249627522682,1255.11,-0.010360733293908964,1271.47,-0.01209752610641468
2024-04-11,1249.88,1262.03,1248.11,1258.2,592127537.0,-0.00028604118993125205,-0.028604118993125205,0.014624066126212032,1.4624066126212032,1276.6,13.920000000000073,8.319999999999936,3,4,2024,1260.68,1271.482142857143,1265.0773333333334,7.378879770397582,13.178694448352182,1258.56,-0.003373402385138058,1262.82,0.00997320750189945,1250.35,-0.00379249627522682,1268.25,-0.002532501749943017
2024-04-12,1262.96,1278.39,1259.5,1276.6,650322212.0,0.014624066126212032,1.4624066126212032,-0.046992010026633224,-4.699201002663322,1216.61,18.8900000000001,13.639999999999873,4,4,2024,1261.412857142857,1272.1064285714285,1265.6879999999999,8.755473933993247,13.200903586304172,1258.2,-0.00028604118993125205,1258.56,-0.003373402385138058,1262.82,0.00997320750189945,1255.11,-0.010360733293908964
2024-04-15,1274.02,1281.81,1216.61,1216.61,1236066802.0,-0.046992010026633224,-4.699201002663322,-0.0007644191647281362,-0.07644191647281362,1215.68,65.20000000000005,-57.41000000000008,0,4,2024,1254.0357142857142,1267.4207142857142,1264.1946666666665,18.43702692692391,19.485337076617192,1276.6,0.014624066126212032,1258.2,-0.00028604118993125205,1258.56,-0.003373402385138058,1250.35,-0.00379249627522682
2024-04-16,1218.64,1222.45,1191.73,1215.68,1143433408.0,-0.0007644191647281362,-0.07644191647281362,-0.018647999473545673,-1.8647999473545673,1193.01,30.720000000000027,-2.9600000000000364,1,4,2024,1248.402857142857,1262.6057142857142,1262.3846666666666,23.407430952774607,23.275630277943783,1216.61,-0.046992010026633224,1276.6,0.014624066126212032,1258.2,-0.00028604118993125205,1262.82,0.00997320750189945
2024-04-17,1221.47,1221.47,1193.01,1193.01,708176858.0,-0.018647999473545673,-1.8647999473545673,-0.015222001492024462,-1.5222001492024462,1174.85,28.460000000000036,-28.460000000000036,2,4,2024,1240.2114285714285,1255.6650000000002,1260.0606666666667,31.311147337944693,28.35436142004985,1215.68,-0.0007644191647281362,1216.61,-0.046992010026633224,1276.6,0.014624066126212032,1258.56,-0.003373402385138058
2024-04-19,1180.87,1190.96,1165.99,1174.85,951223870.0,-0.015222001492024462,-1.5222001492024462,0.013082521172915751,1.308252117291575,1190.22,24.970000000000027,-6.019999999999982,4,4,2024,1227.6442857142858,1247.8621428571428,1256.9403333333332,37.72215302141356,34.33131227826262,1193.01,-0.018647999473545673,1215.68,-0.0007644191647281362,1216.61,-0.046992010026633224,1258.2,-0.00028604118993125205
2024-04-22,1183.77,1193.88,1181.13,1190.22,569603122.0,0.013082521172915751,1.308252117291575,-0.010771117944581632,-1.0771117944581632,1177.4,12.75,6.4500000000000455,0,4,2024,1217.8814285714286,1241.3407142857143,1255.036,37.22760419749417,36.07328640086126,1174.85,-0.015222001492024462,1193.01,-0.018647999473545673,1215.68,-0.0007644191647281362,1276.6,0.014624066126212032
2024-04-23,1190.56,1192.8,1169.61,1177.4,616867057.0,-0.010771117944581632,-1.0771117944581632,0.023959571938168667,2.3959571938168667,1205.61,23.190000000000055,-13.159999999999854,1,4,2024,1206.3385714285712,1233.5092857142856,1253.0996666666665,35.10902800731865,37.27034116050033,1190.22,0.013082521172915751,1174.85,-0.015222001492024462,1193.01,-0.018647999473545673,1216.61,-0.046992010026633224
2024-04-24,1186.47,1207.61,1185.13,1205.61,628027496.0,0.023959571938168667,2.3959571938168667,-0.0005308516020934295,-0.05308516020934295,1204.97,22.47999999999979,19.139999999999873,2,4,2024,1196.1971428571428,1228.805,1251.7866666666669,17.0283368871583,36.2529026424133,1177.4,-0.010771117944581632,1190.22,0.013082521172915751,1174.85,-0.015222001492024462,1215.68,-0.0007644191647281362
2024-04-25,1206.25,1208.41,1200.21,1204.97,438347889.0,-0.0005308516020934295,-0.05308516020934295,0.0037760276189449105,0.37760276189449105,1209.52,8.200000000000045,-1.2799999999999727,3,4,2024,1194.5342857142857,1224.2849999999999,1249.6019999999999,15.169641675766028,34.87529646965661,1205.61,0.023959571938168667,1177.4,-0.010771117944581632,1190.22,0.013082521172915751,1193.01,-0.018647999473545673
2024-04-26,1199.83,1216.6,1198.73,1209.52,513292300.0,0.0037760276189449105,0.37760276189449105,0.0056551359216878705,0.565513592168787,1216.36,17.86999999999989,9.690000000000055,4,4,2024,1193.6542857142856,1221.0285714285712,1247.7773333333332,13.860722512594421,33.890191423560275,1204.97,-0.0005308516020934295,1205.61,0.023959571938168667,1177.4,-0.010771117944581632,1174.85,-0.015222001492024462
2024-05-02,1212.13,1216.36,1206.28,1216.36,467466790.0,0.0056551359216878705,0.565513592168787,0.0038393238843763555,0.38393238843763555,1221.03,10.079999999999927,4.229999999999791,3,5,2024,1196.99,1218.6007142857143,1246.1966666666667,16.278632211164403,32.82894184294937,1209.52,0.0037760276189449105,1204.97,-0.0005308516020934295,1205.61,0.023959571938168667,1190.22,0.013082521172915751
2024-05-03,1222.54,1225.75,1218.33,1221.03,524649967.0,0.0038393238843763555,0.38393238843763555,0.016830053315643356,1.6830053315643356,1241.58,7.420000000000073,-1.509999999999991,4,5,2024,1203.587142857143,1215.6157142857141,1245.4456666666667,15.127508843467126,30.30159369109246,1216.36,0.0056551359216878705,1209.52,0.0037760276189449105,1204.97,-0.0005308516020934295,1177.4,-0.010771117944581632
2024-05-06,1226.89,1241.58,1224.22,1241.58,625588584.0,0.016830053315643356,1.6830053315643356,0.005678248683129716,0.5678248683129716,1248.63,17.3599999999999,14.689999999999827,0,5,2024,1210.9242857142856,1214.402857142857,1245.4163333333333,19.41215328699273,28.75060358659759,1221.03,0.0038393238843763555,1216.36,0.0056551359216878705,1209.52,0.0037760276189449105,1205.61,0.023959571938168667
2024-05-07,1245.5,1250.63,1240.09,1248.63,550898676.0,0.005678248683129716,0.5678248683129716,0.001465606304509759,0.1465606304509759,1250.46,10.540000000000191,3.130000000000109,1,5,2024,1221.1000000000001,1213.7192857142857,1245.0346666666667,17.4834073719307,27.724648146287375,1241.58,0.016830053315643356,1221.03,0.0038393238843763555,1216.36,0.0056551359216878705,1204.97,-0.0005308516020934295
2024-05-08,1243.61,1251.62,1234.76,1250.46,770816040.0,0.001465606304509759,0.1465606304509759,-0.0014554643891047103,-0.14554643891047103,1248.64,16.8599999999999,6.850000000000136,2,5,2024,1227.5071428571428,1211.8521428571428,1244.169333333333,19.01195388369375,23.761018878241263,1248.63,0.005678248683129716,1241.58,0.016830053315643356,1221.03,0.0038393238843763555,1209.52,0.0037760276189449105
2024-05-09,1252.81,1256.8,1243.29,1248.64,591807969.0,-0.0014554643891047103,-0.14554643891047103,-0.0031554331112250145,-0.31554331112250145,1244.7,13.509999999999991,-4.169999999999845,3,5,2024,1233.7457142857145,1214.1399999999999,1243.0639999999999,17.48791378555194,25.715974382896956,1250.46,0.001465606304509759,1248.63,0.005678248683129716,1241.58,0.016830053315643356,1216.36,0.0056551359216878705
2024-05-10,1251.78,1252.5,1237.46,1244.7,556788658.0,-0.0031554331112250145,-0.31554331112250145,-0.0036313971238048914,-0.36313971238048914,1240.18,15.039999999999964,-7.079999999999927,4,5,2024,1238.7714285714285,1216.212857142857,1242.2920000000001,14.090595478964623,26.987796509530714,1248.64,-0.0014554643891047103,1250.46,0.001465606304509759,1248.63,0.005678248683129716,1221.03,0.0038393238843763555
2024-05-13,1248.19,1249.2,1233.56,1240.18,593968870.0,-0.0036313971238048914,-0.36313971238048914,0.002499637149445899,0.2499637149445899,1243.28,15.6400000000001,-8.009999999999991,0,5,2024,1242.1742857142858,1219.582142857143,1240.891,10.082370516773842,26.812105813086582,1244.7,-0.0031554331112250145,1248.64,-0.0014554643891047103,1250.46,0.001465606304509759,1241.58,0.016830053315643356
2024-05-14,1246.23,1252.52,1240.88,1243.28,476578584.0,0.002499637149445899,0.2499637149445899,0.008936040151856561,0.8936040151856561,1254.39,11.639999999999873,-2.9500000000000455,1,5,2024,1245.3528571428571,1224.47,1239.5639999999999,3.9442731238574775,24.133769828896114,1240.18,-0.0036313971238048914,1244.7,-0.0031554331112250145,1248.64,-0.0014554643891047103,1248.63,0.005678248683129716
2024-05-15,1248.61,1257.92,1248.02,1254.39,704936160.0,0.008936040151856561,0.8936040151856561,0.011471711349739566,1.1471711349739566,1268.78,9.900000000000091,5.7800000000002,2,5,2024,1247.1828571428573,1229.0535714285713,1238.3709999999999,4.784296236184751,23.20431180328419,1243.28,0.002499637149445899,1240.18,-0.0036313971238048914,1244.7,-0.0031554331112250145,1250.46,0.001465606304509759
2024-05-16,1264.51,1271.66,1261.19,1268.78,754095204.0,0.011471711349739566,1.1471711349739566,0.003412727186746345,0.3412727186746345,1273.11,10.470000000000027,4.269999999999982,3,5,2024,1250.0614285714287,1235.5807142857143,1237.8606666666667,9.519069332226824,20.216840833745838,1254.39,0.008936040151856561,1243.28,0.002499637149445899,1240.18,-0.0036313971238048914,1248.64,-0.0014554643891047103
2024-05-17,1270.34,1274.27,1266.32,1273.11,788116698.0,0.003412727186746345,0.3412727186746345,0.0035110870231165325,0.35110870231165325,1277.58,7.9500000000000455,2.769999999999982,4,5,2024,1253.297142857143,1240.402142857143,1237.5803333333336,12.919397192162663,20.565328619040102,1268.78,0.011471711349739566,1254.39,0.008936040151856561,1243.28,0.002499637149445899,1244.7,-0.0031554331112250145
2024-05-20,1281.5,1285.19,1277.36,1277.58,900908384.0,0.0035110870231165325,0.35110870231165325,-0.0003444011333927355,-0.03444011333927355,1277.14,7.830000000000155,-3.9200000000000728,0,5,2024,1257.4314285714286,1245.5885714285712,1237.265,15.544489300660695,20.09266106248147,1273.11,0.003412727186746345,1268.78,0.011471711349739566,1254.39,0.008936040151856561,1240.18,-0.0036313971238048914
2024-05-21,1277.85,1281.29,1267.29,1277.14,790140189.0,-0.0003444011333927355,-0.03444011333927355,-0.008010085033747338,-0.8010085033747338,1266.91,14.0,-0.709999999999809,1,5,2024,1262.0657142857142,1250.4185714285716,1237.4540000000002,15.946729923008414,18.843977963658542,1277.58,0.0035110870231165325,1273.11,0.003412727186746345,1268.78,0.011471711349739566,1243.28,0.002499637149445899
2024-05-22,1280.26,1283.06,1263.87,1266.91,933047509.0,-0.008010085033747338,-0.8010085033747338,0.011145227364216748,1.1145227364216748,1281.03,19.190000000000055,-13.349999999999909,2,5,2024,1265.8842857142859,1254.0292857142856,1237.4093333333333,12.703027010809137,16.515030200633138,1277.14,-0.0003444011333927355,1277.58,0.0035110870231165325,1273.11,0.003412727186746345,1254.39,0.008936040151856561
2024-05-23,1265.6,1281.03,1262.29,1281.03,788341559.0,0.011145227364216748,1.1145227364216748,-0.01490987720818393,-1.490987720818393,1261.93,18.74000000000001,15.430000000000064,3,5,2024,1271.2771428571427,1258.315,1238.2733333333333,8.972735952618086,15.00934004085129,1266.91,-0.008010085033747338,1277.14,-0.0003444011333927355,1277.58,0.0035110870231165325,1268.78,0.011471711349739566
2024-05-24,1276.68,1285.07,1250.28,1261.93,1179638521.0,-0.01490987720818393,-1.490987720818393,0.004556512643332011,0.45565126433320113,1267.68,34.789999999999964,-14.75,4,5,2024,1272.3542857142857,1259.7685714285712,1238.6593333333333,6.796221639310795,14.2290914663028,1281.03,0.011145227364216748,1266.91,-0.008010085033747338,1277.14,-0.0003444011333927355,1273.11,0.003412727186746345
2024-05-27,1263.46,1267.68,1257.27,1267.68,564137500.0,0.004556512643332011,0.45565126433320113,0.011083238672220164,1.1083238672220164,1281.73,10.410000000000082,4.220000000000027,0,5,2024,1272.1971428571428,1261.1292857142855,1238.8213333333333,6.904495429940244,13.99085661000391,1261.93,-0.01490987720818393,1281.03,0.011145227364216748,1266.91,-0.008010085033747338,1277.58,0.0035110870231165325
2024-05-28,1272.23,1281.73,1269.37,1281.73,710243600.0,0.011083238672220164,1.1083238672220164,-0.0070919772494986155,-0.7091977249498616,1272.64,12.360000000000127,9.5,1,5,2024,1273.4285714285713,1263.3628571428574,1239.5936666666666,7.804480398137648,14.637635595428453,1267.68,0.004556512643332011,1261.93,-0.01490987720818393,1281.03,0.011145227364216748,1277.14,-0.0003444011333927355
2024-05-29,1284.74,1285.63,1271.6,1272.64,937265939.0,-0.0070919772494986155,-0.7091977249498616,-0.004966054815187415,-0.4966054815187415,1266.32,14.0300000000002,-12.099999999999909,2,5,2024,1272.722857142857,1265.077142857143,1240.075,7.586838854801727,14.178925004600956,1281.73,0.011083238672220164,1267.68,0.004556512643332011,1261.93,-0.01490987720818393,1266.91,-0.008010085033747338
2024-05-30,1264.45,1269.07,1251.8,1266.32,903973666.0,-0.004966054815187415,-0.4966054815187415,-0.003632573125276317,-0.3632573125276317,1261.72,17.269999999999982,1.8699999999998909,3,5,2024,1271.177142857143,1266.6214285714286,1239.7323333333334,7.638952184390588,12.909370989364612,1272.64,-0.0070919772494986155,1281.73,0.011083238672220164,1267.68,0.004556512643332011,1281.03,0.011145227364216748
2024-05-31,1268.37,1271.07,1261.43,1261.72,578120347.0,-0.003632573125276317,-0.3632573125276317,0.014488159021018854,1.4488159021018854,1280.0,9.639999999999873,-6.649999999999864,4,5,2024,1270.435714285714,1268.1599999999999,1241.236,8.3416881926851,10.591027407143102,1266.32,-0.004966054815187415,1272.64,-0.0070919772494986155,1281.73,0.011083238672220164,1261.93,-0.01490987720818393
2024-06-03,1271.65,1284.48,1271.65,1280.0,881259000.0,0.014488159021018854,1.4488159021018854,0.00275000000000003,0.275000000000003,1283.52,12.829999999999927,8.349999999999909,0,6,2024,1270.2885714285715,1270.782857142857,1243.38,8.130064428912526,8.241863520231195,1261.72,-0.003632573125276317,1266.32,-0.004966054815187415,1272.64,-0.0070919772494986155,1267.68,0.004556512643332011
2024-06-04,1285.51,1289.31,1281.98,1283.52,743646628.0,0.00275000000000003,0.275000000000003,0.0006466591872349436,0.06466591872349436,1284.35,7.329999999999927,-1.990000000000009,1,6,2024,1273.3728571428571,1272.8635714285715,1246.397,8.516679153797305,7.421206212521132,1280.0,0.014488159021018854,1261.72,-0.003632573125276317,1266.32,-0.004966054815187415,1281.73,0.011083238672220164
2024-06-05,1287.12,1293.93,1284.35,1284.35,769448301.0,0.0006466591872349436,0.06466591872349436,-0.0006150971308443998,-0.061509713084439976,1283.56,9.580000000000155,-2.769999999999982,2,6,2024,1275.7542857142855,1273.9757142857143,1250.047,8.977690603413267,7.912562275183425,1283.52,0.00275000000000003,1280.0,0.014488159021018854,1261.72,-0.003632573125276317,1272.64,-0.0070919772494986155
2024-06-06,1288.79,1292.02,1278.4,1283.56,751958815.0,-0.0006150971308443998,-0.061509713084439976,0.0031319143631773905,0.31319143631773905,1287.58,13.61999999999989,-5.230000000000018,3,6,2024,1276.0157142857145,1274.722142857143,1253.1583333333333,9.204484155595726,8.30764817094975,1284.35,0.0006466591872349436,1283.52,0.00275000000000003,1280.0,0.014488159021018854,1266.32,-0.004966054815187415
2024-06-07,1289.05,1293.03,1283.13,1287.58,566497622.0,0.0031319143631773905,0.31319143631773905,0.002399850883052057,0.2399850883052057,1290.67,9.899999999999864,-1.4700000000000273,4,6,2024,1278.1499999999999,1275.4364285714287,1256.831,9.989879879116124,8.975331669183467,1283.56,-0.0006150971308443998,1284.35,0.0006466591872349436,1283.52,0.00275000000000003,1261.72,-0.003632573125276317
2024-06-10,1292.67,1297.39,1287.44,1290.67,742266776.0,0.002399850883052057,0.2399850883052057,-0.004850194085242565,-0.4850194085242565,1284.41,9.950000000000045,-2.0,0,6,2024,1281.6285714285714,1276.402857142857,1259.6663333333333,9.406420552909145,9.857910863556706,1287.58,0.0031319143631773905,1283.56,-0.0006150971308443998,1284.35,0.0006466591872349436,1280.0,0.014488159021018854
2024-06-11,1295.03,1296.41,1279.47,1284.41,815619047.0,-0.004850194085242565,-0.4850194085242565,0.012285796591431142,1.2285796591431142,1300.19,16.940000000000055,-10.61999999999989,1,6,2024,1284.8700000000001,1277.652857142857,1262.3143333333333,3.384316769913886,9.669318191379455,1290.67,0.002399850883052057,1287.58,0.0031319143631773905,1283.56,-0.0006150971308443998,1283.52,0.00275000000000003
2024-06-12,1285.01,1301.35,1281.71,1300.19,731047219.0,0.012285796591431142,1.2285796591431142,0.001015236234704009,0.10152362347040089,1301.51,19.639999999999873,15.180000000000064,2,6,2024,1287.7542857142855,1279.0214285714287,1265.3366666666666,6.075543479436939,11.387375504459024,1284.41,-0.004850194085242565,1290.67,0.002399850883052057,1287.58,0.0031319143631773905,1284.35,0.0006466591872349436
2024-06-13,1305.69,1306.01,1297.6,1301.51,782445017.0,0.001015236234704009,0.10152362347040089,-0.016596107598097487,-1.6596107598097487,1279.91,8.410000000000082,-4.180000000000064,3,6,2024,1290.3242857142857,1281.8485714285714,1268.175,7.599666345999077,11.725910728724882,1300.19,0.012285796591431142,1284.41,-0.004850194085242565,1290.67,0.002399850883052057,1283.56,-0.0006150971308443998
2024-06-14,1303.37,1305.02,1279.91,1279.91,964967623.0,-0.016596107598097487,-1.6596107598097487,-0.004015907368486893,-0.4015907368486893,1274.77,25.1099999999999,-23.45999999999981,4,6,2024,1289.69,1282.722142857143,1270.1376666666665,8.331452454349478,11.023703955637822,1301.51,0.001015236234704009,1300.19,0.012285796591431142,1284.41,-0.004850194085242565,1287.58,0.0031319143631773905
2024-06-17,1282.08,1283.1,1272.54,1274.77,741570820.0,-0.004015907368486893,-0.4015907368486893,0.0037104732618433722,0.3710473261843372,1279.5,10.559999999999945,-7.309999999999945,0,6,2024,1288.4342857142858,1282.225,1271.244,9.920268573507617,11.226955029357397,1279.91,-0.016596107598097487,1301.51,0.001015236234704009,1300.19,0.012285796591431142,1290.67,0.002399850883052057
2024-06-18,1279.39,1286.52,1278.38,1279.5,597659348.0,0.0037104732618433722,0.3710473261843372,0.00022665103556063215,0.022665103556063215,1279.79,8.139999999999873,0.10999999999989996,1,6,2024,1287.2800000000002,1282.715,1272.2730000000001,10.489958690692514,10.921998795676275,1274.77,-0.004015907368486893,1279.91,-0.016596107598097487,1301.51,0.001015236234704009,1284.41,-0.004850194085242565
2024-06-19,1283.0,1284.14,1270.66,1279.79,727821787.0,0.00022665103556063215,0.022665103556063215,0.0019612592690987363,0.19612592690987363,1282.3,13.480000000000018,-3.2100000000000364,2,6,2024,1285.7257142857143,1283.6771428571428,1273.2506666666668,10.70772907314499,9.913356513466436,1279.5,0.0037104732618433722,1274.77,-0.004015907368486893,1279.91,-0.016596107598097487,1300.19,0.012285796591431142
2024-06-20,1281.82,1286.54,1273.54,1282.3,773355093.0,0.0019612592690987363,0.19612592690987363,-0.0002183576386181052,-0.02183576386181052,1282.02,13.0,0.4800000000000182,3,6,2024,1285.4242857142858,1285.1471428571429,1274.3726666666666,10.78039247448239,7.68163687344053,1279.79,0.00022665103556063215,1279.5,0.0037104732618433722,1274.77,-0.004015907368486893,1301.51,0.001015236234704009
2024-06-21,1285.07,1288.06,1279.44,1282.02,669695755.0,-0.0002183576386181052,-0.02183576386181052,-0.021762531005756647,-2.1762531005756647,1254.12,8.61999999999989,-3.0499999999999545,4,6,2024,1282.8285714285714,1285.2914285714287,1275.6166666666666,8.599417477452308,7.596013992343972,1282.3,0.0019612592690987363,1279.79,0.00022665103556063215,1279.5,0.0037104732618433722,1279.91,-0.016596107598097487
2024-06-24,1281.19,1284.84,1252.66,1254.12,1040386525.0,-0.021762531005756647,-2.1762531005756647,0.001945587344113875,0.1945587344113875,1256.56,32.179999999999836,-27.070000000000164,0,6,2024,1276.0585714285714,1283.1914285714286,1276.081333333333,9.983785902730272,11.289452434205325,1282.02,-0.0002183576386181052,1282.3,0.0019612592690987363,1279.79,0.00022665103556063215,1274.77,-0.004015907368486893
2024-06-25,1255.77,1260.07,1250.25,1256.56,520938884.0,0.001945587344113875,0.1945587344113875,0.003724454065066496,0.3724454065066496,1261.24,9.819999999999936,0.7899999999999636,1,6,2024,1272.722857142857,1281.2064285714284,1276.5240000000001,12.148578400045578,13.32897399662244,1254.12,-0.021762531005756647,1282.02,-0.0002183576386181052,1282.3,0.0019612592690987363,1279.5,0.0037104732618433722
2024-06-26,1258.95,1262.67,1247.55,1261.24,555550983.0,0.003724454065066496,0.3724454065066496,-0.001704671593035445,-0.1704671593035445,1259.09,15.120000000000118,2.2899999999999636,2,6,2024,1270.7899999999997,1279.6121428571428,1276.7523333333334,12.826024325534782,14.32355412415804,1256.56,0.001945587344113875,1254.12,-0.021762531005756647,1282.02,-0.0002183576386181052,1279.79,0.00022665103556063215
2024-06-27,1260.71,1262.49,1255.12,1259.09,446001676.0,-0.001704671593035445,-0.1704671593035445,-0.010936469990231013,-1.0936469990231013,1245.32,7.370000000000118,-1.6200000000001182,3,6,2024,1267.8742857142856,1277.5771428571427,1276.4293333333333,12.835871424929643,15.106873335619282,1261.24,0.003724454065066496,1256.56,0.001945587344113875,1254.12,-0.021762531005756647,1282.3,0.0019612592690987363
2024-06-28,1260.27,1262.61,1240.15,1245.32,635711241.0,-0.010936469990231013,-1.0936469990231013,0.00741977965502838,0.741977965502838,1254.56,22.45999999999981,-14.950000000000045,4,6,2024,1262.95,1274.337857142857,1275.503,14.056605801754953,16.8455148920545,1259.09,-0.001704671593035445,1261.24,0.003724454065066496,1256.56,0.001945587344113875,1282.02,-0.0002183576386181052
2024-07-01,1246.33,1254.56,1240.07,1254.56,403842640.0,0.00741977965502838,0.741977965502838,0.012139714322152884,1.2139714322152884,1269.79,14.490000000000009,8.230000000000018,0,7,2024,1258.9871428571428,1272.2057142857143,1274.7356666666667,11.339965776351205,17.35400406659094,1245.32,-0.010936469990231013,1259.09,-0.001704671593035445,1261.24,0.003724454065066496,1254.12,-0.021762531005756647
2024-07-02,1258.87,1270.47,1257.93,1269.79,441202337.0,0.012139714322152884,1.2139714322152884,0.005559974483969832,0.5559974483969832,1276.85,12.539999999999964,10.920000000000073,1,7,2024,1257.24,1270.0342857142857,1274.4906666666668,7.487663186823054,15.371809719949077,1254.56,0.00741977965502838,1245.32,-0.010936469990231013,1259.09,-0.001704671593035445,1256.56,0.001945587344113875
2024-07-03,1273.26,1278.14,1268.23,1276.85,469162184.0,0.005559974483969832,0.5559974483969832,0.0023808591455536376,0.23808591455536376,1279.89,9.910000000000082,3.589999999999918,2,7,2024,1260.4871428571428,1268.2728571428572,1274.8220000000001,10.306961586332639,12.661569612623987,1269.79,0.012139714322152884,1254.56,0.00741977965502838,1245.32,-0.010936469990231013,1261.24,0.003724454065066496
2024-07-04,1278.87,1283.13,1274.58,1279.89,452214031.0,0.0023808591455536376,0.23808591455536376,0.0024611490049926132,0.24611490049926132,1283.04,8.550000000000182,1.0200000000002092,3,7,2024,1263.82,1268.2714285714285,1274.784,12.387450638956649,12.660156674913036,1276.85,0.005559974483969832,1269.79,0.012139714322152884,1254.56,0.00741977965502838,1259.09,-0.001704671593035445
2024-07-05,1281.21,1284.98,1276.93,1283.04,562932141.0,0.0024611490049926132,0.24611490049926132,0.00040528744232437575,0.040528744232437575,1283.56,8.049999999999955,1.8299999999999272,4,7,2024,1266.9342857142858,1268.8621428571428,1275.4876666666669,14.233494367301091,13.169394693522829,1279.89,0.0023808591455536376,1276.85,0.005559974483969832,1269.79,0.012139714322152884,1245.32,-0.010936469990231013
2024-07-08,1285.34,1287.14,1277.68,1283.56,620542471.0,0.00040528744232437575,0.040528744232437575,0.007907694225435469,0.7907694225435469,1293.71,9.460000000000036,-1.7799999999999727,0,7,2024,1270.43,1269.152142857143,1276.017,14.971615365947315,13.463094957124746,1283.04,0.0024611490049926132,1279.89,0.0023808591455536376,1276.85,0.005559974483969832,1254.56,0.00741977965502838
2024-07-09,1286.33,1294.15,1283.62,1293.71,715099055.0,0.007907694225435469,0.7907694225435469,-0.006005982793670928,-0.6005982793670928,1285.94,10.5300000000002,7.380000000000109,1,7,2024,1277.3428571428572,1270.1464285714285,1276.4163333333333,12.395084663231348,14.760649145183281,1283.56,0.00040528744232437575,1283.04,0.0024611490049926132,1279.89,0.0023808591455536376,1269.79,0.012139714322152884
2024-07-10,1295.57,1297.96,1285.94,1285.94,634688932.0,-0.006005982793670928,-0.6005982793670928,-0.0016641522932641095,-0.16641522932641095,1283.8,12.019999999999982,-9.629999999999882,2,7,2024,1281.8257142857144,1270.4064285714285,1276.8596666666667,7.483414677619332,15.020957465727722,1293.71,0.007907694225435469,1283.56,0.00040528744232437575,1283.04,0.0024611490049926132,1276.85,0.005559974483969832
2024-07-11,1291.14,1293.32,1283.8,1283.8,595188348.0,-0.0016641522932641095,-0.16641522932641095,-0.002375759464090965,-0.23757594640909652,1280.75,9.519999999999982,-7.3400000000001455,3,7,2024,1283.827142857143,1270.5335714285716,1277.4423333333334,5.275862375822678,15.133929078102886,1285.94,-0.006005982793670928,1293.71,0.007907694225435469,1283.56,0.00040528744232437575,1279.89,0.0023808591455536376
2024-07-12,1284.57,1288.67,1277.16,1280.75,505651034.0,-0.002375759464090965,-0.23757594640909652,-0.0007261370290845282,-0.07261370290845282,1279.82,11.509999999999991,-3.8199999999999363,4,7,2024,1284.3842857142856,1272.435714285714,1278.0766666666668,4.575728929601087,14.575484007961146,1283.8,-0.0016641522932641095,1285.94,-0.006005982793670928,1293.71,0.007907694225435469,1283.04,0.0024611490049926132
2024-07-15,1284.14,1286.37,1276.27,1279.82,440329239.0,-0.0007261370290845282,-0.07261370290845282,0.0010626494350769455,0.10626494350769455,1281.18,10.099999999999909,-4.320000000000164,0,7,2024,1284.3742857142859,1274.097142857143,1278.0706666666667,4.587249928209201,13.938397672284056,1280.75,-0.002375759464090965,1283.8,-0.0016641522932641095,1285.94,-0.006005982793670928,1283.56,0.00040528744232437575
2024-07-16,1282.83,1291.47,1279.37,1281.18,598892375.0,0.0010626494350769455,0.10626494350769455,-0.009772241215129762,-0.9772241215129762,1268.66,12.100000000000136,-1.6499999999998636,1,7,2024,1284.1085714285714,1275.5214285714287,1277.9926666666665,4.729095856307302,13.536522026423128,1279.82,-0.0007261370290845282,1280.75,-0.002375759464090965,1283.8,-0.0016641522932641095,1293.71,0.007907694225435469
2024-07-17,1286.07,1290.76,1256.42,1268.66,1092895884.0,-0.009772241215129762,-0.9772241215129762,0.0045559882080306036,0.45559882080306036,1274.44,34.33999999999992,-17.409999999999854,2,7,2024,1281.98,1276.2050000000002,1277.4696666666666,7.536884855989508,12.868064674299353,1281.18,0.0010626494350769455,1279.82,-0.0007261370290845282,1280.75,-0.002375759464090965,1285.94,-0.006005982793670928
2024-07-18,1270.95,1274.67,1256.21,1274.44,612004645.0,0.0045559882080306036,0.45559882080306036,-0.007579799755186634,-0.7579799755186634,1264.78,18.460000000000036,3.490000000000009,3,7,2024,1279.2271428571428,1278.285,1277.1656666666668,5.874222542202615,9.369732571528344,1268.66,-0.009772241215129762,1281.18,0.0010626494350769455,1279.82,-0.0007261370290845282,1283.8,-0.0016641522932641095
2024-07-19,1275.28,1279.94,1260.68,1264.78,682708976.0,-0.007579799755186634,-0.7579799755186634,-0.008017204573127268,-0.8017204573127268,1254.64,19.25999999999999,-10.5,4,7,2024,1276.2042857142858,1279.0149999999999,1276.4056666666665,7.149974025867595,7.612456138590364,1274.44,0.0045559882080306036,1268.66,-0.009772241215129762,1281.18,0.0010626494350769455,1280.75,-0.002375759464090965
2024-07-22,1261.42,1267.43,1245.02,1254.64,777593563.0,-0.008017204573127268,-0.8017204573127268,-0.018196454759931258,-1.8196454759931258,1231.81,22.410000000000082,-6.779999999999973,0,7,2024,1272.0385714285715,1277.932857142857,1275.2046666666668,9.938008567358752,9.790061230733839,1264.78,-0.007579799755186634,1274.44,0.0045559882080306036,1268.66,-0.009772241215129762,1279.82,-0.0007261370290845282
2024-07-23,1256.72,1258.74,1231.81,1231.81,616528413.0,-0.018196454759931258,-1.8196454759931258,0.005406677977934926,0.5406677977934926,1238.47,26.930000000000064,-24.910000000000082,1,7,2024,1265.047142857143,1274.7157142857143,1273.4513333333334,17.2861820676349,15.75591254799882,1254.64,-0.008017204573127268,1264.78,-0.007579799755186634,1274.44,0.0045559882080306036,1281.18,0.0010626494350769455
2024-07-24,1225.5,1242.4,1218.65,1238.47,614914657.0,0.005406677977934926,0.5406677977934926,-0.004263324908960198,-0.42633249089601977,1233.19,23.75,12.970000000000027,2,7,2024,1259.1399999999999,1271.757142857143,1271.394,18.424256656174983,18.379898479922637,1231.81,-0.018196454759931258,1254.64,-0.008017204573127268,1264.78,-0.007579799755186634,1268.66,-0.009772241215129762
2024-07-25,1232.92,1235.67,1226.2,1233.19,382805489.0,-0.004263324908960198,-0.42633249089601977,0.00723327305605781,0.723327305605781,1242.11,9.470000000000027,0.2699999999999818,3,7,2024,1252.2842857142857,1268.1964285714287,1269.1166666666666,17.773362894251402,20.70727988197073,1238.47,0.005406677977934926,1231.81,-0.018196454759931258,1254.64,-0.008017204573127268,1274.44,0.0045559882080306036
2024-07-26,1235.21,1242.11,1234.05,1242.11,383860021.0,0.00723327305605781,0.723327305605781,0.0036148167231566664,0.36148167231566664,1246.6,8.059999999999945,6.899999999999864,4,7,2024,1248.4914285714287,1265.2357142857143,1267.8566666666668,16.48234553348115,21.29649581659626,1233.19,-0.004263324908960198,1238.47,0.005406677977934926,1231.81,-0.018196454759931258,1264.78,-0.007579799755186634
2024-07-29,1247.71,1249.68,1243.08,1246.6,422568067.0,0.0036148167231566664,0.36148167231566664,-0.001235360179688727,-0.1235360179688727,1245.06,6.600000000000136,-1.1100000000001273,0,7,2024,1244.5142857142857,1261.8707142857143,1266.9176666666667,11.899102006908297,20.141822721090236,1242.11,0.00723327305605781,1233.19,-0.004263324908960198,1238.47,0.005406677977934926,1254.64,-0.008017204573127268
2024-07-30,1247.23,1248.73,1236.97,1245.06,566133540.0,-0.001235360179688727,-0.1235360179688727,0.005180473230205873,0.5180473230205873,1251.51,11.759999999999991,-2.1700000000000728,1,7,2024,1241.6971428571428,1258.9507142857142,1265.7696666666666,7.995585686839469,19.330942300367113,1246.6,0.0036148167231566664,1242.11,0.00723327305605781,1233.19,-0.004263324908960198,1231.81,-0.018196454759931258
2024-07-31,1247.45,1255.77,1246.3,1251.51,626496505.0,0.005180473230205873,0.5180473230205873,-0.019616303505365473,-1.9616303505365473,1226.96,9.470000000000027,4.059999999999945,2,7,2024,1241.25,1256.6442857142858,1264.827,7.198974463959272,18.01988632863804,1245.06,-0.001235360179688727,1246.6,0.0036148167231566664,1242.11,0.00723327305605781,1238.47,0.005406677977934926
2024-08-01,1254.59,1257.85,1222.51,1226.96,792496617.0,-0.019616303505365473,-1.9616303505365473,0.007856816848144987,0.7856816848144987,1236.6,35.33999999999992,-27.62999999999988,3,8,2024,1240.5571428571427,1252.8021428571428,1262.9823333333334,8.393266575591008,18.218153321340708,1251.51,0.005180473230205873,1245.06,-0.001235360179688727,1246.6,0.0036148167231566664,1233.19,-0.004263324908960198
2024-08-02,1215.67,1236.6,1209.77,1236.6,611459171.0,0.007856816848144987,0.7856816848144987,-0.039244703218502375,-3.9244703218502375,1188.07,26.829999999999927,20.929999999999836,4,8,2024,1240.2899999999997,1249.7150000000001,1261.4683333333332,8.49985097905124,16.90205483639822,1226.96,-0.019616303505365473,1251.51,0.005180473230205873,1245.06,-0.001235360179688727,1242.11,0.00723327305605781
2024-08-05,1219.05,1220.99,1184.53,1188.07,871578892.0,-0.039244703218502375,-3.9244703218502375,0.018694184686087523,1.8694184686087523,1210.28,36.460000000000036,-30.980000000000018,0,8,2024,1233.8442857142857,1243.064285714286,1259.2666666666667,21.676302619163593,21.312049215373904,1236.6,0.007856816848144987,1226.96,-0.019616303505365473,1251.51,0.005180473230205873,1246.6,0.0036148167231566664
2024-08-06,1197.52,1213.35,1186.74,1210.28,552603849.0,0.018694184686087523,1.8694184686087523,0.004627028456225091,0.4627028456225091,1215.88,26.6099999999999,12.759999999999991,1,8,2024,1229.297142857143,1238.8942857142858,1257.7239999999997,22.95426809569459,21.627740276108625,1188.07,-0.039244703218502375,1236.6,0.007856816848144987,1226.96,-0.019616303505365473,1245.06,-0.001235360179688727
2024-08-07,1216.96,1217.79,1205.11,1215.88,461425878.0,0.004627028456225091,0.4627028456225091,-0.006217718853834375,-0.6217718853834375,1208.32,12.680000000000064,-1.0799999999999272,2,8,2024,1224.9085714285716,1234.7114285714285,1256.212,22.012134856753736,19.81079808789558,1210.28,0.018694184686087523,1188.07,-0.039244703218502375,1236.6,0.007856816848144987,1251.51,0.005180473230205873
2024-08-08,1211.83,1219.97,1202.58,1208.32,579962780.0,-0.006217718853834375,-0.6217718853834375,0.012678760593220373,1.2678760593220373,1223.64,17.3900000000001,-3.509999999999991,3,8,2024,1219.6599999999999,1230.6785714285713,1254.5196666666668,20.75039196415906,18.946836089501332,1215.88,0.004627028456225091,1210.28,0.018694184686087523,1188.07,-0.039244703218502375,1226.96,-0.019616303505365473
2024-08-09,1215.3,1225.02,1212.4,1223.64,502888457.0,0.012678760593220373,1.2678760593220373,0.0054264326108985905,0.542643261089859,1230.28,12.61999999999989,8.340000000000146,4,8,2024,1215.6785714285713,1228.4642857142858,1253.797,15.673374906253585,17.701634741675587,1208.32,-0.006217718853834375,1215.88,0.004627028456225091,1210.28,0.018694184686087523,1236.6,0.007856816848144987
2024-08-12,1225.95,1231.46,1221.16,1230.28,447955533.0,0.0054264326108985905,0.542643261089859,0.00011379523360544042,0.011379523360544042,1230.42,10.299999999999955,4.329999999999927,0,8,2024,1216.152857142857,1228.355,1252.9876666666667,16.115647379977826,17.684104444393647,1223.64,0.012678760593220373,1208.32,-0.006217718853834375,1215.88,0.004627028456225091,1188.07,-0.039244703218502375
2024-08-13,1229.81,1231.55,1223.01,1230.42,447926581.0,0.00011379523360544042,0.011379523360544042,-4.8763836738796584e-05,-0.004876383673879658,1230.36,8.539999999999964,0.6100000000001273,1,8,2024,1215.27,1227.78,1251.6753333333331,14.9348261902486,17.459360284348406,1230.28,0.0054264326108985905,1223.64,0.012678760593220373,1208.32,-0.006217718853834375,1210.28,0.018694184686087523
2024-08-14,1233.7,1236.51,1228.93,1230.36,404202277.0,-4.8763836738796584e-05,-0.004876383673879658,-0.0055268376735264635,-0.5526837673526463,1223.56,7.579999999999927,-3.3400000000001455,2,8,2024,1221.3114285714287,1227.577857142857,1250.1256666666666,9.75252348293905,17.408213436627122,1230.42,0.00011379523360544042,1230.28,0.0054264326108985905,1223.64,0.012678760593220373,1215.88,0.004627028456225091
2024-08-15,1230.58,1231.69,1222.28,1223.56,394681474.0,-0.0055268376735264635,-0.5526837673526463,0.023431625747817986,2.3431625747817986,1252.23,9.410000000000082,-7.019999999999982,3,8,2024,1223.2085714285713,1226.2528571428572,1248.248,8.454189155990418,16.91603219006041,1230.36,-4.8763836738796584e-05,1230.42,0.00011379523360544042,1230.28,0.0054264326108985905,1208.32,-0.006217718853834375
2024-08-16,1228.27,1253.24,1227.94,1252.23,859565834.0,0.023431625747817986,2.3431625747817986,0.007498622457535742,0.7498622457535742,1261.62,25.299999999999955,23.960000000000036,4,8,2024,1228.4014285714288,1226.655,1247.221,13.093350002395693,17.49399798173168,1223.56,-0.0055268376735264635,1230.36,-4.8763836738796584e-05,1230.42,0.00011379523360544042,1223.64,0.012678760593220373
2024-08-19,1259.36,1263.84,1256.45,1261.62,560120742.0,0.007498622457535742,0.7498622457535742,0.008663464434615964,0.8663464434615964,1272.55,7.389999999999873,2.259999999999991,0,8,2024,1236.0157142857145,1227.837857142857,1246.4896666666668,14.84914796335369,19.3007346127972,1252.23,0.023431625747817986,1223.56,-0.0055268376735264635,1230.36,-4.8763836738796584e-05,1230.28,0.0054264326108985905
2024-08-20,1263.65,1275.95,1263.65,1272.55,724078305.0,0.008663464434615964,0.8663464434615964,0.009036973006954607,0.9036973006954607,1284.05,12.299999999999955,8.899999999999864,1,8,2024,1243.0028571428572,1229.3407142857143,1245.7843333333333,18.986125385193635,21.926316981514546,1261.62,0.007498622457535742,1252.23,0.023431625747817986,1223.56,-0.0055268376735264635,1230.42,0.00011379523360544042
2024-08-21,1272.34,1284.05,1268.91,1284.05,670203726.0,0.009036973006954607,0.9036973006954607,-0.0009890580584868136,-0.09890580584868136,1282.78,15.139999999999873,11.710000000000036,2,8,2024,1250.6842857142856,1233.4185714285716,1245.7213333333334,23.35524270702737,26.318401242406146,1272.55,0.008663464434615964,1261.62,0.007498622457535742,1252.23,0.023431625747817986,1230.36,-4.8763836738796584e-05
2024-08-22,1287.34,1288.42,1280.42,1282.78,551649974.0,-0.0009890580584868136,-0.09890580584868136,0.0019800745256395302,0.19800745256395302,1285.32,8.0,-4.559999999999945,3,8,2024,1258.1642857142856,1236.717142857143,1245.687333333333,24.15451983730541,29.454865453798156,1284.05,0.009036973006954607,1272.55,0.008663464434615964,1261.62,0.007498622457535742,1223.56,-0.0055268376735264635
2024-08-23,1283.22,1287.43,1276.43,1285.32,595105295.0,0.0019800745256395302,0.19800745256395302,-0.004123486758161321,-0.4123486758161321,1280.02,11.0,2.099999999999909,4,8,2024,1266.0157142857145,1243.6635714285715,1245.8396666666665,22.48512460652009,28.553339184265408,1282.78,-0.0009890580584868136,1284.05,0.009036973006954607,1272.55,0.008663464434615964,1252.23,0.023431625747817986
2024-08-26,1289.65,1290.45,1278.72,1280.02,643948678.0,-0.004123486758161321,-0.4123486758161321,0.00042186840830615857,0.04218684083061586,1280.56,11.730000000000018,-9.63000000000011,0,8,2024,1274.0814285714284,1248.645,1245.8463333333334,12.726135088273058,28.36402590227474,1285.32,0.0019800745256395302,1282.78,-0.0009890580584868136,1284.05,0.009036973006954607,1261.62,0.007498622457535742
2024-08-27,1279.55,1282.92,1274.7,1280.56,538503219.0,0.00042186840830615857,0.04218684083061586,0.0006871993502843843,0.06871993502843843,1281.44,8.220000000000027,1.009999999999991,1,8,2024,1278.1285714285714,1253.2649999999999,1245.8256666666668,8.38210878110549,27.880147265371047,1280.02,-0.004123486758161321,1285.32,0.0019800745256395302,1282.78,-0.0009890580584868136,1272.55,0.008663464434615964
2024-08-28,1283.41,1285.72,1276.9,1281.44,619986351.0,0.0006871993502843843,0.06871993502843843,2.341116244219954e-05,0.002341116244219954,1281.47,8.819999999999936,-1.9700000000000273,2,8,2024,1280.9599999999998,1258.4878571428574,1246.2516666666668,4.160773165236807,25.565626315453994,1280.56,0.00042186840830615857,1280.02,-0.004123486758161321,1285.32,0.0019800745256395302,1284.05,0.009036973006954607
2024-08-29,1281.05,1288.2,1280.24,1281.47,530557167.0,2.341116244219954e-05,0.002341116244219954,0.0018728491498043454,0.18728491498043454,1283.87,7.960000000000036,0.42000000000007276,3,8,2024,1282.2342857142855,1262.6185714285714,1246.4859999999999,1.9164886043601346,24.133830024442943,1281.44,0.0006871993502843843,1280.56,0.00042186840830615857,1280.02,-0.004123486758161321,1282.78,-0.0009890580584868136
2024-08-30,1283.61,1286.84,1282.58,1283.87,473075527.0,0.0018728491498043454,0.18728491498043454,-0.006285683129911845,-0.6285683129911845,1275.8,4.259999999999991,0.2599999999999909,4,8,2024,1282.2085714285715,1266.4464285714287,1247.1223333333332,1.8890776280841775,22.824494132794044,1281.47,2.341116244219954e-05,1281.44,0.0006871993502843843,1280.56,0.00042186840830615857,1285.32,0.0019800745256395302
2024-09-04,1271.39,1277.27,1268.43,1275.8,546685039.0,-0.006285683129911845,-0.6285683129911845,-0.00594920833986512,-0.594920833986512,1268.21,8.839999999999918,4.4099999999998545,2,9,2024,1281.2114285714285,1269.6878571428572,1247.8276666666668,3.0330096633982686,20.409156383498456,1283.87,0.0018728491498043454,1281.47,2.341116244219954e-05,1281.44,0.0006871993502843843,1280.02,-0.004123486758161321
2024-09-05,1276.35,1282.21,1266.05,1268.21,537013671.0,-0.00594920833986512,-0.594920833986512,0.004533949424779804,0.4533949424779804,1273.96,16.160000000000082,-8.139999999999873,3,9,2024,1278.7671428571427,1272.3914285714286,1249.0410000000002,5.252458834561003,17.025119837901226,1275.8,-0.006285683129911845,1283.87,0.0018728491498043454,1281.47,2.341116244219954e-05,1280.56,0.00042186840830615857
2024-09-06,1268.22,1274.44,1262.94,1273.96,469737427.0,0.004533949424779804,0.4533949424779804,-0.00489026343056298,-0.489026343056298,1267.73,11.5,5.740000000000009,4,9,2024,1277.9014285714286,1275.9914285714283,1250.224,5.504887006253646,9.626178934526827,1268.21,-0.00594920833986512,1275.8,-0.006285683129911845,1283.87,0.0018728491498043454,1281.44,0.0006871993502843843
2024-09-09,1269.83,1269.92,1262.97,1267.73,399316190.0,-0.00489026343056298,-0.489026343056298,-0.00986014372145494,-0.9860143721454939,1255.23,6.9500000000000455,-2.099999999999909,0,9,2024,1276.0685714285714,1277.0985714285712,1251.3753333333332,6.515329177022769,7.291239060226912,1273.96,0.004533949424779804,1268.21,-0.00594920833986512,1275.8,-0.006285683129911845,1281.47,2.341116244219954e-05
2024-09-10,1269.83,1271.83,1252.22,1255.23,548188299.0,-0.00986014372145494,-0.9860143721454939,-0.0015614668228133288,-0.15614668228133288,1253.27,19.6099999999999,-14.599999999999909,1,9,2024,1272.3242857142857,1276.6421428571427,1251.8126666666665,9.677750870116181,8.443658684387456,1267.73,-0.00489026343056298,1273.96,0.004533949424779804,1268.21,-0.00594920833986512,1283.87,0.0018728491498043454
2024-09-11,1254.25,1256.86,1244.79,1253.27,469969175.0,-0.0015614668228133288,-0.15614668228133288,0.0024575709942789015,0.24575709942789015,1256.35,12.069999999999936,-0.9800000000000182,2,9,2024,1268.2957142857142,1275.2649999999999,1252.0349999999999,11.013394658508323,10.487354839942535,1255.23,-0.00986014372145494,1267.73,-0.00489026343056298,1273.96,0.004533949424779804,1275.8,-0.006285683129911845
2024-09-12,1258.42,1260.93,1255.87,1256.35,353322514.0,0.0024575709942789015,0.24575709942789015,-0.003693238349186001,-0.3693238349186001,1251.71,5.060000000000173,-2.0700000000001637,3,9,2024,1264.3642857142856,1273.2864285714288,1252.4113333333335,9.306968459390228,11.285097461948302,1253.27,-0.0015614668228133288,1255.23,-0.00986014372145494,1267.73,-0.00489026343056298,1268.21,-0.00594920833986512
2024-09-13,1253.48,1254.24,1248.78,1251.71,345075622.0,-0.003693238349186001,-0.3693238349186001,-0.009946393333919223,-0.9946393333919223,1239.26,5.460000000000036,-1.7699999999999818,4,9,2024,1260.922857142857,1271.0671428571427,1252.4180000000001,8.814470515892294,12.28524971011776,1256.35,0.0024575709942789015,1253.27,-0.0015614668228133288,1255.23,-0.00986014372145494,1273.96,0.004533949424779804
2024-09-16,1251.0,1255.42,1239.26,1239.26,406084647.0,-0.009946393333919223,-0.9946393333919223,0.0158885141132612,1.5888514113261198,1258.95,16.160000000000082,-11.740000000000009,0,9,2024,1256.787142857143,1267.7771428571427,1252.828,11.27399177201935,14.193900872501402,1251.71,-0.003693238349186001,1256.35,0.0024575709942789015,1253.27,-0.0015614668228133288,1267.73,-0.00489026343056298
2024-09-17,1240.0,1258.95,1238.69,1258.95,418063385.0,0.0158885141132612,1.5888514113261198,0.004726160689463521,0.4726160689463521,1264.9,20.25999999999999,18.950000000000045,1,9,2024,1254.642857142857,1266.2721428571426,1253.573,8.565459151474174,13.910121482959713,1239.26,-0.009946393333919223,1251.71,-0.003693238349186001,1256.35,0.0024575709942789015,1255.23,-0.00986014372145494
2024-09-18,1261.23,1271.77,1257.93,1264.9,542560781.0,0.004726160689463521,0.4726160689463521,0.005035971223021463,0.5035971223021463,1271.27,13.839999999999918,3.6700000000000728,2,9,2024,1254.2385714285715,1265.1535714285715,1256.1340000000002,7.8845216057643945,13.288550078438803,1258.95,0.0158885141132612,1239.26,-0.009946393333919223,1251.71,-0.003693238349186001,1253.27,-0.0015614668228133288
2024-09-19,1268.08,1271.27,1264.82,1271.27,444118910.0,0.005035971223021463,0.5035971223021463,0.0006056935190792423,0.06056935190792423,1272.04,6.4500000000000455,3.1900000000000546,3,9,2024,1256.53,1264.4271428571428,1258.1670000000001,10.208870325981392,12.589334575556572,1264.9,0.004726160689463521,1258.95,0.0158885141132612,1239.26,-0.009946393333919223,1256.35,0.0024575709942789015
2024-09-20,1277.73,1283.3,1272.04,1272.04,773588806.0,0.0006056935190792423,0.06056935190792423,-0.0027986541303731682,-0.2798654130373168,1268.48,11.259999999999991,-5.690000000000055,4,9,2024,1259.2114285714285,1263.7535714285716,1260.039,11.582517614278313,11.837139471995611,1271.27,0.005035971223021463,1264.9,0.004726160689463521,1258.95,0.0158885141132612,1251.71,-0.003693238349186001
2024-09-23,1275.15,1276.99,1267.87,1268.48,416937911.0,-0.0027986541303731682,-0.2798654130373168,0.006708816851664912,0.6708816851664912,1276.99,9.120000000000118,-6.670000000000073,0,9,2024,1260.9442857142858,1262.6542857142856,1262.0443333333335,11.983512085532531,10.459749750138162,1272.04,0.0006056935190792423,1271.27,0.005035971223021463,1264.9,0.004726160689463521,1239.26,-0.009946393333919223
2024-09-24,1268.25,1276.99,1266.68,1276.99,450952923.0,0.006708816851664912,0.6708816851664912,0.008214629715189714,0.8214629715189714,1287.48,10.309999999999945,8.740000000000009,1,9,2024,1264.5557142857142,1262.7392857142856,1263.8226666666667,12.533444401709746,10.5789504091187,1268.48,-0.0027986541303731682,1272.04,0.0006056935190792423,1271.27,0.005035971223021463,1258.95,0.0158885141132612
2024-09-25,1282.48,1288.44,1280.47,1287.48,841960747.0,0.008214629715189714,0.8214629715189714,0.003114611489110519,0.3114611489110519,1291.49,7.970000000000027,5.0,2,9,2024,1271.4442857142858,1264.1157142857141,1265.7293333333332,9.092177694995515,12.43609802415094,1276.99,0.006708816851664912,1268.48,-0.0027986541303731682,1272.04,0.0006056935190792423,1264.9,0.004726160689463521
2024-09-26,1290.03,1298.71,1289.15,1291.49,828772734.0,0.003114611489110519,0.3114611489110519,-0.0004413506879650253,-0.04413506879650253,1290.92,9.559999999999945,1.4600000000000364,3,9,2024,1276.0928571428572,1265.3678571428572,1267.765,9.920224651796383,14.25327610308214,1287.48,0.008214629715189714,1276.99,0.006708816851664912,1268.48,-0.0027986541303731682,1271.27,0.005035971223021463
2024-09-27,1295.03,1300.31,1287.21,1290.92,811528634.0,-0.0004413506879650253,-0.04413506879650253,-0.0023084311963561532,-0.23084311963561532,1287.94,13.099999999999909,-4.1099999999999,4,9,2024,1279.81,1267.0242857142857,1269.7836666666667,9.902097420878269,15.811257291664953,1291.49,0.003114611489110519,1287.48,0.008214629715189714,1276.99,0.006708816851664912,1272.04,0.0006056935190792423
2024-09-30,1290.17,1292.03,1283.92,1287.94,636582014.0,-0.0023084311963561532,-0.23084311963561532,0.00330760749724357,0.330760749724357,1292.2,8.1099999999999,-2.230000000000018,0,9,2024,1282.1914285714286,1269.3607142857145,1271.9296666666667,9.502421495857314,16.34221407855721,1290.92,-0.0004413506879650253,1291.49,0.003114611489110519,1287.48,0.008214629715189714,1268.48,-0.0027986541303731682
2024-10-01,1290.68,1302.22,1290.68,1292.2,833023683.0,0.00330760749724357,0.330760749724357,-0.0033740906980344043,-0.33740906980344043,1287.84,11.539999999999964,1.5199999999999818,1,10,2024,1285.0714285714287,1272.1414285714288,1273.262,8.952050842400013,16.701801311037176,1287.94,-0.0023084311963561532,1290.92,-0.0004413506879650253,1291.49,0.003114611489110519,1276.99,0.006708816851664912
2024-10-02,1289.65,1293.69,1285.14,1287.84,615948736.0,-0.0033740906980344043,-0.33740906980344043,-0.00756305131072188,-0.756305131072188,1278.1,8.549999999999955,-1.8100000000001728,2,10,2024,1287.837142857143,1274.3907142857145,1274.136,5.158820001580732,16.531085154158287,1292.2,0.00330760749724357,1287.94,-0.0023084311963561532,1290.92,-0.0004413506879650253,1287.48,0.008214629715189714
2024-10-03,1288.45,1299.36,1276.51,1278.1,929324954.0,-0.00756305131072188,-0.756305131072188,-0.0058680854393240445,-0.5868085439324044,1270.6,22.84999999999991,-10.350000000000136,3,10,2024,1287.9957142857143,1276.2757142857142,1274.3210000000001,4.772420270395326,15.196651814595246,1287.84,-0.0033740906980344043,1292.2,0.00330760749724357,1287.94,-0.0023084311963561532,1291.49,0.003114611489110519
2024-10-04,1278.9,1279.33,1270.6,1270.6,516838768.0,-0.0058680854393240445,-0.5868085439324044,-0.0005273099323153119,-0.05273099323153119,1269.93,8.730000000000018,-8.300000000000182,4,10,2024,1285.5842857142857,1278.5142857142857,1273.8726666666666,8.14755557845172,11.073498310632896,1278.1,-0.00756305131072188,1287.84,-0.0033740906980344043,1292.2,0.00330760749724357,1290.92,-0.0004413506879650253
2024-10-07,1275.59,1278.61,1264.65,1269.93,431746999.0,-0.0005273099323153119,-0.05273099323153119,0.0016142622034285292,0.16142622034285292,1271.98,13.959999999999809,-5.6599999999998545,0,10,2024,1282.5042857142857,1279.2985714285714,1273.4443333333334,9.505001941292582,9.90884597578632,1270.6,-0.0058680854393240445,1278.1,-0.00756305131072188,1287.84,-0.0033740906980344043,1287.94,-0.0023084311963561532
2024-10-08,1271.98,1275.82,1266.94,1271.98,592176851.0,0.0016142622034285292,0.16142622034285292,0.007759555967861154,0.7759555967861154,1281.85,8.879999999999882,0.0,1,10,2024,1279.7985714285714,1279.8042857142857,1272.9996666666666,9.405321948323154,9.278055759788751,1269.93,-0.0005273099323153119,1270.6,-0.0058680854393240445,1278.1,-0.00756305131072188,1292.2,0.00330760749724357
2024-10-09,1273.96,1283.01,1273.04,1281.85,582540343.0,0.007759555967861154,0.7759555967861154,0.0035183523813238082,0.3518352381323808,1286.36,9.970000000000027,7.889999999999873,2,10,2024,1278.9285714285713,1280.56,1273.0606666666667,8.788132961648548,8.954696232470338,1271.98,0.0016142622034285292,1269.93,-0.0005273099323153119,1270.6,-0.0058680854393240445,1287.84,-0.0033740906980344043
2024-10-10,1289.61,1294.33,1284.97,1286.36,598891260.0,0.0035183523813238082,0.3518352381323808,0.0015780963338414278,0.15780963338414278,1288.39,9.3599999999999,-3.25,3,10,2024,1278.0942857142857,1281.5828571428574,1273.254,7.501230692626264,8.721449622449343,1281.85,0.007759555967861154,1271.98,0.0016142622034285292,1269.93,-0.0005273099323153119,1278.1,-0.00756305131072188
2024-10-11,1287.66,1289.37,1283.56,1288.39,437625358.0,0.0015780963338414278,0.15780963338414278,-0.001591133119630106,-0.1591133119630106,1286.34,5.809999999999945,0.7300000000000182,4,10,2024,1278.172857142857,1283.0049999999999,1273.4856666666667,7.6222300198450545,8.015203582067201,1286.36,0.0035183523813238082,1281.85,0.007759555967861154,1271.98,0.0016142622034285292,1270.6,-0.0058680854393240445
2024-10-14,1296.54,1297.67,1286.13,1286.34,619276191.0,-0.001591133119630106,-0.1591133119630106,-0.0040891210721892834,-0.40891210721892834,1281.08,11.539999999999964,-10.200000000000045,0,10,2024,1279.35,1283.6728571428573,1273.6480000000001,8.221796235164408,7.863561953329662,1288.39,0.0015780963338414278,1286.36,0.0035183523813238082,1281.85,0.007759555967861154,1269.93,-0.0005273099323153119
2024-10-15,1287.81,1294.05,1279.81,1281.08,619610197.0,-0.0040891210721892834,-0.40891210721892834,-0.001248946201642287,-0.1248946201642287,1279.48,14.240000000000009,-6.730000000000018,1,10,2024,1280.847142857143,1283.2157142857143,1273.555,7.260945104374924,7.811065833226276,1286.34,-0.001591133119630106,1288.39,0.0015780963338414278,1286.36,0.0035183523813238082,1271.98,0.0016142622034285292
2024-10-16,1279.86,1283.33,1276.4,1279.48,440452844.0,-0.001248946201642287,-0.1248946201642287,0.005502235283083801,0.5502235283083801,1286.52,6.929999999999836,-0.37999999999988177,2,10,2024,1282.2114285714285,1282.357857142857,1273.6776666666665,5.567526166823435,7.4851372512981875,1281.08,-0.0040891210721892834,1286.34,-0.001591133119630106,1288.39,0.0015780963338414278,1281.85,0.007759555967861154
2024-10-17,1282.65,1286.52,1271.82,1286.52,579305856.0,0.005502235283083801,0.5502235283083801,-0.000823928116158279,-0.0823928116158279,1285.46,14.700000000000045,3.869999999999891,3,10,2024,1284.2885714285715,1282.0435714285716,1274.288,3.407444930088709,7.18430405298353,1279.48,-0.001248946201642287,1281.08,-0.0040891210721892834,1286.34,-0.001591133119630106,1286.36,0.0035183523813238082
2024-10-18,1291.16,1294.1,1285.46,1285.46,546249354.0,-0.000823928116158279,-0.0823928116158279,-0.004426431005243314,-0.4426431005243314,1279.77,8.639999999999873,-5.7000000000000455,4,10,2024,1284.8042857142857,1281.8664285714283,1274.6713333333332,3.2462278474098154,7.057182492022927,1286.52,0.005502235283083801,1279.48,-0.001248946201642287,1281.08,-0.0040891210721892834,1288.39,0.0015780963338414278
2024-10-21,1284.17,1287.71,1279.77,1279.77,528557901.0,-0.004426431005243314,-0.4426431005243314,-0.007720137212155254,-0.7720137212155254,1269.89,7.940000000000055,-4.400000000000091,0,10,2024,1283.8628571428574,1280.9785714285713,1275.0726666666667,3.6502909211091743,6.409283959972238,1285.46,-0.000823928116158279,1286.52,0.005502235283083801,1279.48,-0.001248946201642287,1286.34,-0.001591133119630106
2024-10-22,1280.21,1280.21,1265.44,1269.89,667541526.0,-0.007720137212155254,-0.7720137212155254,0.0007953444786557018,0.07953444786557018,1270.9,14.769999999999982,-10.319999999999936,1,10,2024,1281.2199999999998,1279.6964285714287,1275.5613333333333,5.856628723012934,6.719024204761226,1279.77,-0.004426431005243314,1285.46,-0.000823928116158279,1286.52,0.005502235283083801,1281.08,-0.0040891210721892834
2024-10-23,1270.58,1273.21,1263.26,1270.9,489929001.0,0.0007953444786557018,0.07953444786557018,-0.010614525139664766,-1.0614525139664766,1257.41,9.950000000000045,0.3200000000001637,2,10,2024,1279.0142857142857,1279.1821428571427,1276.1490000000001,6.481156936637611,7.114527043688405,1269.89,-0.007720137212155254,1279.77,-0.004426431005243314,1285.46,-0.000823928116158279,1279.48,-0.001248946201642287
2024-10-24,1271.17,1274.11,1257.41,1257.41,532020991.0,-0.010614525139664766,-1.0614525139664766,-0.0037298892167233477,-0.37298892167233477,1252.72,16.699999999999818,-13.759999999999991,3,10,2024,1275.6328571428571,1278.24,1276.1843333333334,10.28325453389003,8.969866648547919,1270.9,0.0007953444786557018,1269.89,-0.007720137212155254,1279.77,-0.004426431005243314,1286.52,0.005502235283083801
2024-10-25,1260.94,1261.72,1251.75,1252.72,480454993.0,-0.0037298892167233477,-0.37298892167233477,0.0016364391084999763,0.16364391084999763,1254.77,9.970000000000027,-8.220000000000027,4,10,2024,1271.81,1277.0107142857144,1276.218,13.180609495236954,11.118310928936454,1257.41,-0.010614525139664766,1270.9,0.0007953444786557018,1269.89,-0.007720137212155254,1285.46,-0.000823928116158279
2024-10-28,1252.76,1255.18,1250.94,1254.77,368249767.0,0.0016364391084999763,0.16364391084999763,0.005586681224447609,0.5586681224447609,1261.78,4.240000000000009,2.009999999999991,0,10,2024,1267.2742857142857,1275.7814285714287,1276.7350000000001,12.730143828882966,12.573489116861877,1252.72,-0.0037298892167233477,1257.41,-0.010614525139664766,1270.9,0.0007953444786557018,1279.77,-0.004426431005243314
2024-10-29,1258.03,1262.38,1257.43,1261.78,454099020.0,0.005586681224447609,0.5586681224447609,-0.002496473236221708,-0.2496473236221708,1258.63,4.9500000000000455,3.75,1,10,2024,1263.8914285714288,1274.347857142857,1276.8293333333334,9.930594860581866,12.966361317832623,1254.77,0.0016364391084999763,1252.72,-0.0037298892167233477,1257.41,-0.010614525139664766,1269.89,-0.007720137212155254
2024-10-30,1263.57,1264.84,1255.07,1258.63,429794790.0,-0.002496473236221708,-0.2496473236221708,0.004647910823673218,0.4647910823673218,1264.48,9.769999999999982,-4.939999999999827,2,10,2024,1260.8714285714286,1272.367142857143,1276.6203333333333,7.111154216090947,13.107481967063192,1261.78,0.005586681224447609,1254.77,0.0016364391084999763,1252.72,-0.0037298892167233477,1270.9,0.0007953444786557018
2024-10-31,1260.23,1267.88,1255.55,1264.48,409737985.0,0.004647910823673218,0.4647910823673218,-0.00758414526129314,-0.758414526129314,1254.89,12.330000000000155,4.25,3,10,2024,1260.0985714285714,1270.6592857142857,1276.394,6.203723152405961,12.397640262014832,1258.63,-0.002496473236221708,1261.78,0.005586681224447609,1254.77,0.0016364391084999763,1257.41,-0.010614525139664766
2024-11-01,1262.39,1264.67,1254.33,1254.89,497670931.0,-0.00758414526129314,-0.758414526129314,-0.00811226482002414,-0.811226482002414,1244.71,10.340000000000146,-7.5,4,11,2024,1257.8114285714287,1268.412857142857,1275.8223333333333,4.178482294451099,12.185283323366736,1264.48,0.004647910823673218,1258.63,-0.002496473236221708,1261.78,0.005586681224447609,1252.72,-0.0037298892167233477
2024-11-04,1255.92,1256.96,1242.36,1244.71,543721609.0,-0.00811226482002414,-0.811226482002414,0.0008435699881899072,0.08435699881899072,1245.76,14.600000000000136,-11.210000000000036,0,11,2024,1255.997142857143,1265.815,1275.0299999999997,6.496193024291917,13.118218541123989,1254.89,-0.00758414526129314,1264.48,0.004647910823673218,1258.63,-0.002496473236221708,1254.77,0.0016364391084999763
2024-11-05,1244.85,1248.97,1243.55,1245.76,314945393.0,0.0008435699881899072,0.08435699881899072,0.012458258412535228,1.2458258412535228,1261.28,5.420000000000073,0.9100000000000819,1,11,2024,1255.0028571428572,1263.4064285714287,1273.989,7.531515372676567,13.50610494848513,1244.71,-0.00811226482002414,1254.89,-0.00758414526129314,1264.48,0.004647910823673218,1261.78,0.005586681224447609
2024-11-06,1251.22,1262.44,1250.57,1261.28,463915932.0,0.012458258412535228,1.2458258412535228,-0.0012130534060637022,-0.12130534060637022,1259.75,11.870000000000118,10.059999999999945,2,11,2024,1255.9328571428573,1261.6035714285715,1273.1156666666668,7.891306850507051,11.754454872133687,1245.76,0.0008435699881899072,1244.71,-0.00811226482002414,1254.89,-0.00758414526129314,1258.63,-0.002496473236221708
2024-11-07,1266.61,1267.09,1259.75,1259.75,436110981.0,-0.0012130534060637022,-0.12130534060637022,-0.005707481643183243,-0.5707481643183243,1252.56,7.339999999999918,-6.8599999999999,3,11,2024,1255.642857142857,1259.767142857143,1272.0576666666666,7.674949976527145,9.540463162918204,1261.28,0.012458258412535228,1245.76,0.0008435699881899072,1244.71,-0.00811226482002414,1264.48,0.004647910823673218
2024-11-08,1262.84,1264.09,1250.77,1252.56,472794115.0,-0.005707481643183243,-0.5707481643183243,-0.001788337484831093,-0.1788337484831093,1250.32,13.319999999999936,-10.279999999999973,4,11,2024,1254.7757142857142,1257.8235714285713,1270.779,7.623937865091041,7.756931002128628,1259.75,-0.0012130534060637022,1261.28,0.012458258412535228,1245.76,0.0008435699881899072,1254.89,-0.00758414526129314
2024-11-11,1253.81,1253.87,1241.29,1250.32,664742714.0,-0.001788337484831093,-0.1788337484831093,-0.004398873888284638,-0.4398873888284638,1244.82,12.579999999999927,-3.490000000000009,0,11,2024,1252.7528571428572,1256.4257142857143,1269.525,6.400301332140988,7.155194685636575,1252.56,-0.005707481643183243,1259.75,-0.0012130534060637022,1261.28,0.012458258412535228,1244.71,-0.00811226482002414
2024-11-12,1251.79,1257.02,1242.91,1244.82,478703119.0,-0.004398873888284638,-0.4398873888284638,0.0009800613743353725,0.09800613743353725,1246.04,14.1099999999999,-6.970000000000027,1,11,2024,1251.314285714286,1254.5628571428572,1267.9456666666667,6.948136098080499,6.457928256258482,1250.32,-0.001788337484831093,1252.56,-0.005707481643183243,1259.75,-0.0012130534060637022,1245.76,0.0008435699881899072
2024-11-13,1242.94,1247.04,1234.62,1246.04,556101320.0,0.0009800613743353725,0.09800613743353725,-0.01135597573111602,-1.135597573111602,1231.89,12.420000000000073,3.099999999999909,2,11,2024,1251.5042857142857,1253.7507142857144,1266.5523333333333,6.752880514080553,6.7792766397738475,1244.82,-0.004398873888284638,1250.32,-0.001788337484831093,1252.56,-0.005707481643183243,1261.28,0.012458258412535228
2024-11-14,1243.85,1247.07,1231.69,1231.89,530216570.0,-0.01135597573111602,-1.135597573111602,-0.01081265372719975,-1.081265372719975,1218.57,15.379999999999882,-11.959999999999809,3,11,2024,1249.5228571428572,1252.2628571428572,1265.012,9.982061768102714,8.958442883751356,1246.04,0.0009800613743353725,1244.82,-0.004398873888284638,1250.32,-0.001788337484831093,1259.75,-0.0012130534060637022
2024-11-15,1229.36,1229.59,1217.03,1218.57,634822173.0,-0.01081265372719975,-1.081265372719975,-0.0011899193316756707,-0.11899193316756707,1217.12,12.559999999999945,-10.789999999999964,4,11,2024,1243.4214285714286,1249.6771428571428,1263.2776666666666,13.887082041178871,12.644908022655875,1231.89,-0.01135597573111602,1246.04,0.0009800613743353725,1244.82,-0.004398873888284638,1252.56,-0.005707481643183243
2024-11-18,1218.3,1225.38,1204.6,1217.12,519684737.0,-0.0011899193316756707,-0.11899193316756707,-0.009834691731299916,-0.9834691731299916,1205.15,20.7800000000002,-1.1800000000000637,0,11,2024,1237.3314285714284,1246.4871428571428,1261.5173333333332,14.847179786695401,14.805511150915311,1218.57,-0.01081265372719975,1231.89,-0.01135597573111602,1246.04,0.0009800613743353725,1250.32,-0.001788337484831093
2024-11-19,1220.68,1221.4,1205.15,1205.15,411580431.0,-0.009834691731299916,-0.9834691731299916,0.009451105671492988,0.9451105671492988,1216.54,16.25,-15.529999999999973,1,11,2024,1230.5585714285714,1242.6671428571428,1259.2896666666668,17.34582699917044,17.988581604233595,1217.12,-0.0011899193316756707,1218.57,-0.01081265372719975,1231.89,-0.01135597573111602,1244.82,-0.004398873888284638
2024-11-20,1203.71,1222.73,1197.99,1216.54,595053508.0,0.009451105671492988,0.9451105671492988,0.00969141992864997,0.9691419928649969,1228.33,24.74000000000001,12.829999999999927,2,11,2024,1225.732857142857,1239.242857142857,1257.1126666666667,15.536301269681744,18.079577270666622,1205.15,-0.009834691731299916,1217.12,-0.0011899193316756707,1218.57,-0.01081265372719975,1246.04,0.0009800613743353725
2024-11-21,1217.3,1228.55,1214.06,1228.33,385541342.0,0.00969141992864997,0.9691419928649969,-0.00018724609836118233,-0.018724609836118233,1228.1,14.490000000000009,11.029999999999973,3,11,2024,1223.3771428571429,1237.3457142857144,1255.1783333333335,13.24034455023706,17.70092075584429,1216.54,0.009451105671492988,1205.15,-0.009834691731299916,1217.12,-0.0011899193316756707,1231.89,-0.01135597573111602
2024-11-22,1228.95,1233.42,1226.33,1228.1,416151649.0,-0.00018724609836118233,-0.018724609836118233,0.0053741551990882375,0.5374155199088237,1234.7,7.0900000000001455,-0.8500000000001364,4,11,2024,1220.814285714286,1236.1592857142857,1253.1686666666667,9.26069626095015,17.725986340921086,1228.33,0.00969141992864997,1216.54,0.009451105671492988,1205.15,-0.009834691731299916,1218.57,-0.01081265372719975
2024-11-25,1229.39,1236.57,1229.02,1234.7,382227104.0,0.0053741551990882375,0.5374155199088237,0.006017656110796299,0.6017656110796299,1242.13,7.5499999999999545,5.309999999999945,0,11,2024,1221.2157142857143,1235.3692857142858,1251.4473333333333,9.86218849466185,17.51034000649711,1228.1,-0.00018724609836118233,1228.33,0.00969141992864997,1216.54,0.009451105671492988,1217.12,-0.0011899193316756707
2024-11-26,1235.63,1246.83,1235.22,1242.13,470846416.0,0.006017656110796299,0.6017656110796299,-0.00012881099401840235,-0.012881099401840235,1241.97,11.6099999999999,6.5,1,11,2024,1224.5814285714284,1234.0014285714285,1250.1490000000001,12.481238491639255,16.014665806047653,1234.7,0.0053741551990882375,1228.1,-0.00018724609836118233,1228.33,0.00969141992864997,1205.15,-0.009834691731299916
2024-11-27,1241.36,1245.34,1239.23,1241.97,330000841.0,-0.00012881099401840235,-0.012881099401840235,0.00011272413987439833,0.011272413987439833,1242.11,6.1099999999999,0.6100000000001273,2,11,2024,1228.1314285714286,1232.7314285714288,1248.898666666667,13.497900365803542,14.443610169398136,1242.13,0.006017656110796299,1234.7,0.0053741551990882375,1228.1,-0.00018724609836118233,1216.54,0.009451105671492988
2024-11-28,1246.37,1250.46,1240.91,1242.11,374803536.0,0.00011272413987439833,0.011272413987439833,0.00672243199072553,0.672243199072553,1250.46,9.549999999999955,-4.259999999999991,3,11,2024,1233.4114285714284,1231.9850000000001,1247.4183333333333,9.706230693999304,13.584543111151199,1241.97,-0.00012881099401840235,1242.13,0.006017656110796299,1234.7,0.0053741551990882375,1228.33,0.00969141992864997
2024-11-29,1242.51,1250.92,1241.0,1250.46,396117434.0,0.00672243199072553,0.672243199072553,0.0005997792812244551,0.05997792812244551,1251.21,9.920000000000073,7.9500000000000455,4,11,2024,1238.2571428571428,1231.9950000000001,1246.2516666666668,8.235163860477895,13.599122002211523,1242.11,0.00011272413987439833,1241.97,-0.00012881099401840235,1242.13,0.006017656110796299,1228.1,-0.00018724609836118233
2024-12-02,1255.73,1258.05,1247.74,1251.21,352806149.0,0.0005997792812244551,0.05997792812244551,-0.0011029323614741848,-0.11029323614741848,1249.83,10.309999999999945,-4.519999999999982,0,12,2024,1241.5257142857142,1232.4514285714286,1245.2996666666668,8.178742481018153,14.158413023390928,1250.46,0.00672243199072553,1242.11,0.00011272413987439833,1241.97,-0.00012881099401840235,1234.7,0.0053741551990882375
2024-12-03,1251.43,1253.83,1244.91,1249.83,439728204.0,-0.0011029323614741848,-0.11029323614741848,-0.007537025035404654,-0.7537025035404654,1240.41,8.919999999999845,-1.6000000000001364,1,12,2024,1244.6299999999999,1232.722142857143,1244.631,6.091061757419719,14.471000273006915,1251.21,0.0005997792812244551,1250.46,0.00672243199072553,1242.11,0.00011272413987439833,1242.13,0.006017656110796299
2024-12-04,1247.34,1247.78,1239.82,1240.41,465502194.0,-0.007537025035404654,-0.7537025035404654,0.021863738602558636,2.1863738602558636,1267.53,7.960000000000036,-6.929999999999836,2,12,2024,1245.445714285714,1233.3307142857143,1243.6146666666668,4.78107330043432,14.611780528739475,1249.83,-0.0011029323614741848,1251.21,0.0005997792812244551,1250.46,0.00672243199072553,1241.97,-0.00012881099401840235
2024-12-05,1241.81,1269.18,1238.49,1267.53,779993372.0,0.021863738602558636,2.1863738602558636,0.002059122860997409,0.20591228609974088,1270.14,30.690000000000055,25.720000000000027,3,12,2024,1249.0742857142857,1236.827857142857,1243.952,9.324769625614195,16.539105258372842,1240.41,-0.007537025035404654,1249.83,-0.0011029323614741848,1251.21,0.0005997792812244551,1242.11,0.00011272413987439833
2024-12-06,1270.96,1276.1,1268.58,1270.14,565715866.0,0.002059122860997409,0.20591228609974088,0.0029130647015287447,0.2913064701528745,1273.84,7.519999999999982,-0.8199999999999363,4,12,2024,1253.0985714285714,1240.615,1244.5326666666665,11.55881543606638,17.70821397849006,1267.53,0.021863738602558636,1240.41,-0.007537025035404654,1249.83,-0.0011029323614741848,1250.46,0.00672243199072553
2024-12-09,1271.46,1277.69,1268.69,1273.84,546454671.0,0.0029130647015287447,0.2913064701528745,-0.0013894994661809434,-0.13894994661809434,1272.07,9.0,2.3799999999998818,0,12,2024,1257.6314285714286,1245.5214285714285,1245.1683333333335,12.696901759288615,16.60783589716407,1270.14,0.002059122860997409,1267.53,0.021863738602558636,1240.41,-0.007537025035404654,1251.21,0.0005997792812244551
2024-12-10,1274.29,1277.32,1270.32,1272.07,462691547.0,-0.0013894994661809434,-0.13894994661809434,-0.002523446036774679,-0.2523446036774679,1268.86,7.0,-2.2200000000000273,1,12,2024,1260.7185714285715,1249.487857142857,1245.5113333333334,13.27653120930611,15.763420254887642,1273.84,0.0029130647015287447,1270.14,0.002059122860997409,1267.53,0.021863738602558636,1249.83,-0.0011029323614741848
2024-12-11,1273.23,1276.67,1264.15,1268.86,473457175.0,-0.002523446036774679,-0.2523446036774679,-0.001190044606970031,-0.1190044606970031,1267.35,12.519999999999982,-4.370000000000118,2,12,2024,1263.24,1252.3828571428571,1245.8523333333333,12.8385123748543,15.293540832950875,1272.07,-0.0013894994661809434,1273.84,0.0029130647015287447,1270.14,0.002059122860997409,1240.41,-0.007537025035404654
2024-12-12,1270.86,1275.64,1265.99,1267.35,461485561.0,-0.001190044606970031,-0.1190044606970031,-0.0037716495048722987,-0.37716495048722987,1262.57,9.650000000000091,-3.509999999999991,3,12,2024,1265.742857142857,1255.1864285714287,1245.948,11.417664259476757,14.046404197497528,1268.86,-0.002523446036774679,1272.07,-0.0013894994661809434,1273.84,0.0029130647015287447,1267.53,0.021863738602558636
2024-12-13,1264.98,1266.55,1260.48,1262.57,367939049.0,-0.0037716495048722987,-0.37716495048722987,0.0009662830575729586,0.09662830575729586,1263.79,6.069999999999936,-2.410000000000082,4,12,2024,1268.9085714285713,1257.1771428571428,1246.2040000000002,3.659223180536677,12.843020510165815,1267.35,-0.001190044606970031,1268.86,-0.002523446036774679,1272.07,-0.0013894994661809434,1270.14,0.002059122860997409
2024-12-16,1264.03,1267.1,1258.65,1263.79,360341279.0,0.0009662830575729586,0.09662830575729586,-0.0016379303523528232,-0.16379303523528232,1261.72,8.449999999999818,-0.2400000000000091,0,12,2024,1268.3742857142856,1258.7242857142858,1246.8400000000001,4.1360321449460535,12.178365252370744,1262.57,-0.0037716495048722987,1267.35,-0.001190044606970031,1268.86,-0.002523446036774679,1273.84,0.0029130647015287447
2024-12-17,1264.91,1265.45,1260.6,1261.72,327584791.0,-0.0016379303523528232,-0.16379303523528232,0.0033921947817265874,0.33921947817265874,1266.0,4.850000000000136,-3.1900000000000546,1,12,2024,1267.1714285714284,1260.135,1247.372,4.720068603136813,11.19227120006309,1263.79,0.0009662830575729586,1262.57,-0.0037716495048722987,1267.35,-0.001190044606970031,1272.07,-0.0013894994661809434
2024-12-18,1262.57,1266.53,1261.49,1266.0,362329721.0,0.0033921947817265874,0.33921947817265874,-0.008949447077409078,-0.8949447077409078,1254.67,5.039999999999964,3.4300000000000637,2,12,2024,1266.0514285714285,1261.8414285714284,1247.5293333333334,3.692241543875884,9.98922947453355,1261.72,-0.0016379303523528232,1263.79,0.0009662830575729586,1262.57,-0.0037716495048722987,1268.86,-0.002523446036774679
2024-12-19,1256.9,1259.76,1249.39,1254.67,628846329.0,-0.008949447077409078,-0.8949447077409078,0.0022555731786046973,0.22555731786046973,1257.5,10.36999999999989,-2.230000000000018,3,12,2024,1263.5657142857142,1262.142142857143,1247.3600000000001,4.6878952531011855,9.678793773063072,1266.0,0.0033921947817265874,1261.72,-0.0016379303523528232,1263.79,0.0009662830575729586,1267.35,-0.001190044606970031
2024-12-20,1255.6,1259.0,1253.9,1257.5,428104838.0,0.0022555731786046973,0.22555731786046973,0.004182902584493053,0.41829025844930534,1262.76,5.099999999999909,1.900000000000091,4,12,2024,1261.9428571428573,1262.5914285714287,1247.5246666666667,4.512684767277483,9.26963351459447,1254.67,-0.008949447077409078,1266.0,0.0033921947817265874,1261.72,-0.0016379303523528232,1262.57,-0.0037716495048722987
2024-12-23,1262.45,1265.2,1261.62,1262.76,363896212.0,0.004182902584493053,0.41829025844930534,-0.0019005986885869408,-0.19005986885869408,1260.36,3.5800000000001546,0.30999999999994543,0,12,2024,1261.287142857143,1263.5149999999999,1247.9393333333333,3.8860164447440853,8.513663000888576,1257.5,0.0022555731786046973,1254.67,-0.008949447077409078,1266.0,0.0033921947817265874,1263.79,0.0009662830575729586
2024-12-24,1263.03,1263.05,1253.78,1260.36,502564849.0,-0.0019005986885869408,-0.19005986885869408,0.010854041702370809,1.085404170237081,1274.04,9.269999999999982,-2.6700000000000728,1,12,2024,1260.9714285714285,1264.94,1248.457333333333,3.854064644633426,5.476917999169664,1262.76,0.004182902584493053,1257.5,0.0022555731786046973,1254.67,-0.008949447077409078,1261.72,-0.0016379303523528232
2024-12-25,1262.03,1283.09,1261.87,1274.04,666962682.0,0.010854041702370809,1.085404170237081,-0.0009183385137044864,-0.09183385137044864,1272.87,21.220000000000027,12.009999999999991,2,12,2024,1262.435714285714,1265.4050000000002,1249.3906666666664,6.284334642908072,5.968062113032613,1260.36,-0.0019005986885869408,1262.76,0.004182902584493053,1257.5,0.0022555731786046973,1266.0,0.0033921947817265874
2024-12-26,1275.68,1277.17,1271.99,1272.87,453389936.0,-0.0009183385137044864,-0.09183385137044864,0.0017833714362034403,0.17833714362034403,1275.14,5.180000000000064,-2.810000000000173,3,12,2024,1264.0285714285715,1265.6000000000001,1250.7566666666667,7.388717589564044,6.175663153461013,1274.04,0.010854041702370809,1260.36,-0.0019005986885869408,1262.76,0.004182902584493053,1254.67,-0.008949447077409078
2024-12-27,1275.56,1277.89,1272.23,1275.14,552111544.0,0.0017833714362034403,0.17833714362034403,-0.002446790156375056,-0.2446790156375056,1272.02,5.660000000000082,-0.4199999999998454,4,12,2024,1265.3342857142857,1265.6928571428573,1252.6423333333332,8.516669648638624,6.317240669052507,1272.87,-0.0009183385137044864,1274.04,0.010854041702370809,1260.36,-0.0019005986885869408,1257.5,0.0022555731786046973
2024-12-30,1273.75,1274.15,1268.77,1272.02,417365889.0,-0.002446790156375056,-0.2446790156375056,-0.004119432084401242,-0.4119432084401242,1266.78,5.380000000000109,-1.7300000000000182,0,12,2024,1267.8128571428572,1265.689285714286,1254.4723333333334,7.339056965450501,6.313370993146586,1275.14,0.0017833714362034403,1272.87,-0.0009183385137044864,1274.04,0.010854041702370809,1262.76,0.004182902584493053
2024-12-31,1272.25,1272.46,1266.78,1266.78,367846747.0,-0.004119432084401242,-0.4119432084401242,0.0023129509464943077,0.23129509464943077,1269.71,5.680000000000064,-5.470000000000027,1,12,2024,1269.1385714285716,1265.5407142857143,1256.5266666666669,5.853484513658989,6.25724007027891,1272.02,-0.002446790156375056,1275.14,0.0017833714362034403,1272.87,-0.0009183385137044864,1260.36,-0.0019005986885869408
2025-01-02,1268.96,1271.13,1263.25,1269.71,328258670.0,0.0023129509464943077,0.23129509464943077,-0.011908231013381121,-1.190823101338112,1254.59,7.880000000000109,0.75,3,1,2025,1270.1314285714286,1265.7092857142857,1258.299,5.1367902706821615,6.340961422264236,1266.78,-0.004119432084401242,1272.02,-0.002446790156375056,1275.14,0.0017833714362034403,1274.04,0.010854041702370809
2025-01-03,1268.74,1269.01,1254.59,1254.59,463010830.0,-0.011908231013381121,-1.190823101338112,-0.006567882734598518,-0.6567882734598518,1246.35,14.420000000000073,-14.150000000000091,4,1,2025,1269.3071428571427,1265.1392857142855,1259.1743333333332,7.066573224846765,6.972120816632327,1269.71,0.0023129509464943077,1266.78,-0.004119432084401242,1272.02,-0.002446790156375056,1272.87,-0.0009183385137044864
2025-01-06,1254.79,1260.37,1244.87,1246.35,469222998.0,-0.006567882734598518,-0.6567882734598518,0.00048140570465760035,0.048140570465760035,1246.95,15.5,-8.440000000000055,0,1,2025,1265.3514285714286,1263.8935714285715,1259.7826666666665,10.760386344597219,8.599765298379209,1254.59,-0.011908231013381121,1269.71,0.0023129509464943077,1266.78,-0.004119432084401242,1275.14,0.0017833714362034403
2025-01-07,1249.19,1254.09,1243.06,1246.95,461894014.0,0.00048140570465760035,0.048140570465760035,0.0032639640723364227,0.32639640723364227,1251.02,11.029999999999973,-2.240000000000009,1,1,2025,1261.6485714285714,1262.8385714285716,1260.191,12.116250009182211,9.719945280922419,1246.35,-0.006567882734598518,1254.59,-0.011908231013381121,1269.71,0.0023129509464943077,1272.02,-0.002446790156375056
2025-01-08,1246.16,1251.02,1239.67,1251.02,335193426.0,0.0032639640723364227,0.32639640723364227,-0.004196575594315077,-0.41965755943150773,1245.77,11.349999999999909,4.8599999999999,2,1,2025,1258.202857142857,1261.7685714285715,1260.4873333333333,11.02012055932975,10.15972732611683,1246.95,0.00048140570465760035,1246.35,-0.006567882734598518,1254.59,-0.011908231013381121,1266.78,-0.004119432084401242
2025-01-09,1250.56,1253.26,1242.9,1245.77,267483879.0,-0.004196575594315077,-0.41965755943150773,-0.012273533637830347,-1.2273533637830347,1230.48,10.3599999999999,-4.789999999999964,3,1,2025,1254.452857142857,1261.132857142857,1260.614,9.948897282723111,10.890247880626143,1251.02,0.0032639640723364227,1246.95,0.00048140570465760035,1246.35,-0.006567882734598518,1269.71,0.0023129509464943077
2025-01-10,1245.68,1247.8,1230.48,1230.48,443618084.0,-0.012273533637830347,-1.2273533637830347,0.0042016123789090365,0.42016123789090365,1235.65,17.319999999999936,-15.200000000000045,4,1,2025,1249.2671428571427,1259.2028571428568,1260.2263333333333,11.750044984688085,13.632593538787173,1245.77,-0.004196575594315077,1251.02,0.0032639640723364227,1246.95,0.00048140570465760035,1254.59,-0.011908231013381121
2025-01-13,1226.66,1235.65,1220.87,1235.65,398593541.0,0.0042016123789090365,0.42016123789090365,-0.005325132521345144,-0.5325132521345144,1229.07,14.7800000000002,8.990000000000009,0,1,2025,1244.4014285714286,1257.2664285714286,1259.7326666666665,8.467302656989817,14.950189403053741,1230.48,-0.012273533637830347,1245.77,-0.004196575594315077,1251.02,0.0032639640723364227,1246.35,-0.006567882734598518
2025-01-14,1234.77,1235.54,1226.7,1229.07,297547932.0,-0.005325132521345144,-0.5325132521345144,0.005784861724718704,0.5784861724718704,1236.18,8.839999999999918,-5.7000000000000455,1,1,2025,1240.7557142857142,1255.0314285714285,1258.9946666666665,8.835330322298466,16.689797370372577,1235.65,0.0042016123789090365,1230.48,-0.012273533637830347,1245.77,-0.004196575594315077,1246.95,0.00048140570465760035
2025-01-15,1233.29,1237.46,1231.13,1236.18,359903149.0,0.005784861724718704,0.5784861724718704,0.004999271950686612,0.49992719506866123,1242.36,6.329999999999927,2.8900000000001,2,1,2025,1239.3028571428572,1252.327142857143,1258.5396666666668,8.594997991597202,16.438247346494236,1229.07,-0.005325132521345144,1235.65,0.0042016123789090365,1230.48,-0.012273533637830347,1251.02,0.0032639640723364227
2025-01-16,1241.74,1245.4,1235.56,1242.36,372990685.0,0.004999271950686612,0.49992719506866123,0.005433207765864978,0.5433207765864978,1249.11,9.840000000000146,0.6199999999998909,3,1,2025,1238.6471428571426,1250.1478571428572,1258.6046666666666,8.073635517879284,15.50099906387853,1236.18,0.005784861724718704,1229.07,-0.005325132521345144,1235.65,0.0042016123789090365,1245.77,-0.004196575594315077
2025-01-17,1242.38,1249.11,1239.63,1249.11,331281862.0,0.005433207765864978,0.5433207765864978,0.00035225080257150765,0.035225080257150765,1249.55,9.47999999999979,6.729999999999791,4,1,2025,1238.3742857142856,1248.2885714285715,1257.9906666666668,7.604430412866834,13.732962511453717,1242.36,0.004999271950686612,1236.18,0.005784861724718704,1229.07,-0.005325132521345144,1230.48,-0.012273533637830347
2025-01-20,1250.03,1253.02,1247.5,1249.55,331206750.0,0.00035225080257150765,0.035225080257150765,-0.0027689968388620034,-0.27689968388620034,1246.09,5.519999999999982,-0.4800000000000182,0,1,2025,1238.9142857142856,1246.6835714285714,1257.3043333333333,8.31788205639707,11.942398681339725,1249.11,0.005433207765864978,1242.36,0.004999271950686612,1236.18,0.005784861724718704,1235.65,0.0042016123789090365
2025-01-21,1252.75,1254.17,1243.08,1246.09,353722909.0,-0.0027689968388620034,-0.27689968388620034,-0.002856936497363738,-0.2856936497363738,1242.53,11.090000000000146,-6.660000000000082,1,1,2025,1241.1442857142858,1245.2057142857143,1256.3793333333333,7.753132393047701,10.451280903688135,1249.55,0.00035225080257150765,1249.11,0.005433207765864978,1242.36,0.004999271950686612,1229.07,-0.005325132521345144
2025-01-22,1248.26,1249.14,1242.53,1242.53,374183309.0,-0.002856936497363738,-0.2856936497363738,0.013762243165155175,1.3762243165155175,1259.63,6.610000000000127,-5.730000000000018,2,1,2025,1242.1271428571429,1243.2642857142857,1255.3946666666666,7.367013674179745,7.715678059147171,1246.09,-0.0027689968388620034,1249.55,0.00035225080257150765,1249.11,0.005433207765864978,1236.18,0.005784861724718704
2025-01-23,1245.59,1263.59,1244.77,1259.63,448550346.0,0.013762243165155175,1.3762243165155175,0.00430285083715054,0.43028508371505403,1265.05,18.819999999999936,14.040000000000191,3,1,2025,1246.492857142857,1243.6242857142856,1255.0869999999998,7.394616767771324,8.374238623767006,1242.53,-0.002856936497363738,1246.09,-0.0027689968388620034,1249.55,0.00035225080257150765,1242.36,0.004999271950686612
2025-01-24,1259.26,1265.38,1258.46,1265.05,456657167.0,0.00430285083715054,0.43028508371505403,-0.00950160072724393,-0.9501600727243931,1253.03,6.920000000000073,5.789999999999964,4,1,2025,1250.6171428571429,1244.9599999999998,1255.0103333333332,8.631594511378466,10.146299818176201,1259.63,0.013762243165155175,1242.53,-0.002856936497363738,1246.09,-0.0027689968388620034,1249.11,0.005433207765864978
2025-02-03,1259.09,1259.09,1249.78,1253.03,462591784.0,-0.00950160072724393,-0.9501600727243931,0.00929746294980971,0.9297462949809709,1264.68,9.309999999999945,-6.059999999999945,0,2,2025,1252.1414285714286,1245.3942857142858,1254.6923333333332,7.835856533805189,10.365774092068378,1265.05,0.00430285083715054,1259.63,0.013762243165155175,1242.53,-0.002856936497363738,1249.55,0.00035225080257150765
2025-02-04,1256.91,1264.68,1255.44,1264.68,541783695.0,0.00929746294980971,0.9297462949809709,0.0038982193123950903,0.38982193123950903,1269.61,9.240000000000009,7.769999999999982,1,2,2025,1254.3657142857141,1246.3700000000001,1254.722,8.961007862070225,11.515215352554673,1253.03,-0.00950160072724393,1265.05,0.00430285083715054,1259.63,0.013762243165155175,1246.09,-0.0027689968388620034
2025-02-05,1268.43,1271.8,1266.18,1269.61,490473888.0,0.0038982193123950903,0.38982193123950903,0.001472893250683338,0.1472893250683338,1271.48,5.619999999999891,1.1799999999998363,2,2,2025,1257.2314285714285,1248.0728571428572,1254.985,10.275447157424638,13.076531784720807,1264.68,0.00929746294980971,1253.03,-0.00950160072724393,1265.05,0.00430285083715054,1242.53,-0.002856936497363738
2025-02-06,1273.58,1275.47,1268.28,1271.48,489762130.0,0.001472893250683338,0.1472893250683338,0.0029257243527227583,0.29257243527227583,1275.2,7.190000000000055,-2.099999999999909,3,2,2025,1260.8585714285714,1251.0014285714285,1255.1676666666667,10.167809381491466,13.420014248052043,1269.61,0.0038982193123950903,1264.68,0.00929746294980971,1253.03,-0.00950160072724393,1259.63,0.013762243165155175
2025-02-07,1271.98,1279.35,1269.12,1275.2,503342974.0,0.0029257243527227583,0.29257243527227583,-0.00936323713927234,-0.936323713927234,1263.26,10.230000000000018,3.2200000000000273,4,2,2025,1265.5257142857142,1253.8264285714286,1255.8519999999999,7.500784085950138,14.086092217374864,1271.48,0.001472893250683338,1269.61,0.0038982193123950903,1264.68,0.00929746294980971,1265.05,0.00430285083715054
2025-02-10,1272.27,1274.47,1263.26,1263.26,652223852.0,-0.00936323713927234,-0.936323713927234,0.004108417902886297,0.41084179028862966,1268.45,11.210000000000036,-9.009999999999991,0,2,2025,1266.0442857142857,1256.2685714285715,1256.044,7.142153870089973,12.316494791798306,1275.2,0.0029257243527227583,1271.48,0.001472893250683338,1269.61,0.0038982193123950903,1253.03,-0.00950160072724393
2025-02-11,1265.44,1268.45,1263.11,1268.45,525259444.0,0.004108417902886297,0.41084179028862966,-0.0012140801765934128,-0.12140801765934128,1266.91,5.3400000000001455,3.009999999999991,1,2,2025,1266.5300000000002,1258.5735714285713,1256.2336666666665,7.178783555214008,11.240389814733781,1263.26,-0.00936323713927234,1275.2,0.0029257243527227583,1271.48,0.001472893250683338,1264.68,0.00929746294980971
2025-02-12,1270.83,1272.86,1266.59,1266.91,424173879.0,-0.0012140801765934128,-0.12140801765934128,0.0027152678564379418,0.2715267856437942,1270.35,6.269999999999982,-3.9199999999998454,2,2,2025,1268.5128571428572,1260.3271428571427,1256.4520000000002,4.073940411378384,10.399958157160636,1268.45,0.004108417902886297,1263.26,-0.00936323713927234,1275.2,0.0029257243527227583,1269.61,0.0038982193123950903
2025-02-13,1267.25,1270.67,1263.85,1270.35,422929502.0,0.0027152678564379418,0.2715267856437942,0.004510567953713629,0.4510567953713629,1276.08,6.820000000000164,3.099999999999909,3,2,2025,1269.3228571428572,1261.8442857142857,1256.3290000000002,3.734379530184241,10.184747052717542,1266.91,-0.0012140801765934128,1268.45,0.004108417902886297,1263.26,-0.00936323713927234,1271.48,0.001472893250683338
2025-02-14,1277.52,1280.6,1274.0,1276.08,572553338.0,0.004510567953713629,0.4510567953713629,-0.0026330637577580696,-0.26330637577580696,1272.72,6.599999999999909,-1.4400000000000546,4,2,2025,1270.2471428571428,1263.7392857142856,1256.4360000000001,4.532658212953553,10.18939755470573,1270.35,0.0027152678564379418,1266.91,-0.0012140801765934128,1268.45,0.004108417902886297,1275.2,0.0029257243527227583
2025-02-17,1277.12,1278.49,1272.72,1272.72,703389002.0,-0.0026330637577580696,-0.26330637577580696,0.004258595763404482,0.42585957634044824,1278.14,5.769999999999982,-4.399999999999864,0,2,2025,1270.4242857142858,1265.6414285714286,1256.3553333333334,4.612399437461221,9.064773625386152,1276.08,0.004510567953713629,1270.35,0.0027152678564379418,1266.91,-0.0012140801765934128,1263.26,-0.00936323713927234
2025-02-18,1274.05,1283.34,1272.19,1278.14,576613065.0,0.004258595763404482,0.42585957634044824,0.008152471560235908,0.8152471560235908,1288.56,11.149999999999864,4.0900000000001455,1,2,2025,1270.8442857142857,1268.185,1256.5593333333336,5.214329158260991,6.792026716927681,1272.72,-0.0026330637577580696,1276.08,0.004510567953713629,1270.35,0.0027152678564379418,1268.45,0.004108417902886297
2025-02-19,1280.6,1288.56,1278.92,1288.56,691882854.0,0.008152471560235908,0.8152471560235908,0.0034301856335754444,0.34301856335754444,1292.98,9.639999999999873,7.960000000000036,2,2,2025,1274.4585714285715,1270.2514285714285,1257.2853333333333,7.393906113705599,8.236326531024773,1278.14,0.004258595763404482,1272.72,-0.0026330637577580696,1276.08,0.004510567953713629,1266.91,-0.0012140801765934128
2025-02-20,1292.94,1295.82,1290.84,1292.98,665568367.0,0.0034301856335754444,0.34301856335754444,0.0029157450231247495,0.29157450231247495,1296.75,4.980000000000018,0.03999999999996362,3,2,2025,1277.962857142857,1272.2464285714286,1258.061,9.565557509911278,10.060183212254582,1288.56,0.008152471560235908,1278.14,0.004258595763404482,1272.72,-0.0026330637577580696,1270.35,0.0027152678564379418
2025-02-21,1293.63,1296.75,1290.98,1296.75,615945439.0,0.0029157450231247495,0.29157450231247495,0.006022749180643938,0.6022749180643938,1304.56,5.769999999999982,3.119999999999891,4,2,2025,1282.2257142857143,1275.3692857142858,1259.4663333333333,10.429020179478602,10.41565867359311,1292.98,0.0034301856335754444,1288.56,0.008152471560235908,1278.14,0.004258595763404482,1276.08,0.004510567953713629
2025-02-24,1298.39,1304.56,1294.69,1304.56,745383925.0,0.006022749180643938,0.6022749180643938,-0.001073158766173976,-0.10731587661739761,1303.16,9.86999999999989,6.169999999999845,0,2,2025,1287.1128571428574,1278.2178571428574,1261.4066666666668,11.854572555574336,12.510159673455478,1296.75,0.0029157450231247495,1292.98,0.0034301856335754444,1288.56,0.008152471560235908,1272.72,-0.0026330637577580696
2025-02-25,1306.86,1309.97,1298.54,1303.16,764641989.0,-0.001073158766173976,-0.10731587661739761,-0.00015347309616631222,-0.015347309616631222,1302.96,11.430000000000064,-3.699999999999818,1,2,2025,1290.9814285714288,1280.6142857142859,1263.2803333333331,12.070703415772764,13.873517503232579,1304.56,0.006022749180643938,1296.75,0.0029157450231247495,1292.98,0.0034301856335754444,1278.14,0.004258595763404482
2025-02-26,1305.16,1306.49,1301.2,1302.96,659793287.0,-0.00015347309616631222,-0.015347309616631222,0.003714619021305321,0.3714619021305321,1307.8,5.289999999999964,-2.2000000000000455,2,2,2025,1295.3014285714287,1282.8628571428574,1265.0116666666665,9.605388120816793,14.799373910145217,1303.16,-0.001073158766173976,1304.56,0.006022749180643938,1296.75,0.0029157450231247495,1288.56,0.008152471560235908
2025-02-27,1307.31,1307.87,1296.43,1307.8,796881038.0,0.003714619021305321,0.3714619021305321,-0.0018657287046949245,-0.18657287046949245,1305.36,11.439999999999827,0.4900000000000091,3,2,2025,1299.5385714285715,1285.1914285714286,1267.0793333333334,6.9475041766697245,16.01563988354962,1302.96,-0.00015347309616631222,1303.16,-0.001073158766173976,1304.56,0.006022749180643938,1292.98,0.0034301856335754444
2025-02-28,1307.14,1308.77,1300.66,1305.36,713323836.0,-0.0018657287046949245,-0.18657287046949245,0.0030719495005209208,0.3071949500520921,1309.37,8.1099999999999,-1.7800000000002,4,2,2025,1301.9385714285713,1288.1985714285713,1269.5753333333334,5.206516521133128,15.525889969373456,1307.8,0.003714619021305321,1302.96,-0.00015347309616631222,1303.16,-0.001073158766173976,1296.75,0.0029157450231247495
2025-03-03,1306.97,1309.77,1304.3,1309.37,748242113.0,0.0030719495005209208,0.3071949500520921,0.0019398642095054264,0.19398642095054264,1311.91,5.470000000000027,2.3999999999998636,0,3,2025,1304.28,1291.1214285714286,1272.0326666666667,4.066960371797848,15.373084299500894,1305.36,-0.0018657287046949245,1307.8,0.003714619021305321,1302.96,-0.00015347309616631222,1304.56,0.006022749180643938
2025-03-04,1306.82,1313.21,1298.28,1311.91,872086925.0,0.0019398642095054264,0.19398642095054264,-0.0054881813539038315,-0.5488181353903832,1304.71,14.930000000000064,5.0900000000001455,1,3,2025,1306.445714285714,1294.3357142857144,1274.794,3.364638946037694,14.60674486683618,1309.37,0.0030719495005209208,1305.36,-0.0018657287046949245,1307.8,0.003714619021305321,1303.16,-0.001073158766173976
2025-03-05,1312.84,1319.52,1304.71,1304.71,711384061.0,-0.0054881813539038315,-0.5488181353903832,0.010354791486230752,1.0354791486230752,1318.22,14.809999999999945,-8.129999999999882,2,3,2025,1306.467142857143,1296.7899999999997,1277.0783333333334,3.3510780069437414,13.072646133187133,1311.91,0.0019398642095054264,1309.37,0.0030719495005209208,1305.36,-0.0018657287046949245,1302.96,-0.00015347309616631222
2025-03-06,1308.02,1318.22,1307.91,1318.22,926189171.0,0.010354791486230752,1.0354791486230752,0.005939827949811072,0.5939827949811072,1326.05,10.309999999999945,10.200000000000045,3,3,2025,1308.6185714285714,1299.8,1279.607,5.1988826637529755,12.785576007619568,1304.71,-0.0054881813539038315,1311.91,0.0019398642095054264,1309.37,0.0030719495005209208,1307.8,0.003714619021305321
2025-03-07,1320.08,1327.07,1318.71,1326.05,825175457.0,0.005939827949811072,0.5939827949811072,0.0031899249651219375,0.31899249651219375,1330.28,8.3599999999999,5.970000000000027,4,3,2025,1311.9171428571428,1303.6092857142855,1282.1716666666666,7.7227104789662455,12.018285084574247,1318.22,0.010354791486230752,1304.71,-0.0054881813539038315,1311.91,0.0019398642095054264,1305.36,-0.0018657287046949245
2025-03-10,1331.6,1335.87,1326.51,1330.28,801944906.0,0.0031899249651219375,0.31899249651219375,0.001698890459151503,0.1698890459151503,1332.54,9.3599999999999,-1.3199999999999363,0,3,2025,1315.1285714285714,1307.3335714285715,1284.8626666666669,10.048982417046643,11.589675516247791,1326.05,0.005939827949811072,1318.22,0.010354791486230752,1304.71,-0.0054881813539038315,1309.37,0.0030719495005209208
2025-03-11,1319.17,1332.54,1315.92,1332.54,791992117.0,0.001698890459151503,0.1698890459151503,0.0014033349843156628,0.14033349843156628,1334.41,16.61999999999989,13.36999999999989,1,3,2025,1319.0114285714285,1310.475,1287.7443333333333,10.863463886721224,12.060503083034261,1330.28,0.0031899249651219375,1326.05,0.005939827949811072,1318.22,0.010354791486230752,1311.91,0.0019398642095054264
2025-03-12,1337.63,1342.91,1331.75,1334.41,811987921.0,0.0014033349843156628,0.14033349843156628,-0.00610007419009162,-0.610007419009162,1326.27,11.160000000000082,-3.2200000000000273,2,3,2025,1322.5885714285716,1313.4342857142856,1290.807,11.274427448200997,12.511934434659073,1332.54,0.001698890459151503,1330.28,0.0031899249651219375,1326.05,0.005939827949811072,1304.71,-0.0054881813539038315
2025-03-13,1335.66,1340.91,1324.87,1326.27,927789782.0,-0.00610007419009162,-0.610007419009162,-9.047931416672483e-05,-0.009047931416672483,1326.15,16.04000000000019,-9.3900000000001,3,3,2025,1324.6399999999999,1315.542857142857,1293.0283333333334,10.269199903872368,11.95914740246635,1334.41,0.0014033349843156628,1332.54,0.001698890459151503,1330.28,0.0031899249651219375,1318.22,0.010354791486230752
2025-03-14,1325.84,1333.32,1324.3,1326.15,872541760.0,-9.047931416672483e-05,-0.009047931416672483,0.007623571994118228,0.7623571994118228,1336.26,9.019999999999982,0.3100000000001728,4,3,2025,1327.702857142857,1317.0849999999998,1295.0649999999998,5.3564033774418895,11.825231010938204,1326.27,-0.00610007419009162,1334.41,0.0014033349843156628,1332.54,0.001698890459151503,1326.05,0.005939827949811072
2025-03-17,1330.62,1336.26,1329.05,1336.26,780751957.0,0.007623571994118228,0.7623571994118228,-0.00395881041114754,-0.395881041114754,1330.97,7.210000000000036,5.6400000000001,0,3,2025,1330.2800000000002,1319.4492857142855,1297.8393333333333,4.261353462497176,12.131923218910318,1326.15,-9.047931416672483e-05,1326.27,-0.00610007419009162,1334.41,0.0014033349843156628,1330.28,0.0031899249651219375
2025-03-18,1340.16,1341.65,1330.97,1330.97,759403354.0,-0.00395881041114754,-0.395881041114754,-0.004763443203077422,-0.4763443203077422,1324.63,10.680000000000064,-9.190000000000055,1,3,2025,1330.9828571428573,1321.45,1300.049,3.8314475691559124,11.496409472951195,1336.26,0.007623571994118228,1326.15,-9.047931416672483e-05,1326.27,-0.00610007419009162,1332.54,0.001698890459151503
2025-03-19,1330.4,1330.7,1320.85,1324.63,768370525.0,-0.004763443203077422,-0.4763443203077422,-0.0005284494538098095,-0.052844945380980946,1323.93,9.850000000000136,-5.769999999999982,2,3,2025,1330.1757142857143,1322.652142857143,1301.883,4.534761504618016,10.819264996083612,1330.97,-0.00395881041114754,1336.26,0.007623571994118228,1326.15,-9.047931416672483e-05,1334.41,0.0014033349843156628
2025-03-20,1326.8,1332.41,1316.11,1323.93,783924251.0,-0.0005284494538098095,-0.052844945380980946,-0.0015484202336981667,-0.15484202336981667,1321.88,16.300000000000182,-2.869999999999891,3,3,2025,1328.9457142857143,1323.9785714285715,1303.6313333333333,4.9364827462243435,9.606557741922483,1324.63,-0.004763443203077422,1330.97,-0.00395881041114754,1336.26,0.007623571994118228,1326.27,-0.00610007419009162
2025-03-21,1324.0,1325.22,1320.67,1321.88,673776859.0,-0.0015484202336981667,-0.15484202336981667,0.006384845825642138,0.6384845825642138,1330.32,4.5499999999999545,-2.119999999999891,4,3,2025,1327.1557142857143,1324.8721428571428,1305.1873333333335,4.896433590255048,8.680359952308464,1323.93,-0.0005284494538098095,1324.63,-0.004763443203077422,1330.97,-0.00395881041114754,1326.15,-9.047931416672483e-05
2025-03-24,1322.9,1330.32,1316.73,1330.32,737479570.0,0.006384845825642138,0.6384845825642138,0.001202718143003212,0.12027181430032119,1331.92,13.589999999999918,7.419999999999845,0,3,2025,1327.734285714286,1326.187142857143,1307.4226666666666,5.012241205665917,7.927485224115391,1321.88,-0.0015484202336981667,1323.93,-0.0005284494538098095,1324.63,-0.004763443203077422,1336.26,0.007623571994118228
2025-03-25,1335.29,1337.6,1329.81,1331.92,772470386.0,0.001202718143003212,0.12027181430032119,-0.004377139768154348,-0.4377139768154348,1326.09,7.789999999999964,-3.369999999999891,1,3,2025,1328.5585714285714,1328.1307142857145,1309.5383333333334,5.179920940650635,5.08163127097768,1330.32,0.006384845825642138,1321.88,-0.0015484202336981667,1323.93,-0.0005284494538098095,1330.97,-0.00395881041114754
2025-03-26,1333.33,1338.55,1323.69,1326.09,672071249.0,-0.004377139768154348,-0.4377139768154348,-0.001719340316268081,-0.1719340316268081,1323.81,14.8599999999999,-7.240000000000009,2,3,2025,1327.1057142857142,1328.6928571428573,1311.511,3.9369144310121253,4.27170372893608,1331.92,0.001202718143003212,1330.32,0.006384845825642138,1321.88,-0.0015484202336981667,1324.63,-0.004763443203077422
2025-03-27,1325.98,1328.82,1323.01,1323.81,522142993.0,-0.001719340316268081,-0.1719340316268081,-0.0047967608644744475,-0.47967608644744475,1317.46,5.809999999999945,-2.1700000000000728,3,3,2025,1326.0828571428572,1328.5328571428574,1313.2930000000001,3.687843607748473,4.417762100721953,1326.09,-0.004377139768154348,1331.92,0.001202718143003212,1330.32,0.006384845825642138,1323.93,-0.0005284494538098095
2025-03-28,1324.42,1325.34,1315.72,1317.46,601970197.0,-0.0047967608644744475,-0.47967608644744475,-0.008045785071273626,-0.8045785071273626,1306.86,9.61999999999989,-6.960000000000036,4,3,2025,1325.0585714285714,1327.6171428571429,1314.6723333333332,4.941320432644771,5.273535419879769,1323.81,-0.001719340316268081,1326.09,-0.004377139768154348,1331.92,0.001202718143003212,1321.88,-0.0015484202336981667
2025-03-31,1313.51,1314.09,1304.1,1306.86,706353460.0,-0.008045785071273626,-0.8045785071273626,0.008011569716725564,0.8011569716725564,1317.33,9.990000000000009,-6.650000000000091,0,3,2025,1322.6200000000001,1325.7828571428574,1315.8103333333333,8.512616127394026,7.447520422268491,1317.46,-0.0047967608644744475,1323.81,-0.001719340316268081,1326.09,-0.004377139768154348,1330.32,0.006384845825642138
2025-04-01,1313.03,1317.46,1308.06,1317.33,516351102.0,0.008011569716725564,0.8011569716725564,0.0003795556162844438,0.03795556162844438,1317.83,9.400000000000091,4.2999999999999545,1,4,2025,1321.9699999999998,1324.5628571428572,1317.1166666666666,8.748969463068498,7.323502134704798,1306.86,-0.008045785071273626,1317.46,-0.0047967608644744475,1323.81,-0.001719340316268081,1331.92,0.001202718143003212
2025-04-02,1321.53,1324.46,1317.68,1317.83,668744030.0,0.0003795556162844438,0.03795556162844438,-0.06676885485988326,-6.676885485988326,1229.84,6.779999999999973,-3.7000000000000455,2,4,2025,1320.185714285714,1323.9600000000003,1318.0923333333333,8.004146544373619,7.516989986828438,1317.33,0.008011569716725564,1306.86,-0.008045785071273626,1317.46,-0.0047967608644744475,1326.09,-0.004377139768154348
2025-04-03,1272.87,1277.9,1229.41,1229.84,1594166624.0,-0.06676885485988326,-6.676885485988326,-0.015587393482078826,-1.5587393482078826,1210.67,48.49000000000001,-43.02999999999997,3,4,2025,1305.6028571428571,1317.0807142857143,1315.9876666666669,33.961828432451924,26.203054861341197,1317.83,0.0003795556162844438,1317.33,0.008011569716725564,1306.86,-0.008045785071273626,1323.81,-0.001719340316268081
2025-04-04,1159.33,1210.67,1158.17,1210.67,1777882039.0,-0.015587393482078826,-1.5587393482078826,-0.06432801671801569,-6.432801671801569,1132.79,52.5,51.340000000000146,4,4,2025,1289.1142857142856,1308.1100000000001,1313.1183333333333,47.626757485373815,37.982348329400075,1229.84,-0.06676885485988326,1317.83,0.0003795556162844438,1317.33,0.008011569716725564,1317.46,-0.0047967608644744475
2025-04-08,1173.14,1174.4,1130.98,1132.79,989102100.0,-0.06432801671801569,-6.432801671801569,-0.03397805418480038,-3.3978054184800377,1094.3,43.42000000000007,-40.350000000000136,1,4,2025,1261.8257142857144,1293.9542857142858,1307.3926666666666,72.60701868210863,59.590724331678366,1210.67,-0.015587393482078826,1229.84,-0.06676885485988326,1317.83,0.0003795556162844438,1306.86,-0.008045785071273626
2025-04-09,1073.61,1141.35,1073.61,1094.3,1464120095.0,-0.03397805418480038,-3.3978054184800377,0.06765969112674775,6.7659691126747745,1168.34,67.74000000000001,20.690000000000055,2,4,2025,1229.945714285714,1277.5021428571429,1300.4306666666669,90.81668841814012,79.07888944967435,1132.79,-0.06432801671801569,1210.67,-0.015587393482078826,1229.84,-0.06676885485988326,1317.33,0.008011569716725564
2025-04-10,1166.09,1168.4,1165.86,1168.34,215166632.0,0.06765969112674775,6.7659691126747745,0.04632213225602144,4.632213225602144,1222.46,2.540000000000191,2.25,3,4,2025,1210.1571428571426,1266.3885714285714,1295.9433333333334,86.24033196331283,82.89325237985459,1094.3,-0.03397805418480038,1132.79,-0.06432801671801569,1210.67,-0.015587393482078826,1317.83,0.0003795556162844438
2025-04-11,1185.86,1222.46,1180.59,1222.46,1617665830.0,0.04632213225602144,4.632213225602144,0.015526070382670953,1.5526070382670953,1241.44,41.87000000000012,36.600000000000136,4,4,2025,1196.6042857142857,1259.2871428571427,1293.0986666666665,73.03417986512225,82.02775491152084,1168.34,0.06765969112674775,1094.3,-0.03397805418480038,1132.79,-0.06432801671801569,1229.84,-0.06676885485988326
2025-04-14,1235.01,1242.94,1226.06,1241.44,913684312.0,0.015526070382670953,1.5526070382670953,-0.010995295785539483,-1.0995295785539483,1227.79,16.88000000000011,6.430000000000064,0,4,2025,1185.6914285714286,1252.9385714285713,1290.968,55.50507917556162,79.50799484301174,1222.46,0.04632213225602144,1168.34,0.06765969112674775,1094.3,-0.03397805418480038,1210.67,-0.015587393482078826
2025-04-15,1232.64,1246.21,1221.75,1227.79,939049220.0,-0.010995295785539483,-1.0995295785539483,-0.014245107062282658,-1.4245107062282658,1210.3,24.460000000000036,-4.850000000000136,1,4,2025,1185.3985714285714,1245.5007142857141,1288.2486666666666,55.23808451559514,76.3593008252943,1241.44,0.015526070382670953,1222.46,0.04632213225602144,1168.34,0.06765969112674775,1132.79,-0.06432801671801569
2025-04-16,1225.29,1233.84,1205.93,1210.3,713035992.0,-0.014245107062282658,-1.4245107062282658,0.005742377922829167,0.5742377922829167,1217.25,27.909999999999854,-14.990000000000009,2,4,2025,1185.3457142857144,1237.23,1284.8616666666667,55.21004191785294,73.16285732738974,1227.79,-0.010995295785539483,1241.44,0.015526070382670953,1222.46,0.04632213225602144,1094.3,-0.03397805418480038
2025-04-17,1201.63,1217.25,1197.5,1217.25,657997453.0,0.005742377922829167,0.5742377922829167,0.0015362497432735989,0.1536249743273599,1219.12,19.75,15.61999999999989,3,4,2025,1197.4114285714288,1229.6185714285714,1281.9463333333333,50.868461882440556,68.88031882097668,1210.3,-0.014245107062282658,1227.79,-0.010995295785539483,1241.44,0.015526070382670953,1168.34,0.06765969112674775
2025-04-18,1228.37,1234.67,1219.12,1219.12,977508165.0,0.0015362497432735989,0.1536249743273599,-0.009884178751886519,-0.9884178751886519,1207.07,15.550000000000182,-9.25,4,4,2025,1215.2428571428572,1222.5942857142857,1278.643,22.87348881294011,64.08036621357735,1217.25,0.005742377922829167,1210.3,-0.014245107062282658,1227.79,-0.010995295785539483,1222.46,0.04632213225602144
2025-04-21,1220.38,1222.77,1201.63,1207.07,771247128.0,-0.009884178751886519,-0.9884178751886519,-0.008234816539222978,-0.8234816539222978,1197.13,21.139999999999873,-13.310000000000173,0,4,2025,1220.7757142857142,1215.4664285714284,1274.677,11.487739634246543,59.3625220549591,1219.12,0.0015362497432735989,1217.25,0.005742377922829167,1210.3,-0.014245107062282658,1241.44,0.015526070382670953
2025-04-22,1201.38,1203.82,1136.98,1197.13,1551077089.0,-0.008234816539222978,-0.8234816539222978,0.01158604328686108,1.158604328686108,1211.0,66.83999999999992,-4.25,1,4,2025,1217.1571428571428,1206.8807142857145,1270.2386666666666,14.470853135723681,51.69351387141166,1207.07,-0.009884178751886519,1219.12,0.0015362497432735989,1217.25,0.005742377922829167,1227.79,-0.010995295785539483
2025-04-23,1215.65,1216.28,1202.27,1211.0,732740068.0,0.01158604328686108,1.158604328686108,0.010198183319570564,1.0198183319570564,1223.35,14.009999999999991,-4.650000000000091,2,4,2025,1212.8085714285714,1199.25,1266.187333333333,9.766578091561103,40.79110687392753,1197.13,-0.008234816539222978,1207.07,-0.009884178751886519,1219.12,0.0015362497432735989,1210.3,-0.014245107062282658
2025-04-24,1214.78,1224.66,1210.37,1223.35,700062627.0,0.010198183319570564,1.0198183319570564,0.00480647402623946,0.480647402623946,1229.23,14.290000000000191,8.569999999999936,3,4,2025,1212.1742857142858,1198.7864285714288,1262.4853333333333,8.719504682278616,40.45219450301882,1211.0,0.01158604328686108,1197.13,-0.008234816539222978,1207.07,-0.009884178751886519,1217.25,0.005742377922829167
2025-04-25,1227.16,1230.72,1220.67,1229.23,747261510.0,0.00480647402623946,0.480647402623946,-0.0019768472946478655,-0.19768472946478655,1226.8,10.049999999999955,2.0699999999999363,4,4,2025,1214.8785714285714,1200.1121428571428,1259.2506666666666,10.742213348214234,41.169375320569245,1223.35,0.010198183319570564,1211.0,0.01158604328686108,1197.13,-0.008234816539222978,1219.12,0.0015362497432735989
2025-04-28,1234.3,1234.3,1222.56,1226.8,542916481.0,-0.0019768472946478655,-0.19768472946478655,-0.0004075643951744201,-0.04075643951744201,1226.3,11.740000000000009,-7.5,0,4,2025,1216.2428571428572,1206.8271428571427,1255.939,11.660751425573823,36.776477312498166,1229.23,0.00480647402623946,1223.35,0.010198183319570564,1211.0,0.01158604328686108,1207.07,-0.009884178751886519
2025-04-29,1227.25,1229.1,1222.3,1226.3,523225174.0,-0.0004075643951744201,-0.04075643951744201,0.011212590720052207,1.1212590720052207,1240.05,6.7999999999999545,-0.9500000000000455,1,4,2025,1217.2685714285715,1216.2557142857145,1252.2736666666667,12.25657840856117,17.66109052922743,1226.8,-0.0019768472946478655,1229.23,0.00480647402623946,1223.35,0.010198183319570564,1197.13,-0.008234816539222978
2025-05-05,1233.97,1241.51,1226.3,1240.05,562828082.0,0.011212590720052207,1.1212590720052207,0.0015321962824079716,0.15321962824079716,1241.95,15.210000000000036,6.079999999999927,0,5,2025,1221.98,1221.3778571428572,1249.243,13.910080277726864,12.272003897921454,1226.3,-0.0004075643951744201,1226.8,-0.0019768472946478655,1229.23,0.00480647402623946,1211.0,0.01158604328686108
2025-05-06,1244.3,1251.02,1240.05,1241.95,723833572.0,0.0015321962824079716,0.15321962824079716,0.006779661016949046,0.6779661016949046,1250.37,10.970000000000027,-2.349999999999909,1,5,2025,1228.3828571428571,1222.77,1246.487,10.45023399142993,13.452869868269119,1240.05,0.011212590720052207,1226.3,-0.0004075643951744201,1226.8,-0.0019768472946478655,1223.35,0.010198183319570564
2025-05-07,1241.1,1250.79,1240.2,1250.37,696862360.0,0.006779661016949046,0.6779661016949046,0.015539400337500231,1.553940033750023,1269.8,10.589999999999918,9.269999999999982,2,5,2025,1234.0071428571428,1223.407857142857,1244.035,10.124943973949385,14.571392509661074,1241.95,0.0015321962824079716,1240.05,0.011212590720052207,1226.3,-0.0004075643951744201,1229.23,0.00480647402623946
2025-05-08,1255.34,1271.44,1250.37,1269.8,780781448.0,0.015539400337500231,1.553940033750023,-0.001968813986454543,-0.1968813986454543,1267.3,21.070000000000164,14.460000000000036,3,5,2025,1240.642857142857,1226.4085714285713,1242.2989999999998,15.675947301803468,19.149611306423452,1250.37,0.006779661016949046,1241.95,0.0015321962824079716,1240.05,0.011212590720052207,1226.8,-0.0019768472946478655
2025-05-09,1274.5,1279.61,1264.87,1267.3,696772993.0,-0.001968813986454543,-0.1968813986454543,0.012593703148425783,1.2593703148425783,1283.26,14.740000000000009,-7.2000000000000455,4,5,2025,1246.0814285714284,1230.48,1240.1983333333333,17.548577747263536,21.389699893611507,1269.8,0.015539400337500231,1250.37,0.006779661016949046,1241.95,0.0015321962824079716,1226.3,-0.0004075643951744201
2025-05-12,1272.92,1283.86,1267.3,1283.26,833318839.0,0.012593703148425783,1.2593703148425783,0.00792512818914326,0.792512818914326,1293.43,16.559999999999945,10.339999999999918,0,5,2025,1254.1471428571429,1235.195,1238.5763333333334,20.01165469942098,25.187311747728145,1267.3,-0.001968813986454543,1269.8,0.015539400337500231,1250.37,0.006779661016949046,1240.05,0.011212590720052207
2025-05-13,1292.75,1293.7,1283.26,1293.43,884922281.0,0.00792512818914326,0.792512818914326,0.012602150870166806,1.2602150870166806,1309.73,10.440000000000055,0.6800000000000637,1,5,2025,1263.7371428571428,1240.5028571428572,1237.4876666666667,20.52113034107721,29.069798609710606,1283.26,0.012593703148425783,1267.3,-0.001968813986454543,1269.8,0.015539400337500231,1241.95,0.0015321962824079716
2025-05-14,1295.3,1310.57,1292.34,1309.73,917612165.0,0.012602150870166806,1.2602150870166806,0.0026494010215847297,0.26494010215847297,1313.2,18.230000000000018,14.430000000000064,2,5,2025,1273.6914285714286,1247.8357142857144,1237.0183333333332,23.760430291101482,32.707963912433804,1293.43,0.00792512818914326,1283.26,0.012593703148425783,1267.3,-0.001968813986454543,1250.37,0.006779661016949046
2025-05-15,1314.19,1316.16,1301.61,1313.2,1048494927.0,0.0026494010215847297,0.26494010215847297,-0.008993298812062123,-0.8993298812062123,1301.39,14.550000000000182,-0.9900000000000091,3,5,2025,1283.8700000000001,1256.1264285714285,1236.8763333333334,23.14999640027046,33.56584679223094,1309.73,0.012602150870166806,1293.43,0.00792512818914326,1283.26,0.012593703148425783,1269.8,0.015539400337500231
2025-05-16,1314.25,1318.03,1299.55,1301.39,850785026.0,-0.008993298812062123,-0.8993298812062123,-0.003918886728805471,-0.3918886728805471,1296.29,18.480000000000018,-12.8599999999999,4,5,2025,1291.1585714285716,1262.5828571428572,1236.694,18.386460080311323,32.904826260128075,1313.2,0.0026494010215847297,1309.73,0.012602150870166806,1293.43,0.00792512818914326,1267.3,-0.001968813986454543
2025-05-19,1293.61,1306.2,1291.66,1296.29,832210897.0,-0.003918886728805471,-0.3918886728805471,0.01454921352475158,1.454921352475158,1315.15,14.539999999999964,2.6800000000000637,0,5,2025,1294.9428571428573,1267.792857142857,1235.9926666666665,15.802261140166218,31.97642844072201,1301.39,-0.008993298812062123,1313.2,0.0026494010215847297,1309.73,0.012602150870166806,1283.26,0.012593703148425783
2025-05-20,1298.62,1316.67,1296.29,1315.15,864044592.0,0.01454921352475158,1.454921352475158,0.006006919362810281,0.6006919362810281,1323.05,20.38000000000011,16.5300000000002,1,5,2025,1301.7785714285715,1273.9299999999998,1235.9033333333334,11.657478899180296,32.24986273078238,1296.29,-0.003918886728805471,1301.39,-0.008993298812062123,1313.2,0.0026494010215847297,1293.43,0.00792512818914326
2025-05-21,1329.83,1331.6,1313.13,1323.05,1000998104.0,0.006006919362810281,0.6006919362810281,-0.006961188163712606,-0.6961188163712606,1313.84,18.4699999999998,-6.779999999999973,2,5,2025,1307.462857142857,1280.805,1239.0103333333332,10.791503933277918,31.684157834678043,1315.15,0.01454921352475158,1296.29,-0.003918886728805471,1301.39,-0.008993298812062123,1309.73,0.012602150870166806
2025-05-22,1319.97,1331.93,1312.8,1313.84,1119988708.0,-0.006961188163712606,-0.6961188163712606,0.00047189916580414604,0.047189916580414604,1314.46,19.13000000000011,-6.130000000000109,3,5,2025,1310.3785714285714,1287.0578571428573,1242.4493333333335,8.971960819768752,28.586787205766154,1323.05,0.006006919362810281,1315.15,0.01454921352475158,1296.29,-0.003918886728805471,1313.2,0.0026494010215847297
2025-05-23,1313.93,1320.07,1308.62,1314.46,642508366.0,0.00047189916580414604,0.047189916580414604,0.013731874686182977,1.3731874686182977,1332.51,11.450000000000045,0.5299999999999727,4,5,2025,1311.054285714286,1292.3728571428571,1248.505,9.092284012860068,25.972332743371158,1313.84,-0.006961188163712606,1323.05,0.006006919362810281,1315.15,0.01454921352475158,1301.39,-0.008993298812062123
2025-05-26,1317.08,1332.51,1288.86,1332.51,961305387.0,0.013731874686182977,1.3731874686182977,0.005478382901441536,0.5478382901441536,1339.81,43.65000000000009,15.430000000000064,0,5,2025,1313.8128571428572,1298.8414285714284,1256.445333333333,12.237192916484652,23.618830120568635,1314.46,0.00047189916580414604,1313.84,-0.006961188163712606,1323.05,0.006006919362810281,1296.29,-0.003918886728805471
2025-05-27,1338.09,1339.81,1329.6,1339.81,1055045239.0,0.005478382901441536,0.5478382901441536,0.0015375314410250862,0.15375314410250862,1341.87,10.210000000000036,1.7200000000000273,1,5,2025,1319.3014285714287,1305.23,1262.161,14.195929497034166,21.500607147075446,1332.51,0.013731874686182977,1314.46,0.00047189916580414604,1313.84,-0.006961188163712606,1315.15,0.01454921352475158
2025-05-28,1344.08,1348.05,1337.18,1341.87,899910498.0,0.0015375314410250862,0.15375314410250862,-7.452286734155322e-06,-0.0007452286734155322,1341.86,10.86999999999989,-2.2100000000000364,2,5,2025,1325.812857142857,1310.3778571428572,1266.1413333333333,12.194056905252987,20.986787117542907,1339.81,0.005478382901441536,1332.51,0.013731874686182977,1314.46,0.00047189916580414604,1323.05,0.006006919362810281
2025-05-29,1346.68,1348.31,1335.62,1341.86,895953649.0,-7.452286734155322e-06,-0.0007452286734155322,-0.006900868943108818,-0.6900868943108818,1332.6,12.690000000000055,-4.820000000000164,3,5,2025,1329.6285714285714,1315.7035714285714,1269.4886666666666,12.477090243778395,18.53090209402077,1341.87,0.0015375314410250862,1339.81,0.005478382901441536,1332.51,0.013731874686182977,1313.84,-0.006961188163712606
2025-05-30,1342.89,1345.78,1328.69,1332.6,911849296.0,-0.006900868943108818,-0.6900868943108818,0.0027765270898993943,0.27765270898993943,1336.3,17.089999999999918,-10.290000000000191,4,5,2025,1330.992857142857,1319.2278571428571,1272.9823333333331,12.15585964909627,16.462409478104675,1341.86,-7.452286734155322e-06,1341.87,0.0015375314410250862,1339.81,0.005478382901441536,1314.46,0.00047189916580414604
2025-06-02,1330.71,1336.33,1322.95,1336.3,860775405.0,0.0027765270898993943,0.27765270898993943,0.008194267754246809,0.8194267754246809,1347.25,13.379999999999882,5.589999999999918,0,6,2025,1334.2014285714286,1322.2900000000002,1277.1823333333334,9.560947352888322,15.236082173597872,1332.6,-0.006900868943108818,1341.86,-7.452286734155322e-06,1341.87,0.0015375314410250862,1332.51,0.013731874686182977
2025-06-03,1341.31,1350.89,1336.3,1347.25,1035220959.0,0.008194267754246809,0.8194267754246809,-0.0011208016329560255,-0.11208016329560255,1345.74,14.590000000000146,5.940000000000055,1,6,2025,1338.8857142857144,1324.97,1281.5156666666667,5.406998110818453,16.13045614312419,1336.3,0.0027765270898993943,1332.6,-0.006900868943108818,1341.86,-7.452286734155322e-06,1339.81,0.005478382901441536
2025-06-04,1350.52,1351.14,1341.53,1345.74,952672647.0,-0.0011208016329560255,-0.11208016329560255,-0.0027122623983830696,-0.27122623983830696,1342.09,9.610000000000127,-4.779999999999973,2,6,2025,1340.7757142857142,1327.2942857142857,1285.7363333333333,5.111108350483794,16.640355818277694,1347.25,0.008194267754246809,1336.3,0.0027765270898993943,1332.6,-0.006900868943108818,1341.87,0.0015375314410250862
2025-06-05,1346.33,1347.49,1336.11,1342.09,756976552.0,-0.0027122623983830696,-0.27122623983830696,-0.009090299458307416,-0.9090299458307416,1329.89,11.38000000000011,-4.240000000000009,3,6,2025,1341.1014285714284,1330.2014285714286,1290.237,5.111957969767488,15.26504093430257,1345.74,-0.0011208016329560255,1347.25,0.008194267754246809,1336.3,0.0027765270898993943,1341.86,-7.452286734155322e-06
2025-06-06,1339.13,1344.92,1325.45,1329.89,901235898.0,-0.009090299458307416,-0.9090299458307416,-0.014527517313462135,-1.4527517313462135,1310.57,19.470000000000027,-9.240000000000009,4,6,2025,1339.3899999999999,1332.6014285714284,1294.6623333333334,6.600444429402399,11.76288547618917,1342.09,-0.0027122623983830696,1345.74,-0.0011208016329560255,1347.25,0.008194267754246809,1332.6,-0.006900868943108818
2025-06-09,1329.66,1331.56,1309.05,1310.57,718708721.0,-0.014527517313462135,-1.4527517313462135,0.0043187315442898555,0.43187315442898555,1316.23,22.50999999999999,-19.090000000000146,0,6,2025,1334.92,1332.2742857142855,1297.9813333333334,12.556674188082187,12.335328697144663,1329.89,-0.009090299458307416,1342.09,-0.0027122623983830696,1345.74,-0.0011208016329560255,1336.3,0.0027765270898993943
2025-06-10,1307.74,1323.61,1299.94,1316.23,703372014.0,0.0043187315442898555,0.43187315442898555,-0.0007825380062754794,-0.07825380062754794,1315.2,23.669999999999845,8.490000000000009,1,6,2025,1332.5814285714284,1331.7871428571427,1301.0773333333332,14.443404986984218,12.85150001937196,1310.57,-0.014527517313462135,1329.89,-0.009090299458307416,1342.09,-0.0027122623983830696,1347.25,0.008194267754246809
2025-06-11,1322.07,1322.07,1306.25,1315.2,546076606.0,-0.0007825380062754794,-0.07825380062754794,0.005923053527980615,0.5923053527980615,1322.99,15.819999999999936,-6.869999999999891,2,6,2025,1329.567142857143,1331.8842857142856,1303.943,15.686281388797342,12.70976288245132,1316.23,0.0043187315442898555,1310.57,-0.014527517313462135,1329.89,-0.009090299458307416,1345.74,-0.0011208016329560255
2025-06-12,1321.25,1326.03,1308.63,1322.99,811549322.0,0.005923053527980615,0.5923053527980615,-0.0056689770897738745,-0.5668977089773874,1315.49,17.399999999999864,1.740000000000009,3,6,2025,1326.1014285714286,1332.4935714285714,1307.1493333333333,13.679995648807866,11.994551075182956,1315.2,-0.0007825380062754794,1316.23,0.0043187315442898555,1310.57,-0.014527517313462135,1342.09,-0.0027122623983830696
2025-06-13,1313.08,1326.62,1304.12,1315.49,1164364579.0,-0.0056689770897738745,-0.5668977089773874,0.01719511360785697,1.719511360785697,1338.11,22.5,2.410000000000082,4,6,2025,1321.7800000000002,1331.277857142857,1310.1223333333332,10.947293424969212,12.826445144918678,1322.99,0.005923053527980615,1315.2,-0.0007825380062754794,1316.23,0.0043187315442898555,1329.89,-0.009090299458307416
2025-06-16,1313.4,1338.66,1307.37,1338.11,779999910.0,0.01719511360785697,1.719511360785697,0.0071593516228114495,0.715935162281145,1347.69,31.29000000000019,24.70999999999981,0,6,2025,1321.2114285714285,1331.1564285714285,1313.3909999999998,9.755078042644818,12.747260102098512,1315.49,-0.0056689770897738745,1322.99,0.005923053527980615,1315.2,-0.0007825380062754794,1310.57,-0.014527517313462135
2025-06-17,1343.7,1353.01,1338.11,1347.69,763834636.0,0.0071593516228114495,0.715935162281145,-0.0006381289465678952,-0.06381289465678952,1346.83,14.900000000000091,3.990000000000009,1,6,2025,1323.7542857142857,1331.572142857143,1316.9156666666668,13.853420584959991,13.210028928294538,1338.11,0.01719511360785697,1315.49,-0.0056689770897738745,1322.99,0.005923053527980615,1316.23,0.0043187315442898555
2025-06-18,1350.17,1353.99,1341.64,1346.83,768168609.0,-0.0006381289465678952,-0.06381289465678952,0.0038683427010091087,0.38683427010091087,1352.04,12.349999999999909,-3.3400000000001455,2,6,2025,1328.9342857142858,1331.9271428571428,1320.131,14.845537889786964,13.56965246911407,1347.69,0.0071593516228114495,1338.11,0.01719511360785697,1315.49,-0.0056689770897738745,1315.2,-0.0007825380062754794
2025-06-19,1346.33,1353.96,1342.08,1352.04,651813682.0,0.0038683427010091087,0.38683427010091087,-0.001989586106919905,-0.1989586106919905,1349.35,11.88000000000011,5.710000000000036,3,6,2025,1334.05,1333.3157142857144,1322.8723333333335,15.872520278738937,14.599371806469186,1346.83,-0.0006381289465678952,1347.69,0.0071593516228114495,1338.11,0.01719511360785697,1322.99,0.005923053527980615
2025-06-20,1354.69,1356.78,1342.31,1349.35,779673486.0,-0.001989586106919905,-0.1989586106919905,0.006543891503316468,0.6543891503316468,1358.18,14.470000000000027,-5.3400000000001455,4,6,2025,1338.9285714285713,1334.247857142857,1325.6073333333334,14.281606385534301,15.208472931289723,1352.04,0.0038683427010091087,1346.83,-0.0006381289465678952,1347.69,0.0071593516228114495,1315.49,-0.0056689770897738745
2025-06-23,1345.24,1358.26,1338.49,1358.18,735461142.0,0.006543891503316468,0.6543891503316468,0.006324640327497022,0.6324640327497022,1366.77,19.769999999999982,12.940000000000055,0,6,2025,1343.9557142857143,1335.0285714285712,1328.1046666666666,13.925156919655269,16.176973120498637,1349.35,-0.001989586106919905,1352.04,0.0038683427010091087,1346.83,-0.0006381289465678952,1338.11,0.01719511360785697
2025-06-24,1365.69,1371.24,1355.53,1366.77,883404856.0,0.006324640327497022,0.6324640327497022,-1.4633039940870063e-05,-0.0014633039940870063,1366.75,15.710000000000036,1.0799999999999272,1,6,2025,1351.2814285714287,1336.5307142857143,1330.5493333333332,9.110361186652858,18.109116898287606,1358.18,0.006543891503316468,1349.35,-0.001989586106919905,1352.04,0.0038683427010091087,1347.69,0.0071593516228114495
2025-06-25,1369.05,1371.57,1364.09,1366.75,734078816.0,-1.4633039940870063e-05,-0.0014633039940870063,-0.0007901957197731235,-0.07901957197731235,1365.67,7.480000000000018,-2.2999999999999545,2,6,2025,1355.3728571428571,1338.2921428571428,1332.45,8.62751164251464,19.810805590196335,1366.77,0.006324640327497022,1358.18,0.006543891503316468,1349.35,-0.001989586106919905,1346.83,-0.0006381289465678952
2025-06-26,1368.73,1372.74,1360.78,1365.67,599210662.0,-0.0007901957197731235,-0.07901957197731235,0.004225032401678375,0.42250324016783747,1371.44,11.960000000000036,-3.0599999999999454,3,6,2025,1357.9414285714286,1340.8478571428573,1334.199,8.635447157959053,20.920346804970876,1366.75,-1.4633039940870063e-05,1366.77,0.006324640327497022,1358.18,0.006543891503316468,1352.04,0.0038683427010091087
2025-06-27,1369.13,1373.28,1362.09,1371.44,678584222.0,0.004225032401678375,0.42250324016783747,0.003376013533220368,0.3376013533220368,1376.07,11.190000000000055,2.3099999999999454,4,6,2025,1361.457142857143,1345.1957142857143,1336.5339999999999,8.363128828875025,20.463980255873903,1365.67,-0.0007901957197731235,1366.75,-1.4633039940870063e-05,1366.77,0.006324640327497022,1349.35,-0.001989586106919905
2025-06-30,1374.9,1377.3,1371.44,1376.07,637621732.0,0.003376013533220368,0.3376013533220368,0.0012862717739650087,0.12862717739650087,1377.84,5.8599999999999,1.1699999999998454,0,6,2025,1364.8899999999999,1349.47,1339.1933333333332,8.775087843747464,20.196161097536503,1371.44,0.004225032401678375,1365.67,-0.0007901957197731235,1366.75,-1.4633039940870063e-05,1358.18,0.006543891503316468
2025-07-01,1378.14,1382.16,1369.74,1377.84,725894731.0,0.0012862717739650087,0.12862717739650087,0.0048989723044765565,0.48989723044765565,1384.59,12.420000000000073,-0.3000000000001819,1,7,2025,1368.9599999999998,1353.9442857142858,1341.283,6.736339262942552,18.918161284183114,1376.07,0.003376013533220368,1371.44,0.004225032401678375,1365.67,-0.0007901957197731235,1366.77,0.006324640327497022
2025-07-02,1377.26,1384.72,1372.27,1384.59,850174592.0,0.0048989723044765565,0.48989723044765565,-0.0018994792682309747,-0.18994792682309747,1381.96,12.450000000000045,7.329999999999927,2,7,2025,1372.732857142857,1358.3442857142857,1343.3343333333332,7.079512022375871,18.318991286612768,1377.84,0.0012862717739650087,1376.07,0.003376013533220368,1371.44,0.004225032401678375,1366.75,-1.4633039940870063e-05
2025-07-03,1381.64,1392.39,1377.06,1381.96,1316396602.0,-0.0018994792682309747,-0.18994792682309747,0.0036252858259284704,0.36252858259284704,1386.97,15.330000000000155,0.31999999999993634,3,7,2025,1374.9028571428573,1363.092142857143,1345.6049999999998,7.272541312472493,14.592497639657399,1384.59,0.0048989723044765565,1377.84,0.0012862717739650087,1376.07,0.003376013533220368,1365.67,-0.0007901957197731235
2025-07-04,1385.19,1388.04,1379.4,1386.97,835995342.0,0.0036252858259284704,0.36252858259284704,0.010879831575304477,1.0879831575304477,1402.06,8.639999999999873,1.7799999999999727,4,7,2025,1377.7914285714285,1366.582142857143,1348.022,7.506431527993844,13.988335898511057,1381.96,-0.0018994792682309747,1384.59,0.0048989723044765565,1377.84,0.0012862717739650087,1371.44,0.004225032401678375
2025-07-07,1393.34,1402.32,1386.97,1402.06,1231774285.0,0.010879831575304477,1.0879831575304477,0.009557365590630917,0.9557365590630917,1415.46,15.349999999999909,8.720000000000027,0,7,2025,1382.9899999999998,1370.465714285714,1350.3403333333333,9.924192662313496,15.773325933036656,1386.97,0.0036252858259284704,1381.96,-0.0018994792682309747,1384.59,0.0048989723044765565,1376.07,0.003376013533220368
2025-07-08,1407.07,1415.65,1400.79,1415.46,1177502304.0,0.009557365590630917,0.9557365590630917,0.011204838003193274,1.1204838003193274,1431.32,14.860000000000127,8.3900000000001,1,7,2025,1389.2785714285715,1375.3678571428572,1352.862,14.346968818687733,18.32143812738937,1402.06,0.010879831575304477,1386.97,0.0036252858259284704,1381.96,-0.0018994792682309747,1377.84,0.0012862717739650087
2025-07-09,1421.12,1432.29,1415.46,1431.32,1433794349.0,0.011204838003193274,1.1204838003193274,0.010004750859346823,1.0004750859346823,1445.64,16.829999999999927,10.200000000000045,2,7,2025,1397.1714285714286,1381.0307142857143,1355.8436666666669,19.966422170342742,22.36287839748296,1415.46,0.009557365590630917,1402.06,0.010879831575304477,1386.97,0.0036252858259284704,1384.59,0.0048989723044765565
2025-07-10,1437.13,1446.16,1431.32,1445.64,1074311106.0,0.010004750859346823,1.0004750859346823,0.008383829999169867,0.8383829999169867,1457.76,14.840000000000146,8.509999999999991,3,7,2025,1406.857142857143,1387.9085714285716,1359.303,24.868839079085433,26.325918161268746,1431.32,0.011204838003193274,1415.46,0.009557365590630917,1402.06,0.010879831575304477,1381.96,-0.0018994792682309747
2025-07-11,1451.12,1463.91,1445.64,1457.76,1235944706.0,0.008383829999169867,0.8383829999169867,0.008684557128745496,0.8684557128745496,1470.42,18.269999999999982,6.6400000000001,4,7,2025,1417.31,1395.0214285714285,1363.475,28.98618809016685,30.75565910582704,1445.64,0.010004750859346823,1431.32,0.011204838003193274,1415.46,0.009557365590630917,1386.97,0.0036252858259284704
2025-07-14,1471.4,1473.93,1447.72,1470.42,1259872146.0,0.008684557128745496,0.8684557128745496,-0.0066443601147970766,-0.6644360114797077,1460.65,26.210000000000036,-0.9800000000000182,0,7,2025,1429.9471428571428,1402.425,1367.9456666666667,30.26098297271009,35.53574424761169,1457.76,0.008383829999169867,1445.64,0.010004750859346823,1431.32,0.011204838003193274,1402.06,0.010879831575304477
2025-07-15,1473.8,1476.32,1460.16,1460.65,1336267013.0,-0.0066443601147970766,-0.6644360114797077,0.010146167802005834,1.0146167802005834,1475.47,16.159999999999854,-13.149999999999864,1,7,2025,1440.472857142857,1409.1321428571428,1371.7256666666665,25.213946348689472,37.110959231147135,1470.42,0.008684557128745496,1457.76,0.008383829999169867,1445.64,0.010004750859346823,1415.46,0.009557365590630917
2025-07-16,1459.87,1475.47,1457.04,1475.47,1221312100.0,0.010146167802005834,1.0146167802005834,0.00985448704480607,0.9854487044806071,1490.01,18.430000000000064,15.600000000000136,2,7,2025,1450.9600000000003,1416.9750000000001,1376.05,21.578731040811366,38.78392862039268,1460.65,-0.0066443601147970766,1470.42,0.008684557128745496,1457.76,0.008383829999169867,1431.32,0.011204838003193274
2025-07-17,1481.85,1494.46,1475.47,1490.01,1408347353.0,0.00985448704480607,0.9854487044806071,0.004879161884819627,0.4879161884819627,1497.28,18.99000000000001,8.160000000000082,3,7,2025,1461.6100000000001,1425.4442857142858,1380.9806666666666,19.42740675776416,40.96056484630608,1475.47,0.010146167802005834,1460.65,-0.0066443601147970766,1470.42,0.008684557128745496,1445.64,0.010004750859346823
2025-07-18,1497.53,1501.2,1484.29,1497.28,1461671359.0,0.004879161884819627,0.4879161884819627,-0.008168144902756969,-0.8168144902756969,1485.05,16.910000000000082,-0.25,4,7,2025,1471.032857142857,1434.1021428571428,1386.5603333333333,18.247730191481256,42.50259108456919,1490.01,0.00985448704480607,1475.47,0.010146167802005834,1460.65,-0.0066443601147970766,1457.76,0.008383829999169867
2025-07-21,1508.6,1511.96,1481.37,1485.05,1390409164.0,-0.008168144902756969,-0.8168144902756969,0.01649102723814022,1.6491027238140221,1509.54,30.590000000000146,-23.549999999999955,0,7,2025,1476.6628571428573,1441.76,1392.3763333333334,14.875498551008981,41.22487094723781,1497.28,0.004879161884819627,1490.01,0.00985448704480607,1475.47,0.010146167802005834,1470.42,0.008684557128745496
2025-07-22,1485.26,1509.54,1476.61,1509.54,1232141283.0,0.01649102723814022,1.6491027238140221,0.0018349960915244878,0.18349960915244878,1512.31,32.930000000000064,24.279999999999973,1,7,2025,1484.06,1450.685,1398.8200000000002,16.674567460602315,41.420833247583666,1485.05,-0.008168144902756969,1497.28,0.004879161884819627,1490.01,0.00985448704480607,1460.65,-0.0066443601147970766
2025-07-23,1519.58,1523.37,1507.14,1512.31,1440191422.0,0.0018349960915244878,0.18349960915244878,0.0057594011809747325,0.5759401180974733,1521.02,16.22999999999979,-7.269999999999982,2,7,2025,1490.0442857142857,1459.9957142857143,1405.3903333333333,18.39192925994744,39.384469745623605,1509.54,0.01649102723814022,1485.05,-0.008168144902756969,1497.28,0.004879161884819627,1475.47,0.010146167802005834
2025-07-24,1520.25,1525.32,1502.82,1521.02,1391387058.0,0.0057594011809747325,0.5759401180974733,0.006646855399666141,0.6646855399666141,1531.13,22.5,0.7699999999999818,3,7,2025,1498.6685714285716,1469.570714285714,1411.9913333333332,16.3523753916821,36.450655468277205,1512.31,0.0018349960915244878,1509.54,0.01649102723814022,1485.05,-0.008168144902756969,1490.01,0.00985448704480607
2025-07-25,1521.56,1534.51,1519.79,1531.13,1406847721.0,0.006646855399666141,0.6646855399666141,0.017170325184667545,1.7170325184667545,1557.42,14.720000000000027,9.570000000000164,4,7,2025,1506.6200000000001,1478.7900000000002,1419.1793333333335,16.72022328393794,34.32241877797034,1521.02,0.0057594011809747325,1512.31,0.0018349960915244878,1509.54,0.01649102723814022,1497.28,0.004879161884819627
2025-07-28,1541.82,1558.12,1531.13,1557.42,1789006045.0,0.017170325184667545,1.7170325184667545,-0.04110002439932714,-4.110002439932714,1493.41,26.98999999999978,15.600000000000136,0,7,2025,1516.25,1488.93,1426.4896666666668,23.568993755879717,35.13368228310835,1531.13,0.006646855399666141,1521.02,0.0057594011809747325,1512.31,0.0018349960915244878,1485.05,-0.008168144902756969
2025-07-29,1562.6,1566.74,1490.24,1493.41,2644459187.0,-0.04110002439932714,-4.110002439932714,0.00952183258448791,0.952183258448791,1507.63,76.5,-69.18999999999983,1,7,2025,1515.697142857143,1493.365,1431.3470000000002,24.126921142316455,30.97476932305658,1557.42,0.017170325184667545,1531.13,0.006646855399666141,1521.02,0.0057594011809747325,1509.54,0.01649102723814022
2025-07-30,1500.23,1512.15,1482.45,1507.63,1640423968.0,0.00952183258448791,0.952183258448791,-0.003389425787494349,-0.3389425787494349,1502.52,29.700000000000045,7.400000000000091,2,7,2025,1518.922857142857,1497.792857142857,1436.7069999999999,20.59791552093413,27.90644271590598,1493.41,-0.04110002439932714,1557.42,0.017170325184667545,1531.13,0.006646855399666141,1512.31,0.0018349960915244878
2025-07-31,1521.96,1528.66,1488.3,1502.52,1652085886.0,-0.003389425787494349,-0.3389425787494349,-0.004865159864760549,-0.4865159864760549,1495.21,40.36000000000013,-19.440000000000055,3,7,2025,1517.92,1500.99,1441.7229999999997,21.290140127878132,25.42048870802946,1507.63,0.00952183258448791,1493.41,-0.04110002439932714,1557.42,0.017170325184667545,1521.02,0.0057594011809747325
2025-08-01,1506.88,1509.22,1479.98,1495.21,1383202505.0,-0.004865159864760549,-0.4865159864760549,0.02205710234682745,2.205710234682745,1528.19,29.24000000000001,-11.670000000000073,4,8,2025,1515.4771428571428,1502.7607142857144,1446.585,22.95691450974098,23.948026565352723,1502.52,-0.003389425787494349,1507.63,0.00952183258448791,1493.41,-0.04110002439932714,1531.13,0.006646855399666141
2025-08-04,1493.37,1528.21,1491.11,1528.19,1229695208.0,0.02205710234682745,2.205710234682745,0.012406834228728236,1.2406834228728236,1547.15,37.100000000000136,34.820000000000164,0,8,2025,1516.5014285714285,1507.5850000000003,1452.252,23.401099994453425,21.489009265948,1495.21,-0.004865159864760549,1502.52,-0.003389425787494349,1507.63,0.00952183258448791,1557.42,0.017170325184667545
2025-08-05,1547.19,1584.98,1519.08,1547.15,2698901575.0,0.012406834228728236,1.2406834228728236,0.017167049090262676,1.7167049090262676,1573.71,65.90000000000009,-0.03999999999996362,1,8,2025,1518.7899999999997,1512.7050000000002,1458.2646666666667,25.736957214571493,21.785884897577095,1528.19,0.02205710234682745,1495.21,-0.004865159864760549,1502.52,-0.003389425787494349,1493.41,-0.04110002439932714
2025-08-06,1558.56,1574.34,1547.15,1573.71,1329752984.0,0.017167049090262676,1.7167049090262676,0.005147072840612221,0.5147072840612221,1581.81,27.189999999999827,15.150000000000091,2,8,2025,1521.1171428571429,1518.6835714285714,1465.1633333333334,30.16721770080113,26.130239955100972,1547.15,0.012406834228728236,1528.19,0.02205710234682745,1495.21,-0.004865159864760549,1507.63,0.00952183258448791
2025-08-07,1587.84,1588.38,1567.72,1581.81,1610898102.0,0.005147072840612221,0.5147072840612221,0.0019850677388562055,0.19850677388562055,1584.95,20.660000000000082,-6.029999999999973,3,8,2025,1533.7457142857143,1524.7214285714285,1472.3679999999997,34.78490470356416,30.246062390188452,1573.71,0.017167049090262676,1547.15,0.012406834228728236,1528.19,0.02205710234682745,1502.52,-0.003389425787494349
2025-08-08,1589.58,1592.52,1565.45,1584.95,1820837623.0,0.0019850677388562055,0.19850677388562055,0.007514432631944068,0.7514432631944068,1596.86,27.069999999999936,-4.629999999999882,4,8,2025,1544.7914285714287,1531.857142857143,1479.4850000000001,37.29551198580883,31.905529404708364,1581.81,0.005147072840612221,1573.71,0.017167049090262676,1547.15,0.012406834228728236,1495.21,-0.004865159864760549
2025-08-11,1590.98,1601.79,1584.95,1596.86,1590494840.0,0.007514432631944068,0.7514432631944068,0.007113961148754511,0.7113961148754511,1608.22,16.839999999999918,5.879999999999882,0,8,2025,1558.2685714285715,1538.0942857142857,1486.8446666666669,36.51155087937079,35.53568709261407,1584.95,0.0019850677388562055,1581.81,0.005147072840612221,1573.71,0.017167049090262676,1528.19,0.02205710234682745
2025-08-12,1603.5,1608.23,1591.18,1608.22,1646679881.0,0.007113961148754511,0.7113961148754511,0.0021017025033887027,0.21017025033887027,1611.6,17.049999999999955,4.720000000000027,1,8,2025,1574.4128571428573,1544.9450000000002,1494.5240000000001,27.966814092312283,39.2349335610474,1596.86,0.007514432631944068,1584.95,0.0019850677388562055,1581.81,0.005147072840612221,1547.15,0.012406834228728236
2025-08-13,1615.57,1616.99,1585.54,1611.6,1954057759.0,0.0021017025033887027,0.21017025033887027,0.018050384710846412,1.8050384710846412,1640.69,31.450000000000045,-3.9700000000000273,2,8,2025,1586.3285714285716,1551.4150000000002,1502.0910000000001,22.155877646426784,42.33235800917244,1608.22,0.007113961148754511,1596.86,0.007514432631944068,1584.95,0.0019850677388562055,1573.71,0.017167049090262676
2025-08-14,1623.18,1641.28,1619.76,1640.69,1818449345.0,0.018050384710846412,1.8050384710846412,-0.006515551383869056,-0.6515551383869056,1630.0,21.519999999999982,17.50999999999999,3,8,2025,1599.6914285714286,1559.2407142857141,1510.7153333333333,22.78720505642118,48.036468592482436,1611.6,0.0021017025033887027,1608.22,0.007113961148754511,1596.86,0.007514432631944068,1581.81,0.005147072840612221
2025-08-15,1658.24,1665.97,1615.26,1630.0,2072101334.0,-0.006515551383869056,-0.6515551383869056,0.003907975460122559,0.3907975460122559,1636.37,50.710000000000036,-28.24000000000001,4,8,2025,1607.732857142857,1564.4249999999997,1518.8163333333332,22.00932810894431,51.60859808360668,1640.69,0.018050384710846412,1611.6,0.0021017025033887027,1608.22,0.007113961148754511,1584.95,0.0019850677388562055
2025-08-18,1638.37,1642.71,1625.61,1636.37,1606149815.0,0.003907975460122559,0.3907975460122559,0.010896068737510589,1.089606873751059,1654.2,17.100000000000136,-2.0,0,8,2025,1615.527142857143,1574.6364285714285,1526.6266666666668,20.93361866648479,50.610080419925545,1630.0,-0.006515551383869056,1640.69,0.018050384710846412,1611.6,0.0021017025033887027,1596.86,0.007514432631944068
2025-08-19,1646.73,1665.48,1643.04,1654.2,1933110149.0,0.010896068737510589,1.089606873751059,0.0061419417240962115,0.6141941724096212,1664.36,22.440000000000055,7.470000000000027,1,8,2025,1625.4199999999998,1585.1057142857146,1534.5846666666664,20.432189473089736,50.84210879158247,1636.37,0.003907975460122559,1630.0,-0.006515551383869056,1640.69,0.018050384710846412,1608.22,0.007113961148754511
2025-08-20,1662.11,1665.54,1614.6,1664.36,2411541300.0,0.0061419417240962115,0.6141941724096212,0.014203657862481789,1.4203657862481789,1688.0,50.940000000000055,2.25,2,8,2025,1635.062857142857,1596.6657142857143,1542.3526666666664,20.63412764831742,48.98503032157802,1654.2,0.010896068737510589,1636.37,0.003907975460122559,1630.0,-0.006515551383869056,1611.6,0.0021017025033887027
2025-08-21,1674.76,1693.68,1672.26,1688.0,1716580207.0,0.014203657862481789,1.4203657862481789,-0.025195497630331687,-2.5195497630331687,1645.47,21.420000000000073,13.240000000000009,3,8,2025,1646.4599999999998,1610.4364285714287,1550.4313333333332,24.92368819679027,45.224028093863396,1664.36,0.0061419417240962115,1654.2,0.010896068737510589,1636.37,0.003907975460122559,1640.69,0.018050384710846412
2025-08-22,1680.42,1689.3,1629.49,1645.47,2293777647.0,-0.025195497630331687,-2.5195497630331687,-0.019107002862404077,-1.9107002862404077,1614.03,59.809999999999945,-34.950000000000045,4,8,2025,1651.2985714285714,1618.8135714285713,1556.6883333333333,19.7864410042968,39.2900164667522,1688.0,0.014203657862481789,1664.36,0.0061419417240962115,1654.2,0.010896068737510589,1630.0,-0.006515551383869056
2025-08-25,1659.7,1660.49,1608.53,1614.03,1524727856.0,-0.019107002862404077,-1.9107002862404077,0.03320880033208806,3.320880033208806,1667.63,51.960000000000036,-45.67000000000007,0,8,2025,1647.49,1623.590714285714,1561.475333333333,24.234574475271575,33.55350479558834,1645.47,-0.025195497630331687,1688.0,0.014203657862481789,1664.36,0.0061419417240962115,1636.37,0.003907975460122559
2025-08-26,1611.61,1667.96,1603.73,1667.63,1439338154.0,0.03320880033208806,3.320880033208806,0.0030882150117230722,0.3088215011723072,1672.78,64.23000000000002,56.02000000000021,1,8,2025,1652.8657142857144,1630.2992857142856,1568.3746666666668,23.87927613159357,32.17403861797075,1614.03,-0.019107002862404077,1645.47,-0.025195497630331687,1688.0,0.014203657862481789,1654.2,0.010896068737510589
2025-08-27,1678.54,1696.6,1668.24,1672.78,1562452835.0,0.0030882150117230722,0.3088215011723072,0.004830282523702989,0.4830282523702989,1680.86,28.3599999999999,-5.759999999999991,2,8,2025,1658.0671428571427,1636.797142857143,1574.9516666666668,23.651656541145382,30.78396696301027,1667.63,0.03320880033208806,1614.03,-0.019107002862404077,1645.47,-0.025195497630331687,1664.36,0.0061419417240962115
2025-08-28,1679.33,1684.16,1659.68,1680.86,1190991833.0,0.004830282523702989,0.4830282523702989,0.0008031602869960075,0.08031602869960075,1682.21,24.480000000000018,1.5299999999999727,3,8,2025,1661.8757142857144,1643.6478571428572,1581.3133333333333,25.03140750941098,28.977234082235245,1672.78,0.0030882150117230722,1667.63,0.03320880033208806,1614.03,-0.019107002862404077,1688.0,0.014203657862481789
2025-08-29,1690.11,1694.42,1678.57,1682.21,1522606385.0,0.0008031602869960075,0.08031602869960075,-0.0005409550531741969,-0.05409550531741969,1681.3,15.850000000000136,-7.899999999999864,4,8,2025,1664.4257142857143,1649.7442857142855,1587.4776666666667,26.20821172652167,27.306587459495052,1680.86,0.004830282523702989,1672.78,0.0030882150117230722,1667.63,0.03320880033208806,1645.47,-0.025195497630331687
2025-09-03,1682.11,1685.73,1670.39,1681.3,1305793226.0,-0.0005409550531741969,-0.05409550531741969,0.008915719978588088,0.8915719978588088,1696.29,15.339999999999918,-0.8099999999999454,2,9,2025,1663.4685714285715,1654.9642857142858,1594.0193333333334,25.310748328522603,25.69565294405911,1682.21,0.0008031602869960075,1680.86,0.004830282523702989,1672.78,0.0030882150117230722,1614.03,-0.019107002862404077
2025-09-04,1687.59,1696.29,1675.95,1696.29,1375273973.0,0.008915719978588088,0.8915719978588088,-0.01728478031468672,-1.728478031468672,1666.97,20.339999999999918,8.700000000000045,3,9,2025,1670.7285714285715,1661.0135714285714,1600.244333333333,26.546023825608696,24.64908318072148,1681.3,-0.0005409550531741969,1682.21,0.0008031602869960075,1680.86,0.004830282523702989,1667.63,0.03320880033208806
2025-09-05,1705.13,1711.49,1665.45,1666.97,1696082766.0,-0.01728478031468672,-1.728478031468672,-0.025459366395316096,-2.5459366395316096,1624.53,46.039999999999964,-38.16000000000008,4,9,2025,1678.2914285714287,1662.8907142857145,1605.3996666666667,10.223905692856547,23.973711713009422,1696.29,0.008915719978588088,1681.3,-0.0005409550531741969,1682.21,0.0008031602869960075,1672.78,0.0030882150117230722
2025-09-08,1660.91,1667.36,1624.53,1624.53,1904992565.0,-0.025459366395316096,-2.5459366395316096,0.007873046358023439,0.7873046358023439,1637.32,42.82999999999993,-36.38000000000011,0,9,2025,1672.1342857142856,1662.5,1608.85,22.87073009843573,24.587697361490406,1666.97,-0.01728478031468672,1696.29,0.008915719978588088,1681.3,-0.0005409550531741969,1680.86,0.004830282523702989
2025-09-09,1629.58,1637.32,1613.01,1637.32,1129244291.0,0.007873046358023439,0.7873046358023439,0.0036278797058608703,0.362787970586087,1643.26,24.309999999999945,7.740000000000009,1,9,2025,1667.0685714285714,1662.5678571428568,1612.3896666666665,26.364145746634744,24.511228566229743,1624.53,-0.025459366395316096,1666.97,-0.01728478031468672,1696.29,0.008915719978588088,1682.21,0.0008031602869960075
2025-09-10,1646.41,1646.49,1629.29,1643.26,1009393499.0,0.0036278797058608703,0.362787970586087,0.008817837712839172,0.8817837712839172,1657.75,17.200000000000045,-3.150000000000091,2,9,2025,1661.6971428571428,1661.7864285714288,1615.251,26.910617306315395,24.968638361955797,1637.32,0.007873046358023439,1624.53,-0.025459366395316096,1666.97,-0.01728478031468672,1681.3,-0.0005409550531741969
2025-09-11,1638.75,1659.19,1605.76,1657.75,1271916658.0,0.008817837712839172,0.8817837712839172,0.005736691298446672,0.5736691298446672,1667.26,53.430000000000064,19.0,3,9,2025,1658.202857142857,1661.314285714286,1620.7289999999998,25.34567794464453,24.97872378165104,1643.26,0.0036278797058608703,1637.32,0.007873046358023439,1624.53,-0.025459366395316096,1696.29,0.008915719978588088
2025-09-12,1662.02,1670.62,1653.79,1667.26,1121358725.0,0.005736691298446672,0.5736691298446672,0.010580233436896513,1.0580233436896513,1684.9,16.829999999999927,5.240000000000009,4,9,2025,1656.1971428571428,1659.8328571428572,1626.05,23.716428704036524,23.864482275706035,1657.75,0.008817837712839172,1643.26,0.0036278797058608703,1637.32,0.007873046358023439,1666.97,-0.01728478031468672
2025-09-15,1672.59,1684.9,1668.09,1684.9,1242826634.0,0.010580233436896513,1.0580233436896513,-0.002374028132233419,-0.2374028132233419,1680.9,16.810000000000173,12.310000000000173,0,9,2025,1654.57,1662.6492857142857,1632.1293333333335,20.707074475425003,24.360582746724745,1667.26,0.005736691298446672,1657.75,0.008817837712839172,1643.26,0.0036278797058608703,1624.53,-0.025459366395316096
2025-09-16,1696.87,1696.87,1677.03,1680.9,1330973777.0,-0.002374028132233419,-0.2374028132233419,-0.005907549527039091,-0.5907549527039091,1670.97,19.839999999999918,-15.9699999999998,1,9,2025,1656.56,1667.4257142857145,1638.319,22.67335367042389,20.313973483371353,1684.9,0.010580233436896513,1667.26,0.005736691298446672,1657.75,0.008817837712839172,1637.32,0.007873046358023439
2025-09-17,1678.09,1684.62,1666.27,1670.97,1071506811.0,-0.005907549527039091,-0.5907549527039091,-0.0034650532325535277,-0.34650532325535277,1665.18,18.34999999999991,-7.119999999999891,2,9,2025,1663.1942857142858,1667.6642857142856,1643.0783333333334,18.06523720396522,20.336157913507538,1680.9,-0.002374028132233419,1684.9,0.010580233436896513,1667.26,0.005736691298446672,1643.26,0.0036278797058608703
2025-09-18,1675.85,1679.63,1653.89,1665.18,915010851.0,-0.0034650532325535277,-0.34650532325535277,-0.003939514046529591,-0.3939514046529591,1658.62,25.74000000000001,-10.669999999999845,3,9,2025,1667.1742857142858,1667.1214285714286,1647.0126666666665,14.033877887770288,20.29048009336835,1670.97,-0.005907549527039091,1680.9,-0.002374028132233419,1684.9,0.010580233436896513,1657.75,0.008817837712839172
2025-09-19,1671.24,1671.77,1638.44,1658.62,927990635.0,-0.003939514046529591,-0.3939514046529591,-0.014572355331540554,-1.4572355331540554,1634.45,33.32999999999993,-12.620000000000118,4,9,2025,1669.3685714285714,1665.532857142857,1649.843,10.402538838337792,20.000659000176725,1665.18,-0.0034650532325535277,1670.97,-0.005907549527039091,1680.9,-0.002374028132233419,1667.26,0.005736691298446672
2025-09-22,1656.66,1659.13,1616.02,1634.45,1212478380.0,-0.014572355331540554,-1.4572355331540554,0.0004955795527548101,0.049557955275481014,1635.26,43.11000000000013,-22.210000000000036,0,9,2025,1666.0400000000002,1662.1214285714286,1651.5976666666668,16.61343131317014,20.9861305324982,1658.62,-0.003939514046529591,1665.18,-0.0034650532325535277,1670.97,-0.005907549527039091,1684.9,0.010580233436896513
2025-09-23,1635.12,1643.59,1626.65,1635.26,797233705.0,0.0004955795527548101,0.049557955275481014,0.0135758228049363,1.35758228049363,1657.46,16.939999999999827,0.14000000000010004,1,9,2025,1661.4685714285715,1658.8328571428572,1653.2746666666667,20.23063224295812,21.353693043480188,1634.45,-0.014572355331540554,1658.62,-0.003939514046529591,1665.18,-0.0034650532325535277,1680.9,-0.002374028132233419
2025-09-24,1635.36,1657.46,1619.09,1657.46,998074719.0,0.0135758228049363,1.35758228049363,0.005206762154139399,0.5206762154139399,1666.09,38.37000000000012,22.100000000000136,2,9,2025,1657.5485714285714,1656.0592857142858,1655.2946666666664,17.393211729958352,18.436777819765165,1635.26,0.0004955795527548101,1634.45,-0.014572355331540554,1658.62,-0.003939514046529591,1670.97,-0.005907549527039091
2025-09-25,1661.08,1668.21,1654.47,1666.09,995617724.0,0.005206762154139399,0.5206762154139399,-0.003235119351295501,-0.3235119351295501,1660.7,13.740000000000009,5.009999999999991,3,9,2025,1655.432857142857,1655.9964285714286,1657.2236666666665,14.784428423411436,18.398177839230595,1657.46,0.0135758228049363,1635.26,0.0004955795527548101,1634.45,-0.014572355331540554,1665.18,-0.0034650532325535277
2025-09-26,1666.68,1671.43,1657.94,1660.7,963931987.0,-0.003235119351295501,-0.3235119351295501,0.0034804600469682256,0.34804600469682256,1666.48,13.490000000000009,-5.980000000000018,4,9,2025,1653.9657142857143,1658.5800000000002,1658.8603333333333,13.433467977488878,16.026295699503372,1666.09,0.005206762154139399,1657.46,0.0135758228049363,1635.26,0.0004955795527548101,1658.62,-0.003939514046529591
2025-09-29,1659.24,1674.84,1655.03,1666.48,932831470.0,0.0034804600469682256,0.34804600469682256,-0.0028683212519802215,-0.28683212519802215,1661.7,19.809999999999945,7.240000000000009,0,9,2025,1654.1514285714286,1660.6628571428573,1659.7200000000003,13.622004782085877,14.906462939423625,1660.7,-0.003235119351295501,1666.09,0.005206762154139399,1657.46,0.0135758228049363,1634.45,-0.014572355331540554
2025-09-30,1667.86,1676.8,1645.97,1661.7,1144254133.0,-0.0028683212519802215,-0.28683212519802215,0.0020160077029547363,0.20160077029547363,1665.05,30.829999999999927,-6.1599999999998545,1,9,2025,1654.5914285714287,1661.98,1660.7766666666669,13.838422873163776,14.03994959453777,1666.48,0.0034804600469682256,1660.7,-0.003235119351295501,1666.09,0.005206762154139399,1635.26,0.0004955795527548101
2025-10-01,1664.95,1671.07,1658.75,1665.05,721205372.0,0.0020160077029547363,0.20160077029547363,-0.007411188853187589,-0.7411188853187589,1652.71,12.319999999999936,0.09999999999990905,2,10,2025,1658.962857142857,1662.5014285714285,1661.7326666666668,10.946464747745193,14.006284225445944,1661.7,-0.0028683212519802215,1666.48,0.0034804600469682256,1660.7,-0.003235119351295501,1657.46,0.0135758228049363
2025-10-02,1668.04,1679.73,1650.87,1652.71,781183333.0,-0.007411188853187589,-0.7411188853187589,-0.004168910456159969,-0.4168910456159969,1645.82,28.860000000000127,-15.329999999999927,3,10,2025,1661.4557142857143,1661.462142857143,1661.683,5.045178744985766,14.16494708165023,1665.05,0.0020160077029547363,1661.7,-0.0028683212519802215,1666.48,0.0034804600469682256,1666.09,0.005206762154139399
2025-10-03,1651.39,1654.6,1638.08,1645.82,860615053.0,-0.004168910456159969,-0.4168910456159969,0.03018556099694991,3.018556099694991,1695.5,16.519999999999982,-5.570000000000164,4,10,2025,1659.7928571428572,1658.6707142857142,1661.065,7.7661352769760175,12.993042199814665,1652.71,-0.007411188853187589,1665.05,0.0020160077029547363,1661.7,-0.0028683212519802215,1660.7,-0.003235119351295501
2025-10-06,1673.16,1695.5,1664.17,1695.5,1087044888.0,0.03018556099694991,3.018556099694991,-0.006015924506045489,-0.6015924506045489,1685.3,31.329999999999927,22.339999999999918,0,10,2025,1663.9942857142858,1659.7135714285712,1661.315,15.671945058038606,15.296249719989417,1645.82,-0.004168910456159969,1652.71,-0.007411188853187589,1665.05,0.0020160077029547363,1666.48,0.0034804600469682256
2025-10-07,1703.9,1703.9,1678.66,1685.3,879953011.0,-0.006015924506045489,-0.6015924506045489,0.0074348780632527145,0.7434878063252714,1697.83,25.24000000000001,-18.600000000000136,1,10,2025,1667.5085714285713,1660.7371428571428,1662.6426666666666,17.465627604424995,16.53659970102991,1695.5,0.03018556099694991,1645.82,-0.004168910456159969,1652.71,-0.007411188853187589,1661.7,-0.0028683212519802215
2025-10-08,1701.06,1704.42,1680.87,1697.83,1067425184.0,0.0074348780632527145,0.7434878063252714,0.010978719895395894,1.0978719895395894,1716.47,23.550000000000182,-3.230000000000018,2,10,2025,1671.9871428571428,1663.0692857142858,1665.4360000000001,20.84952734412889,19.28523806294946,1685.3,-0.006015924506045489,1695.5,0.03018556099694991,1645.82,-0.004168910456159969,1665.05,0.0020160077029547363
2025-10-09,1702.76,1717.65,1699.17,1716.47,1100211459.0,0.010978719895395894,1.0978719895395894,0.018106928754944684,1.8106928754944684,1747.55,18.480000000000018,13.710000000000036,3,10,2025,1679.8114285714287,1667.2014285714286,1667.0639999999999,25.989035783378768,23.903268156744097,1697.83,0.0074348780632527145,1685.3,-0.006015924506045489,1695.5,0.03018556099694991,1652.71,-0.007411188853187589
2025-10-10,1725.27,1747.57,1721.76,1747.55,1072926114.0,0.018106928754944684,1.8106928754944684,0.010054075705988375,1.0054075705988375,1765.12,25.809999999999945,22.279999999999973,4,10,2025,1691.597142857143,1675.2800000000002,1669.5563333333334,35.239354758662145,30.251905725124296,1716.47,0.010978719895395894,1697.83,0.0074348780632527145,1685.3,-0.006015924506045489,1645.82,-0.004168910456159969
2025-10-13,1738.23,1766.77,1736.03,1765.12,1336021435.0,0.010054075705988375,1.0054075705988375,-0.002300126903553301,-0.23001269035533012,1761.06,30.74000000000001,26.889999999999873,0,10,2025,1707.655714285714,1684.5557142857142,1672.365,39.87298452881802,36.33433674054691,1747.55,0.018106928754944684,1716.47,0.010978719895395894,1697.83,0.0074348780632527145,1695.5,0.03018556099694991
2025-10-14,1782.97,1794.58,1755.64,1761.06,1561254359.0,-0.002300126903553301,-0.23001269035533012,-0.0017659818518391823,-0.17659818518391823,1757.95,38.93999999999983,-21.910000000000082,1,10,2025,1724.1185714285714,1691.9557142857143,1674.9933333333333,33.342445135536394,40.68119991317212,1765.12,0.010054075705988375,1747.55,0.018106928754944684,1716.47,0.010978719895395894,1685.3,-0.006015924506045489
2025-10-15,1766.12,1773.73,1748.9,1757.95,1186599106.0,-0.0017659818518391823,-0.17659818518391823,0.005062715094285908,0.5062715094285908,1766.85,24.829999999999927,-8.169999999999845,2,10,2025,1733.0399999999997,1698.5171428571427,1677.5483333333332,32.758488976098626,43.49885770890872,1761.06,-0.002300126903553301,1765.12,0.010054075705988375,1747.55,0.018106928754944684,1697.83,0.0074348780632527145
2025-10-16,1764.51,1768.45,1753.5,1766.85,1181490730.0,0.005062715094285908,0.5062715094285908,-0.02018281121770371,-2.018281121770371,1731.19,14.950000000000045,2.339999999999918,3,10,2025,1744.69,1706.0992857142858,1679.9003333333335,26.934063315136793,45.60057075628097,1757.95,-0.0017659818518391823,1761.06,-0.002300126903553301,1765.12,0.010054075705988375,1716.47,0.010978719895395894
2025-10-17,1771.61,1771.61,1727.77,1731.19,1272671767.0,-0.02018281121770371,-2.018281121770371,-0.054736915069980796,-5.47369150699808,1636.43,43.83999999999992,-40.419999999999845,4,10,2025,1749.4557142857143,1710.7214285714285,1682.0410000000002,19.061605263859775,44.54307679215464,1766.85,0.005062715094285908,1757.95,-0.0017659818518391823,1761.06,-0.002300126903553301,1747.55,0.018106928754944684
2025-10-20,1723.59,1727.11,1636.43,1636.43,1706768838.0,-0.054736915069980796,-5.47369150699808,0.016499330860470618,1.6499330860470618,1663.43,90.67999999999984,-87.15999999999985,0,10,2025,1738.0214285714287,1708.9164285714285,1682.437666666667,46.46077787714634,47.119828850294134,1731.19,-0.02018281121770371,1766.85,0.005062715094285908,1757.95,-0.0017659818518391823,1765.12,0.010054075705988375
2025-10-21,1640.8,1677.11,1622.37,1663.43,1583235455.0,0.016499330860470618,1.6499330860470618,0.009059593731025606,0.9059593731025606,1678.5,54.74000000000001,22.63000000000011,1,10,2025,1726.0042857142855,1708.8007142857143,1683.3080000000002,53.873043307718284,47.23768190502293,1636.43,-0.054736915069980796,1731.19,-0.02018281121770371,1766.85,0.005062715094285908,1761.06,-0.002300126903553301
2025-10-22,1678.82,1678.82,1628.37,1678.5,995959634.0,0.009059593731025606,0.9059593731025606,0.005099791480488447,0.5099791480488447,1687.06,50.450000000000045,-0.31999999999993634,2,10,2025,1713.6299999999999,1710.642857142857,1684.4826666666668,53.336332519811585,45.34707003149657,1663.43,0.016499330860470618,1636.43,-0.054736915069980796,1731.19,-0.02018281121770371,1757.95,-0.0017659818518391823
2025-10-23,1680.73,1698.01,1669.78,1687.06,753331212.0,0.005099791480488447,0.5099791480488447,-0.0022998589261792324,-0.22998589261792324,1683.18,28.230000000000018,6.329999999999927,3,10,2025,1703.0585714285714,1713.5885714285716,1685.4596666666666,49.56924531349723,42.03048799242074,1678.5,0.009059593731025606,1663.43,0.016499330860470618,1636.43,-0.054736915069980796,1766.85,0.005062715094285908
2025-10-24,1684.88,1691.69,1660.32,1683.18,952237808.0,-0.0022998589261792324,-0.22998589261792324,-0.01820363835121619,-1.820363835121619,1652.54,31.37000000000012,-1.7000000000000455,4,10,2025,1692.377142857143,1712.7085714285715,1685.9903333333334,43.44747545953446,42.56393215952939,1687.06,0.005099791480488447,1678.5,0.009059593731025606,1663.43,0.016499330860470618,1731.19,-0.02018281121770371
2025-10-27,1696.45,1697.16,1652.54,1652.54,969578406.0,-0.01820363835121619,-1.820363835121619,0.016919408909920497,1.6919408909920497,1680.5,44.62000000000012,-43.91000000000008,0,10,2025,1676.047142857143,1710.3685714285714,1684.9116666666666,30.2770758793995,45.01650720436908,1683.18,-0.0022998589261792324,1687.06,0.005099791480488447,1678.5,0.009059593731025606,1636.43,-0.054736915069980796
2025-10-28,1647.86,1680.5,1621.52,1680.5,933803962.0,0.016919408909920497,1.6919408909920497,0.0031716750966974683,0.3171675096697468,1685.83,58.98000000000002,32.6400000000001,1,10,2025,1668.8057142857142,1709.1307142857142,1684.8983333333333,18.762698683882874,45.622009442880575,1652.54,-0.01820363835121619,1683.18,-0.0022998589261792324,1687.06,0.005099791480488447,1663.43,0.016499330860470618
2025-10-29,1685.9,1695.99,1675.68,1685.83,898809223.0,0.0031716750966974683,0.3171675096697468,-0.009645100632922676,-0.9645100632922676,1669.57,20.309999999999945,-0.07000000000016371,2,10,2025,1675.862857142857,1706.942142857143,1685.3936666666668,12.943787073608505,45.97639949410396,1680.5,0.016919408909920497,1652.54,-0.01820363835121619,1683.18,-0.0022998589261792324,1678.5,0.009059593731025606
2025-10-30,1688.83,1690.69,1661.92,1669.57,796977133.0,-0.009645100632922676,-0.9645100632922676,-0.017920781997759816,-1.7920781997759816,1639.65,28.769999999999982,-19.25999999999999,3,10,2025,1676.74,1701.3721428571428,1685.5400000000002,12.144190654961522,45.39833225989569,1685.83,0.0031716750966974683,1680.5,0.016919408909920497,1652.54,-0.01820363835121619,1687.06,0.005099791480488447
2025-10-31,1669.61,1669.61,1636.62,1639.65,846392672.0,-0.017920781997759816,-1.7920781997759816,-0.013813923703229425,-1.3813923703229425,1617.0,32.99000000000001,-29.95999999999981,4,10,2025,1671.1900000000003,1692.4099999999999,1684.9076666666665,18.44740812862541,44.214916557149316,1669.57,-0.009645100632922676,1685.83,0.0031716750966974683,1680.5,0.016919408909920497,1683.18,-0.0022998589261792324
2025-11-03,1644.56,1652.48,1617.0,1617.0,1012509465.0,-0.013813923703229425,-1.3813923703229425,0.021632653061224527,2.1632653061224527,1651.98,35.48000000000002,-27.559999999999945,0,11,2025,1661.1814285714286,1682.1200000000001,1684.326,25.901543987759243,43.770321170702026,1639.65,-0.017920781997759816,1669.57,-0.009645100632922676,1685.83,0.0031716750966974683,1652.54,-0.01820363835121619
2025-11-04,1618.02,1658.93,1600.56,1651.98,1198941757.0,0.021632653061224527,2.1632653061224527,0.0017615225365925635,0.17615225365925635,1654.89,58.37000000000012,33.960000000000036,1,11,2025,1656.7242857142858,1674.5507142857145,1684.8833333333334,24.10741992075381,38.492803216345635,1617.0,-0.013813923703229425,1639.65,-0.017920781997759816,1669.57,-0.009645100632922676,1680.5,0.016919408909920497
2025-11-05,1647.46,1659.58,1640.51,1654.89,662264267.0,0.0017615225365925635,0.17615225365925635,-0.007402304684903549,-0.7402304684903549,1642.64,19.069999999999936,7.430000000000064,2,11,2025,1657.06,1666.5535714285713,1684.7976666666666,24.055746368192246,28.05773185834337,1651.98,0.021632653061224527,1617.0,-0.013813923703229425,1639.65,-0.017920781997759816,1685.83,0.0031716750966974683
2025-11-06,1656.67,1658.69,1638.12,1642.64,583918596.0,-0.007402304684903549,-0.7402304684903549,-0.026506112112209768,-2.6506112112209768,1599.1,20.570000000000164,-14.029999999999973,3,11,2025,1651.6514285714288,1660.2285714285715,1684.0159999999998,22.08245112338146,21.604814939571483,1654.89,0.0017615225365925635,1651.98,0.021632653061224527,1617.0,-0.013813923703229425,1669.57,-0.009645100632922676
2025-11-07,1636.24,1638.59,1595.34,1599.1,846874733.0,-0.026506112112209768,-2.6506112112209768,-0.011606528672378214,-1.1606528672378214,1580.54,43.25,-37.1400000000001,4,11,2025,1639.2614285714285,1657.5621428571428,1681.9626666666666,23.960735539974316,26.513823442087244,1642.64,-0.007402304684903549,1654.89,0.0017615225365925635,1651.98,0.021632653061224527,1639.65,-0.017920781997759816
2025-11-10,1598.02,1609.49,1580.54,1580.54,733963463.0,-0.011606528672378214,-1.1606528672378214,0.008269325673504024,0.8269325673504024,1593.61,28.950000000000045,-17.480000000000018,0,11,2025,1626.5428571428572,1651.6414285714286,1679.0979999999997,28.407637889725894,33.450293285422546,1599.1,-0.026506112112209768,1642.64,-0.007402304684903549,1654.89,0.0017615225365925635,1617.0,-0.013813923703229425
2025-11-11,1585.32,1597.08,1578.42,1593.61,664598578.0,0.008269325673504024,0.8269325673504024,0.02400210842050443,2.400210842050443,1631.86,18.659999999999854,8.289999999999964,1,11,2025,1619.9657142857143,1645.577857142857,1676.8283333333334,30.143898142670984,35.81739460925436,1580.54,-0.011606528672378214,1599.1,-0.026506112112209768,1642.64,-0.007402304684903549,1651.98,0.021632653061224527
2025-11-12,1599.63,1631.86,1596.43,1631.86,757596568.0,0.02400210842050443,2.400210842050443,-0.0002573750199158509,-0.025737501991585088,1631.44,35.429999999999836,32.22999999999979,2,11,2025,1622.0885714285712,1641.635,1675.722,30.422197174924754,33.88587242497408,1593.61,0.008269325673504024,1580.54,-0.011606528672378214,1599.1,-0.026506112112209768,1654.89,0.0017615225365925635
2025-11-13,1632.64,1638.98,1626.14,1631.44,699139664.0,-0.0002573750199158509,-0.025737501991585088,0.002464080812043301,0.2464080812043301,1635.46,12.839999999999918,-1.2000000000000455,3,11,2025,1619.1542857142856,1637.9392857142855,1675.013,27.948589622776904,31.761146187511223,1631.86,0.02400210842050443,1593.61,0.008269325673504024,1580.54,-0.011606528672378214,1642.64,-0.007402304684903549
2025-11-14,1627.45,1638.35,1623.03,1635.46,703912296.0,0.002464080812043301,0.2464080812043301,0.011593068616780666,1.1593068616780666,1654.42,15.319999999999936,8.009999999999991,4,11,2025,1616.3785714285714,1636.7192857142857,1674.6676666666667,24.568424470242757,31.483993116011646,1631.44,-0.0002573750199158509,1631.86,0.02400210842050443,1593.61,0.008269325673504024,1599.1,-0.026506112112209768
2025-11-17,1640.47,1654.42,1640.47,1654.42,766684998.0,0.011593068616780666,1.1593068616780666,0.003324427896181037,0.3324427896181037,1659.92,13.950000000000045,13.950000000000045,0,11,2025,1618.0614285714285,1634.8564285714288,1673.2983333333332,26.954617680155422,29.396656954685817,1635.46,0.002464080812043301,1631.44,-0.0002573750199158509,1631.86,0.02400210842050443,1580.54,-0.011606528672378214
2025-11-18,1657.43,1660.41,1647.64,1659.92,773781151.0,0.003324427896181037,0.3324427896181037,-0.006578630295435928,-0.6578630295435928,1649.0,12.769999999999982,2.490000000000009,1,11,2025,1626.75,1633.0057142857142,1672.4523333333334,29.505575179349712,26.625682140597448,1654.42,0.011593068616780666,1635.46,0.002464080812043301,1631.44,-0.0002573750199158509,1593.61,0.008269325673504024
2025-11-19,1659.25,1661.51,1643.04,1649.0,850211293.0,-0.006578630295435928,-0.6578630295435928,0.004238932686476682,0.4238932686476682,1655.99,18.470000000000027,-10.25,2,11,2025,1636.53,1631.5364285714284,1670.8246666666666,22.036459939477805,24.96874557313763,1659.92,0.003324427896181037,1654.42,0.011593068616780666,1635.46,0.002464080812043301,1631.86,0.02400210842050443
2025-11-20,1651.93,1660.55,1647.79,1655.99,681094934.0,0.004238932686476682,0.4238932686476682,-0.000640100483698558,-0.0640100483698558,1654.93,12.759999999999991,4.059999999999945,3,11,2025,1645.4414285714286,1632.7035714285716,1668.8086666666668,12.208628681519249,25.74695399676378,1649.0,-0.006578630295435928,1659.92,0.003324427896181037,1654.42,0.011593068616780666,1631.44,-0.0002573750199158509
2025-11-21,1646.36,1656.84,1635.1,1654.93,730536641.0,-0.000640100483698558,-0.0640100483698558,0.007885529901566768,0.7885529901566768,1667.98,21.74000000000001,8.570000000000164,4,11,2025,1648.7371428571428,1635.412857142857,1665.7213333333334,10.983695058601224,25.962135276850038,1655.99,0.004238932686476682,1649.0,-0.006578630295435928,1659.92,0.003324427896181037,1635.46,0.002464080812043301
2025-11-24,1656.03,1674.29,1656.01,1667.98,576494405.0,0.007885529901566768,0.7885529901566768,-0.004568400100720682,-0.4568400100720682,1660.36,18.279999999999973,11.950000000000045,0,11,2025,1653.957142857143,1636.5557142857142,1662.4833333333333,10.034996618849172,27.075798081678776,1654.93,-0.000640100483698558,1655.99,0.004238932686476682,1649.0,-0.006578630295435928,1654.42,0.011593068616780666
2025-11-25,1670.08,1676.7,1657.77,1660.36,912568955.0,-0.004568400100720682,-0.4568400100720682,0.012045580476523154,1.2045580476523154,1680.36,18.930000000000064,-9.720000000000027,1,11,2025,1657.5142857142857,1636.9464285714287,1659.1266666666666,5.978940421919846,27.39826738127988,1667.98,0.007885529901566768,1654.93,-0.000640100483698558,1655.99,0.004238932686476682,1659.92,0.003324427896181037
2025-11-26,1667.31,1682.17,1663.99,1680.36,794445051.0,0.012045580476523154,1.2045580476523154,0.002356637863315081,0.23566378633150808,1684.32,18.180000000000064,13.049999999999955,2,11,2025,1661.22,1639.6407142857145,1656.5403333333334,10.252741096771045,29.754558400453647,1660.36,-0.004568400100720682,1667.98,0.007885529901566768,1654.93,-0.000640100483698558,1649.0,-0.006578630295435928
2025-11-27,1686.03,1695.34,1681.08,1684.32,714132340.0,0.002356637863315081,0.23566378633150808,0.003960055096418724,0.3960055096418724,1690.99,14.259999999999991,-1.7100000000000364,3,11,2025,1664.7057142857143,1645.7278571428574,1653.7893333333334,13.401372886219328,29.539128464482467,1680.36,0.012045580476523154,1660.36,-0.004568400100720682,1667.98,0.007885529901566768,1655.99,0.004238932686476682
2025-11-28,1683.77,1696.14,1679.12,1690.99,723199925.0,0.003960055096418724,0.3960055096418724,0.006315826823340309,0.6315826823340309,1701.67,17.02000000000021,7.220000000000027,4,11,2025,1670.7042857142858,1653.6171428571429,1652.4493333333332,14.548166960209423,25.223790183286553,1684.32,0.002356637863315081,1680.36,0.012045580476523154,1660.36,-0.004568400100720682,1654.93,-0.000640100483698558
2025-12-01,1698.98,1713.77,1697.38,1701.67,633506422.0,0.006315826823340309,0.6315826823340309,0.009044056720750815,0.9044056720750815,1717.06,16.389999999999873,2.6900000000000546,0,12,2025,1677.23,1661.3357142857144,1654.624,16.90249291270366,21.74195827087003,1690.99,0.003960055096418724,1684.32,0.002356637863315081,1680.36,0.012045580476523154,1667.98,0.007885529901566768
2025-12-02,1704.84,1719.03,1690.36,1717.06,693931904.0,0.009044056720750815,0.9044056720750815,0.008566969121638124,0.8566969121638124,1731.77,28.670000000000073,12.220000000000027,1,12,2025,1686.1057142857142,1667.4214285714284,1656.4116666666666,19.37290363459677,24.593840960462863,1701.67,0.006315826823340309,1690.99,0.003960055096418724,1684.32,0.002356637863315081,1660.36,-0.004568400100720682
2025-12-03,1725.9,1741.65,1714.9,1731.77,822614056.0,0.008566969121638124,0.8566969121638124,0.0031586180612899195,0.31586180612899195,1737.24,26.75,5.869999999999891,2,12,2025,1695.2185714285713,1674.587857142857,1658.187333333333,23.899904761656884,27.72142858420196,1717.06,0.009044056720750815,1701.67,0.006315826823340309,1690.99,0.003960055096418724,1680.36,0.012045580476523154
2025-12-04,1735.41,1741.71,1725.23,1737.24,894123127.0,0.0031586180612899195,0.31586180612899195,0.002348552876977328,0.23485528769773278,1741.32,16.480000000000018,1.8299999999999272,3,12,2025,1706.2014285714286,1681.8578571428573,1659.8600000000001,22.85297604870901,29.928851574946766,1731.77,0.008566969121638124,1717.06,0.009044056720750815,1701.67,0.006315826823340309,1684.32,0.002356637863315081
2025-12-05,1755.72,1758.44,1738.3,1741.32,658094976.0,0.002348552876977328,0.23485528769773278,0.00713252015712218,0.713252015712218,1753.74,20.1400000000001,-14.400000000000091,4,12,2025,1714.9099999999999,1688.065,1661.798,22.979016515009913,32.6850703980409,1737.24,0.0031586180612899195,1731.77,0.008566969121638124,1717.06,0.009044056720750815,1690.99,0.003960055096418724
2025-12-08,1757.42,1758.41,1746.03,1753.74,740943400.0,0.00713252015712218,0.713252015712218,-0.003746279380067663,-0.3746279380067663,1747.17,12.38000000000011,-3.6800000000000637,0,12,2025,1724.8271428571427,1694.7664285714286,1665.1713333333332,22.552841442707273,35.92772265947771,1741.32,0.002348552876977328,1737.24,0.0031586180612899195,1731.77,0.008566969121638124,1701.67,0.006315826823340309
2025-12-09,1772.03,1772.03,1724.66,1747.17,973849509.0,-0.003746279380067663,-0.3746279380067663,-0.016134663484377643,-1.6134663484377643,1718.98,47.36999999999989,-24.8599999999999,1,12,2025,1732.8528571428571,1701.7785714285715,1667.3936666666666,18.051548146161334,35.88829096757468,1753.74,0.00713252015712218,1741.32,0.002348552876977328,1737.24,0.0031586180612899195,1717.06,0.009044056720750815
2025-12-10,1748.82,1748.82,1713.64,1718.98,647038643.0,-0.016134663484377643,-1.6134663484377643,-0.01168134591443759,-1.168134591443759,1698.9,35.179999999999836,-29.839999999999918,2,12,2025,1735.3257142857144,1706.277857142857,1668.4986666666666,13.738211743226922,33.58054431654286,1747.17,-0.003746279380067663,1753.74,0.00713252015712218,1741.32,0.002348552876977328,1731.77,0.008566969121638124
2025-12-11,1710.28,1718.84,1690.82,1698.9,592555601.0,-0.01168134591443759,-1.168134591443759,-0.030613926658425994,-3.0613926658425994,1646.89,28.019999999999982,-11.379999999999882,3,12,2025,1732.7314285714288,1709.4185714285716,1669.4763333333333,18.612338585358838,30.30514245705776,1718.98,-0.016134663484377643,1747.17,-0.003746279380067663,1753.74,0.00713252015712218,1737.24,0.0031586180612899195
2025-12-12,1702.72,1702.73,1638.48,1646.89,919272724.0,-0.030613926658425994,-3.0613926658425994,-0.000534340484185436,-0.0534340484185436,1646.01,64.25,-55.82999999999993,4,12,2025,1720.6057142857142,1707.912142857143,1669.7176666666667,37.45466319745987,32.933637276918155,1698.9,-0.01168134591443759,1718.98,-0.016134663484377643,1747.17,-0.003746279380067663,1741.32,0.002348552876977328
2025-12-15,1645.87,1665.65,1636.82,1646.01,684864300.0,-0.000534340484185436,-0.0534340484185436,0.02015176092490334,2.015176092490334,1679.18,28.830000000000155,0.14000000000010004,0,12,2025,1707.5728571428572,1706.8871428571426,1670.6846666666665,45.67264743592893,34.703223399096636,1646.89,-0.030613926658425994,1698.9,-0.01168134591443759,1718.98,-0.016134663484377643,1753.74,0.00713252015712218
2025-12-16,1647.42,1689.07,1629.37,1679.18,832044428.0,0.02015176092490334,2.015176092490334,-0.0032873188103716977,-0.32873188103716977,1673.66,59.700000000000045,31.75999999999999,1,12,2025,1698.6957142857143,1706.802857142857,1671.5913333333333,44.02954192246337,34.773968254051205,1646.01,-0.000534340484185436,1646.89,-0.030613926658425994,1698.9,-0.01168134591443759,1747.17,-0.003746279380067663
2025-12-17,1680.18,1683.95,1668.19,1673.66,612255424.0,-0.0032873188103716977,-0.32873188103716977,0.0019836764934335616,0.19836764934335616,1676.98,15.759999999999991,-6.519999999999982,2,12,2025,1687.2557142857145,1706.0414285714285,1672.217,37.220965802023024,35.41493445454151,1679.18,0.02015176092490334,1646.01,-0.000534340484185436,1646.89,-0.030613926658425994,1718.98,-0.016134663484377643
2025-12-18,1675.54,1676.98,1665.21,1676.98,677428400.0,0.0019836764934335616,0.19836764934335616,0.016297153215899973,1.6297153215899973,1704.31,11.769999999999982,1.4400000000000546,3,12,2025,1677.2285714285715,1705.0407142857143,1673.3616666666667,26.218521715568166,36.06493043310554,1673.66,-0.0032873188103716977,1679.18,0.02015176092490334,1646.01,-0.000534340484185436,1698.9,-0.01168134591443759
2025-12-19,1678.72,1705.76,1677.67,1704.31,776738534.0,0.016297153215899973,1.6297153215899973,0.027412853295468498,2.74128532954685,1751.03,28.089999999999918,25.589999999999918,4,12,2025,1675.1328571428571,1705.2292857142857,1676.8686666666667,22.671359108065744,36.05285019446789,1676.98,0.0019836764934335616,1673.66,-0.0032873188103716977,1679.18,0.02015176092490334,1646.89,-0.030613926658425994
2025-12-22,1717.42,1751.03,1712.48,1751.03,980004438.0,0.027412853295468498,2.74128532954685,0.012061472390535899,1.20614723905359,1772.15,38.549999999999955,33.6099999999999,0,12,2025,1682.58,1707.6557142857143,1682.5516666666667,36.26573865230521,38.00082786839271,1704.31,0.016297153215899973,1676.98,0.0019836764934335616,1673.66,-0.0032873188103716977,1646.01,-0.000534340484185436
2025-12-23,1765.0,1778.18,1763.52,1772.15,859542980.0,0.012061472390535899,1.20614723905359,0.006020935022430285,0.6020935022430285,1782.82,14.660000000000082,7.150000000000091,1,12,2025,1700.4742857142858,1710.5400000000002,1688.5030000000002,45.458393745291545,41.35620556172244,1751.03,0.027412853295468498,1704.31,0.016297153215899973,1676.98,0.0019836764934335616,1679.18,0.02015176092490334
2025-12-24,1782.71,1784.98,1753.65,1782.82,808080310.0,0.006020935022430285,0.6020935022430285,-0.022419537586520266,-2.2419537586520266,1742.85,31.329999999999927,0.10999999999989996,2,12,2025,1720.0185714285715,1713.7957142857142,1693.535,47.50332950733869,45.2322872624293,1772.15,0.012061472390535899,1751.03,0.027412853295468498,1704.31,0.016297153215899973,1673.66,-0.0032873188103716977
2025-12-25,1779.19,1805.93,1742.85,1742.85,830259375.0,-0.022419537586520266,-2.2419537586520266,-0.007487735605473778,-0.7487735605473778,1729.8,63.080000000000155,-36.340000000000146,3,12,2025,1729.1142857142856,1713.905,1697.2486666666666,44.3729628103472,45.30569292639033,1782.82,0.006020935022430285,1772.15,0.012061472390535899,1751.03,0.027412853295468498,1676.98,0.0019836764934335616
2025-12-26,1706.39,1730.99,1687.14,1729.8,1081379964.0,-0.007487735605473778,-0.7487735605473778,0.014475661926234284,1.4475661926234284,1754.84,43.84999999999991,23.409999999999854,4,12,2025,1737.1342857142859,1712.1950000000002,1700.3933333333334,37.16810588710533,44.122872099508655,1742.85,-0.022419537586520266,1782.82,0.006020935022430285,1772.15,0.012061472390535899,1704.31,0.016297153215899973
2025-12-29,1733.39,1754.84,1731.63,1754.84,681132121.0,0.014475661926234284,1.4475661926234284,0.006872421417337238,0.6872421417337238,1766.9,23.20999999999981,21.449999999999818,0,12,2025,1748.257142857143,1712.7428571428572,1703.7406666666668,26.19712815952227,44.63519246732688,1729.8,-0.007487735605473778,1742.85,-0.022419537586520266,1782.82,0.006020935022430285,1751.03,0.027412853295468498
2025-12-30,1758.45,1766.9,1740.07,1766.9,639630103.0,0.006872421417337238,0.6872421417337238,0.009955288924104355,0.9955288924104355,1784.49,26.830000000000155,8.450000000000045,1,12,2025,1757.1985714285713,1716.1657142857143,1707.3066666666668,18.13972567642366,46.928731680546996,1754.84,0.014475661926234284,1729.8,-0.007487735605473778,1742.85,-0.022419537586520266,1772.15,0.012061472390535899
2025-12-31,1760.81,1787.75,1760.14,1784.49,704538818.0,0.009955288924104355,0.9955288924104355,0.002191102219681884,0.2191102219681884,1788.4,27.6099999999999,23.680000000000064,2,12,2025,1761.9785714285715,1722.2792857142856,1711.823,20.498495415091853,49.98216504443768,1766.9,0.006872421417337238,1754.84,0.014475661926234284,1729.8,-0.007487735605473778,1782.82,0.006020935022430285
2026-01-05,1787.13,1797.4,1775.19,1788.4,870442791.0,0.002191102219681884,0.2191102219681884,0.015583762021919023,1.5583762021919023,1816.27,22.210000000000036,1.2699999999999818,0,1,2026,1764.3,1732.3871428571426,1716.2366666666667,22.649652683065174,47.82569335678165,1784.49,0.009955288924104355,1766.9,0.006872421417337238,1754.84,0.014475661926234284,1742.85,-0.022419537586520266
2026-01-06,1795.57,1817.06,1790.44,1816.27,956959249.0,0.015583762021919023,1.5583762021919023,0.024946731488159735,2.4946731488159735,1861.58,26.61999999999989,20.700000000000045,1,1,2026,1769.0785714285714,1744.5485714285714,1721.6146666666666,29.653802133102047,45.77501701167983,1788.4,0.002191102219681884,1784.49,0.009955288924104355,1766.9,0.006872421417337238,1729.8,-0.007487735605473778
2026-01-07,1832.23,1861.58,1819.17,1861.58,1014370947.0,0.024946731488159735,2.4946731488159735,-0.003233812138076275,-0.3233812138076275,1855.56,42.409999999999854,29.34999999999991,2,1,2026,1786.0400000000002,1757.577142857143,1728.068,43.071324180518886,51.35582663800049,1816.27,0.015583762021919023,1788.4,0.002191102219681884,1784.49,0.009955288924104355,1754.84,0.014475661926234284
2026-01-08,1880.81,1888.33,1850.11,1855.56,1262265120.0,-0.003233812138076275,-0.3233812138076275,0.0066502834723749515,0.6650283472374952,1867.9,38.22000000000003,-25.25,3,1,2026,1804.0057142857142,1770.57,1734.5746666666666,41.91570583009041,51.501773531842055,1861.58,0.024946731488159735,1816.27,0.015583762021919023,1788.4,0.002191102219681884,1766.9,0.006872421417337238
2026-01-09,1861.02,1880.16,1853.16,1867.9,1300275020.0,0.0066502834723749515,0.6650283472374952,0.0050484501311631735,0.5048450131163174,1877.33,27.0,6.880000000000109,4,1,2026,1820.1571428571426,1784.207142857143,1740.826,41.59465138459522,50.07076706310608,1855.56,-0.003233812138076275,1861.58,0.024946731488159735,1816.27,0.015583762021919023,1784.49,0.009955288924104355
2026-01-12,1880.38,1887.92,1868.89,1877.33,1380092734.0,0.0050484501311631735,0.5048450131163174,0.013636387848700027,1.3636387848700027,1902.93,19.029999999999973,-3.050000000000182,0,1,2026,1835.932857142857,1796.5657142857142,1747.2596666666666,38.88228033186734,50.185881666893835,1867.9,0.0066502834723749515,1855.56,-0.003233812138076275,1861.58,0.024946731488159735,1788.4,0.002191102219681884
2026-01-13,1873.93,1910.69,1871.79,1902.93,1343676537.0,0.013636387848700027,1.3636387848700027,-0.004461540886948057,-0.44615408869480566,1894.44,38.90000000000009,29.0,1,1,2026,1852.8528571428571,1807.4157142857143,1754.3243333333335,38.534043699121774,55.70101528068306,1877.33,0.0050484501311631735,1867.9,0.0066502834723749515,1855.56,-0.003233812138076275,1816.27,0.015583762021919023
2026-01-14,1910.32,1918.46,1870.87,1894.44,1423913258.0,-0.004461540886948057,-0.44615408869480566,-0.015645784506239324,-1.5645784506239324,1864.8,47.590000000000146,-15.879999999999882,2,1,2026,1868.0014285714285,1816.1507142857142,1760.75,28.513740213248212,59.22265217146214,1902.93,0.013636387848700027,1877.33,0.0050484501311631735,1867.9,0.0066502834723749515,1861.58,0.024946731488159735
2026-01-15,1883.7,1884.19,1845.95,1864.8,1237786766.0,-0.015645784506239324,-1.5645784506239324,0.007684470184470271,0.7684470184470271,1879.13,38.24000000000001,-18.90000000000009,3,1,2026,1874.9342857142858,1822.0064285714286,1765.6746666666666,17.681709812711915,59.72433978864092,1894.44,-0.004461540886948057,1902.93,0.013636387848700027,1877.33,0.0050484501311631735,1855.56,-0.003233812138076275
2026-01-16,1875.14,1901.22,1874.6,1879.13,1021323506.0,0.007684470184470271,0.7684470184470271,0.009291533848110545,0.9291533848110545,1896.59,26.62000000000012,3.990000000000009,4,1,2026,1877.4414285714286,1831.7407142857144,1770.5866666666668,16.688937881579687,56.86808736885092,1864.8,-0.015645784506239324,1894.44,-0.004461540886948057,1902.93,0.013636387848700027,1867.9,0.0066502834723749515
2026-01-19,1894.67,1898.24,1874.69,1896.59,1163188480.0,0.009291533848110545,0.9291533848110545,-0.001481606462124141,-0.1481606462124141,1893.78,23.549999999999955,1.9199999999998454,0,1,2026,1883.3028571428572,1843.6542857142856,1775.8983333333333,14.82396900762425,51.04160274708556,1879.13,0.007684470184470271,1864.8,-0.015645784506239324,1894.44,-0.004461540886948057,1877.33,0.0050484501311631735
2026-01-20,1904.58,1915.11,1884.6,1893.78,1078094824.0,-0.001481606462124141,-0.1481606462124141,-0.004403890631435536,-0.44038906314355364,1885.44,30.50999999999999,-10.799999999999955,1,1,2026,1887.0,1853.5785714285714,1780.9803333333332,13.511358184732197,45.66931082960041,1896.59,0.009291533848110545,1879.13,0.007684470184470271,1864.8,-0.015645784506239324,1902.93,0.013636387848700027
2026-01-21,1876.96,1894.22,1859.25,1885.44,1204631813.0,-0.004403890631435536,-0.44038906314355364,-0.0014373302783435848,-0.14373302783435848,1882.73,34.97000000000003,8.480000000000018,2,1,2026,1888.1585714285713,1862.0457142857142,1785.3703333333333,12.876784573351568,38.84109455687308,1893.78,-0.001481606462124141,1896.59,0.009291533848110545,1879.13,0.007684470184470271,1894.44,-0.004461540886948057
2026-01-22,1895.08,1904.56,1874.81,1882.73,1058940345.0,-0.0014373302783435848,-0.14373302783435848,-0.006341854647241019,-0.6341854647241019,1870.79,29.75,-12.349999999999909,3,1,2026,1885.2728571428572,1869.062857142857,1789.889,11.16432071999878,32.02857484490613,1885.44,-0.004403890631435536,1893.78,-0.001481606462124141,1896.59,0.009291533848110545,1864.8,-0.015645784506239324
2026-01-23,1890.39,1898.83,1866.87,1870.79,888764058.0,-0.006341854647241019,-0.6341854647241019,-0.014469822909038421,-1.4469822909038421,1843.72,31.960000000000036,-19.600000000000136,4,1,2026,1881.8942857142858,1874.9478571428572,1794.9493333333332,11.501201179336894,22.09665174034815,1882.73,-0.0014373302783435848,1885.44,-0.004403890631435536,1893.78,-0.001481606462124141,1879.13,0.007684470184470271
2026-01-26,1876.81,1879.45,1833.21,1843.72,1112553302.0,-0.014469822909038421,-1.4469822909038421,-0.007170286160588346,-0.7170286160588346,1830.5,46.24000000000001,-33.08999999999992,0,1,2026,1878.882857142857,1876.9085714285716,1799.7766666666664,17.772855439471616,17.154664697436903,1870.79,-0.006341854647241019,1882.73,-0.0014373302783435848,1885.44,-0.004403890631435536,1896.59,0.009291533848110545
2026-01-27,1843.94,1845.7,1821.79,1830.5,788848818.0,-0.007170286160588346,-0.7170286160588346,-0.0150723845943731,-1.50723845943731,1802.91,23.910000000000082,-13.440000000000055,1,1,2026,1871.935714285714,1874.6885714285713,1805.897,25.48936566297718,20.89435987838909,1843.72,-0.014469822909038421,1870.79,-0.006341854647241019,1882.73,-0.0014373302783435848,1893.78,-0.001481606462124141
2026-01-28,1837.67,1842.61,1793.13,1802.91,1046874107.0,-0.0150723845943731,-1.50723845943731,0.006694732404834314,0.6694732404834314,1814.98,49.47999999999979,-34.75999999999999,2,1,2026,1858.552857142857,1870.9278571428572,1811.1270000000002,33.66812523944746,28.098350671203306,1830.5,-0.007170286160588346,1843.72,-0.014469822909038421,1870.79,-0.006341854647241019,1885.44,-0.004403890631435536
2026-01-29,1804.15,1814.98,1797.32,1814.98,723177476.0,0.006694732404834314,0.6694732404834314,0.0077466418362737155,0.7746641836273715,1829.04,17.660000000000082,10.829999999999927,3,1,2026,1847.2957142857144,1867.1478571428572,1815.6536666666666,33.095405953612556,31.846606190087474,1802.91,-0.0150723845943731,1830.5,-0.007170286160588346,1843.72,-0.014469822909038421,1882.73,-0.0014373302783435848
2026-01-30,1822.1,1831.97,1808.47,1829.04,877814543.0,0.0077466418362737155,0.7746641836273715,-0.012323404627564205,-1.2323404627564205,1806.5,23.5,6.940000000000055,4,1,2026,1839.2385714285715,1863.6985714285713,1820.8329999999999,28.85508934224149,33.24344813581135,1814.98,0.006694732404834314,1802.91,-0.0150723845943731,1830.5,-0.007170286160588346,1870.79,-0.006341854647241019
2026-02-02,1824.1,1827.91,1777.85,1806.5,973917373.0,-0.012323404627564205,-1.2323404627564205,0.0038195405480210276,0.38195405480210276,1813.4,50.06000000000017,-17.59999999999991,0,2,2026,1828.3485714285712,1856.8107142857145,1825.1503333333335,23.614480323496284,34.4573588131178,1829.04,0.0077466418362737155,1814.98,0.006694732404834314,1802.91,-0.0150723845943731,1843.72,-0.014469822909038421
2026-02-03,1807.09,1827.22,1805.22,1813.4,985977888.0,0.0038195405480210276,0.38195405480210276,-0.01211536340575714,-1.211536340575714,1791.43,22.0,6.310000000000173,1,2,2026,1820.1499999999999,1851.0221428571426,1828.7866666666666,14.70561684061984,34.45671268277645,1806.5,-0.012323404627564205,1829.04,0.0077466418362737155,1814.98,0.006694732404834314,1830.5,-0.007170286160588346
2026-02-04,1813.87,1813.87,1780.71,1791.43,1053888972.0,-0.01211536340575714,-1.211536340575714,-0.004951351713435748,-0.49513517134357476,1782.56,33.159999999999854,-22.439999999999827,2,2,2026,1812.68,1845.7814285714285,1830.1333333333334,14.00129874915744,37.63317743638372,1813.4,0.0038195405480210276,1806.5,-0.012323404627564205,1829.04,0.0077466418362737155,1802.91,-0.0150723845943731
2026-02-05,1789.14,1800.1,1782.18,1782.56,739892290.0,-0.004951351713435748,-0.49513517134357476,-0.015186024593842551,-1.518602459384255,1755.49,17.919999999999845,-6.580000000000155,3,2,2026,1805.831428571429,1838.8835714285713,1830.4803333333332,15.478801017808413,39.83622657587537,1791.43,-0.01211536340575714,1813.4,0.0038195405480210276,1806.5,-0.012323404627564205,1814.98,0.006694732404834314
2026-02-06,1768.77,1782.34,1754.39,1755.49,1133423406.0,-0.015186024593842551,-1.518602459384255,-0.0003816598214744227,-0.03816598214744227,1754.82,27.949999999999818,-13.279999999999973,4,2,2026,1799.0571428571427,1828.805,1829.5693333333334,24.63753147414361,41.908686221014975,1782.56,-0.004951351713435748,1791.43,-0.01211536340575714,1813.4,0.0038195405480210276,1829.04,0.0077466418362737155
2026-02-09,1769.76,1771.73,1749.87,1754.82,726411658.0,-0.0003816598214744227,-0.03816598214744227,-0.00045018862333456866,-0.045018862333456866,1754.03,21.860000000000127,-14.940000000000055,0,2,2026,1790.462857142857,1818.8792857142857,1829.9683333333335,28.367830791340538,41.79174200069659,1755.49,-0.015186024593842551,1782.56,-0.004951351713435748,1791.43,-0.01211536340575714,1806.5,-0.012323404627564205
2026-02-10,1755.83,1776.24,1741.37,1754.03,920697778.0,-0.00045018862333456866,-0.045018862333456866,0.024412353266477727,2.4412353266477727,1796.85,34.87000000000012,-1.7999999999999545,1,2,2026,1779.7471428571428,1809.4928571428572,1830.776,25.37641405858695,40.427310538358256,1754.82,-0.0003816598214744227,1755.49,-0.015186024593842551,1782.56,-0.004951351713435748,1813.4,0.0038195405480210276
2026-02-11,1768.18,1799.92,1763.96,1796.85,1146844032.0,0.024412353266477727,2.4412353266477727,0.009594568272254245,0.9594568272254245,1814.09,35.960000000000036,28.669999999999845,2,2,2026,1778.3685714285714,1803.3585714285712,1832.1763333333333,23.900012153742647,34.547767345714696,1754.03,-0.00045018862333456866,1754.82,-0.0003816598214744227,1755.49,-0.015186024593842551,1791.43,-0.01211536340575714
2026-02-12,1809.01,1816.11,1804.6,1814.09,501048660.0,0.009594568272254245,0.9594568272254245,0.005512405668957943,0.5512405668957943,1824.09,11.509999999999991,5.079999999999927,3,2,2026,1778.467142857143,1799.3085714285714,1833.7493333333332,24.06939600002847,28.895911304405747,1796.85,0.024412353266477727,1754.03,-0.00045018862333456866,1754.82,-0.0003816598214744227,1782.56,-0.004951351713435748
2026-02-13,1818.07,1824.09,1792.91,1824.09,608586792.0,0.005512405668957943,0.5512405668957943,0.0197632792241611,1.97632792241611,1860.14,31.179999999999836,6.019999999999982,4,2,2026,1783.1328571428571,1797.9064285714285,1835.0693333333334,29.54387173576775,26.98842789256315,1814.09,0.009594568272254245,1796.85,0.024412353266477727,1754.03,-0.00045018862333456866,1755.49,-0.015186024593842551
2026-02-23,1833.9,1863.13,1833.9,1860.14,756872733.0,0.0197632792241611,1.97632792241611,0.0040212027051726995,0.40212027051726995,1867.62,29.230000000000018,26.24000000000001,0,2,2026,1794.215714285714,1800.0235714285714,1837.4606666666666,41.44676499520822,30.65540800759443,1824.09,0.005512405668957943,1814.09,0.009594568272254245,1796.85,0.024412353266477727,1754.82,-0.0003816598214744227
2026-02-24,1862.18,1867.62,1849.6,1867.62,1002135553.0,0.0040212027051726995,0.40212027051726995,-0.0035928079587923545,-0.35928079587923545,1860.91,18.019999999999982,5.439999999999827,1,2,2026,1810.2342857142855,1804.6457142857143,1839.1723333333334,45.45941738042777,35.60320787501055,1860.14,0.0197632792241611,1824.09,0.005512405668957943,1814.09,0.009594568272254245,1754.03,-0.00045018862333456866
2026-02-25,1869.49,1876.01,1857.16,1860.91,1156532827.0,-0.0035928079587923545,-0.35928079587923545,0.010064968214475778,1.0064968214475778,1879.64,18.84999999999991,-8.579999999999927,2,2,2026,1825.3899999999999,1807.9264285714287,1839.15,41.41007727590513,38.61729238153977,1867.62,0.0040212027051726995,1860.14,0.0197632792241611,1824.09,0.005512405668957943,1796.85,0.024412353266477727
2026-02-26,1861.32,1882.17,1859.04,1879.64,891033680.0,0.010064968214475778,1.0064968214475778,0.0003670915707261191,0.03670915707261191,1880.33,23.13000000000011,18.320000000000164,3,2,2026,1843.3342857142857,1811.5407142857143,1839.9526666666668,31.31985039184852,42.8781898054387,1860.91,-0.0035928079587923545,1867.62,0.0040212027051726995,1860.14,0.0197632792241611,1814.09,0.009594568272254245
2026-02-27,1883.12,1899.44,1863.36,1880.33,927701241.0,0.0003670915707261191,0.03670915707261191,-0.018204251381406467,-1.8204251381406467,1846.1,36.080000000000155,-2.7899999999999636,4,2,2026,1855.26,1816.8142857142855,1840.367,26.13405696269936,46.59004378858219,1879.64,0.010064968214475778,1860.91,-0.0035928079587923545,1867.62,0.0040212027051726995,1824.09,0.005512405668957943
2026-03-02,1876.01,1885.18,1844.25,1846.1,1548149985.0,-0.018204251381406467,-1.8204251381406467,-0.01785385407074358,-1.785385407074358,1813.14,40.930000000000064,-29.910000000000082,0,3,2026,1859.8328571428572,1819.15,1839.326,19.750498486682478,47.221113432959044,1880.33,0.0003670915707261191,1879.64,0.010064968214475778,1860.91,-0.0035928079587923545,1860.14,0.0197632792241611
2026-03-03,1854.28,1854.28,1808.55,1813.14,1303657670.0,-0.01785385407074358,-1.785385407074358,0.0028293457758363783,0.2829345775836378,1818.27,45.73000000000002,-41.13999999999987,1,3,2026,1858.2685714285715,1820.7007142857144,1836.3329999999999,23.187767197712457,46.59307632032087,1846.1,-0.018204251381406467,1880.33,0.0003670915707261191,1879.64,0.010064968214475778,1867.62,0.0040212027051726995
2026-03-04,1803.54,1833.33,1766.86,1818.27,1574263001.0,0.0028293457758363783,0.2829345775836378,-0.005367739664626225,-0.5367739664626225,1808.51,66.47000000000003,14.730000000000018,2,3,2026,1852.287142857143,1823.2514285714285,1833.794,27.604276066203088,45.30410082598032,1813.14,-0.01785385407074358,1846.1,-0.018204251381406467,1880.33,0.0003670915707261191,1860.91,-0.0035928079587923545
2026-03-05,1837.34,1849.01,1806.53,1808.51,1126642399.0,-0.005367739664626225,-0.5367739664626225,-0.02248812558404434,-2.248812558404434,1767.84,42.48000000000002,-28.829999999999927,3,3,2026,1843.8428571428572,1827.0385714285712,1831.9176666666667,30.968199664696932,41.23749635340091,1818.27,0.0028293457758363783,1813.14,-0.01785385407074358,1846.1,-0.018204251381406467,1879.64,0.010064968214475778
2026-03-06,1801.08,1807.31,1767.84,1767.84,1030298190.0,-0.02248812558404434,-2.248812558404434,-0.06507941895194136,-6.507941895194136,1652.79,39.47000000000003,-33.24000000000001,4,3,2026,1830.547142857143,1827.9685714285713,1828.2079999999999,40.8286891430435,39.59773164779266,1808.51,-0.005367739664626225,1818.27,0.0028293457758363783,1813.14,-0.01785385407074358,1880.33,0.0003670915707261191
2026-03-09,1757.73,1757.73,1650.75,1652.79,1380753348.0,-0.06507941895194136,-6.507941895194136,0.014484598769353596,1.4484598769353596,1676.73,106.98000000000002,-104.94000000000005,0,3,2026,1798.1399999999999,1820.7371428571428,1820.0813333333333,72.84438207574144,58.751271204409655,1767.84,-0.02248812558404434,1808.51,-0.005367739664626225,1818.27,0.0028293457758363783,1846.1,-0.018204251381406467
2026-03-10,1664.52,1716.62,1651.29,1676.73,1537511997.0,0.014484598769353596,1.4484598769353596,0.030780149457575012,3.0780149457575012,1728.34,65.32999999999993,12.210000000000036,1,3,2026,1769.054285714286,1812.1571428571428,1812.8463333333334,75.16777298307335,70.16962211765194,1652.79,-0.06507941895194136,1767.84,-0.02248812558404434,1808.51,-0.005367739664626225,1813.14,-0.01785385407074358
2026-03-11,1675.87,1729.67,1675.17,1728.34,997255862.0,0.030780149457575012,3.0780149457575012,-0.01083698809262068,-1.083698809262068,1709.61,54.5,52.47000000000003,2,3,2026,1752.2314285714288,1806.0321428571428,1807.6096666666667,67.87453607661635,73.64438724017063,1676.73,0.014484598769353596,1652.79,-0.06507941895194136,1767.84,-0.02248812558404434,1818.27,0.0028293457758363783
2026-03-12,1716.62,1725.52,1701.59,1709.61,956735297.0,-0.01083698809262068,-1.083698809262068,-0.007820497072431709,-0.7820497072431709,1696.24,23.930000000000064,-7.009999999999991,3,3,2026,1737.4414285714283,1797.855,1801.839,63.53114627972622,77.72756621689733,1728.34,0.030780149457575012,1676.73,0.014484598769353596,1652.79,-0.06507941895194136,1808.51,-0.005367739664626225
2026-03-13,1697.72,1716.75,1688.67,1696.24,1023068442.0,-0.007820497072431709,-0.7820497072431709,-0.0017863038249303909,-0.17863038249303909,1693.21,28.079999999999927,-1.4800000000000182,4,3,2026,1720.0085714285713,1786.1478571428572,1796.0206666666668,53.625565242858386,79.93644371323134,1709.61,-0.01083698809262068,1728.34,0.030780149457575012,1676.73,0.014484598769353596,1767.84,-0.02248812558404434
2026-03-16,1701.06,1707.0,1680.7,1693.21,873491825.0,-0.0017863038249303909,-0.17863038249303909,0.010087348881709923,1.0087348881709923,1710.29,26.299999999999955,-7.849999999999909,0,3,2026,1703.537142857143,1773.69,1791.0036666666667,37.06011410047128,79.85314203154294,1696.24,-0.007820497072431709,1709.61,-0.01083698809262068,1728.34,0.030780149457575012,1652.79,-0.06507941895194136
2026-03-17,1709.38,1732.31,1708.83,1710.29,887474546.0,0.010087348881709923,1.0087348881709923,0.0020698244157424384,0.20698244157424384,1713.83,23.480000000000018,0.9099999999998545,1,3,2026,1695.3157142857142,1762.9314285714283,1786.9966666666667,24.759889510427225,77.30389151884971,1693.21,-0.0017863038249303909,1696.24,-0.007820497072431709,1709.61,-0.01083698809262068,1676.73,0.014484598769353596
2026-03-18,1718.3,1742.87,1693.36,1713.83,840316740.0,0.0020698244157424384,0.20698244157424384,-0.008577280126967013,-0.8577280126967013,1699.13,49.50999999999999,-4.470000000000027,2,3,2026,1704.035714285714,1751.087857142857,1784.0273333333332,16.735124595747266,70.44521517612668,1710.29,0.010087348881709923,1693.21,-0.0017863038249303909,1696.24,-0.007820497072431709,1728.34,0.030780149457575012
2026-03-19,1700.77,1709.47,1677.09,1699.13,881126066.0,-0.008577280126967013,-0.8577280126967013,-0.03020369247791521,-3.020369247791521,1647.81,32.38000000000011,-1.6399999999998727,3,3,2026,1707.2357142857143,1738.1450000000002,1780.1656666666668,12.159840811807596,60.86789614214688,1713.83,0.0020698244157424384,1710.29,0.010087348881709923,1693.21,-0.0017863038249303909,1709.61,-0.01083698809262068
2026-03-20,1698.62,1698.62,1628.62,1647.81,961235269.0,-0.03020369247791521,-3.020369247791521,-0.034372894933275,-3.4372894933275,1591.17,70.0,-50.809999999999945,4,3,2026,1695.7314285714285,1723.9814285714285,1774.1246666666666,22.53425128442292,56.74595598702183,1699.13,-0.008577280126967013,1713.83,0.0020698244157424384,1710.29,0.010087348881709923,1696.24,-0.007820497072431709
2026-03-23,1630.11,1636.27,1586.44,1591.17,1103087120.0,-0.034372894933275,-3.4372894933275,0.014831853290345975,1.4831853290345975,1614.77,49.82999999999993,-38.93999999999983,0,3,2026,1678.8114285714287,1708.1264285714285,1766.9470000000001,44.31558733616882,60.78438319265672,1647.81,-0.03020369247791521,1699.13,-0.008577280126967013,1713.83,0.0020698244157424384,1693.21,-0.0017863038249303909
2026-03-24,1626.34,1630.63,1602.92,1614.77,771713376.0,0.014831853290345975,1.4831853290345975,0.02688927834923871,2.688927834923871,1658.19,27.710000000000036,-11.569999999999936,1,3,2026,1667.1728571428573,1693.5907142857143,1760.326,49.38384139041314,56.607579468640864,1591.17,-0.034372894933275,1647.81,-0.03020369247791521,1699.13,-0.008577280126967013,1710.29,0.010087348881709923
2026-03-25,1634.15,1658.77,1629.73,1658.19,892224038.0,0.02688927834923871,2.688927834923871,-0.008177591228990644,-0.8177591228990644,1644.63,29.039999999999964,24.039999999999964,2,3,2026,1662.17,1682.8535714285715,1755.8846666666666,48.062704875998385,46.48423696550785,1614.77,0.014831853290345975,1591.17,-0.034372894933275,1647.81,-0.03020369247791521,1713.83,0.0020698244157424384
2026-03-26,1661.53,1661.6,1634.55,1644.63,806689659.0,-0.008177591228990644,-0.8177591228990644,0.01712847266558426,1.712847266558426,1672.8,27.049999999999955,-16.899999999999864,3,3,2026,1652.7900000000002,1674.0528571428572,1751.287,43.27502744074666,40.42486676229089,1658.19,0.02688927834923871,1614.77,0.014831853290345975,1591.17,-0.034372894933275,1699.13,-0.008577280126967013
2026-03-27,1643.89,1673.31,1640.31,1672.8,940097294.0,0.01712847266558426,1.712847266558426,-0.00613342898134861,-0.613342898134861,1662.54,33.0,28.909999999999854,4,3,2026,1646.9285714285713,1675.482142857143,1748.5306666666665,35.75470152231445,39.96639803609709,1644.63,-0.008177591228990644,1658.19,0.02688927834923871,1614.77,0.014831853290345975,1647.81,-0.03020369247791521
2026-03-30,1646.08,1671.6,1637.58,1662.54,824732178.0,-0.00613342898134861,-0.613342898134861,0.0071877969853357815,0.7187796985335781,1674.49,34.01999999999998,16.460000000000036,0,3,2026,1641.7014285714286,1674.4685714285715,1745.4546666666668,28.86133077810443,40.11198552078047,1672.8,0.01712847266558426,1644.63,-0.008177591228990644,1658.19,0.02688927834923871,1591.17,-0.034372894933275
2026-03-31,1669.57,1677.83,1663.05,1674.49,929691249.0,0.0071877969853357815,0.7187796985335781,0.016984275809351024,1.6984275809351024,1702.93,14.779999999999973,4.920000000000073,1,3,2026,1645.5128571428572,1670.6221428571428,1742.8033333333333,31.448225553655803,37.01077539118373,1662.54,-0.00613342898134861,1672.8,0.01712847266558426,1644.63,-0.008177591228990644,1614.77,0.014831853290345975
2026-04-01,1713.92,1715.21,1700.18,1702.93,943330209.0,0.016984275809351024,1.6984275809351024,-0.004762380133064847,-0.47623801330648474,1694.82,15.029999999999973,-10.990000000000009,2,4,2026,1661.4785714285715,1670.145,1739.6726666666666,27.365426136209965,36.50913979352627,1674.49,0.0071877969853357815,1662.54,-0.00613342898134861,1672.8,0.01712847266558426,1658.19,0.02688927834923871
2026-04-02,1706.15,1706.15,1684.47,1694.82,888151216.0,-0.004762380133064847,-0.47623801330648474,-0.006360557463329419,-0.6360557463329419,1684.04,21.680000000000064,-11.330000000000155,3,4,2026,1672.9142857142856,1670.0435714285716,1735.6970000000001,20.443950088848712,36.43295984666244,1702.93,0.016984275809351024,1674.49,0.0071877969853357815,1662.54,-0.00613342898134861,1644.63,-0.008177591228990644
2026-04-03,1700.14,1713.95,1679.79,1684.04,772311754.0,-0.006360557463329419,-0.6360557463329419,-0.005373981615638512,-0.5373981615638512,1674.99,34.16000000000008,-16.100000000000136,4,4,2026,1676.607142857143,1669.3885714285714,1731.0286666666666,19.66065081510301,36.06500282230864,1694.82,-0.004762380133064847,1702.93,0.016984275809351024,1674.49,0.0071877969853357815,1672.8,0.01712847266558426
2026-04-06,1682.09,1693.03,1669.31,1674.99,667956408.0,-0.005373981615638512,-0.5373981615638512,0.0015223971486397758,0.15223971486397758,1677.54,23.720000000000027,-7.099999999999909,0,4,2026,1680.9442857142858,1666.867142857143,1724.857,13.950202934077966,34.169644969831495,1684.04,-0.006360557463329419,1694.82,-0.004762380133064847,1702.93,0.016984275809351024,1662.54,-0.00613342898134861
2026-04-07,1677.99,1690.31,1665.36,1677.54,612450752.0,0.0015223971486397758,0.15223971486397758,0.04709872789918568,4.709872789918568,1756.55,24.950000000000045,-0.4500000000000455,1,4,2026,1681.6214285714286,1664.2749999999999,1718.521,13.599626745475005,31.613861796591586,1674.99,-0.005373981615638512,1684.04,-0.006360557463329419,1694.82,-0.004762380133064847,1674.49,0.0071877969853357815
2026-04-08,1706.59,1756.55,1706.59,1756.55,1256696748.0,0.04709872789918568,4.709872789918568,-0.011311946713728593,-1.1311946713728593,1736.68,49.960000000000036,49.960000000000036,2,4,2026,1695.0514285714287,1668.3764285714285,1715.0423333333335,29.14714018475037,39.279052864825324,1677.54,0.0015223971486397758,1674.99,-0.005373981615638512,1684.04,-0.006360557463329419,1702.93,0.016984275809351024
2026-04-09,1750.88,1754.77,1736.3,1736.68,1063878313.0,-0.011311946713728593,-1.1311946713728593,0.007669806757721664,0.7669806757721664,1750.0,18.470000000000027,-14.200000000000045,3,4,2026,1703.935714285714,1674.7242857142858,1710.2769999999998,31.238295331774257,42.729234941466494,1756.55,0.04709872789918568,1677.54,0.0015223971486397758,1674.99,-0.005373981615638512,1694.82,-0.004762380133064847
2026-04-10,1750.86,1762.84,1747.08,1750.0,961774684.0,0.007669806757721664,0.7669806757721664,0.005120000000000013,0.5120000000000013,1758.96,15.759999999999991,-0.8599999999999,4,4,2026,1710.6599999999999,1686.0692857142858,1705.9326666666666,35.72902974702331,39.825026817200985,1736.68,-0.011311946713728593,1756.55,0.04709872789918568,1677.54,0.0015223971486397758,1684.04,-0.006360557463329419
2026-04-13,1738.57,1765.67,1733.18,1758.96,880376868.0,0.005120000000000013,0.5120000000000013,0.00948856142265897,0.948856142265897,1775.65,32.49000000000001,20.3900000000001,0,4,2026,1719.8228571428572,1696.3685714285714,1703.028,39.059058153090064,38.593383222687734,1750.0,0.007669806757721664,1736.68,-0.011311946713728593,1756.55,0.04709872789918568,1674.99,-0.005373981615638512
2026-04-14,1775.41,1784.43,1765.52,1775.65,889353867.0,0.00948856142265897,0.948856142265897,0.014079351223495573,1.4079351223495573,1800.65,18.910000000000082,0.2400000000000091,1,4,2026,1732.9099999999999,1704.7585714285713,1701.7783333333332,40.39596514500997,42.249526325476324,1758.96,0.005120000000000013,1750.0,0.007669806757721664,1736.68,-0.011311946713728593,1677.54,0.0015223971486397758
2026-04-15,1787.37,1801.89,1786.65,1800.65,948695415.0,0.014079351223495573,1.4079351223495573,0.010651709105045315,1.0651709105045315,1819.83,15.240000000000009,13.2800000000002,2,4,2026,1750.8614285714284,1715.902857142857,1701.1909999999998,38.2300246004253,45.61231419907678,1775.65,0.00948856142265897,1758.96,0.005120000000000013,1750.0,0.007669806757721664,1756.55,0.04709872789918568
2026-04-16,1806.2,1824.03,1799.18,1819.83,1000724970.0,0.010651709105045315,1.0651709105045315,-0.0014616749916199767,-0.14616749916199767,1817.17,24.84999999999991,13.629999999999882,3,4,2026,1771.1885714285713,1726.405,1701.5683333333334,29.601496261996445,51.47452420673389,1800.65,0.014079351223495573,1775.65,0.00948856142265897,1758.96,0.005120000000000013,1736.68,-0.011311946713728593
2026-04-17,1832.33,1846.19,1814.47,1817.17,742281201.0,-0.0014616749916199767,-0.14616749916199767,0.010973106533785915,1.0973106533785915,1837.11,31.720000000000027,-15.159999999999854,4,4,2026,1779.8485714285712,1737.45,1703.2126666666666,33.24787282843217,53.27490750093105,1819.83,0.010651709105045315,1800.65,0.014079351223495573,1775.65,0.00948856142265897,1750.0,0.007669806757721664
2026-04-20,1819.03,1838.74,1802.42,1837.11,690090096.0,0.010973106533785915,1.0973106533785915,-0.00197592958505477,-0.19759295850547698,1833.48,36.319999999999936,18.079999999999927,0,4,2026,1794.195714285714,1749.0657142857144,1709.3566666666666,33.183802201795395,56.14268329813002,1817.17,-0.0014616749916199767,1819.83,0.010651709105045315,1800.65,0.014079351223495573,1758.96,0.005120000000000013
2026-04-21,1851.84,1866.1,1833.48,1833.48,866640210.0,-0.00197592958505477,-0.19759295850547698,0.01299168793769212,1.299168793769212,1857.3,32.61999999999989,-18.3599999999999,1,4,2026,1806.1214285714284,1758.3907142857145,1714.5816666666667,29.443232628490662,58.67505058362622,1837.11,0.010973106533785915,1817.17,-0.0014616749916199767,1819.83,0.010651709105045315,1775.65,0.00948856142265897
2026-04-22,1834.53,1861.34,1819.21,1857.3,708137323.0,0.01299168793769212,1.299168793769212,0.007031712701232928,0.7031712701232928,1870.36,42.12999999999988,22.769999999999982,2,4,2026,1820.17,1769.9964285714286,1718.8803333333333,26.50450590615874,61.15051727654439,1833.48,-0.00197592958505477,1837.11,0.010973106533785915,1817.17,-0.0014616749916199767,1800.65,0.014079351223495573
2026-04-23,1868.31,1888.99,1855.09,1870.36,1030969130.0,0.007031712701232928,0.7031712701232928,-0.009126585256314268,-0.9126585256314268,1853.29,33.90000000000009,2.0499999999999545,3,4,2026,1833.7,1783.305,1724.2386666666666,24.050337488890005,61.27912227606789,1857.3,0.01299168793769212,1833.48,-0.00197592958505477,1837.11,0.010973106533785915,1819.83,0.010651709105045315
2026-04-24,1873.23,1881.93,1843.63,1853.29,673852010.0,-0.009126585256314268,-0.9126585256314268,0.012167550680141748,1.2167550680141748,1875.84,38.299999999999955,-19.940000000000055,4,4,2026,1841.22,1796.0407142857143,1729.4736666666665,19.858353405963005,55.269746831674816,1870.36,0.007031712701232928,1857.3,0.01299168793769212,1833.48,-0.00197592958505477,1817.17,-0.0014616749916199767
2026-04-28,1850.07,1887.69,1848.98,1875.84,629723569.0,0.012167550680141748,1.2167550680141748,-0.011589474582053949,-1.158947458205395,1854.1,38.710000000000036,25.769999999999982,1,4,2026,1849.2214285714285,1810.2050000000002,1735.5613333333336,21.051434969658956,47.41665785681252,1853.29,-0.009126585256314268,1870.36,0.007031712701232928,1857.3,0.01299168793769212,1837.11,0.010973106533785915
2026-04-29,1878.96,1881.18,1840.58,1854.1,722302348.0,-0.011589474582053949,-1.158947458205395,-2.1573809395381005e-05,-0.0021573809395381005,1854.06,40.600000000000136,-24.860000000000127,2,4,2026,1854.4971428571428,1817.172857142857,1740.355,15.602626610250212,46.074029298798415,1875.84,0.012167550680141748,1853.29,-0.009126585256314268,1870.36,0.007031712701232928,1833.48,-0.00197592958505477
2026-05-04,1870.66,1876.8,1840.43,1854.06,692675996.0,-2.1573809395381005e-05,-0.0021573809395381005,0.011213229345328646,1.1213229345328646,1874.85,36.36999999999989,-16.600000000000136,0,5,2026,1856.9185714285716,1825.5571428571427,1745.0293333333332,13.647263985199682,40.66185519789111,1854.1,-0.011589474582053949,1875.84,0.012167550680141748,1853.29,-0.009126585256314268,1857.3,0.01299168793769212
2026-05-05,1853.08,1875.97,1849.32,1874.85,773453598.0,0.011213229345328646,1.1213229345328646,0.008720697655812515,0.8720697655812515,1891.2,26.65000000000009,21.769999999999982,1,5,2026,1862.8285714285714,1834.4750000000001,1750.8866666666665,10.369504051867073,36.269857744023,1854.06,-2.1573809395381005e-05,1854.1,-0.011589474582053949,1875.84,0.012167550680141748,1870.36,0.007031712701232928
2026-05-06,1881.22,1892.0,1868.92,1891.2,875178670.0,0.008720697655812515,0.8720697655812515,0.00941730118443318,0.941730118443318,1909.01,23.079999999999927,9.980000000000018,2,5,2026,1867.6714285714284,1843.9207142857142,1758.9996666666668,14.464667790227839,32.066808496408505,1874.85,0.011213229345328646,1854.06,-2.1573809395381005e-05,1854.1,-0.011589474582053949,1853.29,-0.009126585256314268
2026-05-07,1897.44,1924.95,1896.45,1909.01,961003323.0,0.00941730118443318,0.941730118443318,0.003331569766528153,0.3331569766528153,1915.37,28.5,11.569999999999936,3,5,2026,1873.1928571428573,1853.4464285714287,1769.5943333333332,21.383816087688686,29.965387881381503,1891.2,0.008720697655812515,1874.85,0.011213229345328646,1854.06,-2.1573809395381005e-05,1875.84,0.012167550680141748
2026-05-08,1911.15,1921.81,1897.06,1915.37,944197112.0,0.003331569766528153,0.3331569766528153,-0.010373974741172631,-1.0373974741172631,1895.5,24.75,4.2199999999998,4,5,2026,1882.0614285714287,1861.6407142857145,1779.6143333333334,24.41253873760141,30.102434725054884,1909.01,0.00941730118443318,1891.2,0.008720697655812515,1874.85,0.011213229345328646,1854.1,-0.011589474582053949
2026-05-11,1918.93,1927.06,1892.1,1895.5,960671699.0,-0.010373974741172631,-1.0373974741172631,0.002954365602743314,0.2954365602743314,1901.1,34.960000000000036,-23.430000000000064,0,5,2026,1884.8700000000001,1867.0457142857142,1787.5246666666667,24.706627990530997,28.782145297296346,1915.37,0.003331569766528153,1909.01,0.00941730118443318,1891.2,0.008720697655812515,1854.06,-2.1573809395381005e-05
2026-05-12,1893.2,1906.64,1871.44,1901.1,733300648.0,0.002954365602743314,0.2954365602743314,-0.0014360107306296,-0.14360107306296,1898.37,35.200000000000045,7.899999999999864,1,5,2026,1891.5842857142857,1873.0407142857143,1796.0736666666667,21.069541093733843,26.221397153545023,1895.5,-0.010373974741172631,1915.37,0.003331569766528153,1909.01,0.00941730118443318,1874.85,0.011213229345328646
2026-05-13,1908.77,1908.77,1865.12,1898.37,972787205.0,-0.0014360107306296,-0.14360107306296,0.014270137012279083,1.4270137012279083,1925.46,43.65000000000009,-10.400000000000091,2,5,2026,1897.9142857142856,1877.4164285714285,1803.5926666666667,13.045081904706276,24.839177989407244,1901.1,0.002954365602743314,1895.5,-0.010373974741172631,1915.37,0.003331569766528153,1891.2,0.008720697655812515
2026-05-14,1896.72,1927.7,1883.98,1925.46,675088585.0,0.014270137012279083,1.4270137012279083,-0.002004715756234954,-0.20047157562349538,1921.6,43.72000000000003,28.74000000000001,3,5,2026,1905.1442857142854,1883.9864285714284,1812.3566666666666,12.123941681666356,24.48589597403006,1898.37,-0.0014360107306296,1901.1,0.002954365602743314,1895.5,-0.010373974741172631,1909.01,0.00941730118443318
2026-05-15,1928.61,1930.58,1909.69,1921.6,744584792.0,-0.002004715756234954,-0.20047157562349538,0.0032993338884264034,0.32993338884264034,1927.94,20.889999999999873,-7.009999999999991,4,5,2026,1909.4871428571428,1888.5792857142858,1820.5936666666666,11.735021252864419,25.117512880446426,1925.46,0.014270137012279083,1898.37,-0.0014360107306296,1901.1,0.002954365602743314,1915.37,0.003331569766528153
2026-05-18,1916.56,1932.62,1908.78,1927.94,820722199.0,0.0032993338884264034,0.32993338884264034,-0.007785511997261296,-0.7785511997261296,1912.93,23.839999999999918,11.38000000000011,0,5,2026,1912.1914285714286,1892.6921428571427,1828.094,13.634224618511267,26.576548418236754,1921.6,-0.002004715756234954,1925.46,0.014270137012279083,1898.37,-0.0014360107306296,1895.5,-0.010373974741172631
2026-05-19,1933.01,1933.11,1902.87,1912.93,1007594006.0,-0.007785511997261296,-0.7785511997261296,0.00015682748453937911,0.01568274845393791,1913.23,30.24000000000001,-20.079999999999927,1,5,2026,1911.8428571428574,1896.9521428571427,1835.3643333333334,13.570458987760784,24.47140188959932,1927.94,0.0032993338884264034,1921.6,-0.002004715756234954,1925.46,0.014270137012279083,1901.1,0.002954365602743314
2026-05-20,1907.1,1919.39,1859.22,1913.23,1197618071.0,0.00015682748453937911,0.01568274845393791,-0.008540530934597501,-0.8540530934597501,1896.89,60.17000000000007,6.130000000000109,2,5,2026,1914.3757142857144,1899.622857142857,1843.004,11.509936080059306,24.026318399349314,1912.93,-0.007785511997261296,1927.94,0.0032993338884264034,1921.6,-0.002004715756234954,1898.37,-0.0014360107306296
2026-05-21,1920.44,1923.21,1886.62,1896.89,677251003.0,-0.008540530934597501,-0.8540530934597501,-0.010417051067800442,-1.0417051067800442,1877.13,36.590000000000146,-23.549999999999955,3,5,2026,1913.7742857142857,1902.6792857142857,1850.4006666666667,12.395196458052636,20.20811926104656,1913.23,0.00015682748453937911,1912.93,-0.007785511997261296,1927.94,0.0032993338884264034,1925.46,0.014270137012279083
2026-05-22,1896.74,1896.74,1856.08,1877.13,854173859.0,-0.010417051067800442,-1.0417051067800442,0.004741280571936901,0.4741280571936901,1886.03,40.66000000000008,-19.6099999999999,4,5,2026,1910.74,1904.3271428571427,1857.0536666666667,18.08732889794154,16.547600536610624,1896.89,-0.008540530934597501,1913.23,0.00015682748453937911,1912.93,-0.007785511997261296,1921.6,-0.002004715756234954
2026-05-25,1876.37,1891.26,1876.37,1886.03,702575224.0,0.004741280571936901,0.4741280571936901,-0.0009808963802272475,-0.09808963802272475,1884.18,14.8900000000001,9.660000000000082,0,5,2026,1905.107142857143,1905.1257142857141,1861.3696666666665,18.862268080444093,15.23320144869035,1877.13,-0.010417051067800442,1896.89,-0.008540530934597501,1913.23,0.00015682748453937911,1927.94,0.0032993338884264034
2026-05-26,1889.15,1889.15,1876.32,1884.18,729758151.0,-0.0009808963802272475,-0.09808963802272475,-0.0051746648409387586,-0.5174664840938759,1874.43,12.830000000000155,-4.970000000000027,1,5,2026,1899.7614285714285,1904.6242857142856,1866.2863333333335,18.71098289636599,15.830673591997906,1886.03,0.004741280571936901,1877.13,-0.010417051067800442,1896.89,-0.008540530934597501,1912.93,-0.007785511997261296
2026-05-27,1889.87,1889.87,1861.85,1874.43,830501943.0,-0.0051746648409387586,-0.5174664840938759,-0.005740411751839258,-0.5740411751839258,1863.67,28.019999999999982,-15.439999999999827,2,5,2026,1892.1171428571429,1902.1542857142856,1870.434,16.016704523880453,17.683066090934872,1884.18,-0.0009808963802272475,1886.03,0.004741280571936901,1877.13,-0.010417051067800442,1913.23,0.00015682748453937911
2026-05-28,1869.7,1882.66,1857.25,1863.67,686200721.0,-0.005740411751839258,-0.5740411751839258,-9.658362263709197e-05,-0.009658362263709197,1863.49,25.410000000000082,-6.029999999999973,3,5,2026,1885.08,1898.4614285714288,1873.9243333333332,16.169024913781254,19.962359139648633,1874.43,-0.0051746648409387586,1884.18,-0.0009808963802272475,1886.03,0.004741280571936901,1896.89,-0.008540530934597501
2026-05-29,1864.42,1873.17,1854.34,1863.49,688077025.0,-9.658362263709197e-05,-0.009658362263709197,-0.005607757487295362,-0.5607757487295362,1853.04,18.830000000000155,-0.9300000000000637,4,5,2026,1877.9742857142858,1896.1749999999997,1876.8523333333333,12.171630754913332,22.051491053782065,1863.67,-0.005740411751839258,1874.43,-0.0051746648409387586,1884.18,-0.0009808963802272475,1877.13,-0.010417051067800442
