time,open,high,low,close,volume,return,return_pct,next_return,next_return_pct,next_close
2020-09-03,898.25,904.32,896.26,903.97,311653630,,,-0.0026881423056075437,-0.2688142305607544,901.54
2020-09-04,896.02,903.11,893.86,901.54,303593880,-0.0026881423056075437,-0.2688142305607544,-0.014741442420746709,-1.4741442420746709,888.25
2020-09-07,903.85,905.8,888.25,888.25,370574490,-0.014741442420746709,-1.4741442420746709,0.0021277793414016255,0.21277793414016255,890.14
2020-09-08,891.61,894.58,884.88,890.14,256864330,0.0021277793414016255,0.21277793414016255,-0.0009212034062057173,-0.09212034062057173,889.32
2020-09-09,883.68,892.4,881.57,889.32,272622260,-0.0009212034062057173,-0.09212034062057173,-0.000562227319749975,-0.0562227319749975,888.82
2020-09-10,895.29,896.78,888.82,888.82,276905000,-0.000562227319749975,-0.0562227319749975,0.0001687630791387118,0.01687630791387118,888.97
2020-09-11,888.82,890.98,884.67,888.97,262104080,0.0001687630791387118,0.01687630791387118,0.006299425177452633,0.6299425177452633,894.57
2020-09-14,891.89,895.31,891.89,894.57,310427650,0.006299425177452633,0.6299425177452633,0.001889175805135368,0.1889175805135368,896.26
2020-09-15,898.52,898.74,894.66,896.26,332459520,0.001889175805135368,0.1889175805135368,0.0013500546716354034,0.13500546716354034,897.47
2020-09-16,897.43,897.58,894.63,897.47,255058370,0.0013500546716354034,0.13500546716354034,-0.0038218547695187954,-0.38218547695187954,894.04
2020-09-17,897.47,899.41,890.93,894.04,360663950,-0.0038218547695187954,-0.38218547695187954,0.007728960672900742,0.7728960672900742,900.95
2020-09-18,896.08,902.11,895.82,900.95,292809860,0.007728960672900742,0.7728960672900742,0.007758477162994604,0.7758477162994604,907.94
2020-09-21,904.5,909.78,904.5,907.94,337085180,0.007758477162994604,0.7758477162994604,-0.0019274401392161966,-0.19274401392161966,906.19
2020-09-22,905.9,909.69,902.47,906.19,355442560,-0.0019274401392161966,-0.19274401392161966,0.006963219633851603,0.6963219633851603,912.5
2020-09-23,908.97,913.52,908.97,912.5,309473980,0.006963219633851603,0.6963219633851603,-0.0042958904109589025,-0.42958904109589025,908.58
2020-09-24,910.53,914.51,907.32,908.58,343099440,-0.0042958904109589025,-0.42958904109589025,-0.00034119174976343647,-0.03411917497634365,908.27
2020-09-25,910.78,911.3,905.56,908.27,313418660,-0.00034119174976343647,-0.03411917497634365,0.004657205456527258,0.4657205456527258,912.5
2020-09-28,911.2,913.6,910.04,912.5,365358700,0.004657205456527258,0.4657205456527258,-0.00933698630136981,-0.933698630136981,903.98
2020-09-29,916.63,917.49,903.98,903.98,438172690,-0.00933698630136981,-0.933698630136981,0.001360649571893191,0.1360649571893191,905.21
2020-09-30,904.34,907.0,900.44,905.21,294760200,0.001360649571893191,0.1360649571893191,0.009809878370764746,0.9809878370764746,914.09
2020-10-01,910.13,914.09,909.13,914.09,317058100,0.009809878370764746,0.9809878370764746,-0.004572853876533056,-0.4572853876533056,909.91
2020-10-02,914.09,916.67,897.72,909.91,483638030,-0.004572853876533056,-0.4572853876533056,0.005242276708685489,0.5242276708685489,914.68
2020-10-05,913.77,915.55,910.96,914.68,407208880,0.005242276708685489,0.5242276708685489,0.001082345738400381,0.1082345738400381,915.67
2020-10-06,918.11,918.93,912.77,915.67,456944920,0.001082345738400381,0.1082345738400381,0.004422990815468486,0.4422990815468486,919.72
2020-10-07,913.62,923.57,912.69,919.72,480384680,0.004422990815468486,0.4422990815468486,-0.000956812943069596,-0.0956812943069596,918.84
2020-10-08,922.08,922.08,913.89,918.84,426417410,-0.000956812943069596,-0.0956812943069596,0.005615776413739004,0.5615776413739004,924.0
2020-10-09,919.48,924.0,917.7,924.0,327564900,0.005615776413739004,0.5615776413739004,0.0019805194805195825,0.19805194805195825,925.83
2020-10-12,930.78,933.13,923.28,925.83,395923540,0.0019805194805195825,0.19805194805195825,0.004352850955358978,0.4352850955358978,929.86
2020-10-13,926.76,930.96,923.78,929.86,307905690,0.004352850955358978,0.4352850955358978,0.011098444927193363,1.1098444927193363,940.18
2020-10-14,931.89,940.18,931.89,940.18,366740820,0.011098444927193363,1.1098444927193363,0.002744155374502899,0.2744155374502899,942.76
2020-10-15,945.28,945.93,938.7,942.76,418039070,0.002744155374502899,0.2744155374502899,0.0005727862870719136,0.05727862870719136,943.3
2020-10-16,944.03,946.23,935.98,943.3,376214380,0.0005727862870719136,0.05727862870719136,0.00041344217110150794,0.041344217110150794,943.69
2020-10-19,945.01,946.29,941.92,943.69,337193640,0.00041344217110150794,0.041344217110150794,0.000773559113691924,0.0773559113691924,944.42
2020-10-20,941.0,944.54,937.32,944.42,365067740,0.000773559113691924,0.0773559113691924,-0.0057072065394633276,-0.5707206539463328,939.03
2020-10-21,947.16,948.2,939.0,939.03,353904170,-0.0057072065394633276,-0.5707206539463328,0.011575775001863686,1.1575775001863686,949.9
2020-10-22,938.06,949.9,933.78,949.9,298972610,0.011575775001863686,1.1575775001863686,0.011959153595115346,1.1959153595115346,961.26
2020-10-23,953.45,961.26,953.14,961.26,370461040,0.011959153595115346,1.1959153595115346,-0.010881551297255765,-1.0881551297255765,950.8
2020-10-26,967.52,970.15,950.8,950.8,379914380,-0.010881551297255765,-1.0881551297255765,-0.0045540597391668936,-0.45540597391668936,946.47
2020-10-27,950.8,954.72,946.28,946.47,387034170,-0.0045540597391668936,-0.45540597391668936,-0.02685769226705559,-2.685769226705559,921.05
2020-10-28,942.82,946.91,921.05,921.05,407659250,-0.02685769226705559,-2.685769226705559,-0.002138863253894896,-0.2138863253894896,919.08
2020-10-29,918.56,925.84,914.33,919.08,336614810,-0.002138863253894896,-0.2138863253894896,0.00695260477869164,0.695260477869164,925.47
2020-10-30,925.41,926.32,911.2,925.47,280753410,0.00695260477869164,0.695260477869164,0.008871168163203436,0.8871168163203436,933.68
2020-11-02,926.09,933.68,924.14,933.68,260733400,0.008871168163203436,0.8871168163203436,0.0018528832148059227,0.18528832148059227,935.41
2020-11-03,936.73,937.57,932.18,935.41,281735400,0.0018528832148059227,0.18528832148059227,0.004650367218652862,0.4650367218652862,939.76
2020-11-04,935.41,943.56,933.86,939.76,310903070,0.004650367218652862,0.4650367218652862,-0.002138843960160064,-0.2138843960160064,937.75
2020-11-05,940.32,945.51,937.75,937.75,254777110,-0.002138843960160064,-0.2138843960160064,0.0005758464409491015,0.05758464409491015,938.29
2020-11-06,939.73,941.2,934.63,938.29,232768190,0.0005758464409491015,0.05758464409491015,0.014601029532447463,1.4601029532447463,951.99
2020-11-09,942.15,951.99,942.15,951.99,352182900,0.014601029532447463,1.4601029532447463,-9.453880818077742e-05,-0.009453880818077742,951.9
2020-11-10,962.68,963.47,951.9,951.9,398473090,-9.453880818077742e-05,-0.009453880818077742,0.00033616976573180857,0.03361697657318086,952.22
2020-11-11,954.46,956.65,947.61,952.22,334146980,0.00033616976573180857,0.03361697657318086,0.00741425300875842,0.741425300875842,959.28
2020-11-12,953.97,959.28,953.62,959.28,301718780,0.00741425300875842,0.741425300875842,0.00730756400633803,0.730756400633803,966.29
2020-11-13,959.56,966.29,959.13,966.29,398286010,0.00730756400633803,0.730756400633803,-0.016040733113247607,-1.6040733113247607,950.79
2020-11-16,970.11,972.98,950.5,950.79,449713430,-0.016040733113247607,-1.6040733113247607,0.019047318545630576,1.9047318545630576,968.9
2020-11-17,955.52,968.9,953.22,968.9,352793810,0.019047318545630576,1.9047318545630576,0.004778614924140667,0.4778614924140667,973.53
2020-11-18,969.48,974.3,966.32,973.53,419396590,0.004778614924140667,0.4778614924140667,0.009994555894528245,0.9994555894528245,983.26
2020-11-19,975.32,983.26,974.33,983.26,442256890,0.009994555894528245,0.9994555894528245,0.006854748489717899,0.6854748489717899,990.0
2020-11-20,984.71,990.0,980.72,990.0,443915920,0.006854748489717899,0.6854748489717899,0.004232323232323365,0.4232323232323365,994.19
2020-11-23,991.87,995.9,985.38,994.19,418883570,0.004232323232323365,0.4232323232323365,0.0015791750067892796,0.15791750067892796,995.76
2020-11-24,996.55,997.99,984.92,995.76,474679040,0.0015791750067892796,0.15791750067892796,0.004197798666345287,0.4197798666345287,999.94
2020-11-25,1000.39,1002.31,996.8,999.94,412154600,0.004197798666345287,0.4197798666345287,0.00603036182170924,0.603036182170924,1005.97
2020-11-26,999.24,1005.97,994.91,1005.97,385966160,0.00603036182170924,0.603036182170924,0.004224778074892965,0.42247780748929653,1010.22
2020-11-27,1006.68,1010.22,1004.0,1010.22,357083210,0.004224778074892965,0.42247780748929653,-0.007067767416998216,-0.7067767416998216,1003.08
2020-11-30,1011.82,1012.5,1002.61,1003.08,418685700,-0.007067767416998216,-0.7067767416998216,0.005772221557602597,0.5772221557602597,1008.87
2020-12-01,988.71,1008.87,988.71,1008.87,506748910,0.005772221557602597,0.5772221557602597,0.005402083519184808,0.5402083519184808,1014.32
2020-12-02,1008.77,1015.86,1007.91,1014.32,452902730,0.005402083519184808,0.5402083519184808,0.005402634277151153,0.5402634277151153,1019.8
2020-12-03,1016.73,1020.35,1014.06,1019.8,470284130,0.005402634277151153,0.5402634277151153,0.0016571876838595845,0.16571876838595845,1021.49
2020-12-04,1019.8,1025.17,1018.67,1021.49,499369940,0.0016571876838595845,0.16571876838595845,0.008311388266160291,0.8311388266160291,1029.98
2020-12-07,1024.34,1030.41,1022.14,1029.98,443253830,0.008311388266160291,0.8311388266160291,-0.000699042699858321,-0.0699042699858321,1029.26
2020-12-08,1029.98,1032.58,1025.63,1029.26,473258150,-0.000699042699858321,-0.0699042699858321,0.009589413753570586,0.9589413753570586,1039.13
2020-12-09,1029.26,1039.55,1029.26,1039.13,528189450,0.009589413753570586,0.9589413753570586,-0.007910463560863445,-0.7910463560863445,1030.91
2020-12-10,1041.65,1044.1,1030.91,1030.91,521392980,-0.007910463560863445,-0.7910463560863445,0.014598752558419248,1.4598752558419248,1045.96
2020-12-11,1033.19,1045.96,1030.06,1045.96,388403650,0.014598752558419248,1.4598752558419248,0.017333358828253376,1.7333358828253376,1064.09
2020-12-14,1048.97,1064.09,1048.97,1064.09,473127510,0.017333358828253376,1.7333358828253376,-0.008288772566230285,-0.8288772566230285,1055.27
2020-12-15,1062.02,1067.45,1052.01,1055.27,581187020,-0.008288772566230285,-0.8288772566230285,0.011106162403934583,1.1106162403934583,1066.99
2020-12-16,1058.34,1066.99,1057.21,1066.99,531052590,0.011106162403934583,1.1106162403934583,-0.014264426095839777,-1.4264426095839777,1051.77
2020-12-17,1058.63,1062.62,1051.42,1051.77,599499660,-0.014264426095839777,-1.4264426095839777,0.01491771014575427,1.491771014575427,1067.46
2020-12-18,1055.75,1068.56,1055.75,1067.46,529285330,0.01491771014575427,1.491771014575427,0.01275926030015162,1.275926030015162,1081.08
2020-12-21,1071.62,1081.6,1070.86,1081.08,628141660,0.01275926030015162,1.275926030015162,0.0021922521922523863,0.21922521922523863,1083.45
2020-12-22,1081.85,1084.23,1077.06,1083.45,662913420,0.0021922521922523863,0.21922521922523863,-0.004199547741012499,-0.41995477410124993,1078.9
2020-12-23,1087.89,1094.09,1077.92,1078.9,713217250,-0.004199547741012499,-0.41995477410124993,-0.010547780146445529,-1.054778014644553,1067.52
2020-12-24,1083.83,1084.76,1046.89,1067.52,659391590,-0.010547780146445529,-1.054778014644553,0.015831085131894573,1.5831085131894573,1084.42
2020-12-25,1068.83,1084.42,1061.83,1084.42,565373760,0.015831085131894573,1.5831085131894573,0.006372069862230267,0.6372069862230267,1091.33
2020-12-28,1094.37,1096.11,1083.9,1091.33,635313770,0.006372069862230267,0.6372069862230267,0.007477115079765229,0.7477115079765229,1099.49
2020-12-29,1090.49,1102.79,1087.93,1099.49,586339480,0.007477115079765229,0.7477115079765229,-0.0017735495547935853,-0.17735495547935853,1097.54
2020-12-30,1099.78,1108.83,1094.91,1097.54,588541630,-0.0017735495547935853,-0.17735495547935853,0.005767443555587892,0.5767443555587892,1103.87
2020-12-31,1098.25,1105.33,1096.27,1103.87,473541170,0.005767443555587892,0.5767443555587892,0.015038002663357197,1.5038002663357197,1120.47
2021-01-04,1113.77,1126.43,1113.59,1120.47,670280100,0.015038002663357197,1.5038002663357197,0.01078119003632394,1.078119003632394,1132.55
2021-01-05,1116.96,1134.45,1116.49,1132.55,673728400,0.01078119003632394,1.078119003632394,0.00941238797404087,0.941238797404087,1143.21
2021-01-06,1139.12,1152.85,1133.7,1143.21,688438500,0.00941238797404087,0.941238797404087,0.011616413432352646,1.1616413432352646,1156.49
2021-01-07,1147.26,1156.49,1143.44,1156.49,685553900,0.011616413432352646,1.1616413432352646,0.009684476303297052,0.9684476303297052,1167.69
2021-01-08,1164.1,1176.33,1160.48,1167.69,726084300,0.009684476303297052,0.9684476303297052,0.014729936883933314,1.4729936883933314,1184.89
2021-01-11,1176.47,1186.45,1175.0,1184.89,737563100,0.014729936883933314,1.4729936883933314,0.006236865869405417,0.6236865869405417,1192.28
2021-01-12,1190.38,1192.28,1179.24,1192.28,643621500,0.006236865869405417,0.6236865869405417,-0.005225282651726171,-0.5225282651726171,1186.05
2021-01-13,1197.32,1200.82,1183.18,1186.05,710219700,-0.005225282651726171,-0.5225282651726171,0.0011382319463766333,0.11382319463766333,1187.4
2021-01-14,1189.48,1190.5,1178.84,1187.4,709253600,0.0011382319463766333,0.11382319463766333,0.005726798046151282,0.5726798046151282,1194.2
2021-01-15,1188.84,1197.74,1188.84,1194.2,715687900,0.005726798046151282,0.5726798046151282,-0.0018924803215542019,-0.1892480321554202,1191.94
2021-01-18,1198.79,1200.85,1190.33,1191.94,677474100,-0.0018924803215542019,-0.1892480321554202,-0.0511267345671762,-5.11267345671762,1131.0
2021-01-19,1189.91,1189.91,1117.17,1131.0,888174700,-0.0511267345671762,-5.11267345671762,0.0032537577365163717,0.32537577365163717,1134.68
2021-01-20,1136.5,1142.48,1098.05,1134.68,769795300,0.0032537577365163717,0.32537577365163717,0.026024958578630075,2.6024958578630075,1164.21
2021-01-21,1146.86,1164.21,1132.66,1164.21,639454800,0.026024958578630075,2.6024958578630075,0.002207505518763808,0.22075055187638082,1166.78
2021-01-22,1166.77,1175.72,1161.43,1166.78,691689100,0.002207505518763808,0.22075055187638082,-0.0006256535079449677,-0.06256535079449677,1166.05
2021-01-25,1164.2,1172.18,1162.8,1166.05,639736600,-0.0006256535079449677,-0.06256535079449677,-0.02566785300801855,-2.566785300801855,1136.12
2021-01-26,1164.97,1164.97,1121.03,1136.12,719767100,-0.02566785300801855,-2.566785300801855,-0.034283350350314934,-3.4283350350314934,1097.17
2021-01-27,1122.41,1132.99,1088.86,1097.17,719150000,-0.034283350350314934,-3.4283350350314934,-0.0667444425203022,-6.67444425203022,1023.94
2021-01-28,1041.71,1052.16,1022.77,1023.94,669631000,-0.0667444425203022,-6.67444425203022,0.031906166376935996,3.1906166376935996,1056.61
2021-01-29,998.33,1076.11,998.33,1056.61,714102800,0.031906166376935996,3.1906166376935996,-0.019969525179583725,-1.9969525179583725,1035.51
2021-02-01,1056.61,1074.52,1035.51,1035.51,565564800,-0.019969525179583725,-1.9969525179583725,0.038647622910449986,3.8647622910449986,1075.53
2021-02-02,1036.95,1075.53,1029.36,1075.53,529632600,0.038647622910449986,3.8647622910449986,0.033248723884968356,3.3248723884968356,1111.29
2021-02-03,1084.87,1113.24,1082.95,1111.29,609128600,0.033248723884968356,3.3248723884968356,0.0008098696109926085,0.08098696109926085,1112.19
2021-02-04,1112.97,1117.88,1098.85,1112.19,449954100,0.0008098696109926085,0.08098696109926085,0.013235148670640795,1.3235148670640795,1126.91
2021-02-05,1114.79,1126.91,1112.19,1126.91,438884200,0.013235148670640795,1.3235148670640795,-0.03880522845657597,-3.880522845657597,1083.18
2021-02-08,1127.06,1127.06,1075.1,1083.18,613138900,-0.03880522845657597,-3.880522845657597,0.029311841060580823,2.9311841060580823,1114.93
2021-02-09,1090.88,1114.93,1078.98,1114.93,462098700,0.029311841060580823,2.9311841060580823,0.036639071511215926,3.6639071511215926,1155.78
2021-02-17,1127.46,1155.78,1127.46,1155.78,484219600,0.036639071511215926,3.6639071511215926,0.01609302808492985,1.609302808492985,1174.38
2021-02-18,1157.1,1174.38,1148.66,1174.38,562444200,0.01609302808492985,1.609302808492985,-0.0007493315621861507,-0.07493315621861507,1173.5
2021-02-19,1160.65,1178.18,1157.6,1173.5,522199200,-0.0007493315621861507,-0.07493315621861507,0.0013123135918193807,0.13123135918193807,1175.04
2021-02-22,1173.57,1182.67,1169.12,1175.04,544725500,0.0013123135918193807,0.13123135918193807,0.0022126906318082895,0.22126906318082895,1177.64
2021-02-23,1174.57,1184.32,1168.32,1177.64,547654100,0.0022126906318082895,0.22126906318082895,-0.013272307326517518,-1.3272307326517518,1162.01
2021-02-24,1184.32,1185.58,1154.36,1162.01,547876300,-0.013272307326517518,-1.3272307326517518,0.002943176048398888,0.2943176048398888,1165.43
2021-02-25,1169.97,1169.97,1155.74,1165.43,470045900,0.002943176048398888,0.2943176048398888,0.002608479273744413,0.2608479273744413,1168.47
2021-02-26,1148.88,1169.28,1148.88,1168.47,508201200,0.002608479273744413,0.2608479273744413,0.015148014069680915,1.5148014069680915,1186.17
2021-03-01,1176.93,1186.82,1174.45,1186.17,575763900,0.015148014069680915,1.5148014069680915,0.0003709417705723972,0.03709417705723972,1186.61
2021-03-02,1196.16,1196.16,1181.99,1186.61,513786800,0.0003709417705723972,0.03709417705723972,0.00028653053657068384,0.028653053657068384,1186.95
2021-03-03,1184.73,1189.18,1180.25,1186.95,565135800,0.00028653053657068384,0.028653053657068384,-0.01552719154134552,-1.552719154134552,1168.52
2021-03-04,1191.78,1191.9,1159.48,1168.52,614464500,-0.01552719154134552,-1.552719154134552,0.0001454831752987218,0.014548317529872179,1168.69
2021-03-05,1164.19,1169.56,1155.6,1168.69,539078500,0.0001454831752987218,0.014548317529872179,-0.0003593767380571933,-0.03593767380571933,1168.27
2021-03-08,1180.33,1181.25,1164.02,1168.27,610284000,-0.0003593767380571933,-0.03593767380571933,-0.00539258904191664,-0.539258904191664,1161.97
2021-03-09,1160.96,1166.42,1150.94,1161.97,577091500,-0.00539258904191664,-0.539258904191664,0.006979526149556214,0.6979526149556214,1170.08
2021-03-10,1163.86,1170.59,1154.89,1170.08,548935700,0.006979526149556214,0.6979526149556214,0.009956584165185411,0.9956584165185411,1181.73
2021-03-11,1170.08,1183.73,1170.08,1181.73,569875500,0.009956584165185411,0.9956584165185411,-0.00014385688778317807,-0.014385688778317807,1181.56
2021-03-12,1185.21,1186.52,1178.14,1181.56,572921600,-0.00014385688778317807,-0.014385688778317807,0.002539016215850287,0.2539016215850287,1184.56
2021-03-15,1183.89,1186.06,1178.8,1184.56,618373300,0.002539016215850287,0.2539016215850287,-0.003933950158708566,-0.39339501587085657,1179.9
2021-03-16,1184.91,1184.91,1171.76,1179.9,609049000,-0.003933950158708566,-0.39339501587085657,0.005246207305703798,0.5246207305703798,1186.09
2021-03-17,1178.64,1186.09,1176.26,1186.09,629310900,0.005246207305703798,0.5246207305703798,0.012520129163891447,1.2520129163891447,1200.94
2021-03-18,1196.6,1200.94,1191.94,1200.94,555529500,0.012520129163891447,1.2520129163891447,-0.005737172548170633,-0.5737172548170633,1194.05
2021-03-19,1195.47,1199.67,1191.96,1194.05,583286900,-0.005737172548170633,-0.5737172548170633,0.00031824462962193323,0.03182446296219332,1194.43
2021-03-22,1200.05,1200.21,1189.31,1194.43,608555500,0.00031824462962193323,0.03182446296219332,-0.009192669306698598,-0.9192669306698598,1183.45
2021-03-23,1190.28,1191.47,1177.1,1183.45,626594800,-0.009192669306698598,-0.9192669306698598,-0.01828552114580262,-1.828552114580262,1161.81
2021-03-24,1169.42,1174.2,1154.22,1161.81,633107300,-0.01828552114580262,-1.828552114580262,0.0011103364577684793,0.11103364577684793,1163.1
2021-03-25,1164.41,1170.76,1154.44,1163.1,592884200,0.0011103364577684793,0.11103364577684793,-0.00076519645774209,-0.076519645774209,1162.21
2021-03-26,1162.71,1165.76,1137.9,1162.21,612775600,-0.00076519645774209,-0.076519645774209,0.0115899880400272,1.15899880400272,1175.68
2021-03-29,1169.65,1175.77,1165.78,1175.68,576722900,0.0115899880400272,1.15899880400272,0.009084104518236158,0.9084104518236158,1186.36
2021-03-30,1179.64,1187.29,1172.85,1186.36,682885100,0.009084104518236158,0.9084104518236158,0.004282005462085792,0.42820054620857917,1191.44
2021-03-31,1186.36,1196.45,1186.36,1191.44,652432200,0.004282005462085792,0.42820054620857917,0.020697643188074766,2.0697643188074766,1216.1
2021-04-01,1194.59,1217.26,1192.83,1216.1,617974300,0.020697643188074766,2.0697643188074766,0.006866211660225385,0.6866211660225385,1224.45
2021-04-02,1225.76,1228.29,1221.07,1224.45,590027100,0.006866211660225385,0.6866211660225385,0.009473641226673157,0.9473641226673157,1236.05
2021-04-05,1245.28,1245.28,1228.18,1236.05,614658300,0.009473641226673157,0.9473641226673157,0.003163302455402306,0.3163302455402306,1239.96
2021-04-06,1233.37,1244.63,1231.14,1239.96,636394100,0.003163302455402306,0.3163302455402306,0.0019516758605115925,0.19516758605115925,1242.38
2021-04-07,1237.39,1242.38,1232.52,1242.38,658286800,0.0019516758605115925,0.19516758605115925,-0.006028751267728061,-0.6028751267728061,1234.89
2021-04-08,1242.38,1246.4,1232.26,1234.89,617808800,-0.006028751267728061,-0.6028751267728061,-0.0026156175853719876,-0.26156175853719876,1231.66
2021-04-09,1231.51,1234.98,1227.6,1231.66,638997900,-0.0026156175853719876,-0.26156175853719876,0.01687965834727123,1.6879658347271231,1252.45
2021-04-12,1236.79,1252.45,1232.35,1252.45,830823700,0.01687965834727123,1.6879658347271231,-0.003289552477144908,-0.3289552477144908,1248.33
2021-04-13,1262.44,1268.02,1247.66,1248.33,950518900,-0.003289552477144908,-0.3289552477144908,0.006040069532895931,0.6040069532895931,1255.87
2021-04-14,1240.9,1255.87,1233.01,1255.87,788216400,0.006040069532895931,0.6040069532895931,-0.006863767746661642,-0.6863767746661642,1247.25
2021-04-15,1262.25,1265.87,1247.25,1247.25,741312300,-0.006863767746661642,-0.6863767746661642,-0.006847063539787479,-0.6847063539787479,1238.71
2021-04-16,1245.06,1254.61,1227.14,1238.71,920678200,-0.006847063539787479,-0.6847063539787479,0.017655464152222855,1.7655464152222855,1260.58
2021-04-19,1243.58,1260.58,1233.77,1260.58,741859400,0.017655464152222855,1.7655464152222855,0.0061082993542656006,0.6108299354265601,1268.28
2021-04-20,1267.74,1286.32,1261.28,1268.28,746192400,0.0061082993542656006,0.6108299354265601,-0.03190147286088252,-3.190147286088252,1227.82
2021-04-22,1264.31,1271.98,1227.82,1227.82,699782600,-0.03190147286088252,-3.190147286088252,0.016867293251453752,1.6867293251453752,1248.53
2021-04-23,1227.18,1248.53,1216.15,1248.53,652051800,0.016867293251453752,1.6867293251453752,-0.026238856895709373,-2.6238856895709373,1215.77
2021-04-26,1251.25,1251.25,1214.14,1215.77,661919500,-0.026238856895709373,-2.6238856895709373,0.0032736455086077587,0.32736455086077587,1219.75
2021-04-27,1213.84,1220.96,1204.14,1219.75,522912500,0.0032736455086077587,0.32736455086077587,0.008034433285509346,0.8034433285509346,1229.55
2021-04-28,1220.26,1230.91,1217.49,1229.55,566130400,0.008034433285509346,0.8034433285509346,0.008002927900451429,0.8002927900451429,1239.39
2021-04-29,1234.91,1239.39,1231.25,1239.39,591216700,0.008002927900451429,0.8002927900451429,0.0022672443702143052,0.22672443702143052,1242.2
2021-05-04,1222.08,1242.8,1212.56,1242.2,687879600,0.0022672443702143052,0.22672443702143052,0.011455482208984069,1.145548220898407,1256.43
2021-05-05,1244.69,1265.93,1244.69,1256.43,656695400,0.011455482208984069,1.145548220898407,-0.004664008341093484,-0.4664008341093484,1250.57
2021-05-06,1255.42,1261.49,1246.64,1250.57,643017200,-0.004664008341093484,-0.4664008341093484,-0.00700480580855134,-0.700480580855134,1241.81
2021-05-07,1245.48,1250.5,1231.92,1241.81,718314800,-0.00700480580855134,-0.700480580855134,0.014309757531345335,1.4309757531345335,1259.58
2021-05-10,1239.96,1259.58,1236.85,1259.58,701147100,0.014309757531345335,1.4309757531345335,-0.0028104606297336687,-0.2810460629733669,1256.04
2021-05-11,1265.11,1272.55,1256.04,1256.04,678077300,-0.0028104606297336687,-0.2810460629733669,0.010389796503295967,1.0389796503295967,1269.09
2021-05-12,1251.97,1269.09,1249.18,1269.09,636352400,0.010389796503295967,1.0389796503295967,-0.0055945598814898245,-0.5594559881489825,1261.99
2021-05-13,1262.98,1273.49,1261.99,1261.99,654225600,-0.0055945598814898245,-0.5594559881489825,0.003462784966600241,0.3462784966600241,1266.36
2021-05-14,1266.43,1271.45,1259.97,1266.36,648712400,0.003462784966600241,0.3462784966600241,-0.006048832875327648,-0.6048832875327648,1258.7
2021-05-17,1272.55,1277.83,1258.5,1258.7,674186900,-0.006048832875327648,-0.6048832875327648,-0.004782712322237259,-0.4782712322237259,1252.68
2021-05-18,1259.57,1262.22,1249.02,1252.68,635896900,-0.004782712322237259,-0.4782712322237259,0.007831209886004276,0.7831209886004276,1262.49
2021-05-19,1254.78,1262.71,1250.58,1262.49,625623500,0.007831209886004276,0.7831209886004276,0.012459504629739548,1.2459504629739548,1278.22
2021-05-20,1264.62,1278.22,1255.78,1278.22,683043500,0.012459504629739548,1.2459504629739548,0.0044671496299542035,0.44671496299542035,1283.93
2021-05-21,1272.84,1289.03,1268.46,1283.93,626704900,0.0044671496299542035,0.44671496299542035,0.01094296418029006,1.094296418029006,1297.98
2021-05-24,1287.5,1299.83,1287.36,1297.98,641854700,0.01094296418029006,1.094296418029006,0.008166535693924226,0.8166535693924226,1308.58
2021-05-25,1299.19,1308.58,1297.23,1308.58,617120500,0.008166535693924226,0.8166535693924226,0.0062051995292609075,0.6205199529260907,1316.7
2021-05-26,1308.04,1317.3,1304.68,1316.7,660896200,0.0062051995292609075,0.6205199529260907,-0.009971899445583743,-0.9971899445583743,1303.57
2021-05-27,1318.42,1319.67,1299.99,1303.57,666986400,-0.009971899445583743,-0.9971899445583743,0.012956726527919571,1.295672652791957,1320.46
2021-05-28,1307.79,1323.09,1300.06,1320.46,704736300,0.012956726527919571,1.295672652791957,0.005747996910167696,0.5747996910167696,1328.05
2021-05-31,1326.65,1328.05,1307.56,1328.05,686089600,0.005747996910167696,0.5747996910167696,0.007326531380595691,0.7326531380595691,1337.78
2021-06-01,1329.47,1346.34,1328.84,1337.78,585998900,0.007326531380595691,0.7326531380595691,0.0022425211918253307,0.22425211918253307,1340.78
2021-06-02,1337.78,1344.98,1330.82,1340.78,743586200,0.0022425211918253307,0.22425211918253307,0.017527111084592484,1.7527111084592484,1364.28
2021-06-03,1345.21,1366.0,1345.21,1364.28,842889800,0.017527111084592484,1.7527111084592484,0.007161286539419942,0.7161286539419942,1374.05
2021-06-04,1367.06,1374.05,1360.42,1374.05,874131500,0.007161286539419942,0.7161286539419942,-0.011113132709872242,-1.1113132709872242,1358.78
2021-06-07,1374.59,1375.74,1347.21,1358.78,828123200,-0.011113132709872242,-1.1113132709872242,-0.028628622735100473,-2.8628622735100473,1319.88
2021-06-08,1355.36,1364.48,1318.11,1319.88,859332400,-0.028628622735100473,-2.8628622735100473,0.009864533139376297,0.9864533139376297,1332.9
2021-06-09,1323.52,1339.14,1312.08,1332.9,752808200,0.009864533139376297,0.9864533139376297,-0.006992272488558937,-0.6992272488558937,1323.58
2021-06-10,1332.9,1336.71,1317.49,1323.58,667770700,-0.006992272488558937,-0.6992272488558937,0.021275631242539284,2.1275631242539284,1351.74
2021-06-11,1326.79,1352.47,1322.08,1351.74,696720700,0.021275631242539284,2.1275631242539284,0.0073830766271620885,0.7383076627162088,1361.72
2021-06-14,1352.73,1368.53,1352.73,1361.72,706965800,0.0073830766271620885,0.7383076627162088,0.004141820638604132,0.41418206386041323,1367.36
2021-06-15,1361.58,1372.72,1356.59,1367.36,696896400,0.004141820638604132,0.41418206386041323,-0.007927685466885048,-0.7927685466885048,1356.52
2021-06-16,1363.85,1370.14,1350.73,1356.52,733597200,-0.007927685466885048,-0.7927685466885048,0.002506413469760993,0.2506413469760993,1359.92
2021-06-17,1341.06,1364.55,1337.49,1359.92,705807300,0.002506413469760993,0.2506413469760993,0.013125772104241262,1.3125772104241262,1377.77
2021-06-18,1366.19,1377.77,1363.52,1377.77,743046800,0.013125772104241262,1.3125772104241262,-0.003730666221502754,-0.3730666221502754,1372.63
2021-06-21,1373.59,1381.74,1367.85,1372.63,724919500,-0.003730666221502754,-0.3730666221502754,0.0053473987891856645,0.5347398789185664,1379.97
2021-06-22,1380.84,1385.98,1375.0,1379.97,686837800,0.0053473987891856645,0.5347398789185664,-0.002246425646934447,-0.22464256469344468,1376.87
2021-06-23,1383.15,1388.33,1372.06,1376.87,636933200,-0.002246425646934447,-0.22464256469344468,0.0020699121921461394,0.20699121921461394,1379.72
2021-06-24,1376.87,1384.71,1372.99,1379.72,531324500,0.0020699121921461394,0.20699121921461394,0.007537761284898359,0.7537761284898359,1390.12
2021-06-25,1382.11,1390.12,1372.8,1390.12,511420300,0.007537761284898359,0.7537761284898359,0.011286795384571224,1.1286795384571224,1405.81
2021-06-28,1397.96,1406.02,1390.56,1405.81,645842300,0.011286795384571224,1.1286795384571224,0.003008941464351489,0.3008941464351489,1410.04
2021-06-29,1408.34,1416.34,1406.87,1410.04,599995500,0.003008941464351489,0.3008941464351489,-0.0010567076111316354,-0.10567076111316354,1408.55
2021-06-30,1410.83,1419.61,1408.18,1408.55,523401100,-0.0010567076111316354,-0.10567076111316354,0.006055873060949235,0.6055873060949235,1417.08
2021-07-01,1412.15,1417.27,1402.18,1417.08,689994700,0.006055873060949235,0.6055873060949235,0.0022511079120444144,0.22511079120444144,1420.27
2021-07-02,1422.89,1424.28,1415.82,1420.27,640414600,0.0022511079120444144,0.22511079120444144,-0.0064353960866594395,-0.643539608665944,1411.13
2021-07-05,1411.13,1421.52,1394.12,1411.13,765943500,-0.0064353960866594395,-0.643539608665944,-0.03992544981681356,-3.9925449816813563,1354.79
2021-07-06,1411.13,1418.99,1354.79,1354.79,765555500,-0.03992544981681356,-3.9925449816813563,0.024918991135157498,2.4918991135157498,1388.55
2021-07-07,1354.79,1388.55,1334.88,1388.55,725684700,0.024918991135157498,2.4918991135157498,-0.009988837276295293,-0.9988837276295293,1374.68
2021-07-08,1388.55,1388.55,1363.92,1374.68,521754500,-0.009988837276295293,-0.9988837276295293,-0.020033753309861124,-2.0033753309861124,1347.14
2021-07-09,1374.68,1374.68,1335.9,1347.14,707063900,-0.020033753309861124,-2.0033753309861124,-0.037739210475526086,-3.7739210475526086,1296.3
2021-07-12,1347.14,1347.14,1270.06,1296.3,900010700,-0.037739210475526086,-3.7739210475526086,0.0009565686955179675,0.09565686955179675,1297.54
2021-07-13,1296.3,1307.73,1278.3,1297.54,493260200,0.0009565686955179675,0.09565686955179675,-0.013587249718698402,-1.3587249718698402,1279.91
2021-07-14,1297.54,1305.37,1264.68,1279.91,541751600,-0.013587249718698402,-1.3587249718698402,0.010946082146400915,1.0946082146400915,1293.92
2021-07-15,1279.91,1299.18,1270.77,1293.92,413941000,0.010946082146400915,1.0946082146400915,0.004165636206256762,0.4165636206256762,1299.31
2021-07-16,1293.92,1304.37,1293.92,1299.31,410314600,0.004165636206256762,0.4165636206256762,-0.042945871270135605,-4.2945871270135605,1243.51
2021-07-19,1299.31,1299.31,1237.79,1243.51,665733700,-0.042945871270135605,-4.2945871270135605,0.02394833978013855,2.394833978013855,1273.29
2021-07-20,1243.51,1273.29,1225.52,1273.29,532555600,0.02394833978013855,2.394833978013855,-0.0019634176032168327,-0.19634176032168327,1270.79
2021-07-21,1273.29,1284.33,1266.71,1270.79,391119000,-0.0019634176032168327,-0.19634176032168327,0.018004548351812755,1.8004548351812755,1293.67
2021-07-22,1270.79,1294.16,1266.54,1293.67,486962100,0.018004548351812755,1.8004548351812755,-0.0192011873197957,-1.9201187319795698,1268.83
2021-07-23,1293.67,1295.63,1268.83,1268.83,544429400,-0.0192011873197957,-1.9201187319795698,0.0030579352631954215,0.30579352631954215,1272.71
2021-07-26,1268.83,1277.33,1254.57,1272.71,454862700,0.0030579352631954215,0.30579352631954215,0.003315759285304587,0.3315759285304587,1276.93
2021-07-27,1272.71,1288.35,1272.71,1276.93,513020600,0.003315759285304587,0.3315759285304587,0.0001096379597940178,0.01096379597940178,1277.07
2021-07-28,1276.93,1281.17,1271.78,1277.07,355190400,0.0001096379597940178,0.01096379597940178,0.012943691418638048,1.2943691418638048,1293.6
2021-07-29,1277.07,1293.6,1277.07,1293.6,438103100,0.012943691418638048,1.2943691418638048,0.012716450216450292,1.2716450216450292,1310.05
2021-07-30,1293.6,1311.97,1293.6,1310.05,609027100,0.012716450216450292,1.2716450216450292,0.003183084615091092,0.3183084615091092,1314.22
2021-08-02,1310.05,1322.35,1304.49,1314.22,578784400,0.003183084615091092,0.3183084615091092,0.013863736665094217,1.3863736665094217,1332.44
2021-08-03,1314.22,1332.44,1314.22,1332.44,607397800,0.013863736665094217,1.3863736665094217,0.0017261565248716249,0.17261565248716249,1334.74
2021-08-04,1332.44,1340.76,1328.4,1334.74,614173100,0.0017261565248716249,0.17261565248716249,0.008098955601840041,0.8098955601840041,1345.55
2021-08-05,1334.74,1346.62,1326.8,1345.55,575015000,0.008098955601840041,0.8098955601840041,-0.0030470811192448988,-0.3047081119244899,1341.45
2021-08-06,1345.55,1351.85,1341.45,1341.45,666046400,-0.0030470811192448988,-0.3047081119244899,0.013723955421372391,1.3723955421372391,1359.86
2021-08-09,1341.45,1361.12,1334.69,1359.86,624857600,0.013723955421372391,1.3723955421372391,0.0018899004309267387,0.18899004309267387,1362.43
2021-08-10,1359.86,1370.35,1358.12,1362.43,666359800,0.0018899004309267387,0.18899004309267387,-0.003405679557848873,-0.3405679557848873,1357.79
2021-08-11,1362.43,1374.03,1357.79,1357.79,761972900,-0.003405679557848873,-0.3405679557848873,-0.0034909669389228126,-0.34909669389228126,1353.05
2021-08-12,1357.79,1365.01,1353.05,1353.05,710090200,-0.0034909669389228126,-0.34909669389228126,0.0029562839510735017,0.2956283951073502,1357.05
2021-08-13,1353.05,1357.41,1336.74,1357.05,713712000,0.0029562839510735017,0.2956283951073502,0.01025017501197456,1.025017501197456,1370.96
2021-08-16,1357.05,1372.33,1357.05,1370.96,793990600,0.01025017501197456,1.025017501197456,-0.005740503005193576,-0.5740503005193576,1363.09
2021-08-17,1370.96,1379.7,1359.11,1363.09,727641800,-0.005740503005193576,-0.5740503005193576,-0.001577298637654101,-0.1577298637654101,1360.94
2021-08-18,1363.09,1370.5,1355.83,1360.94,636257800,-0.001577298637654101,-0.1577298637654101,0.010220876746954266,1.0220876746954266,1374.85
2021-08-19,1360.94,1374.85,1352.94,1374.85,647948200,0.010220876746954266,1.0220876746954266,-0.0330363312361347,-3.3036331236134697,1329.43
2021-08-20,1374.85,1374.85,1317.52,1329.43,1165664100,-0.0330363312361347,-3.3036331236134697,-0.022994817327727013,-2.2994817327727013,1298.86
2021-08-23,1329.43,1326.07,1298.86,1298.86,761345100,-0.022994817327727013,-2.2994817327727013,-9.238871009953353e-05,-0.009238871009953353,1298.74
2021-08-24,1298.86,1307.56,1289.16,1298.74,638238200,-9.238871009953353e-05,-0.009238871009953353,0.00832345196113149,0.8323451961131489,1309.55
2021-08-25,1298.74,1309.8,1291.7,1309.55,472111500,0.00832345196113149,0.8323451961131489,-0.006437325798938631,-0.6437325798938631,1301.12
2021-08-26,1309.55,1316.26,1295.77,1301.12,492665900,-0.006437325798938631,-0.6437325798938631,0.009284308903098948,0.9284308903098948,1313.2
2021-08-27,1301.12,1313.2,1285.16,1313.2,625254800,0.009284308903098948,0.9284308903098948,0.011376789521778896,1.1376789521778896,1328.14
2021-08-30,1313.2,1329.62,1313.2,1328.14,626412100,0.011376789521778896,1.1376789521778896,0.0025072658002920356,0.25072658002920356,1331.47
2021-08-31,1328.14,1336.14,1325.69,1331.47,701548700,0.0025072658002920356,0.25072658002920356,0.00238833770193847,0.238833770193847,1334.65
2021-09-01,1331.47,1338.02,1328.13,1334.65,667074200,0.00238833770193847,0.238833770193847,0.008796313640280218,0.8796313640280218,1346.39
2021-09-06,1334.65,1348.36,1334.65,1346.39,874672600,0.008796313640280218,0.8796313640280218,-0.003334843544589572,-0.3334843544589572,1341.9
2021-09-07,1346.39,1353.66,1340.32,1341.9,832845900,-0.003334843544589572,-0.3334843544589572,-0.00617780758625841,-0.617780758625841,1333.61
2021-09-08,1341.9,1344.49,1328.35,1333.61,582036600,-0.00617780758625841,-0.617780758625841,0.007775886503550655,0.7775886503550655,1343.98
2021-09-09,1333.61,1345.59,1332.67,1343.98,568663500,0.007775886503550655,0.7775886503550655,0.000989598059494945,0.0989598059494945,1345.31
2021-09-10,1343.98,1350.43,1343.98,1345.31,533105300,0.000989598059494945,0.0989598059494945,-0.0028840936289775687,-0.28840936289775687,1341.43
2021-09-13,1345.31,1350.69,1340.5,1341.43,722319500,-0.0028840936289775687,-0.28840936289775687,-0.0012896684881059661,-0.1289668488105966,1339.7
2021-09-14,1341.43,1349.13,1336.84,1339.7,672819500,-0.0012896684881059661,-0.1289668488105966,0.004575651265208647,0.4575651265208647,1345.83
2021-09-15,1339.7,1347.7,1334.97,1345.83,625538600,0.004575651265208647,0.4575651265208647,2.972143584245579e-05,0.002972143584245579,1345.87
2021-09-16,1345.83,1353.12,1341.23,1345.87,550023100,2.972143584245579e-05,0.002972143584245579,0.005030203511483533,0.5030203511483533,1352.64
2021-09-17,1345.87,1356.45,1345.87,1352.64,785574800,0.005030203511483533,0.5030203511483533,-0.0015968772178850399,-0.159687721788504,1350.48
2021-09-20,1352.64,1365.92,1349.18,1350.48,821369200,-0.0015968772178850399,-0.159687721788504,-0.00787868017297566,-0.7878680172975661,1339.84
2021-09-21,1350.48,1350.48,1324.82,1339.84,796167300,-0.00787868017297566,-0.7878680172975661,0.008090518270838398,0.8090518270838398,1350.68
2021-09-22,1339.84,1350.71,1336.63,1350.68,707468700,0.008090518270838398,0.8090518270838398,0.0015399650546390475,0.15399650546390475,1352.76
2021-09-23,1350.68,1361.09,1350.43,1352.76,941137100,0.0015399650546390475,0.15399650546390475,-0.0011753747893195055,-0.11753747893195055,1351.17
2021-09-24,1352.76,1356.97,1348.07,1351.17,613583200,-0.0011753747893195055,-0.11753747893195055,-0.01937580023239127,-1.9375800232391271,1324.99
2021-09-27,1351.17,1354.38,1324.99,1324.99,704752900,-0.01937580023239127,-1.9375800232391271,0.010807628736820618,1.0807628736820618,1339.31
2021-09-28,1324.99,1341.81,1316.41,1339.31,569826500,0.010807628736820618,1.0807628736820618,-7.466531273558896e-05,-0.007466531273558896,1339.21
2021-09-29,1339.31,1340.9,1328.17,1339.21,547814000,-7.466531273558896e-05,-0.007466531273558896,0.002128120309734749,0.2128120309734749,1342.06
2021-09-30,1339.21,1348.89,1339.21,1342.06,423750600,0.002128120309734749,0.2128120309734749,-0.005342533120724746,-0.5342533120724746,1334.89
2021-10-01,1342.06,1344.06,1332.97,1334.89,586980600,-0.005342533120724746,-0.5342533120724746,0.0034834330918651624,0.34834330918651624,1339.54
2021-10-04,1334.89,1347.49,1333.53,1339.54,684922300,0.0034834330918651624,0.34834330918651624,0.011265061140391497,1.1265061140391497,1354.63
2021-10-05,1339.54,1354.63,1339.54,1354.63,558376400,0.011265061140391497,1.1265061140391497,0.006045931361331025,0.6045931361331025,1362.82
2021-10-06,1354.63,1362.82,1354.63,1362.82,576985600,0.006045931361331025,0.6045931361331025,0.002326059200774999,0.23260592007749992,1365.99
2021-10-07,1362.82,1367.64,1360.57,1365.99,642146400,0.002326059200774999,0.23260592007749992,0.004934150323208764,0.49341503232087636,1372.73
2021-10-08,1365.99,1373.18,1365.93,1372.73,583226400,0.004934150323208764,0.49341503232087636,0.015560233986289917,1.5560233986289917,1394.09
2021-10-11,1372.73,1394.64,1372.73,1394.09,697518700,0.015560233986289917,1.5560233986289917,0.0005092928003214148,0.05092928003214148,1394.8
2021-10-12,1394.09,1400.78,1389.43,1394.8,683357500,0.0005092928003214148,0.05092928003214148,-0.002071981646113996,-0.20719816461139962,1391.91
2021-10-13,1394.8,1400.67,1389.61,1391.91,582912400,-0.002071981646113996,-0.20719816461139962,-4.3106235317114105e-05,-0.0043106235317114105,1391.85
2021-10-14,1391.91,1398.67,1388.89,1391.85,671090900,-4.3106235317114105e-05,-0.0043106235317114105,0.0006106979918814037,0.06106979918814037,1392.7
2021-10-15,1391.85,1399.03,1388.0,1392.7,711550400,0.0006106979918814037,0.06106979918814037,0.002032024125798726,0.2032024125798726,1395.53
2021-10-18,1392.7,1402.63,1390.88,1395.53,741454800,0.002032024125798726,0.2032024125798726,-0.00014331472630468856,-0.014331472630468856,1395.33
2021-10-19,1395.53,1399.66,1388.95,1395.33,583394100,-0.00014331472630468856,-0.014331472630468856,-0.0010965148029498106,-0.10965148029498106,1393.8
2021-10-20,1395.33,1401.76,1376.15,1393.8,775436500,-0.0010965148029498106,-0.10965148029498106,-0.006478691347395538,-0.6478691347395538,1384.77
2021-10-21,1393.8,1398.45,1384.77,1384.77,660491700,-0.006478691347395538,-0.6478691347395538,0.0032279728763622284,0.32279728763622284,1389.24
2021-10-22,1384.77,1393.7,1384.77,1389.24,723134800,0.0032279728763622284,0.32279728763622284,-0.00276410123520765,-0.276410123520765,1385.4
2021-10-25,1389.24,1395.72,1385.4,1385.4,842037500,-0.00276410123520765,-0.276410123520765,0.004496896203262546,0.4496896203262546,1391.63
2021-10-26,1385.4,1393.03,1377.56,1391.63,667788500,0.004496896203262546,0.4496896203262546,0.02255628292002898,2.255628292002898,1423.02
2021-10-27,1391.63,1423.02,1391.63,1423.02,833096300,0.02255628292002898,2.255628292002898,0.010533934870908368,1.0533934870908368,1438.01
2021-10-28,1423.02,1440.64,1420.42,1438.01,795476100,0.010533934870908368,1.0533934870908368,0.004353238155506478,0.4353238155506478,1444.27
2021-10-29,1438.01,1447.62,1432.19,1444.27,904699600,0.004353238155506478,0.4353238155506478,-0.003669673952931163,-0.3669673952931163,1438.97
2021-11-01,1444.27,1451.81,1435.57,1438.97,1052909000,-0.003669673952931163,-0.3669673952931163,0.009374761113852381,0.9374761113852381,1452.46
2021-11-02,1438.97,1452.46,1438.83,1452.46,942151100,0.009374761113852381,0.9374761113852381,-0.005618054886193158,-0.5618054886193158,1444.3
2021-11-03,1452.46,1463.63,1440.67,1444.3,1412338600,-0.005618054886193158,-0.5618054886193158,0.002797202797202747,0.2797202797202747,1448.34
2021-11-04,1444.3,1451.98,1435.84,1448.34,863608400,0.002797202797202747,0.2797202797202747,0.005640940663103944,0.5640940663103944,1456.51
2021-11-05,1448.34,1459.93,1444.51,1456.51,814437100,0.005640940663103944,0.5640940663103944,0.007593494037116066,0.7593494037116066,1467.57
2021-11-08,1456.51,1470.49,1456.51,1467.57,972340900,0.007593494037116066,0.7593494037116066,-0.004136088908876512,-0.4136088908876512,1461.5
2021-11-09,1467.57,1474.2,1457.57,1461.5,971430000,-0.004136088908876512,-0.4136088908876512,0.002408484433800817,0.2408484433800817,1465.02
2021-11-10,1461.5,1470.19,1457.98,1465.02,926684900,0.002408484433800817,0.2408484433800817,-0.0018225007167138596,-0.18225007167138596,1462.35
2021-11-11,1465.02,1472.89,1449.18,1462.35,1172790500,-0.0018225007167138596,-0.18225007167138596,0.007535815639210908,0.7535815639210908,1473.37
2021-11-12,1462.35,1474.98,1453.22,1473.37,881068600,0.007535815639210908,0.7535815639210908,0.0021718916497552865,0.21718916497552865,1476.57
2021-11-15,1473.37,1481.96,1466.01,1476.57,1115831700,0.0021718916497552865,0.21718916497552865,-0.006853721801201362,-0.6853721801201362,1466.45
2021-11-16,1476.57,1476.97,1459.08,1466.45,1126970500,-0.006853721801201362,-0.6853721801201362,0.006410037846499961,0.6410037846499961,1475.85
2021-11-17,1466.45,1477.04,1464.78,1475.85,801112100,0.006410037846499961,0.6410037846499961,-0.004079005318968765,-0.4079005318968765,1469.83
2021-11-18,1475.85,1482.68,1469.83,1469.83,1018526500,-0.004079005318968765,-0.4079005318968765,-0.011892531789390648,-1.1892531789390648,1452.35
2021-11-19,1469.83,1481.53,1434.69,1452.35,1454744900,-0.011892531789390648,-1.1892531789390648,-0.0035115502461526837,-0.3511550246152684,1447.25
2021-11-22,1452.35,1466.46,1442.85,1447.25,1179261600,-0.0035115502461526837,-0.3511550246152684,0.01131801692865797,1.131801692865797,1463.63
2021-11-23,1447.25,1463.63,1438.41,1463.63,812872100,0.01131801692865797,1.131801692865797,0.017244795474265828,1.7244795474265828,1488.87
2021-11-24,1463.63,1491.05,1463.63,1488.87,1030950500,0.017244795474265828,1.7244795474265828,0.008019504725059967,0.8019504725059967,1500.81
2021-11-25,1488.87,1505.36,1488.87,1500.81,912165600,0.008019504725059967,0.8019504725059967,-0.0051838673782823586,-0.5183867378282359,1493.03
2021-11-26,1500.81,1511.68,1488.83,1493.03,967912000,-0.0051838673782823586,-0.5183867378282359,-0.005485489240001917,-0.5485489240001917,1484.84
2021-11-29,1493.03,1493.03,1464.83,1484.84,936276500,-0.005485489240001917,-0.5485489240001917,-0.004310228711510877,-0.4310228711510877,1478.44
2021-11-30,1484.84,1503.09,1471.57,1478.44,1010078900,-0.004310228711510877,-0.4310228711510877,0.004565623224479953,0.45656232244799533,1485.19
2021-12-01,1478.44,1487.68,1471.3,1485.19,813267800,0.004565623224479953,0.45656232244799533,-0.0021142076098008555,-0.21142076098008555,1482.05
2021-12-02,1485.19,1493.84,1482.05,1482.05,721589500,-0.0021142076098008555,-0.21142076098008555,-0.026132721568098205,-2.6132721568098205,1443.32
2021-12-03,1482.05,1491.2,1443.32,1443.32,998875400,-0.026132721568098205,-2.6132721568098205,-0.020605271180334284,-2.0605271180334284,1413.58
2021-12-06,1443.32,1452.55,1400.87,1413.58,978214400,-0.020605271180334284,-2.0605271180334284,0.023479392747492334,2.3479392747492334,1446.77
2021-12-07,1413.58,1446.77,1413.58,1446.77,664287400,0.023479392747492334,2.3479392747492334,0.004216288698272619,0.4216288698272619,1452.87
2021-12-08,1446.77,1460.28,1446.77,1452.87,711759600,0.004216288698272619,0.4216288698272619,0.010400104620509776,1.0400104620509776,1467.98
2021-12-09,1452.87,1467.98,1446.88,1467.98,611970400,0.010400104620509776,1.0400104620509776,-0.0030245643673619815,-0.30245643673619815,1463.54
2021-12-10,1467.98,1475.85,1461.78,1463.54,760375600,-0.0030245643673619815,-0.30245643673619815,0.008657091709143527,0.8657091709143527,1476.21
2021-12-13,1463.54,1481.7,1463.54,1476.21,789945400,0.008657091709143527,0.8657091709143527,-0.000128707975152631,-0.0128707975152631,1476.02
2021-12-14,1476.21,1485.14,1469.21,1476.02,888205600,-0.000128707975152631,-0.0128707975152631,-0.000352298749339397,-0.0352298749339397,1475.5
2021-12-15,1476.02,1481.67,1468.21,1475.5,840610100,-0.000352298749339397,-0.0352298749339397,0.000752287360216819,0.0752287360216819,1476.61
2021-12-16,1475.5,1482.32,1468.95,1476.61,870245300,0.000752287360216819,0.0752287360216819,0.002153581514414915,0.2153581514414915,1479.79
2021-12-17,1476.61,1487.73,1476.61,1479.79,1035566100,0.002153581514414915,0.2153581514414915,-0.0016623980429655294,-0.16623980429655294,1477.33
2021-12-20,1479.79,1483.85,1468.88,1477.33,886732500,-0.0016623980429655294,-0.16623980429655294,0.0009544245361565729,0.09544245361565729,1478.74
2021-12-21,1477.33,1486.03,1472.43,1478.74,838294200,0.0009544245361565729,0.09544245361565729,-0.0007235890014470892,-0.07235890014470892,1477.67
2021-12-22,1478.74,1489.24,1471.84,1477.67,998640700,-0.0007235890014470892,-0.07235890014470892,-0.01401530788335692,-1.401530788335692,1456.96
2021-12-23,1477.67,1481.21,1447.14,1456.96,1236789400,-0.01401530788335692,-1.401530788335692,0.01377525807160107,1.377525807160107,1477.03
2021-12-24,1456.96,1478.8,1456.32,1477.03,830953100,0.01377525807160107,1.377525807160107,0.00802285667860514,0.8022856678605139,1488.88
2021-12-27,1477.03,1490.12,1469.91,1488.88,693941300,0.00802285667860514,0.8022856678605139,0.003700768362796092,0.3700768362796092,1494.39
2021-12-28,1488.88,1499.77,1483.97,1494.39,906771600,0.003700768362796092,0.3700768362796092,-0.005734781415828616,-0.5734781415828616,1485.82
2021-12-29,1494.39,1498.91,1485.82,1485.82,769725300,-0.005734781415828616,-0.5734781415828616,0.00010095435517087914,0.010095435517087914,1485.97
2021-12-30,1490.96,1493.38,1484.82,1485.97,697130800,0.00010095435517087914,0.010095435517087914,0.008284151093225223,0.8284151093225223,1498.28
2021-12-31,1485.97,1499.07,1485.97,1498.28,807120700,0.008284151093225223,0.8284151093225223,0.01822089329097354,1.8220893290973539,1525.58
2022-01-04,1508.55,1526.69,1507.19,1525.58,790467000,0.01822089329097354,1.8220893290973539,-0.0020189042855831563,-0.20189042855831563,1522.5
2022-01-05,1525.58,1535.82,1522.5,1522.5,958500400,-0.0020189042855831563,-0.20189042855831563,0.003986863711001654,0.39868637110016536,1528.57
2022-01-06,1522.5,1536.24,1518.18,1528.57,1049960600,0.003986863711001654,0.39868637110016536,-5.8878559699548916e-05,-0.005887855969954892,1528.48
2022-01-07,1534.1,1534.52,1524.96,1528.48,925633800,-5.8878559699548916e-05,-0.005887855969954892,-0.016205642206636672,-1.6205642206636672,1503.71
2022-01-10,1528.48,1536.45,1503.71,1503.71,1283743700,-0.016205642206636672,-1.6205642206636672,-0.007581249044031124,-0.7581249044031124,1492.31
2022-01-11,1503.71,1512.05,1488.4,1492.31,1194709000,-0.007581249044031124,-0.7581249044031124,0.012195857429086576,1.2195857429086576,1510.51
2022-01-12,1489.11,1510.51,1464.49,1510.51,1070503500,0.012195857429086576,1.2195857429086576,-0.009572925700591206,-0.9572925700591206,1496.05
2022-01-13,1510.51,1522.6,1495.13,1496.05,941991300,-0.009572925700591206,-0.9572925700591206,-2.0052805721704203e-05,-0.0020052805721704203,1496.02
2022-01-14,1496.05,1503.25,1476.68,1496.02,712911900,-2.0052805721704203e-05,-0.0020052805721704203,-0.02886325049130367,-2.886325049130367,1452.84
2022-01-17,1496.02,1503.86,1452.84,1452.84,888508000,-0.02886325049130367,-2.886325049130367,-0.009567467856061107,-0.9567467856061107,1438.94
2022-01-18,1439.29,1452.14,1424.65,1438.94,666313500,-0.009567467856061107,-0.9567467856061107,0.002675580635745689,0.2675580635745689,1442.79
2022-01-19,1438.68,1449.11,1434.46,1442.79,538507600,0.002675580635745689,0.2675580635745689,0.015601716119463038,1.5601716119463038,1465.3
2022-01-20,1438.99,1469.08,1432.58,1465.3,738010400,0.015601716119463038,1.5601716119463038,0.005179826656657394,0.5179826656657394,1472.89
2022-01-21,1465.3,1477.09,1463.06,1472.89,755353500,0.005179826656657394,0.5179826656657394,-0.02252714051965865,-2.252714051965865,1439.71
2022-01-24,1472.89,1472.89,1432.18,1439.71,757646100,-0.02252714051965865,-2.252714051965865,0.0276930770780226,2.76930770780226,1479.58
2022-01-25,1439.71,1479.58,1424.36,1479.58,680083800,0.0276930770780226,2.76930770780226,0.0013517349518106236,0.13517349518106236,1481.58
2022-01-26,1479.58,1490.45,1478.41,1481.58,737216700,0.0013517349518106236,0.13517349518106236,-0.007303014349545722,-0.7303014349545722,1470.76
2022-01-27,1481.58,1486.39,1464.06,1470.76,498256400,-0.007303014349545722,-0.7303014349545722,0.005575348799260249,0.5575348799260249,1478.96
2022-01-28,1470.76,1484.48,1465.22,1478.96,634887600,0.005575348799260249,0.5575348799260249,0.01264402012224819,1.264402012224819,1497.66
2022-02-07,1498.8,1505.69,1493.89,1497.66,516533800,0.01264402012224819,1.264402012224819,0.0022234686110331747,0.22234686110331747,1500.99
2022-02-08,1496.26,1503.33,1491.78,1500.99,660158600,0.0022234686110331747,0.22234686110331747,0.0029247363406819105,0.29247363406819105,1505.38
2022-02-09,1501.67,1511.72,1499.53,1505.38,722161500,0.0029247363406819105,0.29247363406819105,0.0009366405824442481,0.09366405824442481,1506.79
2022-02-10,1510.66,1512.88,1495.7,1506.79,594347700,0.0009366405824442481,0.09366405824442481,-0.0033714054380503677,-0.3371405438050368,1501.71
2022-02-11,1502.83,1508.54,1499.06,1501.71,550204700,-0.0033714054380503677,-0.3371405438050368,-0.01981074907938285,-1.981074907938285,1471.96
2022-02-14,1486.73,1495.99,1471.96,1471.96,717396000,-0.01981074907938285,-1.981074907938285,0.014124025109377936,1.4124025109377936,1492.75
2022-02-15,1473.92,1495.56,1470.06,1492.75,538527000,0.014124025109377936,1.4124025109377936,-0.0004354379500921546,-0.04354379500921546,1492.1
2022-02-16,1499.07,1499.5,1486.68,1492.1,594459500,-0.0004354379500921546,-0.04354379500921546,0.010649420280142152,1.0649420280142152,1507.99
2022-02-17,1492.1,1507.99,1492.1,1507.99,687250992,0.010649420280142152,1.0649420280142152,-0.0020888732683904676,-0.20888732683904676,1504.84
2022-02-18,1494.3,1507.29,1492.38,1504.84,645883900,-0.0020888732683904676,-0.20888732683904676,0.003987134844900542,0.39871348449005417,1510.84
2022-02-21,1504.96,1516.63,1500.97,1510.84,708058800,0.003987134844900542,0.39871348449005417,-0.004878081067485551,-0.4878081067485551,1503.47
2022-02-22,1499.18,1506.38,1484.81,1503.47,842552800,-0.004878081067485551,-0.4878081067485551,0.005873080274298781,0.5873080274298781,1512.3
2022-02-23,1509.12,1520.78,1507.37,1512.3,628763100,0.005873080274298781,0.5873080274298781,-0.011538715863254723,-1.1538715863254723,1494.85
2022-02-24,1508.73,1513.25,1473.76,1494.85,1085759500,-0.011538715863254723,-1.1538715863254723,0.0027026123022377835,0.27026123022377835,1498.89
2022-02-25,1494.85,1512.05,1494.85,1498.89,915975659,0.0027026123022377835,0.27026123022377835,-0.005844324800352241,-0.5844324800352241,1490.13
2022-02-28,1499.43,1502.36,1487.57,1490.13,661415000,-0.005844324800352241,-0.5844324800352241,0.005804862662988963,0.5804862662988963,1498.78
2022-03-01,1493.93,1501.73,1491.48,1498.78,766211100,0.005804862662988963,0.5804862662988963,-0.008847195719184908,-0.8847195719184908,1485.52
2022-03-02,1499.37,1500.41,1479.55,1485.52,870952300,-0.008847195719184908,-0.8847195719184908,0.013113253271581637,1.3113253271581637,1505.0
2022-03-03,1492.48,1505.0,1487.69,1505.0,858871000,0.013113253271581637,1.3113253271581637,0.00021926910299008284,0.021926910299008284,1505.33
2022-03-04,1505.0,1509.19,1501.39,1505.33,1112602915,0.00021926910299008284,0.021926910299008284,-0.004171842718872276,-0.4171842718872276,1499.05
2022-03-07,1500.65,1505.32,1493.87,1499.05,907794900,-0.004171842718872276,-0.4171842718872276,-0.016904039224842293,-1.6904039224842293,1473.71
2022-03-08,1487.37,1495.97,1473.71,1473.71,952541400,-0.016904039224842293,-1.6904039224842293,2.035678661327367e-05,0.002035678661327367,1473.74
2022-03-09,1478.43,1482.86,1462.8,1473.74,864004300,2.035678661327367e-05,0.002035678661327367,0.0036234342557031063,0.36234342557031063,1479.08
2022-03-10,1485.11,1488.59,1479.08,1479.08,607737500,0.0036234342557031063,0.36234342557031063,-0.008478243232279525,-0.8478243232279525,1466.54
2022-03-11,1479.08,1480.29,1458.88,1466.54,1159784462,-0.008478243232279525,-0.8478243232279525,-0.013835285774680517,-1.3835285774680517,1446.25
2022-03-14,1459.28,1461.06,1439.19,1446.25,787290900,-0.013835285774680517,-1.3835285774680517,0.0044874675885910875,0.44874675885910875,1452.74
2022-03-15,1444.92,1453.07,1437.27,1452.74,618581000,0.0044874675885910875,0.44874675885910875,0.004536255627297425,0.4536255627297425,1459.33
2022-03-16,1459.68,1462.98,1453.91,1459.33,527855900,0.004536255627297425,0.4536255627297425,0.001377344397771596,0.1377344397771596,1461.34
2022-03-17,1466.56,1467.74,1459.14,1461.34,666857100,0.001377344397771596,0.1377344397771596,0.005310194752761177,0.5310194752761177,1469.1
2022-03-18,1461.34,1474.86,1461.34,1469.1,935872693,0.005310194752761177,0.5310194752761177,0.017595806956640203,1.7595806956640203,1494.95
2022-03-21,1474.78,1494.95,1474.38,1494.95,694839300,0.017595806956640203,1.7595806956640203,0.0059065520585972475,0.5906552058597248,1503.78
2022-03-22,1500.08,1507.71,1498.48,1503.78,873002500,0.0059065520585972475,0.5906552058597248,-0.0009575868810597354,-0.09575868810597354,1502.34
2022-03-23,1505.76,1513.9,1501.67,1502.34,763655100,-0.0009575868810597354,-0.09575868810597354,-0.0027157634090817506,-0.27157634090817506,1498.26
2022-03-24,1503.91,1505.39,1495.18,1498.26,732998300,-0.0027157634090817506,-0.27157634090817506,0.00016018581554599898,0.016018581554599898,1498.5
2022-03-25,1500.17,1503.29,1494.55,1498.5,947688031,0.00016018581554599898,0.016018581554599898,-0.010223556890223473,-1.0223556890223473,1483.18
2022-03-28,1490.44,1496.79,1473.8,1483.18,958280800,-0.010223556890223473,-1.0223556890223473,0.009830229641715649,0.9830229641715649,1497.76
2022-03-29,1487.57,1498.45,1487.57,1497.76,661152000,0.009830229641715649,0.9830229641715649,-0.004840561905779306,-0.4840561905779306,1490.51
2022-03-30,1491.92,1503.89,1483.9,1490.51,854370000,-0.004840561905779306,-0.4840561905779306,0.0011002945300602196,0.11002945300602196,1492.15
2022-03-31,1492.5,1498.41,1488.27,1492.15,603940100,0.0011002945300602196,0.11002945300602196,0.01627852427704979,1.6278524277049788,1516.44
2022-04-01,1492.15,1516.87,1484.13,1516.44,1087307257,0.01627852427704979,1.6278524277049788,0.005446967898499189,0.5446967898499189,1524.7
2022-04-04,1528.87,1530.95,1522.82,1524.7,702062500,0.005446967898499189,0.5446967898499189,-0.0030628976192038637,-0.30628976192038637,1520.03
2022-04-05,1521.4,1527.57,1519.28,1520.03,635012500,-0.0030628976192038637,-0.30628976192038637,0.0018881206291980757,0.18881206291980757,1522.9
2022-04-06,1510.69,1523.75,1507.62,1522.9,875381800,0.0018881206291980757,0.18881206291980757,-0.013493991726311716,-1.3493991726311716,1502.35
2022-04-07,1524.12,1524.92,1502.35,1502.35,731702000,-0.013493991726311716,-1.3493991726311716,-0.013545445468765571,-1.3545445468765571,1482.0
2022-04-08,1504.31,1507.73,1482.0,1482.0,714336000,-0.013545445468765571,-1.3545445468765571,-0.018049932523616752,-1.8049932523616752,1455.25
2022-04-12,1487.94,1490.58,1455.25,1455.25,626421200,-0.018049932523616752,-1.8049932523616752,0.015083319017350938,1.5083319017350938,1477.2
2022-04-13,1459.48,1477.2,1448.52,1477.2,610048700,0.015083319017350938,1.5083319017350938,-0.0034389385323586596,-0.34389385323586596,1472.12
2022-04-14,1483.08,1484.34,1471.75,1472.12,469987900,-0.0034389385323586596,-0.34389385323586596,-0.009211205608238404,-0.9211205608238404,1458.56
2022-04-15,1470.32,1478.95,1456.39,1458.56,607674500,-0.009211205608238404,-0.9211205608238404,-0.01779837648091276,-1.7798376480912759,1432.6
2022-04-18,1455.04,1456.07,1425.07,1432.6,756738100,-0.01779837648091276,-1.7798376480912759,-0.018253525059332643,-1.8253525059332643,1406.45
2022-04-19,1435.82,1442.04,1406.45,1406.45,631671200,-0.018253525059332643,-1.8253525059332643,-0.015450247075971424,-1.5450247075971424,1384.72
2022-04-20,1401.63,1410.64,1384.72,1384.72,623503300,-0.015450247075971424,-1.5450247075971424,-0.01047865272401638,-1.047865272401638,1370.21
2022-04-21,1369.8,1392.33,1356.58,1370.21,710757900,-0.01047865272401638,-1.047865272401638,0.006582932543186759,0.6582932543186759,1379.23
2022-04-22,1378.28,1392.89,1352.43,1379.23,757404900,0.006582932543186759,0.6582932543186759,-0.04952763498473778,-4.952763498473778,1310.92
2022-04-25,1377.75,1382.13,1298.38,1310.92,653206600,-0.04952763498473778,-4.952763498473778,0.023205077350257675,2.3205077350257675,1341.34
2022-04-26,1285.4,1341.34,1261.4,1341.34,642893200,0.023205077350257675,2.3205077350257675,0.00926685255043469,0.926685255043469,1353.77
2022-04-27,1331.73,1355.92,1314.81,1353.77,460096300,0.00926685255043469,0.926685255043469,-0.0020535246016679665,-0.20535246016679665,1350.99
2022-04-28,1353.48,1358.07,1344.1,1350.99,433237500,-0.0020535246016679665,-0.20535246016679665,0.011702529256323091,1.170252925632309,1366.8
2022-04-29,1347.08,1369.31,1343.24,1366.8,507963700,0.011702529256323091,1.170252925632309,-0.013257243195785695,-1.3257243195785695,1348.68
2022-05-04,1366.11,1366.39,1348.68,1348.68,479468500,-0.013257243195785695,-1.3257243195785695,0.008897588753447705,0.8897588753447705,1360.68
2022-05-05,1361.62,1362.18,1331.41,1360.68,489256000,0.008897588753447705,0.8897588753447705,-0.02309139547873129,-2.309139547873129,1329.26
2022-05-06,1333.55,1350.09,1328.13,1329.26,483028300,-0.02309139547873129,-2.309139547873129,-0.04486706889547576,-4.486706889547576,1269.62
2022-05-09,1313.49,1314.52,1265.54,1269.62,599089800,-0.04486706889547576,-4.486706889547576,0.018856035664214454,1.8856035664214454,1293.56
2022-05-10,1240.93,1293.56,1232.57,1293.56,581394400,0.018856035664214454,1.8856035664214454,0.006161291320077922,0.6161291320077922,1301.53
2022-05-11,1295.39,1305.17,1277.91,1301.53,358173000,0.006161291320077922,0.6161291320077922,-0.048166388788579595,-4.81663887885796,1238.84
2022-05-12,1290.4,1291.65,1238.05,1238.84,487651200,-0.048166388788579595,-4.81663887885796,-0.04526008201220488,-4.526008201220488,1182.77
2022-05-13,1235.03,1237.8,1180.6,1182.77,703049500,-0.04526008201220488,-4.526008201220488,-0.00914801694327716,-0.914801694327716,1171.95
2022-05-16,1208.05,1215.96,1170.59,1171.95,521921500,-0.00914801694327716,-0.914801694327716,0.048141985579589486,4.814198557958949,1228.37
2022-05-17,1164.32,1228.37,1156.54,1228.37,515009800,0.048141985579589486,4.814198557958949,0.010086537443929844,1.0086537443929844,1240.76
2022-05-18,1240.06,1249.84,1222.92,1240.76,485410300,0.010086537443929844,1.0086537443929844,0.0007092427222026298,0.07092427222026298,1241.64
2022-05-19,1211.31,1246.66,1211.07,1241.64,435034100,0.0007092427222026298,0.07092427222026298,-0.0007490093746980175,-0.07490093746980175,1240.71
2022-05-20,1240.72,1252.96,1232.33,1240.71,439345600,-0.0007490093746980175,-0.07490093746980175,-0.017651183596489206,-1.7651183596489206,1218.81
2022-05-23,1246.56,1246.58,1207.99,1218.81,464634600,-0.017651183596489206,-1.7651183596489206,0.011954283276310651,1.195428327631065,1233.38
2022-05-24,1218.87,1233.38,1203.28,1233.38,451441400,0.011954283276310651,1.195428327631065,0.028417843649159114,2.8417843649159114,1268.43
2022-05-25,1238.52,1268.43,1234.17,1268.43,583626500,0.028417843649159114,2.8417843649159114,0.00011037266542102131,0.011037266542102131,1268.57
2022-05-26,1273.8,1278.11,1261.55,1268.57,488313100,0.00011037266542102131,0.011037266542102131,0.013306321290902368,1.3306321290902368,1285.45
2022-05-27,1270.56,1286.99,1269.29,1285.45,545455800,0.013306321290902368,1.3306321290902368,0.006589132210510051,0.6589132210510051,1293.92
2022-05-30,1290.11,1296.22,1281.27,1293.92,469531300,0.006589132210510051,0.6589132210510051,-0.0009583281810312538,-0.09583281810312538,1292.68
2022-05-31,1288.63,1297.64,1280.44,1292.68,514291400,-0.0009583281810312538,-0.09583281810312538,0.005291332735092968,0.5291332735092968,1299.52
2022-06-01,1289.56,1302.25,1286.01,1299.52,471780800,0.005291332735092968,0.5291332735092968,-0.008387712386111912,-0.8387712386111912,1288.62
2022-06-02,1300.58,1302.66,1283.32,1288.62,493377500,-0.008387712386111912,-0.8387712386111912,-0.0004966553367167226,-0.04966553367167226,1287.98
2022-06-03,1284.62,1292.78,1276.37,1287.98,406823300,-0.0004966553367167226,-0.04966553367167226,0.0015761114303016743,0.15761114303016743,1290.01
2022-06-06,1290.04,1302.14,1281.95,1290.01,515257600,0.0015761114303016743,0.15761114303016743,0.0010387516375840455,0.10387516375840455,1291.35
2022-06-07,1285.07,1291.35,1260.92,1291.35,592865300,0.0010387516375840455,0.10387516375840455,0.012823789057962776,1.2823789057962776,1307.91
2022-06-08,1297.56,1316.78,1294.27,1307.91,512060100,0.012823789057962776,1.2823789057962776,-8.41036462754241e-05,-0.00841036462754241,1307.8
2022-06-09,1310.35,1312.44,1300.85,1307.8,408896500,-8.41036462754241e-05,-0.00841036462754241,-0.018137329866952157,-1.8137329866952157,1284.08
2022-06-10,1298.78,1309.59,1284.08,1284.08,535867000,-0.018137329866952157,-1.8137329866952157,-0.04442090835461965,-4.442090835461965,1227.04
2022-06-13,1251.08,1261.54,1226.01,1227.04,667133200,-0.04442090835461965,-4.442090835461965,0.0026649497978876724,0.26649497978876724,1230.31
2022-06-14,1213.44,1239.36,1211.13,1230.31,492264800,0.0026649497978876724,0.26649497978876724,-0.01331371768090961,-1.331371768090961,1213.93
2022-06-15,1231.23,1235.56,1195.19,1213.93,597693500,-0.01331371768090961,-1.331371768090961,0.018699595528572477,1.8699595528572477,1236.63
2022-06-16,1227.24,1246.32,1223.0,1236.63,493452200,0.018699595528572477,1.8699595528572477,-0.015631191221303187,-1.5631191221303187,1217.3
2022-06-17,1210.5,1220.41,1191.92,1217.3,647122700,-0.015631191221303187,-1.5631191221303187,-0.030312987759796184,-3.0312987759796184,1180.4
2022-06-20,1218.37,1221.6,1180.4,1180.4,579954500,-0.030312987759796184,-3.0312987759796184,-0.006718061674008902,-0.6718061674008902,1172.47
2022-06-21,1172.98,1189.97,1162.94,1172.47,574256800,-0.006718061674008902,-0.6718061674008902,-0.0027292809197677625,-0.27292809197677625,1169.27
2022-06-22,1180.11,1185.86,1162.98,1169.27,491739500,-0.0027292809197677625,-0.27292809197677625,0.016771147810172193,1.6771147810172193,1188.88
2022-06-23,1162.06,1188.88,1162.06,1188.88,348627000,0.016771147810172193,1.6771147810172193,-0.0028598344660522024,-0.28598344660522024,1185.48
2022-06-24,1190.82,1196.85,1185.48,1185.48,365631700,-0.0028598344660522024,-0.28598344660522024,0.01462698653709893,1.462698653709893,1202.82
2022-06-27,1189.12,1203.51,1187.38,1202.82,399448200,0.01462698653709893,1.462698653709893,0.012703480154969027,1.2703480154969027,1218.1
2022-06-28,1202.41,1221.74,1198.99,1218.1,496605600,0.012703480154969027,1.2703480154969027,-8.209506608625183e-06,-0.0008209506608625183,1218.09
2022-06-29,1208.22,1219.58,1207.38,1218.09,487488100,-8.209506608625183e-06,-0.0008209506608625183,-0.01682141713666474,-1.682141713666474,1197.6
2022-06-30,1218.22,1220.51,1197.6,1197.6,445081100,-0.01682141713666474,-1.682141713666474,0.0010855043420174848,0.10855043420174848,1198.9
2022-07-01,1193.04,1202.41,1170.95,1198.9,466693700,0.0010855043420174848,0.10855043420174848,-0.0028109100008342214,-0.28109100008342214,1195.53
2022-07-04,1206.47,1208.96,1192.63,1195.53,379316900,-0.0028109100008342214,-0.28109100008342214,-0.011911035273058812,-1.1911035273058812,1181.29
2022-07-05,1198.42,1200.99,1181.29,1181.29,527858300,-0.011911035273058812,-1.1911035273058812,-0.026818139491572857,-2.6818139491572857,1149.61
2022-07-06,1167.25,1175.26,1147.63,1149.61,481767700,-0.026818139491572857,-2.6818139491572857,0.014674541801132701,1.4674541801132701,1166.48
2022-07-07,1148.97,1166.48,1142.8,1166.48,336105000,0.014674541801132701,1.4674541801132701,0.0041406625060009805,0.41406625060009805,1171.31
2022-07-08,1174.53,1177.18,1164.23,1171.31,408239000,0.0041406625060009805,0.41406625060009805,-0.013676994134772191,-1.3676994134772191,1155.29
2022-07-11,1161.3,1165.23,1144.55,1155.29,458175600,-0.013676994134772191,-1.3676994134772191,0.016904846402201912,1.6904846402201912,1174.82
2022-07-12,1154.31,1174.82,1153.55,1174.82,446374900,0.016904846402201912,1.6904846402201912,-0.0007660748029484354,-0.07660748029484354,1173.92
2022-07-13,1173.46,1182.21,1170.92,1173.92,494032300,-0.0007660748029484354,-0.07660748029484354,0.00702773613193397,0.702773613193397,1182.17
2022-07-14,1170.7,1182.17,1170.04,1182.17,462987000,0.00702773613193397,0.702773613193397,-0.002470033920671355,-0.2470033920671355,1179.25
2022-07-15,1183.15,1189.66,1178.12,1179.25,514039500,-0.002470033920671355,-0.2470033920671355,-0.0023404706381174867,-0.23404706381174867,1176.49
2022-07-18,1184.74,1184.93,1174.7,1176.49,449643100,-0.0023404706381174867,-0.23404706381174867,0.0015639741944257768,0.15639741944257768,1178.33
2022-07-19,1176.1,1180.46,1168.99,1178.33,447446600,0.0015639741944257768,0.15639741944257768,0.013417293966885513,1.3417293966885513,1194.14
2022-07-20,1188.12,1198.63,1185.82,1194.14,573367800,0.013417293966885513,1.3417293966885513,0.0036260404977639382,0.3626040497763938,1198.47
2022-07-21,1195.03,1201.91,1194.97,1198.47,474055300,0.0036260404977639382,0.3626040497763938,-0.003095613573973477,-0.3095613573973477,1194.76
2022-07-22,1199.16,1202.69,1194.76,1194.76,418875300,-0.003095613573973477,-0.3095613573973477,-0.00523954601761023,-0.523954601761023,1188.5
2022-07-25,1191.43,1198.16,1184.32,1188.5,382922500,-0.00523954601761023,-0.523954601761023,-0.0028859907446361355,-0.28859907446361355,1185.07
2022-07-26,1189.2,1194.15,1184.44,1185.07,363909800,-0.0028859907446361355,-0.28859907446361355,0.005037677099243076,0.5037677099243076,1191.04
2022-07-27,1180.83,1191.04,1178.58,1191.04,362473100,0.005037677099243076,0.5037677099243076,0.014340408382589986,1.4340408382589986,1208.12
2022-07-28,1201.77,1214.03,1198.68,1208.12,586753300,0.014340408382589986,1.4340408382589986,-0.0014816408965996342,-0.14816408965996342,1206.33
2022-07-29,1214.32,1217.84,1206.33,1206.33,502192400,-0.0014816408965996342,-0.14816408965996342,0.02074059336997336,2.074059336997336,1231.35
2022-08-01,1209.05,1231.35,1209.04,1231.35,643232700,0.02074059336997336,2.074059336997336,0.008340439355179363,0.8340439355179363,1241.62
2022-08-02,1230.31,1241.91,1224.11,1241.62,701766800,0.008340439355179363,0.8340439355179363,0.006555951096148593,0.6555951096148593,1249.76
2022-08-03,1233.84,1250.2,1232.41,1249.76,668682400,0.006555951096148593,0.6555951096148593,0.0035126744334912363,0.35126744334912363,1254.15
2022-08-04,1252.49,1257.38,1247.38,1254.15,621344900,0.0035126744334912363,0.35126744334912363,-0.0011242674321254587,-0.11242674321254587,1252.74
2022-08-05,1250.25,1253.75,1245.05,1252.74,579008400,-0.0011242674321254587,-0.11242674321254587,0.0032009834442900953,0.32009834442900953,1256.75
2022-08-08,1252.36,1258.84,1252.04,1256.75,600108300,0.0032009834442900953,0.32009834442900953,0.0016709767256812835,0.16709767256812835,1258.85
2022-08-09,1260.36,1263.14,1252.84,1258.85,622183100,0.0016709767256812835,0.16709767256812835,-0.0018667831751201236,-0.18667831751201236,1256.5
2022-08-10,1255.69,1260.36,1253.89,1256.5,554958800,-0.0018667831751201236,-0.18667831751201236,-0.0035256665340230864,-0.35256665340230864,1252.07
2022-08-11,1267.37,1268.03,1245.85,1252.07,726941900,-0.0035256665340230864,-0.35256665340230864,0.008194430023880539,0.8194430023880539,1262.33
2022-08-12,1250.66,1262.33,1248.65,1262.33,478668400,0.008194430023880539,0.8194430023880539,0.009403246377730268,0.9403246377730268,1274.2
2022-08-15,1268.56,1274.24,1267.14,1274.2,556111500,0.009403246377730268,0.9403246377730268,0.00038455501491130306,0.038455501491130306,1274.69
2022-08-16,1274.08,1275.93,1271.11,1274.69,541168800,0.00038455501491130306,0.038455501491130306,0.00046285763597420093,0.04628576359742009,1275.28
2022-08-17,1276.78,1280.61,1271.97,1275.28,611549400,0.00046285763597420093,0.04628576359742009,-0.0012703092654161585,-0.12703092654161585,1273.66
2022-08-18,1273.45,1283.15,1268.64,1273.66,522028300,-0.0012703092654161585,-0.12703092654161585,-0.003517422231992806,-0.3517422231992806,1269.18
2022-08-19,1272.23,1280.0,1263.45,1269.18,541159000,-0.003517422231992806,-0.3517422231992806,-0.006894215162545847,-0.6894215162545847,1260.43
2022-08-22,1264.64,1270.57,1255.83,1260.43,530100300,-0.006894215162545847,-0.6894215162545847,0.008235284783764119,0.8235284783764119,1270.81
2022-08-23,1253.45,1270.81,1253.45,1270.81,488438500,0.008235284783764119,0.8235284783764119,0.0049968130562398905,0.49968130562398905,1277.16
2022-08-24,1275.57,1280.36,1272.33,1277.16,495010400,0.0049968130562398905,0.49968130562398905,0.009176610604779478,0.9176610604779478,1288.88
2022-08-25,1280.39,1289.18,1280.28,1288.88,531338200,0.009176610604779478,0.9176610604779478,-0.004895723418782305,-0.4895723418782305,1282.57
2022-08-26,1291.29,1295.12,1280.05,1282.57,579737000,-0.004895723418782305,-0.4895723418782305,-0.009176887031506986,-0.9176887031506986,1270.8
2022-08-29,1263.43,1270.8,1249.17,1270.8,754982100,-0.009176887031506986,-0.9176887031506986,0.006759521561221282,0.6759521561221282,1279.39
2022-08-30,1274.97,1287.65,1274.0,1279.39,450860200,0.006759521561221282,0.6759521561221282,0.0008754171910050346,0.08754171910050346,1280.51
2022-08-31,1276.49,1285.29,1274.99,1280.51,434307600,0.0008754171910050346,0.08754171910050346,-0.002467766749185918,-0.2467766749185918,1277.35
2022-09-05,1280.26,1285.7,1275.35,1277.35,431994100,-0.002467766749185918,-0.2467766749185918,3.914353935896564e-05,0.003914353935896564,1277.4
2022-09-06,1279.58,1286.92,1277.4,1277.4,515252000,3.914353935896564e-05,0.003914353935896564,-0.026796618130577765,-2.6796618130577765,1243.17
2022-09-07,1274.6,1275.07,1243.17,1243.17,753758800,-0.026796618130577765,-2.6796618130577765,-0.006893666996468872,-0.6893666996468872,1234.6
2022-09-08,1251.06,1251.36,1234.6,1234.6,524895800,-0.006893666996468872,-0.6893666996468872,0.011485501376964358,1.1485501376964358,1248.78
2022-09-09,1241.26,1248.78,1228.54,1248.78,513432800,0.011485501376964358,1.1485501376964358,0.0006726565127563866,0.06726565127563866,1249.62
2022-09-12,1255.0,1257.8,1248.97,1249.62,359054745,0.0006726565127563866,0.06726565127563866,-0.0009762967942252843,-0.09762967942252843,1248.4
2022-09-13,1251.1,1252.35,1243.87,1248.4,379401200,-0.0009762967942252843,-0.09762967942252843,-0.006111823133611138,-0.6111823133611138,1240.77
2022-09-14,1229.76,1242.17,1228.51,1240.77,547541600,-0.006111823133611138,-0.6111823133611138,0.003941101090451982,0.39411010904519816,1245.66
2022-09-15,1247.34,1250.93,1243.45,1245.66,364378200,0.003941101090451982,0.39411010904519816,-0.009336416036478723,-0.9336416036478723,1234.03
2022-09-16,1243.38,1246.17,1230.37,1234.03,556878300,-0.009336416036478723,-0.9336416036478723,-0.02317609782582264,-2.317609782582264,1205.43
2022-09-19,1231.45,1233.46,1202.07,1205.43,607678700,-0.02317609782582264,-2.317609782582264,0.01119932306313931,1.119932306313931,1218.93
2022-09-20,1212.08,1218.93,1199.71,1218.93,392624700,0.01119932306313931,1.119932306313931,-0.006874882068699684,-0.6874882068699684,1210.55
2022-09-21,1213.47,1217.28,1204.68,1210.55,306355000,-0.006874882068699684,-0.6874882068699684,0.003428193796208401,0.3428193796208401,1214.7
2022-09-22,1200.34,1214.7,1196.64,1214.7,413670100,0.003428193796208401,0.3428193796208401,-0.009401498312340606,-0.9401498312340606,1203.28
2022-09-23,1212.61,1216.59,1201.45,1203.28,418744600,-0.009401498312340606,-0.9401498312340606,-0.02404261684728415,-2.404261684728415,1174.35
2022-09-26,1186.41,1190.27,1159.12,1174.35,671202400,-0.02404261684728415,-2.404261684728415,-0.006650487503725433,-0.6650487503725433,1166.54
2022-09-27,1177.51,1180.75,1166.44,1166.54,390888400,-0.006650487503725433,-0.6650487503725433,-0.01964784748058368,-1.964784748058368,1143.62
2022-09-28,1158.53,1162.6,1142.79,1143.62,475130574,-0.01964784748058368,-1.964784748058368,-0.015346006540634116,-1.5346006540634116,1126.07
2022-09-29,1157.09,1159.49,1126.07,1126.07,392743158,-0.015346006540634116,-1.5346006540634116,0.005363787331160497,0.5363787331160497,1132.11
2022-09-30,1115.2,1135.47,1099.44,1132.11,580988602,0.005363787331160497,0.5363787331160497,-0.04034060294494335,-4.034060294494335,1086.44
2022-10-03,1124.46,1126.46,1079.86,1086.44,467842505,-0.04034060294494335,-4.034060294494335,-0.007639630352343385,-0.7639630352343385,1078.14
2022-10-04,1095.73,1100.42,1069.74,1078.14,484847543,-0.007639630352343385,-0.7639630352343385,0.02422690930676885,2.422690930676885,1104.26
2022-10-05,1092.08,1110.21,1092.08,1104.26,366497390,0.02422690930676885,2.422690930676885,-0.026932063101081316,-2.6932063101081316,1074.52
2022-10-06,1105.31,1106.97,1072.57,1074.52,465644550,-0.026932063101081316,-2.6932063101081316,-0.035932323269925126,-3.5932323269925126,1035.91
2022-10-07,1061.93,1062.23,1022.38,1035.91,724043484,-0.035932323269925126,-3.5932323269925126,0.00634224980934639,0.634224980934639,1042.48
2022-10-10,1019.67,1051.02,1012.94,1042.48,509726370,0.00634224980934639,0.634224980934639,-0.034801626889724435,-3.4801626889724435,1006.2
2022-10-11,1036.39,1036.42,998.64,1006.2,532383498,-0.034801626889724435,-3.4801626889724435,0.028433710991850436,2.8433710991850436,1034.81
2022-10-12,1006.1,1039.44,1002.89,1034.81,503602751,0.028433710991850436,2.8433710991850436,0.01563572056706075,1.5635720567060751,1050.99
2022-10-13,1035.33,1050.99,1025.04,1050.99,362426909,0.01563572056706075,1.5635720567060751,0.01033311449205021,1.033311449205021,1061.85
2022-10-14,1063.07,1068.12,1055.29,1061.85,466714307,0.01033311449205021,1.033311449205021,-0.009671799218345378,-0.9671799218345378,1051.58
2022-10-17,1053.46,1054.05,1033.59,1051.58,391417511,-0.009671799218345378,-0.9671799218345378,0.01148747598851263,1.148747598851263,1063.66
2022-10-18,1065.6,1071.74,1057.71,1063.66,435818990,0.01148747598851263,1.148747598851263,-0.0033751386721322385,-0.33751386721322385,1060.07
2022-10-19,1065.08,1065.99,1052.29,1060.07,315804513,-0.0033751386721322385,-0.33751386721322385,-0.001528200967860549,-0.1528200967860549,1058.45
2022-10-20,1056.14,1065.28,1048.21,1058.45,330284750,-0.001528200967860549,-0.1528200967860549,-0.036496764136236926,-3.6496764136236926,1019.82
2022-10-21,1059.03,1059.03,1013.69,1019.82,593037630,-0.036496764136236926,-3.6496764136236926,-0.03301563020925269,-3.301563020925269,986.15
2022-10-24,1021.25,1023.51,977.41,986.15,502992511,-0.03301563020925269,-3.301563020925269,0.01171221416620205,1.171221416620205,997.7
2022-10-25,980.47,1011.39,962.45,997.7,631312849,0.01171221416620205,1.171221416620205,-0.004350005011526492,-0.4350005011526492,993.36
2022-10-26,1000.71,1004.55,984.71,993.36,327124544,-0.004350005011526492,-0.4350005011526492,0.034881613916404985,3.4881613916404985,1028.01
2022-10-27,994.82,1028.01,990.48,1028.01,525571421,0.034881613916404985,3.4881613916404985,-0.0006322895691677211,-0.0632289569167721,1027.36
2022-10-28,1036.27,1044.57,1026.53,1027.36,471075420,-0.0006322895691677211,-0.0632289569167721,0.0005645538078182799,0.05645538078182799,1027.94
2022-10-31,1028.24,1030.32,1005.0,1027.94,540146599,0.0005645538078182799,0.05645538078182799,0.00565208086075053,0.565208086075053,1033.75
2022-11-01,1034.77,1043.53,1027.39,1033.75,529853499,0.00565208086075053,0.565208086075053,-0.010215235792019328,-1.0215235792019328,1023.19
2022-11-02,1033.51,1034.73,1018.64,1023.19,440707791,-0.010215235792019328,-1.0215235792019328,-0.003303394286496286,-0.3303394286496286,1019.81
2022-11-03,1011.41,1023.95,1010.65,1019.81,374895655,-0.003303394286496286,-0.3303394286496286,-0.022219825261568293,-2.2219825261568293,997.15
2022-11-04,1008.23,1009.96,974.61,997.15,636169416,-0.022219825261568293,-2.2219825261568293,-0.02202276487990762,-2.202276487990762,975.19
2022-11-07,989.74,996.18,969.61,975.19,490290336,-0.02202276487990762,-2.202276487990762,0.006624350126641865,0.6624350126641865,981.65
2022-11-08,960.93,981.86,956.97,981.65,491662593,0.006624350126641865,0.6624350126641865,0.004013650486425879,0.40136504864258793,985.59
2022-11-09,983.62,994.79,977.93,985.59,442045429,0.004013650486425879,0.40136504864258793,-0.03891070323359613,-3.8910703233596133,947.24
2022-11-10,974.76,976.31,935.78,947.24,589632905,-0.03891070323359613,-3.8910703233596133,0.007696043241417039,0.7696043241417039,954.53
2022-11-11,954.95,966.7,949.49,954.53,610519072,0.007696043241417039,0.7696043241417039,-0.014132609766062898,-1.4132609766062898,941.04
2022-11-14,939.94,945.29,923.53,941.04,556442961,-0.014132609766062898,-1.4132609766062898,-0.03096574003230468,-3.096574003230468,911.9
2022-11-15,926.08,929.06,900.17,911.9,534263131,-0.03096574003230468,-3.096574003230468,0.03399495558723542,3.399495558723542,942.9
2022-11-16,876.0,945.42,873.78,942.9,881883690,0.03399495558723542,3.399495558723542,0.027956305016438643,2.7956305016438643,969.26
2022-11-17,952.91,972.88,950.9,969.26,551181919,0.027956305016438643,2.7956305016438643,7.222004415741168e-05,0.007222004415741168,969.33
2022-11-18,967.18,971.77,939.73,969.33,788755529,7.222004415741168e-05,0.007222004415741168,-0.008954638771110024,-0.8954638771110024,960.65
2022-11-21,971.58,973.19,956.77,960.65,499288906,-0.008954638771110024,-0.8954638771110024,-0.008879404569822502,-0.8879404569822502,952.12
2022-11-22,953.78,985.28,948.52,952.12,937062402,-0.008879404569822502,-0.8879404569822502,-0.006427761206570626,-0.6427761206570626,946.0
2022-11-23,947.81,958.61,942.02,946.0,466946398,-0.006427761206570626,-0.6427761206570626,0.0018076109936575602,0.18076109936575602,947.71
2022-11-24,942.86,950.03,934.31,947.71,451208470,0.0018076109936575602,0.18076109936575602,0.025060408774836285,2.5060408774836285,971.46
2022-11-25,956.62,971.46,955.53,971.46,525761736,0.025060408774836285,2.5060408774836285,0.03523562472978825,3.523562472978825,1005.69
2022-11-28,979.68,1006.22,979.48,1005.69,818144334,0.03523562472978825,3.523562472978825,0.026320237846652494,2.6320237846652494,1032.16
2022-11-29,1008.85,1032.16,998.56,1032.16,1050658035,0.026320237846652494,2.6320237846652494,0.0157533715702991,1.5753371570299102,1048.42
2022-11-30,1037.44,1048.42,1021.54,1048.42,917539238,0.0157533715702991,1.5753371570299102,-0.011579328894908647,-1.1579328894908647,1036.28
2022-12-01,1057.97,1066.28,1035.62,1036.28,1187911811,-0.011579328894908647,-1.1579328894908647,0.042199019570000385,4.2199019570000385,1080.01
2022-12-02,1032.67,1080.01,1030.81,1080.01,971782887,0.042199019570000385,4.2199019570000385,0.01264803103674983,1.264803103674983,1093.67
2022-12-05,1090.97,1099.45,1082.59,1093.67,1026762548,0.01264803103674983,1.264803103674983,-0.041127579617252,-4.112757961725199,1048.69
2022-12-06,1088.9,1089.63,1048.69,1048.69,1303644184,-0.041127579617252,-4.112757961725199,-0.007313886849307338,-0.7313886849307338,1041.02
2022-12-07,1046.72,1059.79,1034.92,1041.02,767643808,-0.007313886849307338,-0.7313886849307338,0.00913527117634616,0.913527117634616,1050.53
2022-12-08,1055.21,1078.09,1045.98,1050.53,836407763,0.00913527117634616,0.913527117634616,0.0012184326006872137,0.12184326006872137,1051.81
2022-12-09,1056.85,1061.21,1041.39,1051.81,694652833,0.0012184326006872137,0.12184326006872137,-0.01876764814938059,-1.876764814938059,1032.07
2022-12-12,1059.55,1065.16,1032.07,1032.07,777174987,-0.01876764814938059,-1.876764814938059,0.014902089974517363,1.4902089974517363,1047.45
2022-12-13,1035.76,1047.45,1026.3,1047.45,706529660,0.014902089974517363,1.4902089974517363,0.002845004534822726,0.2845004534822726,1050.43
2022-12-14,1062.18,1062.18,1046.43,1050.43,636888454,0.002845004534822726,0.2845004534822726,0.004655236426986953,0.4655236426986953,1055.32
2022-12-15,1049.16,1062.61,1049.06,1055.32,632450383,0.004655236426986953,0.4655236426986953,-0.002691126861994353,-0.2691126861994353,1052.48
2022-12-16,1048.62,1064.79,1047.16,1052.48,758882687,-0.002691126861994353,-0.2691126861994353,-0.013377926421404562,-1.3377926421404562,1038.4
2022-12-19,1053.91,1065.59,1038.4,1038.4,815335805,-0.013377926421404562,-1.3377926421404562,-0.014705315870570224,-1.4705315870570224,1023.13
2022-12-20,1035.82,1038.74,1010.08,1023.13,909733007,-0.014705315870570224,-1.4705315870570224,-0.004153919834234188,-0.41539198342341876,1018.88
2022-12-21,1033.34,1033.84,1005.43,1018.88,670212562,-0.004153919834234188,-0.41539198342341876,0.0036608825376884813,0.3660882537688481,1022.61
2022-12-22,1026.49,1033.18,1016.54,1022.61,507307086,0.0036608825376884813,0.3660882537688481,-0.002219810093779584,-0.2219810093779584,1020.34
2022-12-23,1023.69,1027.34,1013.2,1020.34,394851537,-0.002219810093779584,-0.2219810093779584,-0.034429699903953614,-3.4429699903953614,985.21
2022-12-26,1019.66,1021.89,985.21,985.21,534206745,-0.034429699903953614,-3.4429699903953614,0.019650632859999462,1.9650632859999462,1004.57
2022-12-27,986.07,1007.88,983.67,1004.57,484114138,0.019650632859999462,1.9650632859999462,0.011039549259882264,1.1039549259882264,1015.66
2022-12-28,1008.41,1020.52,998.97,1015.66,375445830,0.011039549259882264,1.1039549259882264,-0.006271783864679081,-0.6271783864679081,1009.29
2022-12-29,1016.06,1021.96,1009.29,1009.29,357699137,-0.006271783864679081,-0.6271783864679081,-0.0021797501213723924,-0.21797501213723924,1007.09
2022-12-30,1017.45,1017.99,1007.09,1007.09,327331402,-0.0021797501213723924,-0.21797501213723924,0.03655085444200634,3.655085444200634,1043.9
2023-01-03,1011.39,1043.9,1011.38,1043.9,495370447,0.03655085444200634,3.655085444200634,0.002346968100392477,0.2346968100392477,1046.35
2023-01-04,1048.31,1052.6,1041.56,1046.35,546100135,0.002346968100392477,0.2346968100392477,0.009050508911931932,0.9050508911931932,1055.82
2023-01-05,1048.17,1058.14,1046.64,1055.82,472906022,0.009050508911931932,0.9050508911931932,-0.004148434392225786,-0.4148434392225786,1051.44
2023-01-06,1055.51,1065.58,1047.26,1051.44,586381415,-0.004148434392225786,-0.4148434392225786,0.0026344822338888463,0.26344822338888463,1054.21
2023-01-09,1058.28,1062.12,1050.95,1054.21,368655811,0.0026344822338888463,0.26344822338888463,-0.0008157767427743323,-0.08157767427743323,1053.35
2023-01-10,1054.84,1057.44,1045.75,1053.35,406057518,-0.0008157767427743323,-0.08157767427743323,0.0022879384819860515,0.22879384819860515,1055.76
2023-01-11,1058.25,1065.69,1054.53,1055.76,490275635,0.0022879384819860515,0.22879384819860515,0.0005967265287565304,0.05967265287565304,1056.39
2023-01-12,1058.51,1060.97,1050.27,1056.39,370321885,0.0005967265287565304,0.05967265287565304,0.0035782239513815206,0.35782239513815206,1060.17
2023-01-13,1060.71,1066.39,1055.23,1060.17,459494342,0.0035782239513815206,0.35782239513815206,0.0061405246328418706,0.6140524632841871,1066.68
2023-01-16,1062.27,1067.74,1057.87,1066.68,391079501,0.0061405246328418706,0.6140524632841871,0.020259121760977994,2.0259121760977994,1088.29
2023-01-17,1071.37,1088.29,1069.86,1088.29,566247477,0.020259121760977994,2.0259121760977994,0.009179538542116505,0.9179538542116505,1098.28
2023-01-18,1092.5,1100.39,1089.56,1098.28,531786150,0.009179538542116505,0.9179538542116505,0.008923043304075451,0.8923043304075451,1108.08
2023-01-19,1095.53,1111.72,1094.46,1108.08,556193050,0.008923043304075451,0.8923043304075451,0.008140206483286283,0.8140206483286283,1117.1
2023-01-27,1114.15,1124.3,1111.41,1117.1,552307747,0.008140206483286283,0.8140206483286283,-0.013006892847551632,-1.3006892847551632,1102.57
2023-01-30,1117.66,1118.46,1102.57,1102.57,725060556,-0.013006892847551632,-1.3006892847551632,0.007809027998222362,0.7809027998222362,1111.18
2023-01-31,1100.4,1111.18,1088.25,1111.18,629524308,0.007809027998222362,0.7809027998222362,-0.03168703540380502,-3.168703540380502,1075.97
2023-02-01,1114.68,1116.96,1075.97,1075.97,938658935,-0.03168703540380502,-3.168703540380502,0.0015056181863806195,0.15056181863806195,1077.59
2023-02-02,1079.69,1083.36,1070.81,1077.59,567704887,0.0015056181863806195,0.15056181863806195,-0.00040831856271850153,-0.04083185627185015,1077.15
2023-02-03,1078.8,1081.89,1070.46,1077.15,487967451,-0.00040831856271850153,-0.04083185627185015,0.011270482291231287,1.1270482291231287,1089.29
2023-02-06,1072.53,1089.29,1067.24,1089.29,392295500,0.011270482291231287,1.1270482291231287,-0.0215277841529804,-2.15277841529804,1065.84
2023-02-07,1088.07,1092.12,1065.18,1065.84,565279974,-0.0215277841529804,-2.15277841529804,0.005985889064024752,0.5985889064024752,1072.22
2023-02-08,1067.58,1079.51,1063.5,1072.22,452708164,0.005985889064024752,0.5985889064024752,-0.007638357799705342,-0.7638357799705342,1064.03
2023-02-09,1070.07,1075.2,1064.03,1064.03,363991072,-0.007638357799705342,-0.7638357799705342,-0.008204655883762735,-0.8204655883762735,1055.3
2023-02-10,1066.16,1066.28,1054.08,1055.3,385841692,-0.008204655883762735,-0.8204655883762735,-0.010992134937932274,-1.0992134937932274,1043.7
2023-02-13,1050.99,1054.05,1031.7,1043.7,578047487,-0.010992134937932274,-1.0992134937932274,-0.004848136437673567,-0.4848136437673567,1038.64
2023-02-14,1045.14,1046.64,1032.76,1038.64,325253255,-0.004848136437673567,-0.4848136437673567,0.009204344142339949,0.9204344142339949,1048.2
2023-02-15,1037.17,1051.89,1034.39,1048.2,472046511,0.009204344142339949,0.9204344142339949,0.009626025567639696,0.9626025567639696,1058.29
2023-02-16,1051.16,1058.29,1047.45,1058.29,395624947,0.009626025567639696,0.9626025567639696,0.0009638189910137207,0.09638189910137207,1059.31
2023-02-17,1058.99,1062.25,1053.26,1059.31,414090312,0.0009638189910137207,0.09638189910137207,0.025847013622074755,2.5847013622074755,1086.69
2023-02-20,1059.74,1088.01,1059.56,1086.69,603720812,0.025847013622074755,2.5847013622074755,-0.00410420635139741,-0.41042063513974103,1082.23
2023-02-21,1089.74,1095.1,1081.8,1082.23,635036875,-0.00410420635139741,-0.41042063513974103,-0.02582630309638434,-2.582630309638434,1054.28
2023-02-22,1073.62,1073.93,1054.28,1054.28,742873929,-0.02582630309638434,-2.582630309638434,-0.0005880790681791481,-0.05880790681791481,1053.66
2023-02-23,1053.95,1054.48,1030.58,1053.66,601815220,-0.0005880790681791481,-0.05880790681791481,-0.01338192585843645,-1.338192585843645,1039.56
2023-02-24,1051.58,1052.49,1034.66,1039.56,380927906,-0.01338192585843645,-1.338192585843645,-0.017613220978106026,-1.7613220978106026,1021.25
2023-02-27,1029.55,1031.59,1017.55,1021.25,488187762,-0.017613220978106026,-1.7613220978106026,0.0033586291309670724,0.33586291309670724,1024.68
2023-02-28,1027.74,1034.36,1018.72,1024.68,344385802,0.0033586291309670724,0.33586291309670724,0.015487762033024932,1.5487762033024932,1040.55
2023-03-01,1023.29,1040.55,1013.37,1040.55,451887043,0.015487762033024932,1.5487762033024932,-0.0028254288597376886,-0.28254288597376886,1037.61
2023-03-02,1039.0,1043.8,1033.07,1037.61,306963389,-0.0028254288597376886,-0.28254288597376886,-0.012374591609564223,-1.2374591609564223,1024.77
2023-03-03,1038.1,1041.82,1022.78,1024.77,370374610,-0.012374591609564223,-1.2374591609564223,0.0023517472213276935,0.23517472213276935,1027.18
2023-03-06,1032.68,1042.43,1026.73,1027.18,374784462,0.0023517472213276935,0.23517472213276935,0.010377927919157148,1.0377927919157148,1037.84
2023-03-07,1033.96,1043.92,1033.32,1037.84,410803657,0.010377927919157148,1.0377927919157148,0.010926539736375585,1.0926539736375585,1049.18
2023-03-08,1028.77,1049.18,1027.8,1049.18,465169105,0.010926539736375585,1.0926539736375585,0.006452658266455691,0.6452658266455691,1055.95
2023-03-09,1050.61,1060.56,1049.45,1055.95,539118977,0.006452658266455691,0.6452658266455691,-0.002793692883185761,-0.2793692883185761,1053.0
2023-03-10,1050.53,1053.86,1046.31,1053.0,436309809,-0.002793692883185761,-0.2793692883185761,-0.00018993352326690527,-0.018993352326690527,1052.8
2023-03-13,1046.95,1055.58,1045.46,1052.8,505863805,-0.00018993352326690527,-0.018993352326690527,-0.01203457446808498,-1.203457446808498,1040.13
2023-03-14,1049.3,1051.56,1034.72,1040.13,535172436,-0.01203457446808498,-1.203457446808498,0.021208887350619543,2.1208887350619543,1062.19
2023-03-15,1052.06,1062.55,1049.26,1062.19,534049436,0.021208887350619543,2.1208887350619543,-0.013924062550014549,-1.3924062550014549,1047.4
2023-03-16,1056.15,1058.73,1043.65,1047.4,450886053,-0.013924062550014549,-1.3924062550014549,-0.002157723887721952,-0.21577238877219518,1045.14
2023-03-17,1053.37,1055.42,1043.54,1045.14,478768177,-0.002157723887721952,-0.21577238877219518,-0.021088083893067044,-2.1088083893067044,1023.1
2023-03-20,1041.91,1042.6,1022.71,1023.1,458008396,-0.021088083893067044,-2.1088083893067044,0.009119343172710348,0.9119343172710348,1032.43
2023-03-21,1028.83,1036.15,1017.05,1032.43,369349957,0.009119343172710348,0.9119343172710348,0.007855254109237375,0.7855254109237375,1040.54
2023-03-22,1035.84,1042.84,1033.73,1040.54,368600650,0.007855254109237375,0.7855254109237375,0.004382339938877822,0.43823399388778217,1045.1
2023-03-23,1035.33,1045.1,1030.93,1045.1,359367516,0.004382339938877822,0.43823399388778217,0.0016170701368289908,0.16170701368289908,1046.79
2023-03-24,1047.1,1052.29,1044.02,1046.79,492024379,0.0016170701368289908,0.16170701368289908,0.005215945891726248,0.5215945891726248,1052.25
2023-03-27,1047.78,1053.78,1041.99,1052.25,499268427,0.005215945891726248,0.5215945891726248,0.0019387027797577172,0.19387027797577172,1054.29
2023-03-28,1055.57,1059.83,1051.75,1054.29,569426119,0.0019387027797577172,0.19387027797577172,0.0019349514839370752,0.19349514839370752,1056.33
2023-03-29,1055.18,1056.33,1048.26,1056.33,406337846,0.0019349514839370752,0.19349514839370752,0.002944155708916929,0.2944155708916929,1059.44
2023-03-30,1061.32,1066.23,1058.89,1059.44,545987403,0.002944155708916929,0.2944155708916929,0.0049082534168995995,0.49082534168995995,1064.64
2023-03-31,1060.0,1067.55,1059.85,1064.64,563211648,0.0049082534168995995,0.49082534168995995,0.013751127141568897,1.3751127141568897,1079.28
2023-04-03,1074.69,1079.28,1071.62,1079.28,761882248,0.013751127141568897,1.3751127141568897,-0.0007690312059891458,-0.07690312059891458,1078.45
2023-04-04,1081.36,1082.21,1075.1,1078.45,732795030,-0.0007690312059891458,-0.07690312059891458,0.0022346886735591376,0.22346886735591376,1080.86
2023-04-05,1079.06,1080.86,1074.1,1080.86,696512807,0.0022346886735591376,0.22346886735591376,-0.00920563255185669,-0.9205632551856691,1070.91
2023-04-06,1083.27,1084.52,1070.91,1070.91,942408869,-0.00920563255185669,-0.9205632551856691,-0.0011205423424938132,-0.11205423424938132,1069.71
2023-04-07,1071.09,1072.94,1063.7,1069.71,592943658,-0.0011205423424938132,-0.11205423424938132,-0.00407587103046636,-0.40758710304663603,1065.35
2023-04-10,1073.86,1075.54,1063.45,1065.35,774551045,-0.00407587103046636,-0.40758710304663603,0.003857887079363742,0.3857887079363742,1069.46
2023-04-11,1063.64,1070.56,1056.9,1069.46,634178633,0.003857887079363742,0.3857887079363742,-9.350513343164835e-06,-0.0009350513343164835,1069.45
2023-04-12,1071.61,1072.7,1066.43,1069.45,653032406,-9.350513343164835e-06,-0.0009350513343164835,-0.004815559399691471,-0.48155593996914714,1064.3
2023-04-13,1070.96,1070.96,1062.26,1064.3,587279674,-0.004815559399691471,-0.48155593996914714,-0.010720661467631176,-1.0720661467631176,1052.89
2023-04-14,1067.21,1068.79,1052.89,1052.89,714026518,-0.010720661467631176,-1.0720661467631176,0.0008737854856630811,0.08737854856630811,1053.81
2023-04-17,1052.99,1054.72,1049.11,1053.81,399822299,0.0008737854856630811,0.08737854856630811,0.0011482145737846672,0.11482145737846672,1055.02
2023-04-18,1055.85,1057.15,1050.89,1055.02,486767389,0.0011482145737846672,0.11482145737846672,-0.005725009952417981,-0.5725009952417981,1048.98
2023-04-19,1057.88,1058.14,1047.47,1048.98,485131148,-0.005725009952417981,-0.5725009952417981,0.0002573928959559435,0.02573928959559435,1049.25
2023-04-20,1050.02,1051.86,1045.85,1049.25,324438225,0.0002573928959559435,0.02573928959559435,-0.006042411246128143,-0.6042411246128143,1042.91
2023-04-21,1050.1,1050.4,1041.26,1042.91,506699323,-0.006042411246128143,-0.6042411246128143,-0.0014862260405981154,-0.14862260405981154,1041.36
2023-04-24,1045.28,1047.18,1038.36,1041.36,439489141,-0.0014862260405981154,-0.14862260405981154,-0.0062514404240607835,-0.6251440424060783,1034.85
2023-04-25,1045.87,1045.87,1032.49,1034.85,477297616,-0.0062514404240607835,-0.6251440424060783,0.005749625549596571,0.5749625549596571,1040.8
2023-04-26,1034.02,1040.8,1029.19,1040.8,421775639,0.005749625549596571,0.5749625549596571,-0.0011241352805532179,-0.11241352805532179,1039.63
2023-04-27,1041.39,1044.25,1037.62,1039.63,456952522,-0.0011241352805532179,-0.11241352805532179,0.009128247549608837,0.9128247549608837,1049.12
2023-04-28,1043.17,1049.12,1042.04,1049.12,565502199,0.009128247549608837,0.9128247549608837,-0.008111560164709486,-0.8111560164709486,1040.61
2023-05-04,1046.05,1048.16,1038.18,1040.61,562692030,-0.008111560164709486,-0.8111560164709486,-0.0002882924438549761,-0.02882924438549761,1040.31
2023-05-05,1040.12,1043.22,1036.69,1040.31,433301354,-0.0002882924438549761,-0.02882924438549761,0.012621237900241278,1.2621237900241278,1053.44
2023-05-08,1043.44,1053.44,1043.44,1053.44,584061271,0.012621237900241278,1.2621237900241278,0.00031325941676785263,0.03132594167678526,1053.77
2023-05-09,1055.42,1058.71,1052.68,1053.77,494560113,0.00031325941676785263,0.03132594167678526,0.0042608918454691835,0.42608918454691835,1058.26
2023-05-10,1055.62,1058.67,1053.34,1058.26,642043890,0.0042608918454691835,0.42608918454691835,-0.0010772399977322378,-0.10772399977322378,1057.12
2023-05-11,1060.75,1063.69,1056.72,1057.12,669387113,-0.0010772399977322378,-0.10772399977322378,0.009251551384894974,0.9251551384894974,1066.9
2023-05-12,1057.7,1066.9,1053.97,1066.9,675214868,0.009251551384894974,0.9251551384894974,-0.0011153810104039819,-0.11153810104039819,1065.71
2023-05-15,1074.82,1076.32,1065.71,1065.71,762161980,-0.0011153810104039819,-0.11153810104039819,0.0001876683150201508,0.01876683150201508,1065.91
2023-05-16,1068.51,1069.27,1063.65,1065.91,582357907,0.0001876683150201508,0.01876683150201508,-0.005131765346042427,-0.5131765346042427,1060.44
2023-05-17,1066.27,1069.95,1060.44,1060.44,743431551,-0.005131765346042427,-0.5131765346042427,0.007421447700954209,0.7421447700954209,1068.31
2023-05-18,1063.66,1073.41,1060.94,1068.31,578415860,0.007421447700954209,0.7421447700954209,-0.0011607117784163679,-0.11607117784163679,1067.07
2023-05-19,1070.13,1070.15,1058.56,1067.07,649620819,-0.0011607117784163679,-0.11607117784163679,0.0033456099412412232,0.3345609941241223,1070.64
2023-05-22,1067.32,1070.64,1065.88,1070.64,623716964,0.0033456099412412232,0.3345609941241223,-0.004473959500859492,-0.44739595008594923,1065.85
2023-05-23,1073.12,1073.96,1062.15,1065.85,653341933,-0.004473959500859492,-0.44739595008594923,-0.0038091663930196473,-0.38091663930196473,1061.79
2023-05-24,1069.13,1069.61,1060.6,1061.79,671873653,-0.0038091663930196473,-0.38091663930196473,0.0026747285244730357,0.26747285244730357,1064.63
2023-05-25,1062.03,1065.5,1057.91,1064.63,603883481,0.0026747285244730357,0.26747285244730357,-0.0008171853132075135,-0.08171853132075135,1063.76
2023-05-26,1067.24,1067.28,1063.76,1063.76,585687066,-0.0008171853132075135,-0.08171853132075135,0.010547491915469775,1.0547491915469775,1074.98
2023-05-29,1067.34,1077.18,1067.27,1074.98,726721589,0.010547491915469775,1.0547491915469775,0.002855867085899133,0.2855867085899133,1078.05
2023-05-30,1078.82,1079.31,1071.01,1078.05,803342265,0.002855867085899133,0.2855867085899133,-0.0026714901906218502,-0.267149019062185,1075.17
2023-05-31,1078.39,1079.11,1071.38,1075.17,848883278,-0.0026714901906218502,-0.267149019062185,0.0029948752290336333,0.29948752290336333,1078.39
2023-06-01,1076.27,1078.39,1071.61,1078.39,800986902,0.0029948752290336333,0.29948752290336333,0.011544988362280684,1.1544988362280684,1090.84
2023-06-02,1084.19,1092.24,1083.36,1090.84,949003221,0.011544988362280684,1.1544988362280684,0.006398738586777197,0.6398738586777197,1097.82
2023-06-05,1100.2,1103.81,1096.76,1097.82,877700529,0.006398738586777197,0.6398738586777197,0.009555300504636488,0.9555300504636488,1108.31
2023-06-06,1099.99,1108.31,1098.28,1108.31,767663752,0.009555300504636488,0.9555300504636488,0.0011097978002545528,0.11097978002545528,1109.54
2023-06-07,1111.67,1112.28,1104.26,1109.54,909508073,0.0011097978002545528,0.11097978002545528,-0.007408475584476437,-0.7408475584476437,1101.32
2023-06-08,1111.86,1115.14,1101.32,1101.32,1191167261,-0.007408475584476437,-0.7408475584476437,0.005638688119711022,0.5638688119711022,1107.53
2023-06-09,1103.11,1107.53,1097.23,1107.53,826887389,0.005638688119711022,0.5638688119711022,0.0076657065722824935,0.7665706572282494,1116.02
2023-06-12,1110.26,1116.02,1100.08,1116.02,712022071,0.0076657065722824935,0.7665706572282494,0.005770505904912238,0.5770505904912238,1122.46
2023-06-13,1117.43,1122.46,1116.1,1122.46,857714144,0.005770505904912238,0.5770505904912238,-0.004490137733193178,-0.4490137733193178,1117.42
2023-06-14,1124.56,1129.49,1117.42,1117.42,829498595,-0.004490137733193178,-0.4490137733193178,-0.00040271339335262724,-0.040271339335262724,1116.97
2023-06-15,1117.06,1120.13,1112.11,1116.97,663782466,-0.00040271339335262724,-0.040271339335262724,-0.0015667385874285067,-0.15667385874285067,1115.22
2023-06-16,1121.92,1128.92,1112.51,1115.22,1054947020,-0.0015667385874285067,-0.15667385874285067,-0.008805437492154011,-0.8805437492154011,1105.4
2023-06-19,1115.68,1117.23,1104.73,1105.4,709208551,-0.008805437492154011,-0.8805437492154011,0.005717387371087401,0.5717387371087401,1111.72
2023-06-20,1105.75,1111.72,1102.58,1111.72,579184745,0.005717387371087401,0.5717387371087401,0.006062677652646453,0.6062677652646453,1118.46
2023-06-21,1112.73,1118.46,1110.65,1118.46,778113811,0.006062677652646453,0.6062677652646453,0.0061155517407862625,0.6115551740786263,1125.3
2023-06-22,1126.21,1127.54,1122.27,1125.3,807623528,0.0061155517407862625,0.6115551740786263,0.003625699813383232,0.3625699813383232,1129.38
2023-06-23,1126.4,1130.61,1122.62,1129.38,829820153,0.003625699813383232,0.3625699813383232,0.002346420159733631,0.2346420159733631,1132.03
2023-06-26,1130.08,1134.0,1119.95,1132.03,926624935,0.002346420159733631,0.2346420159733631,0.002031748275222345,0.20317482752223448,1134.33
2023-06-27,1134.55,1136.49,1128.82,1134.33,619564674,0.002031748275222345,0.20317482752223448,0.003543942239030873,0.3543942239030873,1138.35
2023-06-28,1137.18,1140.56,1131.86,1138.35,751202539,0.003543942239030873,0.3543942239030873,-0.01138489919620489,-1.138489919620489,1125.39
2023-06-29,1139.42,1140.43,1125.39,1125.39,813877038,-0.01138489919620489,-1.138489919620489,-0.00462950621562308,-0.46295062156230804,1120.18
2023-06-30,1124.3,1126.33,1120.01,1120.18,520965834,-0.00462950621562308,-0.46295062156230804,0.0047492367298112015,0.47492367298112015,1125.5
2023-07-03,1125.55,1128.35,1121.17,1125.5,482330417,0.0047492367298112015,0.47492367298112015,0.005775211017325699,0.5775211017325699,1132.0
2023-07-04,1127.11,1132.12,1123.49,1132.0,621589939,0.005775211017325699,0.5775211017325699,0.002314487632508744,0.23144876325087438,1134.62
2023-07-05,1136.64,1138.67,1133.45,1134.62,714171068,0.002314487632508744,0.23144876325087438,-0.007403359715146829,-0.7403359715146829,1126.22
2023-07-06,1133.7,1135.81,1122.35,1126.22,842931087,-0.007403359715146829,-0.7403359715146829,0.01052192289250753,1.052192289250753,1138.07
2023-07-07,1124.98,1138.07,1122.94,1138.07,690911706,0.01052192289250753,1.052192289250753,0.00962155227710082,0.962155227710082,1149.02
2023-07-10,1142.61,1149.02,1140.03,1149.02,781792879,0.00962155227710082,0.962155227710082,0.0023933438930567874,0.23933438930567874,1151.77
2023-07-11,1151.13,1157.01,1149.69,1151.77,816539478,0.0023933438930567874,0.23933438930567874,0.002109796226677174,0.21097962266771741,1154.2
2023-07-12,1154.37,1157.43,1149.28,1154.2,662915644,0.002109796226677174,0.21097962266771741,0.009721018887541177,0.9721018887541177,1165.42
2023-07-13,1159.88,1165.42,1158.15,1165.42,738388049,0.009721018887541177,0.9721018887541177,0.0025570180707383816,0.25570180707383816,1168.4
2023-07-14,1169.2,1169.84,1156.28,1168.4,940146669,0.0025570180707383816,0.25570180707383816,0.004048271140020487,0.40482711400204874,1173.13
2023-07-17,1171.75,1174.89,1168.77,1173.13,823237013,0.004048271140020487,0.40482711400204874,0.0008183236299470487,0.08183236299470487,1174.09
2023-07-18,1173.23,1175.7,1170.04,1174.09,729194875,0.0008183236299470487,0.08183236299470487,-0.0009454130432929864,-0.09454130432929864,1172.98
2023-07-19,1177.5,1178.55,1172.98,1172.98,776854252,-0.0009454130432929864,-0.09454130432929864,-0.0001449300073318449,-0.014493000733184491,1172.81
2023-07-20,1171.83,1174.39,1166.62,1172.81,713194602,-0.0001449300073318449,-0.014493000733184491,0.011161228161424397,1.1161228161424397,1185.9
2023-07-21,1173.21,1185.9,1172.07,1185.9,872012954,0.011161228161424397,1.1161228161424397,0.0040644236444893345,0.40644236444893345,1190.72
2023-07-24,1190.74,1193.22,1183.39,1190.72,960584502,0.0040644236444893345,0.40644236444893345,0.004350309056705193,0.4350309056705193,1195.9
2023-07-25,1194.45,1199.27,1193.34,1195.9,884463624,0.004350309056705193,0.4350309056705193,0.004130780165565451,0.4130780165565451,1200.84
2023-07-26,1195.5,1200.84,1195.44,1200.84,816580555,0.004130780165565451,0.4130780165565451,-0.0029229539322473963,-0.29229539322473963,1197.33
2023-07-27,1201.69,1203.69,1191.08,1197.33,1044856216,-0.0029229539322473963,-0.29229539322473963,0.008635881503010978,0.8635881503010978,1207.67
2023-07-28,1197.32,1207.67,1195.86,1207.67,1018968754,0.008635881503010978,0.8635881503010978,0.012611060968642063,1.2611060968642063,1222.9
2023-07-31,1219.66,1224.81,1212.81,1222.9,1076364086,0.012611060968642063,1.2611060968642063,-0.004366669392427913,-0.4366669392427913,1217.56
2023-08-01,1230.32,1234.5,1217.56,1217.56,1156851607,-0.004366669392427913,-0.4366669392427913,0.002357173363119802,0.23571733631198022,1220.43
2023-08-02,1217.17,1223.04,1213.18,1220.43,813384734,0.002357173363119802,0.23571733631198022,-0.0077677539883483915,-0.7767753988348391,1210.95
2023-08-03,1219.73,1222.35,1209.06,1210.95,935942395,-0.0077677539883483915,-0.7767753988348391,0.012411742846525353,1.2411742846525353,1225.98
2023-08-04,1216.27,1228.12,1214.17,1225.98,1051204937,0.012411742846525353,1.2411742846525353,0.012594006427511184,1.2594006427511184,1241.42
2023-08-07,1233.1,1241.42,1230.38,1241.42,1069565143,0.012594006427511184,1.2594006427511184,0.0006524786132009464,0.06524786132009464,1242.23
2023-08-08,1244.35,1246.22,1239.01,1242.23,1055127603,0.0006524786132009464,0.06524786132009464,-0.006633232171176062,-0.6633232171176062,1233.99
2023-08-09,1240.68,1241.96,1231.28,1233.99,963201423,-0.006633232171176062,-0.6633232171176062,-0.010842875550045039,-1.084287555004504,1220.61
2023-08-10,1236.51,1238.19,1220.61,1220.61,932188428,-0.010842875550045039,-1.084287555004504,0.009503444998812283,0.9503444998812283,1232.21
2023-08-11,1228.92,1232.21,1213.37,1232.21,938402362,0.009503444998812283,0.9503444998812283,0.0037574764041843345,0.37574764041843345,1236.84
2023-08-14,1237.14,1239.61,1229.04,1236.84,993030302,0.0037574764041843345,0.37574764041843345,-0.0022557485204229843,-0.22557485204229843,1234.05
2023-08-15,1239.42,1239.42,1230.58,1234.05,811761959,-0.0022557485204229843,-0.22557485204229843,0.007463230825331291,0.7463230825331291,1243.26
2023-08-16,1239.95,1243.48,1235.27,1243.26,816831815,0.007463230825331291,0.7463230825331291,-0.007866415713527308,-0.7866415713527308,1233.48
2023-08-17,1242.58,1243.98,1233.48,1233.48,1011505421,-0.007866415713527308,-0.7866415713527308,-0.04498654214093456,-4.498654214093456,1177.99
2023-08-18,1227.02,1228.98,1177.74,1177.99,1583522435,-0.04498654214093456,-4.498654214093456,0.0015025594444775248,0.15025594444775248,1179.76
2023-08-21,1177.01,1188.16,1164.63,1179.76,961714839,0.0015025594444775248,0.15025594444775248,0.0006187699193056506,0.06187699193056506,1180.49
2023-08-22,1183.92,1184.43,1149.13,1180.49,933784657,0.0006187699193056506,0.06187699193056506,-0.00671754949216008,-0.671754949216008,1172.56
2023-08-23,1192.96,1193.79,1168.89,1172.56,620730150,-0.00671754949216008,-0.671754949216008,0.014353210070273681,1.435321007027368,1189.39
2023-08-24,1175.2,1189.99,1171.33,1189.39,737567928,0.014353210070273681,1.435321007027368,-0.0050614180378179,-0.50614180378179,1183.37
2023-08-25,1188.99,1192.59,1181.6,1183.37,774848913,-0.0050614180378179,-0.50614180378179,0.01550656176850862,1.550656176850862,1201.72
2023-08-28,1189.43,1202.02,1189.43,1201.72,713247349,0.01550656176850862,1.550656176850862,0.002255101021868766,0.22551010218687662,1204.43
2023-08-29,1204.75,1208.78,1197.57,1204.43,848040448,0.002255101021868766,0.22551010218687662,0.007248241906960162,0.7248241906960162,1213.16
2023-08-30,1206.1,1213.52,1203.51,1213.16,799265566,0.007248241906960162,0.7248241906960162,0.008976557090573323,0.8976557090573323,1224.05
2023-08-31,1216.0,1224.84,1214.39,1224.05,852855777,0.008976557090573323,0.8976557090573323,0.008929373800089957,0.8929373800089957,1234.98
2023-09-05,1231.43,1236.21,1228.7,1234.98,926699196,0.008929373800089957,0.8929373800089957,0.008518356572576158,0.8518356572576158,1245.5
2023-09-06,1237.07,1245.5,1229.89,1245.5,1009683101,0.008518356572576158,0.8518356572576158,-0.0018948213568846795,-0.18948213568846795,1243.14
2023-09-07,1248.91,1255.11,1240.82,1243.14,1034363991,-0.0018948213568846795,-0.18948213568846795,-0.001335328281609538,-0.1335328281609538,1241.48
2023-09-08,1242.28,1248.1,1240.15,1241.48,920806719,-0.001335328281609538,-0.1335328281609538,-0.014378000451074402,-1.4378000451074402,1223.63
2023-09-11,1250.48,1251.37,1223.33,1223.63,1242292544,-0.014378000451074402,-1.4378000451074402,0.017824015429500628,1.7824015429500628,1245.44
2023-09-12,1227.16,1245.44,1220.85,1245.44,832491088,0.017824015429500628,1.7824015429500628,-0.005660650051387384,-0.5660650051387384,1238.39
2023-09-13,1248.94,1250.61,1232.84,1238.39,1126481442,-0.005660650051387384,-0.5660650051387384,-0.011773350883001465,-1.1773350883001465,1223.81
2023-09-14,1238.19,1244.21,1223.03,1223.81,1110222861,-0.011773350883001465,-1.1773350883001465,0.002900777081409567,0.2900777081409567,1227.36
2023-09-15,1228.87,1233.87,1220.27,1227.36,822519558,0.002900777081409567,0.2900777081409567,-0.012669469430321989,-1.266946943032199,1211.81
2023-09-18,1225.6,1226.56,1203.88,1211.81,716585507,-0.012669469430321989,-1.266946943032199,-0.00025581568067600813,-0.025581568067600813,1211.5
2023-09-19,1215.96,1219.57,1199.85,1211.5,831441539,-0.00025581568067600813,-0.025581568067600813,0.012059430458109643,1.2059430458109643,1226.11
2023-09-20,1212.7,1226.11,1209.46,1226.11,722191241,0.012059430458109643,1.2059430458109643,-0.010904404988133165,-1.0904404988133165,1212.74
2023-09-21,1226.79,1227.88,1211.65,1212.74,863512780,-0.010904404988133165,-1.0904404988133165,-0.016235961541633093,-1.6235961541633093,1193.05
2023-09-22,1197.49,1199.13,1174.57,1193.05,1236490782,-0.016235961541633093,-1.6235961541633093,-0.033401785340094636,-3.3401785340094636,1153.2
2023-09-25,1190.58,1195.62,1153.2,1153.2,936520475,-0.033401785340094636,-3.3401785340094636,-0.013215400624349671,-1.3215400624349671,1137.96
2023-09-26,1150.94,1163.52,1137.96,1137.96,897032340,-0.013215400624349671,-1.3215400624349671,0.01396358395725672,1.396358395725672,1153.85
2023-09-27,1139.76,1153.85,1126.36,1153.85,719877728,0.01396358395725672,1.396358395725672,-0.0012306625644580294,-0.12306625644580294,1152.43
2023-09-28,1153.74,1155.39,1136.99,1152.43,603271137,-0.0012306625644580294,-0.12306625644580294,0.0014924984597763924,0.14924984597763924,1154.15
2023-09-29,1157.76,1163.88,1152.45,1154.15,490698501,0.0014924984597763924,0.14924984597763924,0.0009530823549797063,0.09530823549797063,1155.25
2023-10-02,1155.07,1161.48,1149.63,1155.25,432841811,0.0009530823549797063,0.09530823549797063,-0.032157541657649946,-3.2157541657649946,1118.1
2023-10-03,1145.85,1146.59,1117.28,1118.1,879751841,-0.032157541657649946,-3.2157541657649946,0.0094535372506932,0.94535372506932,1128.67
2023-10-04,1106.61,1133.79,1106.4,1128.67,609105878,0.0094535372506932,0.94535372506932,-0.013095058786004699,-1.3095058786004699,1113.89
2023-10-05,1131.29,1133.12,1113.89,1113.89,512428619,-0.013095058786004699,-1.3095058786004699,0.013152106581439726,1.3152106581439726,1128.54
2023-10-06,1115.23,1129.13,1107.4,1128.54,539729169,0.013152106581439726,1.3152106581439726,0.00781540751767773,0.781540751767773,1137.36
2023-10-09,1130.25,1137.36,1127.03,1137.36,512236036,0.00781540751767773,0.781540751767773,0.005565520151930903,0.5565520151930903,1143.69
2023-10-10,1143.6,1150.34,1141.97,1143.69,593794892,0.005565520151930903,0.5565520151930903,0.006225463193697545,0.6225463193697545,1150.81
2023-10-11,1146.2,1150.81,1138.22,1150.81,466190895,0.006225463193697545,0.6225463193697545,0.0006951625376907522,0.06951625376907522,1151.61
2023-10-12,1155.12,1156.73,1148.11,1151.61,573657380,0.0006951625376907522,0.06951625376907522,0.0027092505275223555,0.27092505275223555,1154.73
2023-10-13,1145.03,1155.1,1138.99,1154.73,550270198,0.0027092505275223555,0.27092505275223555,-0.011526504031245333,-1.1526504031245333,1141.42
2023-10-16,1152.69,1157.46,1140.64,1141.42,579368110,-0.011526504031245333,-1.1526504031245333,-0.017320530567188186,-1.7320530567188186,1121.65
2023-10-17,1145.34,1147.89,1121.65,1121.65,526675209,-0.017320530567188186,-1.7320530567188186,-0.016270672669727593,-1.6270672669727593,1103.4
2023-10-18,1123.73,1125.27,1088.87,1103.4,869615115,-0.016270672669727593,-1.6270672669727593,-0.014092804060177766,-1.4092804060177766,1087.85
2023-10-19,1102.93,1103.65,1087.85,1087.85,565321311,-0.014092804060177766,-1.4092804060177766,0.018550351610975735,1.8550351610975735,1108.03
2023-10-20,1085.83,1108.16,1073.73,1108.03,551429250,0.018550351610975735,1.8550351610975735,-0.013086288277393221,-1.308628827739322,1093.53
2023-10-23,1106.56,1106.8,1086.54,1093.53,454989854,-0.013086288277393221,-1.308628827739322,0.01131198961162494,1.131198961162494,1105.9
2023-10-24,1095.42,1107.3,1088.17,1105.9,402534037,0.01131198961162494,1.131198961162494,-0.003833981372637685,-0.3833981372637685,1101.66
2023-10-25,1106.41,1111.39,1100.64,1101.66,439725814,-0.003833981372637685,-0.3833981372637685,-0.04194579089737305,-4.194579089737305,1055.45
2023-10-26,1082.8,1083.22,1049.71,1055.45,1039942289,-0.04194579089737305,-4.194579089737305,0.004898384575299453,0.48983845752994526,1060.62
2023-10-27,1059.41,1061.87,1037.46,1060.62,578821510,0.004898384575299453,0.48983845752994526,-0.01717863136655895,-1.717863136655895,1042.4
2023-10-30,1054.03,1060.39,1042.4,1042.4,415365664,-0.01717863136655895,-1.717863136655895,-0.013632003069838916,-1.3632003069838916,1028.19
2023-10-31,1045.6,1046.17,1025.03,1028.19,648004448,-0.013632003069838916,-1.3632003069838916,0.01115552572968026,1.115552572968026,1039.66
2023-11-01,1029.0,1039.66,1020.01,1039.66,539972091,0.01115552572968026,1.115552572968026,0.03444395283073298,3.4443952830732982,1075.47
2023-11-02,1048.62,1075.47,1045.14,1075.47,667009654,0.03444395283073298,3.4443952830732982,0.0012180720987102767,0.12180720987102767,1076.78
2023-11-03,1081.35,1082.23,1071.11,1076.78,649923945,0.0012180720987102767,0.12180720987102767,0.011961589182562848,1.1961589182562848,1089.66
2023-11-06,1082.21,1089.66,1081.01,1089.66,508936305,0.011961589182562848,1.1961589182562848,-0.008599012536020467,-0.8599012536020467,1080.29
2023-11-07,1086.68,1089.89,1079.42,1080.29,480141780,-0.008599012536020467,-0.8599012536020467,0.03067694785659425,3.067694785659425,1113.43
2023-11-08,1079.14,1113.43,1075.8,1113.43,800215243,0.03067694785659425,3.067694785659425,0.0004131377814502457,0.04131377814502457,1113.89
2023-11-09,1116.42,1124.78,1112.13,1113.89,928460378,0.0004131377814502457,0.04131377814502457,-0.010961585075725644,-1.0961585075725644,1101.68
2023-11-10,1105.75,1116.02,1101.23,1101.68,877008662,-0.010961585075725644,-1.0961585075725644,-0.00146140440055198,-0.146140440055198,1100.07
2023-11-13,1103.66,1107.91,1093.19,1100.07,663473944,-0.00146140440055198,-0.146140440055198,0.008781259374403438,0.8781259374403438,1109.73
2023-11-14,1109.08,1115.6,1101.67,1109.73,703358836,0.008781259374403438,0.8781259374403438,0.01150730357834795,1.150730357834795,1122.5
2023-11-15,1124.56,1132.75,1118.74,1122.5,800661750,0.01150730357834795,1.150730357834795,0.002699331848552422,0.2699331848552422,1125.53
2023-11-16,1119.98,1125.53,1114.97,1125.53,555157978,0.002699331848552422,0.2699331848552422,-0.021625367604595103,-2.1625367604595103,1101.19
2023-11-17,1128.14,1129.84,1096.16,1101.19,1066006039,-0.021625367604595103,-2.1625367604595103,0.0022430279969851696,0.22430279969851696,1103.66
2023-11-20,1085.4,1111.26,1085.32,1103.66,688468182,0.0022430279969851696,0.22430279969851696,0.00616131779714757,0.616131779714757,1110.46
2023-11-21,1112.61,1112.77,1103.79,1110.46,552332579,0.00616131779714757,0.616131779714757,0.0030257731030383095,0.30257731030383095,1113.82
2023-11-22,1111.35,1115.47,1103.26,1113.82,755210854,0.0030257731030383095,0.30257731030383095,-0.022741556086261605,-2.2741556086261605,1088.49
2023-11-23,1117.71,1118.54,1088.49,1088.49,899564966,-0.022741556086261605,-2.2741556086261605,0.006541171714944394,0.6541171714944394,1095.61
2023-11-24,1090.97,1095.61,1073.31,1095.61,821052812,0.006541171714944394,0.6541171714944394,-0.00689113827000476,-0.689113827000476,1088.06
2023-11-27,1095.59,1096.84,1085.69,1088.06,462595978,-0.00689113827000476,-0.689113827000476,0.006773523518923685,0.6773523518923685,1095.43
2023-11-28,1088.6,1095.43,1076.45,1095.43,548105206,0.006773523518923685,0.6773523518923685,0.006727951580657754,0.6727951580657754,1102.8
2023-11-29,1097.28,1105.28,1096.33,1102.8,514743500,0.006727951580657754,0.6727951580657754,-0.007861806311207697,-0.7861806311207697,1094.13
2023-11-30,1101.75,1107.45,1094.13,1094.13,606826839,-0.007861806311207697,-0.7861806311207697,0.007339164450293811,0.7339164450293811,1102.16
2023-12-01,1099.18,1102.2,1090.08,1102.16,518711253,0.007339164450293811,0.7339164450293811,0.016630979168178683,1.6630979168178683,1120.49
2023-12-04,1107.74,1123.96,1106.62,1120.49,984773992,0.016630979168178683,1.6630979168178683,-0.004033949432837414,-0.40339494328374137,1115.97
2023-12-05,1122.28,1124.11,1113.55,1115.97,707845758,-0.004033949432837414,-0.40339494328374137,0.00937301181931427,0.937301181931427,1126.43
2023-12-06,1118.06,1126.43,1116.03,1126.43,738707669,0.00937301181931427,0.937301181931427,-0.004385536606802076,-0.4385536606802076,1121.49
2023-12-07,1128.67,1129.83,1109.51,1121.49,1221764657,-0.004385536606802076,-0.4385536606802076,0.00263042916120515,0.263042916120515,1124.44
2023-12-08,1122.09,1127.46,1119.43,1124.44,689966264,0.00263042916120515,0.263042916120515,0.0009426914730887859,0.09426914730887859,1125.5
2023-12-11,1127.92,1129.15,1120.32,1125.5,570094573,0.0009426914730887859,0.09426914730887859,0.0018924922256775556,0.18924922256775556,1127.63
2023-12-12,1127.55,1129.77,1123.35,1127.63,498413736,0.0018924922256775556,0.18924922256775556,-0.011909934996408467,-1.1909934996408467,1114.2
2023-12-13,1129.94,1131.21,1112.08,1114.2,714276741,-0.011909934996408467,-1.1909934996408467,-0.0036528450906478938,-0.3652845090647894,1110.13
2023-12-14,1119.62,1120.36,1107.86,1110.13,559832758,-0.0036528450906478938,-0.3652845090647894,-0.007053228000324374,-0.7053228000324374,1102.3
2023-12-15,1109.51,1112.79,1102.3,1102.3,641927289,-0.007053228000324374,-0.7053228000324374,-0.009452961988569264,-0.9452961988569264,1091.88
2023-12-18,1103.43,1103.74,1091.45,1091.88,485967620,-0.009452961988569264,-0.9452961988569264,0.0040480638898046095,0.40480638898046095,1096.3
2023-12-19,1091.26,1096.3,1082.29,1096.3,513256942,0.0040480638898046095,0.40480638898046095,0.004068229499224696,0.4068229499224696,1100.76
2023-12-20,1098.1,1102.27,1093.38,1100.76,433798180,0.004068229499224696,0.4068229499224696,0.001517133616773858,0.1517133616773858,1102.43
2023-12-21,1096.22,1102.43,1094.47,1102.43,411137272,0.001517133616773858,0.1517133616773858,0.0005714648549113299,0.05714648549113299,1103.06
2023-12-22,1103.08,1104.65,1099.32,1103.06,457342945,0.0005714648549113299,0.05714648549113299,0.013235907384911094,1.3235907384911094,1117.66
2023-12-25,1104.27,1118.31,1104.27,1117.66,513367086,0.013235907384911094,1.3235907384911094,0.004106794552905191,0.4106794552905191,1122.25
2023-12-26,1120.11,1123.11,1117.93,1122.25,526323287,0.004106794552905191,0.4106794552905191,-0.00023167743372687344,-0.023167743372687344,1121.99
2023-12-27,1123.28,1126.47,1121.99,1121.99,526146731,-0.00023167743372687344,-0.023167743372687344,0.006185438372890983,0.6185438372890983,1128.93
2023-12-28,1122.77,1130.58,1120.5,1128.93,558386951,0.006185438372890983,0.6185438372890983,0.0008857945133888823,0.08857945133888823,1129.93
2023-12-29,1131.75,1135.05,1129.93,1129.93,569745860,0.0008857945133888823,0.08857945133888823,0.0015841689308186968,0.15841689308186968,1131.72
2024-01-02,1136.39,1139.71,1128.69,1131.72,723494585,0.0015841689308186968,0.15841689308186968,0.01100095429965009,1.100095429965009,1144.17
2024-01-03,1130.53,1144.17,1128.32,1144.17,614573860,0.01100095429965009,1.100095429965009,0.00572467378099395,0.572467378099395,1150.72
2024-01-04,1145.49,1160.08,1144.32,1150.72,1071028753,0.00572467378099395,0.572467378099395,0.0034413236929922153,0.34413236929922153,1154.68
2024-01-05,1152.37,1155.84,1149.08,1154.68,699280159,0.0034413236929922153,0.34413236929922153,0.004771884851214159,0.4771884851214159,1160.19
2024-01-08,1159.42,1162.56,1155.48,1160.19,753445865,0.004771884851214159,0.4771884851214159,-0.001379084460303992,-0.1379084460303992,1158.59
2024-01-09,1161.71,1162.83,1155.46,1158.59,740754627,-0.001379084460303992,-0.1379084460303992,0.0025461983963266377,0.25461983963266377,1161.54
2024-01-10,1158.79,1166.1,1155.94,1161.54,865218394,0.0025461983963266377,0.25461983963266377,0.0005854296881726562,0.05854296881726562,1162.22
2024-01-11,1162.49,1169.1,1157.43,1162.22,721808488,0.0005854296881726562,0.05854296881726562,-0.006470375660374117,-0.6470375660374117,1154.7
2024-01-12,1159.25,1161.91,1146.75,1154.7,972347634,-0.006470375660374117,-0.6470375660374117,-0.0005022949683901601,-0.05022949683901601,1154.12
2024-01-15,1159.37,1163.75,1154.12,1154.12,513403043,-0.0005022949683901601,-0.05022949683901601,0.007798149239247154,0.7798149239247154,1163.12
2024-01-16,1150.31,1163.12,1147.71,1163.12,520993518,0.007798149239247154,0.7798149239247154,-0.0005072563450030376,-0.05072563450030376,1162.53
2024-01-17,1161.95,1168.46,1160.45,1162.53,637645718,-0.0005072563450030376,-0.05072563450030376,0.005617059344705133,0.5617059344705133,1169.06
2024-01-18,1164.32,1169.73,1162.62,1169.06,523948655,0.005617059344705133,0.5617059344705133,0.01064102783432852,1.064102783432852,1181.5
2024-01-19,1171.5,1181.5,1171.47,1181.5,578206561,0.01064102783432852,1.064102783432852,0.001151079136690658,0.11510791366906581,1182.86
2024-01-22,1186.29,1186.96,1175.54,1182.86,695005662,0.001151079136690658,0.11510791366906581,-0.004531390020796944,-0.4531390020796944,1177.5
2024-01-23,1183.96,1184.74,1173.78,1177.5,546232894,-0.004531390020796944,-0.4531390020796944,-0.0038471337579617515,-0.38471337579617515,1172.97
2024-01-24,1175.58,1180.3,1172.0,1172.97,585110178,-0.0038471337579617515,-0.38471337579617515,-0.002216595479850425,-0.2216595479850425,1170.37
2024-01-25,1173.58,1173.83,1168.5,1170.37,432026831,-0.002216595479850425,-0.2216595479850425,0.004528482445722348,0.4528482445722348,1175.67
2024-01-26,1173.43,1176.76,1173.43,1175.67,450059721,0.004528482445722348,0.4528482445722348,1.701157637779005e-05,0.001701157637779005,1175.69
2024-01-29,1177.23,1180.46,1174.88,1175.69,499332696,1.701157637779005e-05,0.001701157637779005,0.0033682348238055493,0.33682348238055493,1179.65
2024-01-30,1176.02,1179.92,1174.13,1179.65,522946236,0.0033682348238055493,0.33682348238055493,-0.013003857076251513,-1.3003857076251513,1164.31
2024-01-31,1181.62,1182.53,1163.13,1164.31,955418532,-0.013003857076251513,-1.3003857076251513,0.007480825553332071,0.7480825553332071,1173.02
2024-02-01,1162.78,1174.5,1162.45,1173.02,531547216,0.007480825553332071,0.7480825553332071,-0.0004006751803038444,-0.04006751803038444,1172.55
2024-02-02,1173.93,1178.27,1169.7,1172.55,734972309,-0.0004006751803038444,-0.04006751803038444,0.011521896720822156,1.1521896720822156,1186.06
2024-02-05,1174.22,1188.45,1173.54,1186.06,722125440,0.011521896720822156,1.1521896720822156,0.0020403689526669044,0.20403689526669044,1188.48
2024-02-06,1189.08,1190.92,1185.68,1188.48,526235527,0.0020403689526669044,0.20403689526669044,0.008456179321486124,0.8456179321486124,1198.53
2024-02-07,1190.51,1199.52,1190.5,1198.53,614452225,0.008456179321486124,0.8456179321486124,0.00331239101232339,0.331239101232339,1202.5
2024-02-15,1203.08,1207.56,1198.81,1202.5,784034166,0.00331239101232339,0.331239101232339,0.0059875259875259434,0.5987525987525943,1209.7
2024-02-16,1204.9,1210.25,1204.29,1209.7,732603874,0.0059875259875259434,0.5987525987525943,0.012622964371331813,1.2622964371331813,1224.97
2024-02-19,1213.24,1225.48,1212.58,1224.97,898027299,0.012622964371331813,1.2622964371331813,0.0041552038009093906,0.41552038009093906,1230.06
2024-02-20,1227.75,1230.47,1222.66,1230.06,772746057,0.0041552038009093906,0.41552038009093906,-1.62593694615909e-05,-0.00162593694615909,1230.04
2024-02-21,1231.78,1234.22,1222.92,1230.04,808511856,-1.62593694615909e-05,-0.00162593694615909,-0.0022194400182108387,-0.22194400182108387,1227.31
2024-02-22,1229.85,1232.09,1226.15,1227.31,740122330,-0.0022194400182108387,-0.22194400182108387,-0.012474435961574493,-1.2474435961574493,1212.0
2024-02-23,1230.3,1240.81,1211.55,1212.0,1225443829,-0.012474435961574493,-1.2474435961574493,0.01004125412541268,1.004125412541268,1224.17
2024-02-26,1212.93,1225.21,1210.52,1224.17,761367297,0.01004125412541268,1.004125412541268,0.010856335312905863,1.0856335312905863,1237.46
2024-02-27,1228.93,1237.6,1226.49,1237.46,830495936,0.010856335312905863,1.0856335312905863,0.013810547411633456,1.3810547411633456,1254.55
2024-02-28,1241.77,1254.55,1236.32,1254.55,814346543,0.013810547411633456,1.3810547411633456,-0.0014507193814514707,-0.14507193814514707,1252.73
2024-02-29,1259.59,1264.39,1247.7,1252.73,934494261,-0.0014507193814514707,-0.14507193814514707,0.004430324172008282,0.4430324172008282,1258.28
2024-03-01,1256.72,1258.76,1247.87,1258.28,822115129,0.004430324172008282,0.4430324172008282,0.002487522649966767,0.2487522649966767,1261.41
2024-03-04,1264.07,1268.25,1256.54,1261.41,994011577,0.002487522649966767,0.2487522649966767,0.006793984509398054,0.6793984509398054,1269.98
2024-03-05,1262.89,1269.98,1257.81,1269.98,841821123,0.006793984509398054,0.6793984509398054,-0.005708751318918459,-0.5708751318918459,1262.73
2024-03-06,1269.8,1277.51,1256.3,1262.73,921251926,-0.005708751318918459,-0.5708751318918459,0.004537787175405761,0.4537787175405761,1268.46
2024-03-07,1263.23,1269.88,1260.24,1268.46,871614163,0.004537787175405761,0.4537787175405761,-0.01664222758305356,-1.664222758305356,1247.35
2024-03-08,1272.62,1274.3,1247.35,1247.35,1209088843,-0.01664222758305356,-1.664222758305356,-0.009508157293462105,-0.9508157293462105,1235.49
2024-03-11,1248.32,1254.01,1233.49,1235.49,851738710,-0.009508157293462105,-0.9508157293462105,0.0076973508486510855,0.7697350848651086,1245.0
2024-03-12,1235.4,1248.33,1233.14,1245.0,737689011,0.0076973508486510855,0.7697350848651086,0.02048995983935753,2.048995983935753,1270.51
2024-03-13,1250.2,1270.51,1247.64,1270.51,826474776,0.02048995983935753,2.048995983935753,-0.004919284381862399,-0.4919284381862399,1264.26
2024-03-14,1276.0,1276.41,1258.67,1264.26,963097533,-0.004919284381862399,-0.4919284381862399,-0.00037966873902517406,-0.037966873902517406,1263.78
2024-03-15,1263.76,1271.63,1252.36,1263.78,956309030,-0.00037966873902517406,-0.037966873902517406,-0.015999620187057917,-1.5999620187057917,1243.56
2024-03-18,1266.11,1269.9,1221.67,1243.56,1526779911,-0.015999620187057917,-1.5999620187057917,-0.0008845572388946898,-0.08845572388946898,1242.46
2024-03-19,1246.54,1249.75,1238.92,1242.46,735805803,-0.0008845572388946898,-0.08845572388946898,0.014181543067784741,1.418154306778474,1260.08
2024-03-20,1243.79,1261.55,1235.46,1260.08,794727033,0.014181543067784741,1.418154306778474,0.012967430639324595,1.2967430639324595,1276.42
2024-03-21,1269.96,1276.42,1264.2,1276.42,1081588505,0.012967430639324595,1.2967430639324595,0.004214913586436886,0.4214913586436886,1281.8
2024-03-22,1281.56,1291.27,1276.38,1281.8,1111112910,0.004214913586436886,0.4214913586436886,-0.010875331564986768,-1.0875331564986768,1267.86
2024-03-25,1278.86,1286.84,1264.51,1267.86,1101070678,-0.010875331564986768,-1.0875331564986768,0.011318284353162067,1.1318284353162067,1282.21
2024-03-26,1267.95,1282.5,1264.42,1282.21,813098800,0.011318284353162067,1.1318284353162067,0.0006863150341986923,0.06863150341986923,1283.09
2024-03-27,1286.34,1286.72,1276.95,1283.09,754700880,0.0006863150341986923,0.06863150341986923,0.005525723059177645,0.5525723059177645,1290.18
2024-03-28,1293.03,1293.9,1285.52,1290.18,823626900,0.005525723059177645,0.5525723059177645,-0.004720271590010761,-0.47202715900107606,1284.09
2024-03-29,1292.7,1292.75,1282.44,1284.09,735188003,-0.004720271590010761,-0.47202715900107606,-0.002001417346136125,-0.2001417346136125,1281.52
2024-04-01,1282.37,1286.8,1274.09,1281.52,840172566,-0.002001417346136125,-0.2001417346136125,0.004307384980335893,0.4307384980335893,1287.04
2024-04-02,1276.38,1287.04,1268.48,1287.04,956070829,0.004307384980335893,0.4307384980335893,-0.01209752610641468,-1.209752610641468,1271.47
2024-04-03,1285.3,1288.99,1271.47,1271.47,947216586,-0.01209752610641468,-1.209752610641468,-0.002532501749943017,-0.2532501749943017,1268.25
2024-04-04,1271.87,1277.62,1265.12,1268.25,859418901,-0.002532501749943017,-0.2532501749943017,-0.010360733293908964,-1.0360733293908964,1255.11
2024-04-05,1258.58,1265.14,1253.56,1255.11,973835575,-0.010360733293908964,-1.0360733293908964,-0.00379249627522682,-0.379249627522682,1250.35
2024-04-08,1255.37,1258.4,1246.87,1250.35,733082694,-0.00379249627522682,-0.379249627522682,0.00997320750189945,0.997320750189945,1262.82
2024-04-09,1252.4,1262.82,1247.7,1262.82,596807326,0.00997320750189945,0.997320750189945,-0.003373402385138058,-0.3373402385138058,1258.56
2024-04-10,1266.48,1268.72,1258.56,1258.56,586647926,-0.003373402385138058,-0.3373402385138058,-0.00028604118993125205,-0.028604118993125205,1258.2
2024-04-11,1249.88,1262.03,1248.11,1258.2,592127537,-0.00028604118993125205,-0.028604118993125205,0.014624066126212032,1.4624066126212032,1276.6
2024-04-12,1262.96,1278.39,1259.5,1276.6,650322212,0.014624066126212032,1.4624066126212032,-0.046992010026633224,-4.699201002663322,1216.61
2024-04-15,1274.02,1281.81,1216.61,1216.61,1236066802,-0.046992010026633224,-4.699201002663322,-0.0007644191647281362,-0.07644191647281362,1215.68
2024-04-16,1218.64,1222.45,1191.73,1215.68,1143433408,-0.0007644191647281362,-0.07644191647281362,-0.018647999473545673,-1.8647999473545673,1193.01
2024-04-17,1221.47,1221.47,1193.01,1193.01,708176858,-0.018647999473545673,-1.8647999473545673,-0.015222001492024462,-1.5222001492024462,1174.85
2024-04-19,1180.87,1190.96,1165.99,1174.85,951223870,-0.015222001492024462,-1.5222001492024462,0.013082521172915751,1.308252117291575,1190.22
2024-04-22,1183.77,1193.88,1181.13,1190.22,569603122,0.013082521172915751,1.308252117291575,-0.010771117944581632,-1.0771117944581632,1177.4
2024-04-23,1190.56,1192.8,1169.61,1177.4,616867057,-0.010771117944581632,-1.0771117944581632,0.023959571938168667,2.3959571938168667,1205.61
2024-04-24,1186.47,1207.61,1185.13,1205.61,628027496,0.023959571938168667,2.3959571938168667,-0.0005308516020934295,-0.05308516020934295,1204.97
2024-04-25,1206.25,1208.41,1200.21,1204.97,438347889,-0.0005308516020934295,-0.05308516020934295,0.0037760276189449105,0.37760276189449105,1209.52
2024-04-26,1199.83,1216.6,1198.73,1209.52,513292300,0.0037760276189449105,0.37760276189449105,0.0056551359216878705,0.565513592168787,1216.36
2024-05-02,1212.13,1216.36,1206.28,1216.36,467466790,0.0056551359216878705,0.565513592168787,0.0038393238843763555,0.38393238843763555,1221.03
2024-05-03,1222.54,1225.75,1218.33,1221.03,524649967,0.0038393238843763555,0.38393238843763555,0.016830053315643356,1.6830053315643356,1241.58
2024-05-06,1226.89,1241.58,1224.22,1241.58,625588584,0.016830053315643356,1.6830053315643356,0.005678248683129716,0.5678248683129716,1248.63
2024-05-07,1245.5,1250.63,1240.09,1248.63,550898676,0.005678248683129716,0.5678248683129716,0.001465606304509759,0.1465606304509759,1250.46
2024-05-08,1243.61,1251.62,1234.76,1250.46,770816040,0.001465606304509759,0.1465606304509759,-0.0014554643891047103,-0.14554643891047103,1248.64
2024-05-09,1252.81,1256.8,1243.29,1248.64,591807969,-0.0014554643891047103,-0.14554643891047103,-0.0031554331112250145,-0.31554331112250145,1244.7
2024-05-10,1251.78,1252.5,1237.46,1244.7,556788658,-0.0031554331112250145,-0.31554331112250145,-0.0036313971238048914,-0.36313971238048914,1240.18
2024-05-13,1248.19,1249.2,1233.56,1240.18,593968870,-0.0036313971238048914,-0.36313971238048914,0.002499637149445899,0.2499637149445899,1243.28
2024-05-14,1246.23,1252.52,1240.88,1243.28,476578584,0.002499637149445899,0.2499637149445899,0.008936040151856561,0.8936040151856561,1254.39
2024-05-15,1248.61,1257.92,1248.02,1254.39,704936160,0.008936040151856561,0.8936040151856561,0.011471711349739566,1.1471711349739566,1268.78
2024-05-16,1264.51,1271.66,1261.19,1268.78,754095204,0.011471711349739566,1.1471711349739566,0.003412727186746345,0.3412727186746345,1273.11
2024-05-17,1270.34,1274.27,1266.32,1273.11,788116698,0.003412727186746345,0.3412727186746345,0.0035110870231165325,0.35110870231165325,1277.58
2024-05-20,1281.5,1285.19,1277.36,1277.58,900908384,0.0035110870231165325,0.35110870231165325,-0.0003444011333927355,-0.03444011333927355,1277.14
2024-05-21,1277.85,1281.29,1267.29,1277.14,790140189,-0.0003444011333927355,-0.03444011333927355,-0.008010085033747338,-0.8010085033747338,1266.91
2024-05-22,1280.26,1283.06,1263.87,1266.91,933047509,-0.008010085033747338,-0.8010085033747338,0.011145227364216748,1.1145227364216748,1281.03
2024-05-23,1265.6,1281.03,1262.29,1281.03,788341559,0.011145227364216748,1.1145227364216748,-0.01490987720818393,-1.490987720818393,1261.93
2024-05-24,1276.68,1285.07,1250.28,1261.93,1179638521,-0.01490987720818393,-1.490987720818393,0.004556512643332011,0.45565126433320113,1267.68
2024-05-27,1263.46,1267.68,1257.27,1267.68,564137500,0.004556512643332011,0.45565126433320113,0.011083238672220164,1.1083238672220164,1281.73
2024-05-28,1272.23,1281.73,1269.37,1281.73,710243600,0.011083238672220164,1.1083238672220164,-0.0070919772494986155,-0.7091977249498616,1272.64
2024-05-29,1284.74,1285.63,1271.6,1272.64,937265939,-0.0070919772494986155,-0.7091977249498616,-0.004966054815187415,-0.4966054815187415,1266.32
2024-05-30,1264.45,1269.07,1251.8,1266.32,903973666,-0.004966054815187415,-0.4966054815187415,-0.003632573125276317,-0.3632573125276317,1261.72
2024-05-31,1268.37,1271.07,1261.43,1261.72,578120347,-0.003632573125276317,-0.3632573125276317,0.014488159021018854,1.4488159021018854,1280.0
2024-06-03,1271.65,1284.48,1271.65,1280.0,881259000,0.014488159021018854,1.4488159021018854,0.00275000000000003,0.275000000000003,1283.52
2024-06-04,1285.51,1289.31,1281.98,1283.52,743646628,0.00275000000000003,0.275000000000003,0.0006466591872349436,0.06466591872349436,1284.35
2024-06-05,1287.12,1293.93,1284.35,1284.35,769448301,0.0006466591872349436,0.06466591872349436,-0.0006150971308443998,-0.061509713084439976,1283.56
2024-06-06,1288.79,1292.02,1278.4,1283.56,751958815,-0.0006150971308443998,-0.061509713084439976,0.0031319143631773905,0.31319143631773905,1287.58
2024-06-07,1289.05,1293.03,1283.13,1287.58,566497622,0.0031319143631773905,0.31319143631773905,0.002399850883052057,0.2399850883052057,1290.67
2024-06-10,1292.67,1297.39,1287.44,1290.67,742266776,0.002399850883052057,0.2399850883052057,-0.004850194085242565,-0.4850194085242565,1284.41
2024-06-11,1295.03,1296.41,1279.47,1284.41,815619047,-0.004850194085242565,-0.4850194085242565,0.012285796591431142,1.2285796591431142,1300.19
2024-06-12,1285.01,1301.35,1281.71,1300.19,731047219,0.012285796591431142,1.2285796591431142,0.001015236234704009,0.10152362347040089,1301.51
2024-06-13,1305.69,1306.01,1297.6,1301.51,782445017,0.001015236234704009,0.10152362347040089,-0.016596107598097487,-1.6596107598097487,1279.91
2024-06-14,1303.37,1305.02,1279.91,1279.91,964967623,-0.016596107598097487,-1.6596107598097487,-0.004015907368486893,-0.4015907368486893,1274.77
2024-06-17,1282.08,1283.1,1272.54,1274.77,741570820,-0.004015907368486893,-0.4015907368486893,0.0037104732618433722,0.3710473261843372,1279.5
2024-06-18,1279.39,1286.52,1278.38,1279.5,597659348,0.0037104732618433722,0.3710473261843372,0.00022665103556063215,0.022665103556063215,1279.79
2024-06-19,1283.0,1284.14,1270.66,1279.79,727821787,0.00022665103556063215,0.022665103556063215,0.0019612592690987363,0.19612592690987363,1282.3
2024-06-20,1281.82,1286.54,1273.54,1282.3,773355093,0.0019612592690987363,0.19612592690987363,-0.0002183576386181052,-0.02183576386181052,1282.02
2024-06-21,1285.07,1288.06,1279.44,1282.02,669695755,-0.0002183576386181052,-0.02183576386181052,-0.021762531005756647,-2.1762531005756647,1254.12
2024-06-24,1281.19,1284.84,1252.66,1254.12,1040386525,-0.021762531005756647,-2.1762531005756647,0.001945587344113875,0.1945587344113875,1256.56
2024-06-25,1255.77,1260.07,1250.25,1256.56,520938884,0.001945587344113875,0.1945587344113875,0.003724454065066496,0.3724454065066496,1261.24
2024-06-26,1258.95,1262.67,1247.55,1261.24,555550983,0.003724454065066496,0.3724454065066496,-0.001704671593035445,-0.1704671593035445,1259.09
2024-06-27,1260.71,1262.49,1255.12,1259.09,446001676,-0.001704671593035445,-0.1704671593035445,-0.010936469990231013,-1.0936469990231013,1245.32
2024-06-28,1260.27,1262.61,1240.15,1245.32,635711241,-0.010936469990231013,-1.0936469990231013,0.00741977965502838,0.741977965502838,1254.56
2024-07-01,1246.33,1254.56,1240.07,1254.56,403842640,0.00741977965502838,0.741977965502838,0.012139714322152884,1.2139714322152884,1269.79
2024-07-02,1258.87,1270.47,1257.93,1269.79,441202337,0.012139714322152884,1.2139714322152884,0.005559974483969832,0.5559974483969832,1276.85
2024-07-03,1273.26,1278.14,1268.23,1276.85,469162184,0.005559974483969832,0.5559974483969832,0.0023808591455536376,0.23808591455536376,1279.89
2024-07-04,1278.87,1283.13,1274.58,1279.89,452214031,0.0023808591455536376,0.23808591455536376,0.0024611490049926132,0.24611490049926132,1283.04
2024-07-05,1281.21,1284.98,1276.93,1283.04,562932141,0.0024611490049926132,0.24611490049926132,0.00040528744232437575,0.040528744232437575,1283.56
2024-07-08,1285.34,1287.14,1277.68,1283.56,620542471,0.00040528744232437575,0.040528744232437575,0.007907694225435469,0.7907694225435469,1293.71
2024-07-09,1286.33,1294.15,1283.62,1293.71,715099055,0.007907694225435469,0.7907694225435469,-0.006005982793670928,-0.6005982793670928,1285.94
2024-07-10,1295.57,1297.96,1285.94,1285.94,634688932,-0.006005982793670928,-0.6005982793670928,-0.0016641522932641095,-0.16641522932641095,1283.8
2024-07-11,1291.14,1293.32,1283.8,1283.8,595188348,-0.0016641522932641095,-0.16641522932641095,-0.002375759464090965,-0.23757594640909652,1280.75
2024-07-12,1284.57,1288.67,1277.16,1280.75,505651034,-0.002375759464090965,-0.23757594640909652,-0.0007261370290845282,-0.07261370290845282,1279.82
2024-07-15,1284.14,1286.37,1276.27,1279.82,440329239,-0.0007261370290845282,-0.07261370290845282,0.0010626494350769455,0.10626494350769455,1281.18
2024-07-16,1282.83,1291.47,1279.37,1281.18,598892375,0.0010626494350769455,0.10626494350769455,-0.009772241215129762,-0.9772241215129762,1268.66
2024-07-17,1286.07,1290.76,1256.42,1268.66,1092895884,-0.009772241215129762,-0.9772241215129762,0.0045559882080306036,0.45559882080306036,1274.44
2024-07-18,1270.95,1274.67,1256.21,1274.44,612004645,0.0045559882080306036,0.45559882080306036,-0.007579799755186634,-0.7579799755186634,1264.78
2024-07-19,1275.28,1279.94,1260.68,1264.78,682708976,-0.007579799755186634,-0.7579799755186634,-0.008017204573127268,-0.8017204573127268,1254.64
2024-07-22,1261.42,1267.43,1245.02,1254.64,777593563,-0.008017204573127268,-0.8017204573127268,-0.018196454759931258,-1.8196454759931258,1231.81
2024-07-23,1256.72,1258.74,1231.81,1231.81,616528413,-0.018196454759931258,-1.8196454759931258,0.005406677977934926,0.5406677977934926,1238.47
2024-07-24,1225.5,1242.4,1218.65,1238.47,614914657,0.005406677977934926,0.5406677977934926,-0.004263324908960198,-0.42633249089601977,1233.19
2024-07-25,1232.92,1235.67,1226.2,1233.19,382805489,-0.004263324908960198,-0.42633249089601977,0.00723327305605781,0.723327305605781,1242.11
2024-07-26,1235.21,1242.11,1234.05,1242.11,383860021,0.00723327305605781,0.723327305605781,0.0036148167231566664,0.36148167231566664,1246.6
2024-07-29,1247.71,1249.68,1243.08,1246.6,422568067,0.0036148167231566664,0.36148167231566664,-0.001235360179688727,-0.1235360179688727,1245.06
2024-07-30,1247.23,1248.73,1236.97,1245.06,566133540,-0.001235360179688727,-0.1235360179688727,0.005180473230205873,0.5180473230205873,1251.51
2024-07-31,1247.45,1255.77,1246.3,1251.51,626496505,0.005180473230205873,0.5180473230205873,-0.019616303505365473,-1.9616303505365473,1226.96
2024-08-01,1254.59,1257.85,1222.51,1226.96,792496617,-0.019616303505365473,-1.9616303505365473,0.007856816848144987,0.7856816848144987,1236.6
2024-08-02,1215.67,1236.6,1209.77,1236.6,611459171,0.007856816848144987,0.7856816848144987,-0.039244703218502375,-3.9244703218502375,1188.07
2024-08-05,1219.05,1220.99,1184.53,1188.07,871578892,-0.039244703218502375,-3.9244703218502375,0.018694184686087523,1.8694184686087523,1210.28
2024-08-06,1197.52,1213.35,1186.74,1210.28,552603849,0.018694184686087523,1.8694184686087523,0.004627028456225091,0.4627028456225091,1215.88
2024-08-07,1216.96,1217.79,1205.11,1215.88,461425878,0.004627028456225091,0.4627028456225091,-0.006217718853834375,-0.6217718853834375,1208.32
2024-08-08,1211.83,1219.97,1202.58,1208.32,579962780,-0.006217718853834375,-0.6217718853834375,0.012678760593220373,1.2678760593220373,1223.64
2024-08-09,1215.3,1225.02,1212.4,1223.64,502888457,0.012678760593220373,1.2678760593220373,0.0054264326108985905,0.542643261089859,1230.28
2024-08-12,1225.95,1231.46,1221.16,1230.28,447955533,0.0054264326108985905,0.542643261089859,0.00011379523360544042,0.011379523360544042,1230.42
2024-08-13,1229.81,1231.55,1223.01,1230.42,447926581,0.00011379523360544042,0.011379523360544042,-4.8763836738796584e-05,-0.004876383673879658,1230.36
2024-08-14,1233.7,1236.51,1228.93,1230.36,404202277,-4.8763836738796584e-05,-0.004876383673879658,-0.0055268376735264635,-0.5526837673526463,1223.56
2024-08-15,1230.58,1231.69,1222.28,1223.56,394681474,-0.0055268376735264635,-0.5526837673526463,0.023431625747817986,2.3431625747817986,1252.23
2024-08-16,1228.27,1253.24,1227.94,1252.23,859565834,0.023431625747817986,2.3431625747817986,0.007498622457535742,0.7498622457535742,1261.62
2024-08-19,1259.36,1263.84,1256.45,1261.62,560120742,0.007498622457535742,0.7498622457535742,0.008663464434615964,0.8663464434615964,1272.55
2024-08-20,1263.65,1275.95,1263.65,1272.55,724078305,0.008663464434615964,0.8663464434615964,0.009036973006954607,0.9036973006954607,1284.05
2024-08-21,1272.34,1284.05,1268.91,1284.05,670203726,0.009036973006954607,0.9036973006954607,-0.0009890580584868136,-0.09890580584868136,1282.78
2024-08-22,1287.34,1288.42,1280.42,1282.78,551649974,-0.0009890580584868136,-0.09890580584868136,0.0019800745256395302,0.19800745256395302,1285.32
2024-08-23,1283.22,1287.43,1276.43,1285.32,595105295,0.0019800745256395302,0.19800745256395302,-0.004123486758161321,-0.4123486758161321,1280.02
2024-08-26,1289.65,1290.45,1278.72,1280.02,643948678,-0.004123486758161321,-0.4123486758161321,0.00042186840830615857,0.04218684083061586,1280.56
2024-08-27,1279.55,1282.92,1274.7,1280.56,538503219,0.00042186840830615857,0.04218684083061586,0.0006871993502843843,0.06871993502843843,1281.44
2024-08-28,1283.41,1285.72,1276.9,1281.44,619986351,0.0006871993502843843,0.06871993502843843,2.341116244219954e-05,0.002341116244219954,1281.47
2024-08-29,1281.05,1288.2,1280.24,1281.47,530557167,2.341116244219954e-05,0.002341116244219954,0.0018728491498043454,0.18728491498043454,1283.87
2024-08-30,1283.61,1286.84,1282.58,1283.87,473075527,0.0018728491498043454,0.18728491498043454,-0.006285683129911845,-0.6285683129911845,1275.8
2024-09-04,1271.39,1277.27,1268.43,1275.8,546685039,-0.006285683129911845,-0.6285683129911845,-0.00594920833986512,-0.594920833986512,1268.21
2024-09-05,1276.35,1282.21,1266.05,1268.21,537013671,-0.00594920833986512,-0.594920833986512,0.004533949424779804,0.4533949424779804,1273.96
2024-09-06,1268.22,1274.44,1262.94,1273.96,469737427,0.004533949424779804,0.4533949424779804,-0.00489026343056298,-0.489026343056298,1267.73
2024-09-09,1269.83,1269.92,1262.97,1267.73,399316190,-0.00489026343056298,-0.489026343056298,-0.00986014372145494,-0.9860143721454939,1255.23
2024-09-10,1269.83,1271.83,1252.22,1255.23,548188299,-0.00986014372145494,-0.9860143721454939,-0.0015614668228133288,-0.15614668228133288,1253.27
2024-09-11,1254.25,1256.86,1244.79,1253.27,469969175,-0.0015614668228133288,-0.15614668228133288,0.0024575709942789015,0.24575709942789015,1256.35
2024-09-12,1258.42,1260.93,1255.87,1256.35,353322514,0.0024575709942789015,0.24575709942789015,-0.003693238349186001,-0.3693238349186001,1251.71
2024-09-13,1253.48,1254.24,1248.78,1251.71,345075622,-0.003693238349186001,-0.3693238349186001,-0.009946393333919223,-0.9946393333919223,1239.26
2024-09-16,1251.0,1255.42,1239.26,1239.26,406084647,-0.009946393333919223,-0.9946393333919223,0.0158885141132612,1.5888514113261198,1258.95
2024-09-17,1240.0,1258.95,1238.69,1258.95,418063385,0.0158885141132612,1.5888514113261198,0.004726160689463521,0.4726160689463521,1264.9
2024-09-18,1261.23,1271.77,1257.93,1264.9,542560781,0.004726160689463521,0.4726160689463521,0.005035971223021463,0.5035971223021463,1271.27
2024-09-19,1268.08,1271.27,1264.82,1271.27,444118910,0.005035971223021463,0.5035971223021463,0.0006056935190792423,0.06056935190792423,1272.04
2024-09-20,1277.73,1283.3,1272.04,1272.04,773588806,0.0006056935190792423,0.06056935190792423,-0.0027986541303731682,-0.2798654130373168,1268.48
2024-09-23,1275.15,1276.99,1267.87,1268.48,416937911,-0.0027986541303731682,-0.2798654130373168,0.006708816851664912,0.6708816851664912,1276.99
2024-09-24,1268.25,1276.99,1266.68,1276.99,450952923,0.006708816851664912,0.6708816851664912,0.008214629715189714,0.8214629715189714,1287.48
2024-09-25,1282.48,1288.44,1280.47,1287.48,841960747,0.008214629715189714,0.8214629715189714,0.003114611489110519,0.3114611489110519,1291.49
2024-09-26,1290.03,1298.71,1289.15,1291.49,828772734,0.003114611489110519,0.3114611489110519,-0.0004413506879650253,-0.04413506879650253,1290.92
2024-09-27,1295.03,1300.31,1287.21,1290.92,811528634,-0.0004413506879650253,-0.04413506879650253,-0.0023084311963561532,-0.23084311963561532,1287.94
2024-09-30,1290.17,1292.03,1283.92,1287.94,636582014,-0.0023084311963561532,-0.23084311963561532,0.00330760749724357,0.330760749724357,1292.2
2024-10-01,1290.68,1302.22,1290.68,1292.2,833023683,0.00330760749724357,0.330760749724357,-0.0033740906980344043,-0.33740906980344043,1287.84
2024-10-02,1289.65,1293.69,1285.14,1287.84,615948736,-0.0033740906980344043,-0.33740906980344043,-0.00756305131072188,-0.756305131072188,1278.1
2024-10-03,1288.45,1299.36,1276.51,1278.1,929324954,-0.00756305131072188,-0.756305131072188,-0.0058680854393240445,-0.5868085439324044,1270.6
2024-10-04,1278.9,1279.33,1270.6,1270.6,516838768,-0.0058680854393240445,-0.5868085439324044,-0.0005273099323153119,-0.05273099323153119,1269.93
2024-10-07,1275.59,1278.61,1264.65,1269.93,431746999,-0.0005273099323153119,-0.05273099323153119,0.0016142622034285292,0.16142622034285292,1271.98
2024-10-08,1271.98,1275.82,1266.94,1271.98,592176851,0.0016142622034285292,0.16142622034285292,0.007759555967861154,0.7759555967861154,1281.85
2024-10-09,1273.96,1283.01,1273.04,1281.85,582540343,0.007759555967861154,0.7759555967861154,0.0035183523813238082,0.3518352381323808,1286.36
2024-10-10,1289.61,1294.33,1284.97,1286.36,598891260,0.0035183523813238082,0.3518352381323808,0.0015780963338414278,0.15780963338414278,1288.39
2024-10-11,1287.66,1289.37,1283.56,1288.39,437625358,0.0015780963338414278,0.15780963338414278,-0.001591133119630106,-0.1591133119630106,1286.34
2024-10-14,1296.54,1297.67,1286.13,1286.34,619276191,-0.001591133119630106,-0.1591133119630106,-0.0040891210721892834,-0.40891210721892834,1281.08
2024-10-15,1287.81,1294.05,1279.81,1281.08,619610197,-0.0040891210721892834,-0.40891210721892834,-0.001248946201642287,-0.1248946201642287,1279.48
2024-10-16,1279.86,1283.33,1276.4,1279.48,440452844,-0.001248946201642287,-0.1248946201642287,0.005502235283083801,0.5502235283083801,1286.52
2024-10-17,1282.65,1286.52,1271.82,1286.52,579305856,0.005502235283083801,0.5502235283083801,-0.000823928116158279,-0.0823928116158279,1285.46
2024-10-18,1291.16,1294.1,1285.46,1285.46,546249354,-0.000823928116158279,-0.0823928116158279,-0.004426431005243314,-0.4426431005243314,1279.77
2024-10-21,1284.17,1287.71,1279.77,1279.77,528557901,-0.004426431005243314,-0.4426431005243314,-0.007720137212155254,-0.7720137212155254,1269.89
2024-10-22,1280.21,1280.21,1265.44,1269.89,667541526,-0.007720137212155254,-0.7720137212155254,0.0007953444786557018,0.07953444786557018,1270.9
2024-10-23,1270.58,1273.21,1263.26,1270.9,489929001,0.0007953444786557018,0.07953444786557018,-0.010614525139664766,-1.0614525139664766,1257.41
2024-10-24,1271.17,1274.11,1257.41,1257.41,532020991,-0.010614525139664766,-1.0614525139664766,-0.0037298892167233477,-0.37298892167233477,1252.72
2024-10-25,1260.94,1261.72,1251.75,1252.72,480454993,-0.0037298892167233477,-0.37298892167233477,0.0016364391084999763,0.16364391084999763,1254.77
2024-10-28,1252.76,1255.18,1250.94,1254.77,368249767,0.0016364391084999763,0.16364391084999763,0.005586681224447609,0.5586681224447609,1261.78
2024-10-29,1258.03,1262.38,1257.43,1261.78,454099020,0.005586681224447609,0.5586681224447609,-0.002496473236221708,-0.2496473236221708,1258.63
2024-10-30,1263.57,1264.84,1255.07,1258.63,429794790,-0.002496473236221708,-0.2496473236221708,0.004647910823673218,0.4647910823673218,1264.48
2024-10-31,1260.23,1267.88,1255.55,1264.48,409737985,0.004647910823673218,0.4647910823673218,-0.00758414526129314,-0.758414526129314,1254.89
2024-11-01,1262.39,1264.67,1254.33,1254.89,497670931,-0.00758414526129314,-0.758414526129314,-0.00811226482002414,-0.811226482002414,1244.71
2024-11-04,1255.92,1256.96,1242.36,1244.71,543721609,-0.00811226482002414,-0.811226482002414,0.0008435699881899072,0.08435699881899072,1245.76
2024-11-05,1244.85,1248.97,1243.55,1245.76,314945393,0.0008435699881899072,0.08435699881899072,0.012458258412535228,1.2458258412535228,1261.28
2024-11-06,1251.22,1262.44,1250.57,1261.28,463915932,0.012458258412535228,1.2458258412535228,-0.0012130534060637022,-0.12130534060637022,1259.75
2024-11-07,1266.61,1267.09,1259.75,1259.75,436110981,-0.0012130534060637022,-0.12130534060637022,-0.005707481643183243,-0.5707481643183243,1252.56
2024-11-08,1262.84,1264.09,1250.77,1252.56,472794115,-0.005707481643183243,-0.5707481643183243,-0.001788337484831093,-0.1788337484831093,1250.32
2024-11-11,1253.81,1253.87,1241.29,1250.32,664742714,-0.001788337484831093,-0.1788337484831093,-0.004398873888284638,-0.4398873888284638,1244.82
2024-11-12,1251.79,1257.02,1242.91,1244.82,478703119,-0.004398873888284638,-0.4398873888284638,0.0009800613743353725,0.09800613743353725,1246.04
2024-11-13,1242.94,1247.04,1234.62,1246.04,556101320,0.0009800613743353725,0.09800613743353725,-0.01135597573111602,-1.135597573111602,1231.89
2024-11-14,1243.85,1247.07,1231.69,1231.89,530216570,-0.01135597573111602,-1.135597573111602,-0.01081265372719975,-1.081265372719975,1218.57
2024-11-15,1229.36,1229.59,1217.03,1218.57,634822173,-0.01081265372719975,-1.081265372719975,-0.0011899193316756707,-0.11899193316756707,1217.12
2024-11-18,1218.3,1225.38,1204.6,1217.12,519684737,-0.0011899193316756707,-0.11899193316756707,-0.009834691731299916,-0.9834691731299916,1205.15
2024-11-19,1220.68,1221.4,1205.15,1205.15,411580431,-0.009834691731299916,-0.9834691731299916,0.009451105671492988,0.9451105671492988,1216.54
2024-11-20,1203.71,1222.73,1197.99,1216.54,595053508,0.009451105671492988,0.9451105671492988,0.00969141992864997,0.9691419928649969,1228.33
2024-11-21,1217.3,1228.55,1214.06,1228.33,385541342,0.00969141992864997,0.9691419928649969,-0.00018724609836118233,-0.018724609836118233,1228.1
2024-11-22,1228.95,1233.42,1226.33,1228.1,416151649,-0.00018724609836118233,-0.018724609836118233,0.0053741551990882375,0.5374155199088237,1234.7
2024-11-25,1229.39,1236.57,1229.02,1234.7,382227104,0.0053741551990882375,0.5374155199088237,0.006017656110796299,0.6017656110796299,1242.13
2024-11-26,1235.63,1246.83,1235.22,1242.13,470846416,0.006017656110796299,0.6017656110796299,-0.00012881099401840235,-0.012881099401840235,1241.97
2024-11-27,1241.36,1245.34,1239.23,1241.97,330000841,-0.00012881099401840235,-0.012881099401840235,0.00011272413987439833,0.011272413987439833,1242.11
2024-11-28,1246.37,1250.46,1240.91,1242.11,374803536,0.00011272413987439833,0.011272413987439833,0.00672243199072553,0.672243199072553,1250.46
2024-11-29,1242.51,1250.92,1241.0,1250.46,396117434,0.00672243199072553,0.672243199072553,0.0005997792812244551,0.05997792812244551,1251.21
2024-12-02,1255.73,1258.05,1247.74,1251.21,352806149,0.0005997792812244551,0.05997792812244551,-0.0011029323614741848,-0.11029323614741848,1249.83
2024-12-03,1251.43,1253.83,1244.91,1249.83,439728204,-0.0011029323614741848,-0.11029323614741848,-0.007537025035404654,-0.7537025035404654,1240.41
2024-12-04,1247.34,1247.78,1239.82,1240.41,465502194,-0.007537025035404654,-0.7537025035404654,0.021863738602558636,2.1863738602558636,1267.53
2024-12-05,1241.81,1269.18,1238.49,1267.53,779993372,0.021863738602558636,2.1863738602558636,0.002059122860997409,0.20591228609974088,1270.14
2024-12-06,1270.96,1276.1,1268.58,1270.14,565715866,0.002059122860997409,0.20591228609974088,0.0029130647015287447,0.2913064701528745,1273.84
2024-12-09,1271.46,1277.69,1268.69,1273.84,546454671,0.0029130647015287447,0.2913064701528745,-0.0013894994661809434,-0.13894994661809434,1272.07
2024-12-10,1274.29,1277.32,1270.32,1272.07,462691547,-0.0013894994661809434,-0.13894994661809434,-0.002523446036774679,-0.2523446036774679,1268.86
2024-12-11,1273.23,1276.67,1264.15,1268.86,473457175,-0.002523446036774679,-0.2523446036774679,-0.001190044606970031,-0.1190044606970031,1267.35
2024-12-12,1270.86,1275.64,1265.99,1267.35,461485561,-0.001190044606970031,-0.1190044606970031,-0.0037716495048722987,-0.37716495048722987,1262.57
2024-12-13,1264.98,1266.55,1260.48,1262.57,367939049,-0.0037716495048722987,-0.37716495048722987,0.0009662830575729586,0.09662830575729586,1263.79
2024-12-16,1264.03,1267.1,1258.65,1263.79,360341279,0.0009662830575729586,0.09662830575729586,-0.0016379303523528232,-0.16379303523528232,1261.72
2024-12-17,1264.91,1265.45,1260.6,1261.72,327584791,-0.0016379303523528232,-0.16379303523528232,0.0033921947817265874,0.33921947817265874,1266.0
2024-12-18,1262.57,1266.53,1261.49,1266.0,362329721,0.0033921947817265874,0.33921947817265874,-0.008949447077409078,-0.8949447077409078,1254.67
2024-12-19,1256.9,1259.76,1249.39,1254.67,628846329,-0.008949447077409078,-0.8949447077409078,0.0022555731786046973,0.22555731786046973,1257.5
2024-12-20,1255.6,1259.0,1253.9,1257.5,428104838,0.0022555731786046973,0.22555731786046973,0.004182902584493053,0.41829025844930534,1262.76
2024-12-23,1262.45,1265.2,1261.62,1262.76,363896212,0.004182902584493053,0.41829025844930534,-0.0019005986885869408,-0.19005986885869408,1260.36
2024-12-24,1263.03,1263.05,1253.78,1260.36,502564849,-0.0019005986885869408,-0.19005986885869408,0.010854041702370809,1.085404170237081,1274.04
2024-12-25,1262.03,1283.09,1261.87,1274.04,666962682,0.010854041702370809,1.085404170237081,-0.0009183385137044864,-0.09183385137044864,1272.87
2024-12-26,1275.68,1277.17,1271.99,1272.87,453389936,-0.0009183385137044864,-0.09183385137044864,0.0017833714362034403,0.17833714362034403,1275.14
2024-12-27,1275.56,1277.89,1272.23,1275.14,552111544,0.0017833714362034403,0.17833714362034403,-0.002446790156375056,-0.2446790156375056,1272.02
2024-12-30,1273.75,1274.15,1268.77,1272.02,417365889,-0.002446790156375056,-0.2446790156375056,-0.004119432084401242,-0.4119432084401242,1266.78
2024-12-31,1272.25,1272.46,1266.78,1266.78,367846747,-0.004119432084401242,-0.4119432084401242,0.0023129509464943077,0.23129509464943077,1269.71
2025-01-02,1268.96,1271.13,1263.25,1269.71,328258670,0.0023129509464943077,0.23129509464943077,-0.011908231013381121,-1.190823101338112,1254.59
2025-01-03,1268.74,1269.01,1254.59,1254.59,463010830,-0.011908231013381121,-1.190823101338112,-0.006567882734598518,-0.6567882734598518,1246.35
2025-01-06,1254.79,1260.37,1244.87,1246.35,469222998,-0.006567882734598518,-0.6567882734598518,0.00048140570465760035,0.048140570465760035,1246.95
2025-01-07,1249.19,1254.09,1243.06,1246.95,461894014,0.00048140570465760035,0.048140570465760035,0.0032639640723364227,0.32639640723364227,1251.02
2025-01-08,1246.16,1251.02,1239.67,1251.02,335193426,0.0032639640723364227,0.32639640723364227,-0.004196575594315077,-0.41965755943150773,1245.77
2025-01-09,1250.56,1253.26,1242.9,1245.77,267483879,-0.004196575594315077,-0.41965755943150773,-0.012273533637830347,-1.2273533637830347,1230.48
2025-01-10,1245.68,1247.8,1230.48,1230.48,443618084,-0.012273533637830347,-1.2273533637830347,0.0042016123789090365,0.42016123789090365,1235.65
2025-01-13,1226.66,1235.65,1220.87,1235.65,398593541,0.0042016123789090365,0.42016123789090365,-0.005325132521345144,-0.5325132521345144,1229.07
2025-01-14,1234.77,1235.54,1226.7,1229.07,297547932,-0.005325132521345144,-0.5325132521345144,0.005784861724718704,0.5784861724718704,1236.18
2025-01-15,1233.29,1237.46,1231.13,1236.18,359903149,0.005784861724718704,0.5784861724718704,0.004999271950686612,0.49992719506866123,1242.36
2025-01-16,1241.74,1245.4,1235.56,1242.36,372990685,0.004999271950686612,0.49992719506866123,0.005433207765864978,0.5433207765864978,1249.11
2025-01-17,1242.38,1249.11,1239.63,1249.11,331281862,0.005433207765864978,0.5433207765864978,0.00035225080257150765,0.035225080257150765,1249.55
2025-01-20,1250.03,1253.02,1247.5,1249.55,331206750,0.00035225080257150765,0.035225080257150765,-0.0027689968388620034,-0.27689968388620034,1246.09
2025-01-21,1252.75,1254.17,1243.08,1246.09,353722909,-0.0027689968388620034,-0.27689968388620034,-0.002856936497363738,-0.2856936497363738,1242.53
2025-01-22,1248.26,1249.14,1242.53,1242.53,374183309,-0.002856936497363738,-0.2856936497363738,0.013762243165155175,1.3762243165155175,1259.63
2025-01-23,1245.59,1263.59,1244.77,1259.63,448550346,0.013762243165155175,1.3762243165155175,0.00430285083715054,0.43028508371505403,1265.05
2025-01-24,1259.26,1265.38,1258.46,1265.05,456657167,0.00430285083715054,0.43028508371505403,-0.00950160072724393,-0.9501600727243931,1253.03
2025-02-03,1259.09,1259.09,1249.78,1253.03,462591784,-0.00950160072724393,-0.9501600727243931,0.00929746294980971,0.9297462949809709,1264.68
2025-02-04,1256.91,1264.68,1255.44,1264.68,541783695,0.00929746294980971,0.9297462949809709,0.0038982193123950903,0.38982193123950903,1269.61
2025-02-05,1268.43,1271.8,1266.18,1269.61,490473888,0.0038982193123950903,0.38982193123950903,0.001472893250683338,0.1472893250683338,1271.48
2025-02-06,1273.58,1275.47,1268.28,1271.48,489762130,0.001472893250683338,0.1472893250683338,0.0029257243527227583,0.29257243527227583,1275.2
2025-02-07,1271.98,1279.35,1269.12,1275.2,503342974,0.0029257243527227583,0.29257243527227583,-0.00936323713927234,-0.936323713927234,1263.26
2025-02-10,1272.27,1274.47,1263.26,1263.26,652223852,-0.00936323713927234,-0.936323713927234,0.004108417902886297,0.41084179028862966,1268.45
2025-02-11,1265.44,1268.45,1263.11,1268.45,525259444,0.004108417902886297,0.41084179028862966,-0.0012140801765934128,-0.12140801765934128,1266.91
2025-02-12,1270.83,1272.86,1266.59,1266.91,424173879,-0.0012140801765934128,-0.12140801765934128,0.0027152678564379418,0.2715267856437942,1270.35
2025-02-13,1267.25,1270.67,1263.85,1270.35,422929502,0.0027152678564379418,0.2715267856437942,0.004510567953713629,0.4510567953713629,1276.08
2025-02-14,1277.52,1280.6,1274.0,1276.08,572553338,0.004510567953713629,0.4510567953713629,-0.0026330637577580696,-0.26330637577580696,1272.72
2025-02-17,1277.12,1278.49,1272.72,1272.72,703389002,-0.0026330637577580696,-0.26330637577580696,0.004258595763404482,0.42585957634044824,1278.14
2025-02-18,1274.05,1283.34,1272.19,1278.14,576613065,0.004258595763404482,0.42585957634044824,0.008152471560235908,0.8152471560235908,1288.56
2025-02-19,1280.6,1288.56,1278.92,1288.56,691882854,0.008152471560235908,0.8152471560235908,0.0034301856335754444,0.34301856335754444,1292.98
2025-02-20,1292.94,1295.82,1290.84,1292.98,665568367,0.0034301856335754444,0.34301856335754444,0.0029157450231247495,0.29157450231247495,1296.75
2025-02-21,1293.63,1296.75,1290.98,1296.75,615945439,0.0029157450231247495,0.29157450231247495,0.006022749180643938,0.6022749180643938,1304.56
2025-02-24,1298.39,1304.56,1294.69,1304.56,745383925,0.006022749180643938,0.6022749180643938,-0.001073158766173976,-0.10731587661739761,1303.16
2025-02-25,1306.86,1309.97,1298.54,1303.16,764641989,-0.001073158766173976,-0.10731587661739761,-0.00015347309616631222,-0.015347309616631222,1302.96
2025-02-26,1305.16,1306.49,1301.2,1302.96,659793287,-0.00015347309616631222,-0.015347309616631222,0.003714619021305321,0.3714619021305321,1307.8
2025-02-27,1307.31,1307.87,1296.43,1307.8,796881038,0.003714619021305321,0.3714619021305321,-0.0018657287046949245,-0.18657287046949245,1305.36
2025-02-28,1307.14,1308.77,1300.66,1305.36,713323836,-0.0018657287046949245,-0.18657287046949245,0.0030719495005209208,0.3071949500520921,1309.37
2025-03-03,1306.97,1309.77,1304.3,1309.37,748242113,0.0030719495005209208,0.3071949500520921,0.0019398642095054264,0.19398642095054264,1311.91
2025-03-04,1306.82,1313.21,1298.28,1311.91,872086925,0.0019398642095054264,0.19398642095054264,-0.0054881813539038315,-0.5488181353903832,1304.71
2025-03-05,1312.84,1319.52,1304.71,1304.71,711384061,-0.0054881813539038315,-0.5488181353903832,0.010354791486230752,1.0354791486230752,1318.22
2025-03-06,1308.02,1318.22,1307.91,1318.22,926189171,0.010354791486230752,1.0354791486230752,0.005939827949811072,0.5939827949811072,1326.05
2025-03-07,1320.08,1327.07,1318.71,1326.05,825175457,0.005939827949811072,0.5939827949811072,0.0031899249651219375,0.31899249651219375,1330.28
2025-03-10,1331.6,1335.87,1326.51,1330.28,801944906,0.0031899249651219375,0.31899249651219375,0.001698890459151503,0.1698890459151503,1332.54
2025-03-11,1319.17,1332.54,1315.92,1332.54,791992117,0.001698890459151503,0.1698890459151503,0.0014033349843156628,0.14033349843156628,1334.41
2025-03-12,1337.63,1342.91,1331.75,1334.41,811987921,0.0014033349843156628,0.14033349843156628,-0.00610007419009162,-0.610007419009162,1326.27
2025-03-13,1335.66,1340.91,1324.87,1326.27,927789782,-0.00610007419009162,-0.610007419009162,-9.047931416672483e-05,-0.009047931416672483,1326.15
2025-03-14,1325.84,1333.32,1324.3,1326.15,872541760,-9.047931416672483e-05,-0.009047931416672483,0.007623571994118228,0.7623571994118228,1336.26
2025-03-17,1330.62,1336.26,1329.05,1336.26,780751957,0.007623571994118228,0.7623571994118228,-0.00395881041114754,-0.395881041114754,1330.97
2025-03-18,1340.16,1341.65,1330.97,1330.97,759403354,-0.00395881041114754,-0.395881041114754,-0.004763443203077422,-0.4763443203077422,1324.63
2025-03-19,1330.4,1330.7,1320.85,1324.63,768370525,-0.004763443203077422,-0.4763443203077422,-0.0005284494538098095,-0.052844945380980946,1323.93
2025-03-20,1326.8,1332.41,1316.11,1323.93,783924251,-0.0005284494538098095,-0.052844945380980946,-0.0015484202336981667,-0.15484202336981667,1321.88
2025-03-21,1324.0,1325.22,1320.67,1321.88,673776859,-0.0015484202336981667,-0.15484202336981667,0.006384845825642138,0.6384845825642138,1330.32
2025-03-24,1322.9,1330.32,1316.73,1330.32,737479570,0.006384845825642138,0.6384845825642138,0.001202718143003212,0.12027181430032119,1331.92
2025-03-25,1335.29,1337.6,1329.81,1331.92,772470386,0.001202718143003212,0.12027181430032119,-0.004377139768154348,-0.4377139768154348,1326.09
2025-03-26,1333.33,1338.55,1323.69,1326.09,672071249,-0.004377139768154348,-0.4377139768154348,-0.001719340316268081,-0.1719340316268081,1323.81
2025-03-27,1325.98,1328.82,1323.01,1323.81,522142993,-0.001719340316268081,-0.1719340316268081,-0.0047967608644744475,-0.47967608644744475,1317.46
2025-03-28,1324.42,1325.34,1315.72,1317.46,601970197,-0.0047967608644744475,-0.47967608644744475,-0.008045785071273626,-0.8045785071273626,1306.86
2025-03-31,1313.51,1314.09,1304.1,1306.86,706353460,-0.008045785071273626,-0.8045785071273626,0.008011569716725564,0.8011569716725564,1317.33
2025-04-01,1313.03,1317.46,1308.06,1317.33,516351102,0.008011569716725564,0.8011569716725564,0.0003795556162844438,0.03795556162844438,1317.83
2025-04-02,1321.53,1324.46,1317.68,1317.83,668744030,0.0003795556162844438,0.03795556162844438,-0.06676885485988326,-6.676885485988326,1229.84
2025-04-03,1272.87,1277.9,1229.41,1229.84,1594166624,-0.06676885485988326,-6.676885485988326,-0.015587393482078826,-1.5587393482078826,1210.67
2025-04-04,1159.33,1210.67,1158.17,1210.67,1777882039,-0.015587393482078826,-1.5587393482078826,-0.06432801671801569,-6.432801671801569,1132.79
2025-04-08,1173.14,1174.4,1130.98,1132.79,989102100,-0.06432801671801569,-6.432801671801569,-0.03397805418480038,-3.3978054184800377,1094.3
2025-04-09,1073.61,1141.35,1073.61,1094.3,1464120095,-0.03397805418480038,-3.3978054184800377,0.06765969112674775,6.7659691126747745,1168.34
2025-04-10,1166.09,1168.4,1165.86,1168.34,215166632,0.06765969112674775,6.7659691126747745,0.04632213225602144,4.632213225602144,1222.46
2025-04-11,1185.86,1222.46,1180.59,1222.46,1617665830,0.04632213225602144,4.632213225602144,0.015526070382670953,1.5526070382670953,1241.44
2025-04-14,1235.01,1242.94,1226.06,1241.44,913684312,0.015526070382670953,1.5526070382670953,-0.010995295785539483,-1.0995295785539483,1227.79
2025-04-15,1232.64,1246.21,1221.75,1227.79,939049220,-0.010995295785539483,-1.0995295785539483,-0.014245107062282658,-1.4245107062282658,1210.3
2025-04-16,1225.29,1233.84,1205.93,1210.3,713035992,-0.014245107062282658,-1.4245107062282658,0.005742377922829167,0.5742377922829167,1217.25
2025-04-17,1201.63,1217.25,1197.5,1217.25,657997453,0.005742377922829167,0.5742377922829167,0.0015362497432735989,0.1536249743273599,1219.12
2025-04-18,1228.37,1234.67,1219.12,1219.12,977508165,0.0015362497432735989,0.1536249743273599,-0.009884178751886519,-0.9884178751886519,1207.07
2025-04-21,1220.38,1222.77,1201.63,1207.07,771247128,-0.009884178751886519,-0.9884178751886519,-0.008234816539222978,-0.8234816539222978,1197.13
2025-04-22,1201.38,1203.82,1136.98,1197.13,1551077089,-0.008234816539222978,-0.8234816539222978,0.01158604328686108,1.158604328686108,1211.0
2025-04-23,1215.65,1216.28,1202.27,1211.0,732740068,0.01158604328686108,1.158604328686108,0.010198183319570564,1.0198183319570564,1223.35
2025-04-24,1214.78,1224.66,1210.37,1223.35,700062627,0.010198183319570564,1.0198183319570564,0.00480647402623946,0.480647402623946,1229.23
2025-04-25,1227.16,1230.72,1220.67,1229.23,747261510,0.00480647402623946,0.480647402623946,-0.0019768472946478655,-0.19768472946478655,1226.8
2025-04-28,1234.3,1234.3,1222.56,1226.8,542916481,-0.0019768472946478655,-0.19768472946478655,-0.0004075643951744201,-0.04075643951744201,1226.3
2025-04-29,1227.25,1229.1,1222.3,1226.3,523225174,-0.0004075643951744201,-0.04075643951744201,0.011212590720052207,1.1212590720052207,1240.05
2025-05-05,1233.97,1241.51,1226.3,1240.05,562828082,0.011212590720052207,1.1212590720052207,0.0015321962824079716,0.15321962824079716,1241.95
2025-05-06,1244.3,1251.02,1240.05,1241.95,723833572,0.0015321962824079716,0.15321962824079716,0.006779661016949046,0.6779661016949046,1250.37
2025-05-07,1241.1,1250.79,1240.2,1250.37,696862360,0.006779661016949046,0.6779661016949046,0.015539400337500231,1.553940033750023,1269.8
2025-05-08,1255.34,1271.44,1250.37,1269.8,780781448,0.015539400337500231,1.553940033750023,-0.001968813986454543,-0.1968813986454543,1267.3
2025-05-09,1274.5,1279.61,1264.87,1267.3,696772993,-0.001968813986454543,-0.1968813986454543,0.012593703148425783,1.2593703148425783,1283.26
2025-05-12,1272.92,1283.86,1267.3,1283.26,833318839,0.012593703148425783,1.2593703148425783,0.00792512818914326,0.792512818914326,1293.43
2025-05-13,1292.75,1293.7,1283.26,1293.43,884922281,0.00792512818914326,0.792512818914326,0.012602150870166806,1.2602150870166806,1309.73
2025-05-14,1295.3,1310.57,1292.34,1309.73,917612165,0.012602150870166806,1.2602150870166806,0.0026494010215847297,0.26494010215847297,1313.2
2025-05-15,1314.19,1316.16,1301.61,1313.2,1048494927,0.0026494010215847297,0.26494010215847297,-0.008993298812062123,-0.8993298812062123,1301.39
2025-05-16,1314.25,1318.03,1299.55,1301.39,850785026,-0.008993298812062123,-0.8993298812062123,-0.003918886728805471,-0.3918886728805471,1296.29
2025-05-19,1293.61,1306.2,1291.66,1296.29,832210897,-0.003918886728805471,-0.3918886728805471,0.01454921352475158,1.454921352475158,1315.15
2025-05-20,1298.62,1316.67,1296.29,1315.15,864044592,0.01454921352475158,1.454921352475158,0.006006919362810281,0.6006919362810281,1323.05
2025-05-21,1329.83,1331.6,1313.13,1323.05,1000998104,0.006006919362810281,0.6006919362810281,-0.006961188163712606,-0.6961188163712606,1313.84
2025-05-22,1319.97,1331.93,1312.8,1313.84,1119988708,-0.006961188163712606,-0.6961188163712606,0.00047189916580414604,0.047189916580414604,1314.46
2025-05-23,1313.93,1320.07,1308.62,1314.46,642508366,0.00047189916580414604,0.047189916580414604,0.013731874686182977,1.3731874686182977,1332.51
2025-05-26,1317.08,1332.51,1288.86,1332.51,961305387,0.013731874686182977,1.3731874686182977,0.005478382901441536,0.5478382901441536,1339.81
2025-05-27,1338.09,1339.81,1329.6,1339.81,1055045239,0.005478382901441536,0.5478382901441536,0.0015375314410250862,0.15375314410250862,1341.87
2025-05-28,1344.08,1348.05,1337.18,1341.87,899910498,0.0015375314410250862,0.15375314410250862,-7.452286734155322e-06,-0.0007452286734155322,1341.86
2025-05-29,1346.68,1348.31,1335.62,1341.86,895953649,-7.452286734155322e-06,-0.0007452286734155322,-0.006900868943108818,-0.6900868943108818,1332.6
2025-05-30,1342.89,1345.78,1328.69,1332.6,911849296,-0.006900868943108818,-0.6900868943108818,0.0027765270898993943,0.27765270898993943,1336.3
2025-06-02,1330.71,1336.33,1322.95,1336.3,860775405,0.0027765270898993943,0.27765270898993943,0.008194267754246809,0.8194267754246809,1347.25
2025-06-03,1341.31,1350.89,1336.3,1347.25,1035220959,0.008194267754246809,0.8194267754246809,-0.0011208016329560255,-0.11208016329560255,1345.74
2025-06-04,1350.52,1351.14,1341.53,1345.74,952672647,-0.0011208016329560255,-0.11208016329560255,-0.0027122623983830696,-0.27122623983830696,1342.09
2025-06-05,1346.33,1347.49,1336.11,1342.09,756976552,-0.0027122623983830696,-0.27122623983830696,-0.009090299458307416,-0.9090299458307416,1329.89
2025-06-06,1339.13,1344.92,1325.45,1329.89,901235898,-0.009090299458307416,-0.9090299458307416,-0.014527517313462135,-1.4527517313462135,1310.57
2025-06-09,1329.66,1331.56,1309.05,1310.57,718708721,-0.014527517313462135,-1.4527517313462135,0.0043187315442898555,0.43187315442898555,1316.23
2025-06-10,1307.74,1323.61,1299.94,1316.23,703372014,0.0043187315442898555,0.43187315442898555,-0.0007825380062754794,-0.07825380062754794,1315.2
2025-06-11,1322.07,1322.07,1306.25,1315.2,546076606,-0.0007825380062754794,-0.07825380062754794,0.005923053527980615,0.5923053527980615,1322.99
2025-06-12,1321.25,1326.03,1308.63,1322.99,811549322,0.005923053527980615,0.5923053527980615,-0.0056689770897738745,-0.5668977089773874,1315.49
2025-06-13,1313.08,1326.62,1304.12,1315.49,1164364579,-0.0056689770897738745,-0.5668977089773874,0.01719511360785697,1.719511360785697,1338.11
2025-06-16,1313.4,1338.66,1307.37,1338.11,779999910,0.01719511360785697,1.719511360785697,0.0071593516228114495,0.715935162281145,1347.69
2025-06-17,1343.7,1353.01,1338.11,1347.69,763834636,0.0071593516228114495,0.715935162281145,-0.0006381289465678952,-0.06381289465678952,1346.83
2025-06-18,1350.17,1353.99,1341.64,1346.83,768168609,-0.0006381289465678952,-0.06381289465678952,0.0038683427010091087,0.38683427010091087,1352.04
2025-06-19,1346.33,1353.96,1342.08,1352.04,651813682,0.0038683427010091087,0.38683427010091087,-0.001989586106919905,-0.1989586106919905,1349.35
2025-06-20,1354.69,1356.78,1342.31,1349.35,779673486,-0.001989586106919905,-0.1989586106919905,0.006543891503316468,0.6543891503316468,1358.18
2025-06-23,1345.24,1358.26,1338.49,1358.18,735461142,0.006543891503316468,0.6543891503316468,0.006324640327497022,0.6324640327497022,1366.77
2025-06-24,1365.69,1371.24,1355.53,1366.77,883404856,0.006324640327497022,0.6324640327497022,-1.4633039940870063e-05,-0.0014633039940870063,1366.75
2025-06-25,1369.05,1371.57,1364.09,1366.75,734078816,-1.4633039940870063e-05,-0.0014633039940870063,-0.0007901957197731235,-0.07901957197731235,1365.67
2025-06-26,1368.73,1372.74,1360.78,1365.67,599210662,-0.0007901957197731235,-0.07901957197731235,0.004225032401678375,0.42250324016783747,1371.44
2025-06-27,1369.13,1373.28,1362.09,1371.44,678584222,0.004225032401678375,0.42250324016783747,0.003376013533220368,0.3376013533220368,1376.07
2025-06-30,1374.9,1377.3,1371.44,1376.07,637621732,0.003376013533220368,0.3376013533220368,0.0012862717739650087,0.12862717739650087,1377.84
2025-07-01,1378.14,1382.16,1369.74,1377.84,725894731,0.0012862717739650087,0.12862717739650087,0.0048989723044765565,0.48989723044765565,1384.59
2025-07-02,1377.26,1384.72,1372.27,1384.59,850174592,0.0048989723044765565,0.48989723044765565,-0.0018994792682309747,-0.18994792682309747,1381.96
2025-07-03,1381.64,1392.39,1377.06,1381.96,1316396602,-0.0018994792682309747,-0.18994792682309747,0.0036252858259284704,0.36252858259284704,1386.97
2025-07-04,1385.19,1388.04,1379.4,1386.97,835995342,0.0036252858259284704,0.36252858259284704,0.010879831575304477,1.0879831575304477,1402.06
2025-07-07,1393.34,1402.32,1386.97,1402.06,1231774285,0.010879831575304477,1.0879831575304477,0.009557365590630917,0.9557365590630917,1415.46
2025-07-08,1407.07,1415.65,1400.79,1415.46,1177502304,0.009557365590630917,0.9557365590630917,0.011204838003193274,1.1204838003193274,1431.32
2025-07-09,1421.12,1432.29,1415.46,1431.32,1433794349,0.011204838003193274,1.1204838003193274,0.010004750859346823,1.0004750859346823,1445.64
2025-07-10,1437.13,1446.16,1431.32,1445.64,1074311106,0.010004750859346823,1.0004750859346823,0.008383829999169867,0.8383829999169867,1457.76
2025-07-11,1451.12,1463.91,1445.64,1457.76,1235944706,0.008383829999169867,0.8383829999169867,0.008684557128745496,0.8684557128745496,1470.42
2025-07-14,1471.4,1473.93,1447.72,1470.42,1259872146,0.008684557128745496,0.8684557128745496,-0.0066443601147970766,-0.6644360114797077,1460.65
2025-07-15,1473.8,1476.32,1460.16,1460.65,1336267013,-0.0066443601147970766,-0.6644360114797077,0.010146167802005834,1.0146167802005834,1475.47
2025-07-16,1459.87,1475.47,1457.04,1475.47,1221312100,0.010146167802005834,1.0146167802005834,0.00985448704480607,0.9854487044806071,1490.01
2025-07-17,1481.85,1494.46,1475.47,1490.01,1408347353,0.00985448704480607,0.9854487044806071,0.004879161884819627,0.4879161884819627,1497.28
2025-07-18,1497.53,1501.2,1484.29,1497.28,1461671359,0.004879161884819627,0.4879161884819627,-0.008168144902756969,-0.8168144902756969,1485.05
2025-07-21,1508.6,1511.96,1481.37,1485.05,1390409164,-0.008168144902756969,-0.8168144902756969,0.01649102723814022,1.6491027238140221,1509.54
2025-07-22,1485.26,1509.54,1476.61,1509.54,1232141283,0.01649102723814022,1.6491027238140221,0.0018349960915244878,0.18349960915244878,1512.31
2025-07-23,1519.58,1523.37,1507.14,1512.31,1440191422,0.0018349960915244878,0.18349960915244878,0.0057594011809747325,0.5759401180974733,1521.02
2025-07-24,1520.25,1525.32,1502.82,1521.02,1391387058,0.0057594011809747325,0.5759401180974733,0.006646855399666141,0.6646855399666141,1531.13
2025-07-25,1521.56,1534.51,1519.79,1531.13,1406847721,0.006646855399666141,0.6646855399666141,0.017170325184667545,1.7170325184667545,1557.42
2025-07-28,1541.82,1558.12,1531.13,1557.42,1789006045,0.017170325184667545,1.7170325184667545,-0.04110002439932714,-4.110002439932714,1493.41
2025-07-29,1562.6,1566.74,1490.24,1493.41,2644459187,-0.04110002439932714,-4.110002439932714,0.00952183258448791,0.952183258448791,1507.63
2025-07-30,1500.23,1512.15,1482.45,1507.63,1640423968,0.00952183258448791,0.952183258448791,-0.003389425787494349,-0.3389425787494349,1502.52
2025-07-31,1521.96,1528.66,1488.3,1502.52,1652085886,-0.003389425787494349,-0.3389425787494349,-0.004865159864760549,-0.4865159864760549,1495.21
2025-08-01,1506.88,1509.22,1479.98,1495.21,1383202505,-0.004865159864760549,-0.4865159864760549,0.02205710234682745,2.205710234682745,1528.19
2025-08-04,1493.37,1528.21,1491.11,1528.19,1229695208,0.02205710234682745,2.205710234682745,0.012406834228728236,1.2406834228728236,1547.15
2025-08-05,1547.19,1584.98,1519.08,1547.15,2698901575,0.012406834228728236,1.2406834228728236,0.017167049090262676,1.7167049090262676,1573.71
2025-08-06,1558.56,1574.34,1547.15,1573.71,1329752984,0.017167049090262676,1.7167049090262676,0.005147072840612221,0.5147072840612221,1581.81
2025-08-07,1587.84,1588.38,1567.72,1581.81,1610898102,0.005147072840612221,0.5147072840612221,0.0019850677388562055,0.19850677388562055,1584.95
2025-08-08,1589.58,1592.52,1565.45,1584.95,1820837623,0.0019850677388562055,0.19850677388562055,0.007514432631944068,0.7514432631944068,1596.86
2025-08-11,1590.98,1601.79,1584.95,1596.86,1590494840,0.007514432631944068,0.7514432631944068,0.007113961148754511,0.7113961148754511,1608.22
2025-08-12,1603.5,1608.23,1591.18,1608.22,1646679881,0.007113961148754511,0.7113961148754511,0.0021017025033887027,0.21017025033887027,1611.6
2025-08-13,1615.57,1616.99,1585.54,1611.6,1954057759,0.0021017025033887027,0.21017025033887027,0.018050384710846412,1.8050384710846412,1640.69
2025-08-14,1623.18,1641.28,1619.76,1640.69,1818449345,0.018050384710846412,1.8050384710846412,-0.006515551383869056,-0.6515551383869056,1630.0
2025-08-15,1658.24,1665.97,1615.26,1630.0,2072101334,-0.006515551383869056,-0.6515551383869056,0.003907975460122559,0.3907975460122559,1636.37
2025-08-18,1638.37,1642.71,1625.61,1636.37,1606149815,0.003907975460122559,0.3907975460122559,0.010896068737510589,1.089606873751059,1654.2
2025-08-19,1646.73,1665.48,1643.04,1654.2,1933110149,0.010896068737510589,1.089606873751059,0.0061419417240962115,0.6141941724096212,1664.36
2025-08-20,1662.11,1665.54,1614.6,1664.36,2411541300,0.0061419417240962115,0.6141941724096212,0.014203657862481789,1.4203657862481789,1688.0
2025-08-21,1674.76,1693.68,1672.26,1688.0,1716580207,0.014203657862481789,1.4203657862481789,-0.025195497630331687,-2.5195497630331687,1645.47
2025-08-22,1680.42,1689.3,1629.49,1645.47,2293777647,-0.025195497630331687,-2.5195497630331687,-0.019107002862404077,-1.9107002862404077,1614.03
2025-08-25,1659.7,1660.49,1608.53,1614.03,1524727856,-0.019107002862404077,-1.9107002862404077,0.03320880033208806,3.320880033208806,1667.63
2025-08-26,1611.61,1667.96,1603.73,1667.63,1439338154,0.03320880033208806,3.320880033208806,0.0030882150117230722,0.3088215011723072,1672.78
2025-08-27,1678.54,1696.6,1668.24,1672.78,1562452835,0.0030882150117230722,0.3088215011723072,0.004830282523702989,0.4830282523702989,1680.86
2025-08-28,1679.33,1684.16,1659.68,1680.86,1190991833,0.004830282523702989,0.4830282523702989,0.0008031602869960075,0.08031602869960075,1682.21
2025-08-29,1690.11,1694.42,1678.57,1682.21,1522606385,0.0008031602869960075,0.08031602869960075,-0.0005409550531741969,-0.05409550531741969,1681.3
2025-09-03,1682.11,1685.73,1670.39,1681.3,1305793226,-0.0005409550531741969,-0.05409550531741969,0.008915719978588088,0.8915719978588088,1696.29
2025-09-04,1687.59,1696.29,1675.95,1696.29,1375273973,0.008915719978588088,0.8915719978588088,-0.01728478031468672,-1.728478031468672,1666.97
2025-09-05,1705.13,1711.49,1665.45,1666.97,1696082766,-0.01728478031468672,-1.728478031468672,-0.025459366395316096,-2.5459366395316096,1624.53
2025-09-08,1660.91,1667.36,1624.53,1624.53,1904992565,-0.025459366395316096,-2.5459366395316096,0.007873046358023439,0.7873046358023439,1637.32
2025-09-09,1629.58,1637.32,1613.01,1637.32,1129244291,0.007873046358023439,0.7873046358023439,0.0036278797058608703,0.362787970586087,1643.26
2025-09-10,1646.41,1646.49,1629.29,1643.26,1009393499,0.0036278797058608703,0.362787970586087,0.008817837712839172,0.8817837712839172,1657.75
2025-09-11,1638.75,1659.19,1605.76,1657.75,1271916658,0.008817837712839172,0.8817837712839172,0.005736691298446672,0.5736691298446672,1667.26
2025-09-12,1662.02,1670.62,1653.79,1667.26,1121358725,0.005736691298446672,0.5736691298446672,0.010580233436896513,1.0580233436896513,1684.9
2025-09-15,1672.59,1684.9,1668.09,1684.9,1242826634,0.010580233436896513,1.0580233436896513,-0.002374028132233419,-0.2374028132233419,1680.9
2025-09-16,1696.87,1696.87,1677.03,1680.9,1330973777,-0.002374028132233419,-0.2374028132233419,-0.005907549527039091,-0.5907549527039091,1670.97
2025-09-17,1678.09,1684.62,1666.27,1670.97,1071506811,-0.005907549527039091,-0.5907549527039091,-0.0034650532325535277,-0.34650532325535277,1665.18
2025-09-18,1675.85,1679.63,1653.89,1665.18,915010851,-0.0034650532325535277,-0.34650532325535277,-0.003939514046529591,-0.3939514046529591,1658.62
2025-09-19,1671.24,1671.77,1638.44,1658.62,927990635,-0.003939514046529591,-0.3939514046529591,-0.014572355331540554,-1.4572355331540554,1634.45
2025-09-22,1656.66,1659.13,1616.02,1634.45,1212478380,-0.014572355331540554,-1.4572355331540554,0.0004955795527548101,0.049557955275481014,1635.26
2025-09-23,1635.12,1643.59,1626.65,1635.26,797233705,0.0004955795527548101,0.049557955275481014,0.0135758228049363,1.35758228049363,1657.46
2025-09-24,1635.36,1657.46,1619.09,1657.46,998074719,0.0135758228049363,1.35758228049363,0.005206762154139399,0.5206762154139399,1666.09
2025-09-25,1661.08,1668.21,1654.47,1666.09,995617724,0.005206762154139399,0.5206762154139399,-0.003235119351295501,-0.3235119351295501,1660.7
2025-09-26,1666.68,1671.43,1657.94,1660.7,963931987,-0.003235119351295501,-0.3235119351295501,0.0034804600469682256,0.34804600469682256,1666.48
2025-09-29,1659.24,1674.84,1655.03,1666.48,932831470,0.0034804600469682256,0.34804600469682256,-0.0028683212519802215,-0.28683212519802215,1661.7
2025-09-30,1667.86,1676.8,1645.97,1661.7,1144254133,-0.0028683212519802215,-0.28683212519802215,0.0020160077029547363,0.20160077029547363,1665.05
2025-10-01,1664.95,1671.07,1658.75,1665.05,721205372,0.0020160077029547363,0.20160077029547363,-0.007411188853187589,-0.7411188853187589,1652.71
2025-10-02,1668.04,1679.73,1650.87,1652.71,781183333,-0.007411188853187589,-0.7411188853187589,-0.004168910456159969,-0.4168910456159969,1645.82
2025-10-03,1651.39,1654.6,1638.08,1645.82,860615053,-0.004168910456159969,-0.4168910456159969,0.03018556099694991,3.018556099694991,1695.5
2025-10-06,1673.16,1695.5,1664.17,1695.5,1087044888,0.03018556099694991,3.018556099694991,-0.006015924506045489,-0.6015924506045489,1685.3
2025-10-07,1703.9,1703.9,1678.66,1685.3,879953011,-0.006015924506045489,-0.6015924506045489,0.0074348780632527145,0.7434878063252714,1697.83
2025-10-08,1701.06,1704.42,1680.87,1697.83,1067425184,0.0074348780632527145,0.7434878063252714,0.010978719895395894,1.0978719895395894,1716.47
2025-10-09,1702.76,1717.65,1699.17,1716.47,1100211459,0.010978719895395894,1.0978719895395894,0.018106928754944684,1.8106928754944684,1747.55
2025-10-10,1725.27,1747.57,1721.76,1747.55,1072926114,0.018106928754944684,1.8106928754944684,0.010054075705988375,1.0054075705988375,1765.12
2025-10-13,1738.23,1766.77,1736.03,1765.12,1336021435,0.010054075705988375,1.0054075705988375,-0.002300126903553301,-0.23001269035533012,1761.06
2025-10-14,1782.97,1794.58,1755.64,1761.06,1561254359,-0.002300126903553301,-0.23001269035533012,-0.0017659818518391823,-0.17659818518391823,1757.95
2025-10-15,1766.12,1773.73,1748.9,1757.95,1186599106,-0.0017659818518391823,-0.17659818518391823,0.005062715094285908,0.5062715094285908,1766.85
2025-10-16,1764.51,1768.45,1753.5,1766.85,1181490730,0.005062715094285908,0.5062715094285908,-0.02018281121770371,-2.018281121770371,1731.19
2025-10-17,1771.61,1771.61,1727.77,1731.19,1272671767,-0.02018281121770371,-2.018281121770371,-0.054736915069980796,-5.47369150699808,1636.43
2025-10-20,1723.59,1727.11,1636.43,1636.43,1706768838,-0.054736915069980796,-5.47369150699808,0.016499330860470618,1.6499330860470618,1663.43
2025-10-21,1640.8,1677.11,1622.37,1663.43,1583235455,0.016499330860470618,1.6499330860470618,0.009059593731025606,0.9059593731025606,1678.5
2025-10-22,1678.82,1678.82,1628.37,1678.5,995959634,0.009059593731025606,0.9059593731025606,0.005099791480488447,0.5099791480488447,1687.06
2025-10-23,1680.73,1698.01,1669.78,1687.06,753331212,0.005099791480488447,0.5099791480488447,-0.0022998589261792324,-0.22998589261792324,1683.18
2025-10-24,1684.88,1691.69,1660.32,1683.18,952237808,-0.0022998589261792324,-0.22998589261792324,-0.01820363835121619,-1.820363835121619,1652.54
2025-10-27,1696.45,1697.16,1652.54,1652.54,969578406,-0.01820363835121619,-1.820363835121619,0.016919408909920497,1.6919408909920497,1680.5
2025-10-28,1647.86,1680.5,1621.52,1680.5,933803962,0.016919408909920497,1.6919408909920497,0.0031716750966974683,0.3171675096697468,1685.83
2025-10-29,1685.9,1695.99,1675.68,1685.83,898809223,0.0031716750966974683,0.3171675096697468,-0.009645100632922676,-0.9645100632922676,1669.57
2025-10-30,1688.83,1690.69,1661.92,1669.57,796977133,-0.009645100632922676,-0.9645100632922676,-0.017920781997759816,-1.7920781997759816,1639.65
2025-10-31,1669.61,1669.61,1636.62,1639.65,846392672,-0.017920781997759816,-1.7920781997759816,-0.013813923703229425,-1.3813923703229425,1617.0
2025-11-03,1644.56,1652.48,1617.0,1617.0,1012509465,-0.013813923703229425,-1.3813923703229425,0.021632653061224527,2.1632653061224527,1651.98
2025-11-04,1618.02,1658.93,1600.56,1651.98,1198941757,0.021632653061224527,2.1632653061224527,0.0017615225365925635,0.17615225365925635,1654.89
2025-11-05,1647.46,1659.58,1640.51,1654.89,662264267,0.0017615225365925635,0.17615225365925635,-0.007402304684903549,-0.7402304684903549,1642.64
2025-11-06,1656.67,1658.69,1638.12,1642.64,583918596,-0.007402304684903549,-0.7402304684903549,-0.026506112112209768,-2.6506112112209768,1599.1
2025-11-07,1636.24,1638.59,1595.34,1599.1,846874733,-0.026506112112209768,-2.6506112112209768,-0.011606528672378214,-1.1606528672378214,1580.54
2025-11-10,1598.02,1609.49,1580.54,1580.54,733963463,-0.011606528672378214,-1.1606528672378214,0.008269325673504024,0.8269325673504024,1593.61
2025-11-11,1585.32,1597.08,1578.42,1593.61,664598578,0.008269325673504024,0.8269325673504024,0.02400210842050443,2.400210842050443,1631.86
2025-11-12,1599.63,1631.86,1596.43,1631.86,757596568,0.02400210842050443,2.400210842050443,-0.0002573750199158509,-0.025737501991585088,1631.44
2025-11-13,1632.64,1638.98,1626.14,1631.44,699139664,-0.0002573750199158509,-0.025737501991585088,0.002464080812043301,0.2464080812043301,1635.46
2025-11-14,1627.45,1638.35,1623.03,1635.46,703912296,0.002464080812043301,0.2464080812043301,0.011593068616780666,1.1593068616780666,1654.42
2025-11-17,1640.47,1654.42,1640.47,1654.42,766684998,0.011593068616780666,1.1593068616780666,0.003324427896181037,0.3324427896181037,1659.92
2025-11-18,1657.43,1660.41,1647.64,1659.92,773781151,0.003324427896181037,0.3324427896181037,-0.006578630295435928,-0.6578630295435928,1649.0
2025-11-19,1659.25,1661.51,1643.04,1649.0,850211293,-0.006578630295435928,-0.6578630295435928,0.004238932686476682,0.4238932686476682,1655.99
2025-11-20,1651.93,1660.55,1647.79,1655.99,681094934,0.004238932686476682,0.4238932686476682,-0.000640100483698558,-0.0640100483698558,1654.93
2025-11-21,1646.36,1656.84,1635.1,1654.93,730536641,-0.000640100483698558,-0.0640100483698558,0.007885529901566768,0.7885529901566768,1667.98
2025-11-24,1656.03,1674.29,1656.01,1667.98,576494405,0.007885529901566768,0.7885529901566768,-0.004568400100720682,-0.4568400100720682,1660.36
2025-11-25,1670.08,1676.7,1657.77,1660.36,912568955,-0.004568400100720682,-0.4568400100720682,0.012045580476523154,1.2045580476523154,1680.36
2025-11-26,1667.31,1682.17,1663.99,1680.36,794445051,0.012045580476523154,1.2045580476523154,0.002356637863315081,0.23566378633150808,1684.32
2025-11-27,1686.03,1695.34,1681.08,1684.32,714132340,0.002356637863315081,0.23566378633150808,0.003960055096418724,0.3960055096418724,1690.99
2025-11-28,1683.77,1696.14,1679.12,1690.99,723199925,0.003960055096418724,0.3960055096418724,0.006315826823340309,0.6315826823340309,1701.67
2025-12-01,1698.98,1713.77,1697.38,1701.67,633506422,0.006315826823340309,0.6315826823340309,0.009044056720750815,0.9044056720750815,1717.06
2025-12-02,1704.84,1719.03,1690.36,1717.06,693931904,0.009044056720750815,0.9044056720750815,0.008566969121638124,0.8566969121638124,1731.77
2025-12-03,1725.9,1741.65,1714.9,1731.77,822614056,0.008566969121638124,0.8566969121638124,0.0031586180612899195,0.31586180612899195,1737.24
2025-12-04,1735.41,1741.71,1725.23,1737.24,894123127,0.0031586180612899195,0.31586180612899195,0.002348552876977328,0.23485528769773278,1741.32
2025-12-05,1755.72,1758.44,1738.3,1741.32,658094976,0.002348552876977328,0.23485528769773278,0.00713252015712218,0.713252015712218,1753.74
2025-12-08,1757.42,1758.41,1746.03,1753.74,740943400,0.00713252015712218,0.713252015712218,-0.003746279380067663,-0.3746279380067663,1747.17
2025-12-09,1772.03,1772.03,1724.66,1747.17,973849509,-0.003746279380067663,-0.3746279380067663,-0.016134663484377643,-1.6134663484377643,1718.98
2025-12-10,1748.82,1748.82,1713.64,1718.98,647038643,-0.016134663484377643,-1.6134663484377643,-0.01168134591443759,-1.168134591443759,1698.9
2025-12-11,1710.28,1718.84,1690.82,1698.9,592555601,-0.01168134591443759,-1.168134591443759,-0.030613926658425994,-3.0613926658425994,1646.89
2025-12-12,1702.72,1702.73,1638.48,1646.89,919272724,-0.030613926658425994,-3.0613926658425994,-0.000534340484185436,-0.0534340484185436,1646.01
2025-12-15,1645.87,1665.65,1636.82,1646.01,684864300,-0.000534340484185436,-0.0534340484185436,0.02015176092490334,2.015176092490334,1679.18
2025-12-16,1647.42,1689.07,1629.37,1679.18,832044428,0.02015176092490334,2.015176092490334,-0.0032873188103716977,-0.32873188103716977,1673.66
2025-12-17,1680.18,1683.95,1668.19,1673.66,612255424,-0.0032873188103716977,-0.32873188103716977,0.0019836764934335616,0.19836764934335616,1676.98
2025-12-18,1675.54,1676.98,1665.21,1676.98,677428400,0.0019836764934335616,0.19836764934335616,0.016297153215899973,1.6297153215899973,1704.31
2025-12-19,1678.72,1705.76,1677.67,1704.31,776738534,0.016297153215899973,1.6297153215899973,0.027412853295468498,2.74128532954685,1751.03
2025-12-22,1717.42,1751.03,1712.48,1751.03,980004438,0.027412853295468498,2.74128532954685,0.012061472390535899,1.20614723905359,1772.15
2025-12-23,1765.0,1778.18,1763.52,1772.15,859542980,0.012061472390535899,1.20614723905359,0.006020935022430285,0.6020935022430285,1782.82
2025-12-24,1782.71,1784.98,1753.65,1782.82,808080310,0.006020935022430285,0.6020935022430285,-0.022419537586520266,-2.2419537586520266,1742.85
2025-12-25,1779.19,1805.93,1742.85,1742.85,830259375,-0.022419537586520266,-2.2419537586520266,-0.007487735605473778,-0.7487735605473778,1729.8
2025-12-26,1706.39,1730.99,1687.14,1729.8,1081379964,-0.007487735605473778,-0.7487735605473778,0.014475661926234284,1.4475661926234284,1754.84
2025-12-29,1733.39,1754.84,1731.63,1754.84,681132121,0.014475661926234284,1.4475661926234284,0.006872421417337238,0.6872421417337238,1766.9
2025-12-30,1758.45,1766.9,1740.07,1766.9,639630103,0.006872421417337238,0.6872421417337238,0.009955288924104355,0.9955288924104355,1784.49
2025-12-31,1760.81,1787.75,1760.14,1784.49,704538818,0.009955288924104355,0.9955288924104355,0.002191102219681884,0.2191102219681884,1788.4
2026-01-05,1787.13,1797.4,1775.19,1788.4,870442791,0.002191102219681884,0.2191102219681884,0.015583762021919023,1.5583762021919023,1816.27
2026-01-06,1795.57,1817.06,1790.44,1816.27,956959249,0.015583762021919023,1.5583762021919023,0.024946731488159735,2.4946731488159735,1861.58
2026-01-07,1832.23,1861.58,1819.17,1861.58,1014370947,0.024946731488159735,2.4946731488159735,-0.003233812138076275,-0.3233812138076275,1855.56
2026-01-08,1880.81,1888.33,1850.11,1855.56,1262265120,-0.003233812138076275,-0.3233812138076275,0.0066502834723749515,0.6650283472374952,1867.9
2026-01-09,1861.02,1880.16,1853.16,1867.9,1300275020,0.0066502834723749515,0.6650283472374952,0.0050484501311631735,0.5048450131163174,1877.33
2026-01-12,1880.38,1887.92,1868.89,1877.33,1380092734,0.0050484501311631735,0.5048450131163174,0.013636387848700027,1.3636387848700027,1902.93
2026-01-13,1873.93,1910.69,1871.79,1902.93,1343676537,0.013636387848700027,1.3636387848700027,-0.004461540886948057,-0.44615408869480566,1894.44
2026-01-14,1910.32,1918.46,1870.87,1894.44,1423913258,-0.004461540886948057,-0.44615408869480566,-0.015645784506239324,-1.5645784506239324,1864.8
2026-01-15,1883.7,1884.19,1845.95,1864.8,1237786766,-0.015645784506239324,-1.5645784506239324,0.007684470184470271,0.7684470184470271,1879.13
2026-01-16,1875.14,1901.22,1874.6,1879.13,1021323506,0.007684470184470271,0.7684470184470271,0.009291533848110545,0.9291533848110545,1896.59
2026-01-19,1894.67,1898.24,1874.69,1896.59,1163188480,0.009291533848110545,0.9291533848110545,-0.001481606462124141,-0.1481606462124141,1893.78
2026-01-20,1904.58,1915.11,1884.6,1893.78,1078094824,-0.001481606462124141,-0.1481606462124141,-0.004403890631435536,-0.44038906314355364,1885.44
2026-01-21,1876.96,1894.22,1859.25,1885.44,1204631813,-0.004403890631435536,-0.44038906314355364,-0.0014373302783435848,-0.14373302783435848,1882.73
2026-01-22,1895.08,1904.56,1874.81,1882.73,1058940345,-0.0014373302783435848,-0.14373302783435848,-0.006341854647241019,-0.6341854647241019,1870.79
2026-01-23,1890.39,1898.83,1866.87,1870.79,888764058,-0.006341854647241019,-0.6341854647241019,-0.014469822909038421,-1.4469822909038421,1843.72
2026-01-26,1876.81,1879.45,1833.21,1843.72,1112553302,-0.014469822909038421,-1.4469822909038421,-0.007170286160588346,-0.7170286160588346,1830.5
2026-01-27,1843.94,1845.7,1821.79,1830.5,788848818,-0.007170286160588346,-0.7170286160588346,-0.0150723845943731,-1.50723845943731,1802.91
2026-01-28,1837.67,1842.61,1793.13,1802.91,1046874107,-0.0150723845943731,-1.50723845943731,0.006694732404834314,0.6694732404834314,1814.98
2026-01-29,1804.15,1814.98,1797.32,1814.98,723177476,0.006694732404834314,0.6694732404834314,0.0077466418362737155,0.7746641836273715,1829.04
2026-01-30,1822.1,1831.97,1808.47,1829.04,877814543,0.0077466418362737155,0.7746641836273715,-0.012323404627564205,-1.2323404627564205,1806.5
2026-02-02,1824.1,1827.91,1777.85,1806.5,973917373,-0.012323404627564205,-1.2323404627564205,0.0038195405480210276,0.38195405480210276,1813.4
2026-02-03,1807.09,1827.22,1805.22,1813.4,985977888,0.0038195405480210276,0.38195405480210276,-0.01211536340575714,-1.211536340575714,1791.43
2026-02-04,1813.87,1813.87,1780.71,1791.43,1053888972,-0.01211536340575714,-1.211536340575714,-0.004951351713435748,-0.49513517134357476,1782.56
2026-02-05,1789.14,1800.1,1782.18,1782.56,739892290,-0.004951351713435748,-0.49513517134357476,-0.015186024593842551,-1.518602459384255,1755.49
2026-02-06,1768.77,1782.34,1754.39,1755.49,1133423406,-0.015186024593842551,-1.518602459384255,-0.0003816598214744227,-0.03816598214744227,1754.82
2026-02-09,1769.76,1771.73,1749.87,1754.82,726411658,-0.0003816598214744227,-0.03816598214744227,-0.00045018862333456866,-0.045018862333456866,1754.03
2026-02-10,1755.83,1776.24,1741.37,1754.03,920697778,-0.00045018862333456866,-0.045018862333456866,0.024412353266477727,2.4412353266477727,1796.85
2026-02-11,1768.18,1799.92,1763.96,1796.85,1146844032,0.024412353266477727,2.4412353266477727,0.009594568272254245,0.9594568272254245,1814.09
2026-02-12,1809.01,1816.11,1804.6,1814.09,501048660,0.009594568272254245,0.9594568272254245,0.005512405668957943,0.5512405668957943,1824.09
2026-02-13,1818.07,1824.09,1792.91,1824.09,608586792,0.005512405668957943,0.5512405668957943,0.0197632792241611,1.97632792241611,1860.14
2026-02-23,1833.9,1863.13,1833.9,1860.14,756872733,0.0197632792241611,1.97632792241611,0.0040212027051726995,0.40212027051726995,1867.62
2026-02-24,1862.18,1867.62,1849.6,1867.62,1002135553,0.0040212027051726995,0.40212027051726995,-0.0035928079587923545,-0.35928079587923545,1860.91
2026-02-25,1869.49,1876.01,1857.16,1860.91,1156532827,-0.0035928079587923545,-0.35928079587923545,0.010064968214475778,1.0064968214475778,1879.64
2026-02-26,1861.32,1882.17,1859.04,1879.64,891033680,0.010064968214475778,1.0064968214475778,0.0003670915707261191,0.03670915707261191,1880.33
2026-02-27,1883.12,1899.44,1863.36,1880.33,927701241,0.0003670915707261191,0.03670915707261191,-0.018204251381406467,-1.8204251381406467,1846.1
2026-03-02,1876.01,1885.18,1844.25,1846.1,1548149985,-0.018204251381406467,-1.8204251381406467,-0.01785385407074358,-1.785385407074358,1813.14
2026-03-03,1854.28,1854.28,1808.55,1813.14,1303657670,-0.01785385407074358,-1.785385407074358,0.0028293457758363783,0.2829345775836378,1818.27
2026-03-04,1803.54,1833.33,1766.86,1818.27,1574263001,0.0028293457758363783,0.2829345775836378,-0.005367739664626225,-0.5367739664626225,1808.51
2026-03-05,1837.34,1849.01,1806.53,1808.51,1126642399,-0.005367739664626225,-0.5367739664626225,-0.02248812558404434,-2.248812558404434,1767.84
2026-03-06,1801.08,1807.31,1767.84,1767.84,1030298190,-0.02248812558404434,-2.248812558404434,-0.06507941895194136,-6.507941895194136,1652.79
2026-03-09,1757.73,1757.73,1650.75,1652.79,1380753348,-0.06507941895194136,-6.507941895194136,0.014484598769353596,1.4484598769353596,1676.73
2026-03-10,1664.52,1716.62,1651.29,1676.73,1537511997,0.014484598769353596,1.4484598769353596,0.030780149457575012,3.0780149457575012,1728.34
2026-03-11,1675.87,1729.67,1675.17,1728.34,997255862,0.030780149457575012,3.0780149457575012,-0.01083698809262068,-1.083698809262068,1709.61
2026-03-12,1716.62,1725.52,1701.59,1709.61,956735297,-0.01083698809262068,-1.083698809262068,-0.007820497072431709,-0.7820497072431709,1696.24
2026-03-13,1697.72,1716.75,1688.67,1696.24,1023068442,-0.007820497072431709,-0.7820497072431709,-0.0017863038249303909,-0.17863038249303909,1693.21
2026-03-16,1701.06,1707.0,1680.7,1693.21,873491825,-0.0017863038249303909,-0.17863038249303909,0.010087348881709923,1.0087348881709923,1710.29
2026-03-17,1709.38,1732.31,1708.83,1710.29,887474546,0.010087348881709923,1.0087348881709923,0.0020698244157424384,0.20698244157424384,1713.83
2026-03-18,1718.3,1742.87,1693.36,1713.83,840316740,0.0020698244157424384,0.20698244157424384,-0.008577280126967013,-0.8577280126967013,1699.13
2026-03-19,1700.77,1709.47,1677.09,1699.13,881126066,-0.008577280126967013,-0.8577280126967013,-0.03020369247791521,-3.020369247791521,1647.81
2026-03-20,1698.62,1698.62,1628.62,1647.81,961235269,-0.03020369247791521,-3.020369247791521,-0.034372894933275,-3.4372894933275,1591.17
2026-03-23,1630.11,1636.27,1586.44,1591.17,1103087120,-0.034372894933275,-3.4372894933275,0.014831853290345975,1.4831853290345975,1614.77
2026-03-24,1626.34,1630.63,1602.92,1614.77,771713376,0.014831853290345975,1.4831853290345975,0.02688927834923871,2.688927834923871,1658.19
2026-03-25,1634.15,1658.77,1629.73,1658.19,892224038,0.02688927834923871,2.688927834923871,-0.008177591228990644,-0.8177591228990644,1644.63
2026-03-26,1661.53,1661.6,1634.55,1644.63,806689659,-0.008177591228990644,-0.8177591228990644,0.01712847266558426,1.712847266558426,1672.8
2026-03-27,1643.89,1673.31,1640.31,1672.8,940097294,0.01712847266558426,1.712847266558426,-0.00613342898134861,-0.613342898134861,1662.54
2026-03-30,1646.08,1671.6,1637.58,1662.54,824732178,-0.00613342898134861,-0.613342898134861,0.0071877969853357815,0.7187796985335781,1674.49
2026-03-31,1669.57,1677.83,1663.05,1674.49,929691249,0.0071877969853357815,0.7187796985335781,0.016984275809351024,1.6984275809351024,1702.93
2026-04-01,1713.92,1715.21,1700.18,1702.93,943330209,0.016984275809351024,1.6984275809351024,-0.004762380133064847,-0.47623801330648474,1694.82
2026-04-02,1706.15,1706.15,1684.47,1694.82,888151216,-0.004762380133064847,-0.47623801330648474,-0.006360557463329419,-0.6360557463329419,1684.04
2026-04-03,1700.14,1713.95,1679.79,1684.04,772311754,-0.006360557463329419,-0.6360557463329419,-0.005373981615638512,-0.5373981615638512,1674.99
2026-04-06,1682.09,1693.03,1669.31,1674.99,667956408,-0.005373981615638512,-0.5373981615638512,0.0015223971486397758,0.15223971486397758,1677.54
2026-04-07,1677.99,1690.31,1665.36,1677.54,612450752,0.0015223971486397758,0.15223971486397758,0.04709872789918568,4.709872789918568,1756.55
2026-04-08,1706.59,1756.55,1706.59,1756.55,1256696748,0.04709872789918568,4.709872789918568,-0.011311946713728593,-1.1311946713728593,1736.68
2026-04-09,1750.88,1754.77,1736.3,1736.68,1063878313,-0.011311946713728593,-1.1311946713728593,0.007669806757721664,0.7669806757721664,1750.0
2026-04-10,1750.86,1762.84,1747.08,1750.0,961774684,0.007669806757721664,0.7669806757721664,0.005120000000000013,0.5120000000000013,1758.96
2026-04-13,1738.57,1765.67,1733.18,1758.96,880376868,0.005120000000000013,0.5120000000000013,0.00948856142265897,0.948856142265897,1775.65
2026-04-14,1775.41,1784.43,1765.52,1775.65,889353867,0.00948856142265897,0.948856142265897,0.014079351223495573,1.4079351223495573,1800.65
2026-04-15,1787.37,1801.89,1786.65,1800.65,948695415,0.014079351223495573,1.4079351223495573,0.010651709105045315,1.0651709105045315,1819.83
2026-04-16,1806.2,1824.03,1799.18,1819.83,1000724970,0.010651709105045315,1.0651709105045315,-0.0014616749916199767,-0.14616749916199767,1817.17
2026-04-17,1832.33,1846.19,1814.47,1817.17,742281201,-0.0014616749916199767,-0.14616749916199767,0.010973106533785915,1.0973106533785915,1837.11
2026-04-20,1819.03,1838.74,1802.42,1837.11,690090096,0.010973106533785915,1.0973106533785915,-0.00197592958505477,-0.19759295850547698,1833.48
2026-04-21,1851.84,1866.1,1833.48,1833.48,866640210,-0.00197592958505477,-0.19759295850547698,0.01299168793769212,1.299168793769212,1857.3
2026-04-22,1834.53,1861.34,1819.21,1857.3,708137323,0.01299168793769212,1.299168793769212,0.007031712701232928,0.7031712701232928,1870.36
2026-04-23,1868.31,1888.99,1855.09,1870.36,1030969130,0.007031712701232928,0.7031712701232928,-0.009126585256314268,-0.9126585256314268,1853.29
2026-04-24,1873.23,1881.93,1843.63,1853.29,673852010,-0.009126585256314268,-0.9126585256314268,0.012167550680141748,1.2167550680141748,1875.84
2026-04-28,1850.07,1887.69,1848.98,1875.84,629723569,0.012167550680141748,1.2167550680141748,-0.011589474582053949,-1.158947458205395,1854.1
2026-04-29,1878.96,1881.18,1840.58,1854.1,722302348,-0.011589474582053949,-1.158947458205395,-2.1573809395381005e-05,-0.0021573809395381005,1854.06
2026-05-04,1870.66,1876.8,1840.43,1854.06,692675996,-2.1573809395381005e-05,-0.0021573809395381005,0.011213229345328646,1.1213229345328646,1874.85
2026-05-05,1853.08,1875.97,1849.32,1874.85,773453598,0.011213229345328646,1.1213229345328646,0.008720697655812515,0.8720697655812515,1891.2
2026-05-06,1881.22,1892.0,1868.92,1891.2,875178670,0.008720697655812515,0.8720697655812515,0.00941730118443318,0.941730118443318,1909.01
2026-05-07,1897.44,1924.95,1896.45,1909.01,961003323,0.00941730118443318,0.941730118443318,0.003331569766528153,0.3331569766528153,1915.37
2026-05-08,1911.15,1921.81,1897.06,1915.37,944197112,0.003331569766528153,0.3331569766528153,-0.010373974741172631,-1.0373974741172631,1895.5
2026-05-11,1918.93,1927.06,1892.1,1895.5,960671699,-0.010373974741172631,-1.0373974741172631,0.002954365602743314,0.2954365602743314,1901.1
2026-05-12,1893.2,1906.64,1871.44,1901.1,733300648,0.002954365602743314,0.2954365602743314,-0.0014360107306296,-0.14360107306296,1898.37
2026-05-13,1908.77,1908.77,1865.12,1898.37,972787205,-0.0014360107306296,-0.14360107306296,0.014270137012279083,1.4270137012279083,1925.46
2026-05-14,1896.72,1927.7,1883.98,1925.46,675088585,0.014270137012279083,1.4270137012279083,-0.002004715756234954,-0.20047157562349538,1921.6
2026-05-15,1928.61,1930.58,1909.69,1921.6,744584792,-0.002004715756234954,-0.20047157562349538,0.0032993338884264034,0.32993338884264034,1927.94
2026-05-18,1916.56,1932.62,1908.78,1927.94,820722199,0.0032993338884264034,0.32993338884264034,-0.007785511997261296,-0.7785511997261296,1912.93
2026-05-19,1933.01,1933.11,1902.87,1912.93,1007594006,-0.007785511997261296,-0.7785511997261296,0.00015682748453937911,0.01568274845393791,1913.23
2026-05-20,1907.1,1919.39,1859.22,1913.23,1197618071,0.00015682748453937911,0.01568274845393791,-0.008540530934597501,-0.8540530934597501,1896.89
2026-05-21,1920.44,1923.21,1886.62,1896.89,677251003,-0.008540530934597501,-0.8540530934597501,-0.010417051067800442,-1.0417051067800442,1877.13
2026-05-22,1896.74,1896.74,1856.08,1877.13,854173859,-0.010417051067800442,-1.0417051067800442,0.004741280571936901,0.4741280571936901,1886.03
2026-05-25,1876.37,1891.26,1876.37,1886.03,702575224,0.004741280571936901,0.4741280571936901,-0.0009808963802272475,-0.09808963802272475,1884.18
2026-05-26,1889.15,1889.15,1876.32,1884.18,729758151,-0.0009808963802272475,-0.09808963802272475,-0.0051746648409387586,-0.5174664840938759,1874.43
2026-05-27,1889.87,1889.87,1861.85,1874.43,830501943,-0.0051746648409387586,-0.5174664840938759,-0.005740411751839258,-0.5740411751839258,1863.67
2026-05-28,1869.7,1882.66,1857.25,1863.67,686200721,-0.005740411751839258,-0.5740411751839258,-9.658362263709197e-05,-0.009658362263709197,1863.49
2026-05-29,1864.42,1873.17,1854.34,1863.49,688077025,-9.658362263709197e-05,-0.009658362263709197,-0.005607757487295362,-0.5607757487295362,1853.04
2026-06-01,1867.44,1871.09,1851.12,1853.04,194732316,-0.005607757487295362,-0.5607757487295362,,,
