trading_date,timeframe,ticker,close,high,low,open,volume,ma10,ma50,ma10_ma50_ratio,close_ma10_ratio,dist_ma10_ma50_pct,ma10_slope_3d,ma50_slope_3d,golden_cross,return_3d,return_5d,rsi,macd_hist,volume_ratio_20,volume_change_pct,atr_pct,rolling_std_10,body_ratio,upper_wick_ratio,lower_wick_ratio,close_position,signal_date,entry_date,exit_date,entry_price,exit_price,realized_return_gross,realized_return_net,future_max_return_h,future_min_return_h,bars_held,exit_reason,buy_label,target_hit
2023-09-08,1D,ACB,15.97,16.11,15.93,16.07,5530112,15.758,15.7346,1.0014871684059334,1.0134534839446632,0.0014871684059333415,0.012204522096608272,0.0016551443158523416,1,0.0,0.01332487309644681,51.05263157894739,0.04115714783189958,0.6733666222164404,-0.43919177103099816,0.01650415958493603,0.0075764723534181965,0.5555555555555545,0.22222222222221782,0.2222222222222277,0.2222222222222277,2023-09-08,2023-09-11,2023-09-11,16.0,15.68,-0.020000000000000018,-0.023000000000000017,0.004375000000000018,-0.030625000000000013,1.0,stop,0,0
2023-10-19,1D,ACB,15.3,15.55,15.3,15.48,6211641,15.725,15.689400000000001,1.0022690478922074,0.972972972972973,0.0022690478922073975,0.006786606056725875,-0.0046565331032557555,1,-0.03530895334174011,-0.039548022598870025,49.162011173184375,-0.0010246010086554114,1.1593212073184234,3.300364038194559e-05,0.015546218487394957,0.014131475167773647,0.7199999999999989,0.28000000000000114,0.0,0.0,2023-10-19,2023-10-20,2023-10-26,15.3,14.994,-0.020000000000000018,-0.023000000000000017,0.02287581699346397,-0.03921568627450989,5.0,stop,0,0
2023-11-14,1D,ACB,15.93,16.07,15.76,15.76,10306368,15.662,15.574200000000001,1.005637528733418,1.0171114800153236,0.005637528733418066,0.015035644847699148,-0.0002310981011438562,1,0.006317119393556503,0.027079303675048294,59.150326797385645,0.07370878846606163,2.0794516674080814,2.014898731277858,0.019998206438884395,0.01574951461047981,0.5483870967741924,0.45161290322580755,0.0,0.5483870967741924,2023-11-14,2023-11-15,2023-11-20,16.14,15.8172,-0.020000000000000018,-0.023000000000000017,0.021685254027261402,-0.05638166047087978,4.0,stop,0,0
2023-12-12,1D,ACB,15.79,15.79,15.65,15.76,3230408,15.608,15.590399999999999,1.0011288998357966,1.011660686827268,0.001128899835796491,0.006772882667870794,0.0017605860052689604,1,0.004452926208651231,0.015434083601286064,45.07042253521125,0.016977339895256346,0.46339434050652245,0.41848869677551925,0.016330408034017904,0.006579059412220625,0.21428571428571155,0.0,0.7857142857142885,1.0,2023-12-12,2023-12-13,2023-12-26,15.79,16.32,0.03356554781507293,0.030565547815072928,0.042431918936035595,-0.008866371120962557,10.0,timeout,1,0
2024-05-14,1D,ACB,19.48,19.58,19.41,19.44,4474265,19.294,19.270799999999998,1.0012038939743033,1.0096403026847725,0.0012038939743032348,0.00978698906160047,4.151530877005705e-05,1,0.005678884873515644,0.003606388459556964,76.82119205298005,0.062400226600772005,0.5716354087665281,-0.19464889023286125,0.012577002053388088,0.005810929166081231,0.23529411764705638,0.5882352941176409,0.17647058823530273,0.4117647058823591,2024-05-14,2024-05-15,2024-05-24,19.55,20.39065,0.04299999999999993,0.039999999999999925,0.08388746803069047,-0.005626598465473087,8.0,target,1,1
2024-08-27,1D,ACB,20.43,20.47,20.39,20.43,4159515,20.166,20.144000000000002,1.001092136616362,1.013091341862541,0.001092136616362116,0.009865291201362147,-0.0002779211497994094,1,0.0019617459538989745,0.014399205561072437,77.16049382716045,0.08819742207892542,0.6610809356666946,-0.1560167298611952,0.011327879169288844,0.007521180174260586,0.0,0.5,0.5,0.5,2024-08-27,2024-08-28,2024-09-12,20.47,20.43,-0.0019540791402051783,-0.004954079140205178,0.016121152906692915,-0.016121152906692693,10.0,timeout,0,0
2024-12-10,1D,ACB,21.18,21.31,21.18,21.31,3403008,21.121000000000002,21.0942,1.0012704914147017,1.002793428341461,0.001270491414701742,0.006576752609255276,-0.0007011227438533663,1,-0.013507219375873292,0.013882240306366533,70.76023391812868,0.06808336061420824,0.6176246838469619,-0.3720198694439205,0.011837312828814228,0.009305832140970787,1.0,0.0,0.0,0.0,2024-12-10,2024-12-11,2024-12-19,21.18,20.7564,-0.020000000000000018,-0.023000000000000017,0.006137865911236995,-0.025495750708215303,7.0,stop,0,0
2024-12-26,1D,ACB,21.35,21.35,21.22,21.26,5583577,20.982,20.956000000000003,1.0012406947890817,1.0175388428176533,0.0012406947890817067,-0.00019060325931563593,-0.0013914568362463076,1,0.02644230769230771,0.030405405405405483,47.33333333333339,0.015457522042617175,1.0230478593089758,-0.41337753927274734,0.009869521579123486,0.008099797066383557,0.6923076923076776,0.0,0.3076923076923224,1.0,2024-12-26,2024-12-27,2025-01-06,21.39,20.9622,-0.020000000000000018,-0.023000000000000017,0.0079476390836839,-0.035063113604488105,6.0,stop,0,0
2025-02-06,1D,ACB,21.31,21.43,21.22,21.31,5599437,21.026999999999997,21.0056,1.001018775945462,1.013458886193941,0.0010187759454619869,0.007040229885057148,0.0022807737453358623,1,0.01621363853123503,0.008041627246925254,71.06918238993714,0.053932198265066865,1.0465999893011773,-0.2530255506955832,0.011966213045518526,0.0074581392663235525,0.0,0.5714285714285738,0.42857142857142616,0.42857142857142616,2025-02-06,2025-02-07,2025-02-20,21.31,21.68,0.017362740497419038,0.014362740497419039,0.025340215861098248,-0.004223369310182967,10.0,timeout,1,0
2025-05-22,1D,ACB,21.35,21.51,21.31,21.47,18047416,20.984,20.8764,1.005154145350731,1.0174418604651163,0.005154145350731039,0.01888807963097827,-0.0019219184762342412,1,0.006126295947219695,0.0,85.79545454545456,0.15947772166535207,1.7852548735842504,0.458430673612646,0.012579458012713263,0.010225310828310998,0.5999999999999787,0.20000000000001067,0.20000000000001067,0.20000000000001067,2025-05-22,2025-05-23,2025-05-26,21.55,21.119,-0.020000000000000018,-0.023000000000000017,0.004640371229698292,-0.025522041763341052,2.0,stop,0,0
2023-12-12,1D,BCM,62.36,63.23,62.07,62.94,336900,60.263,59.653,1.010225805910851,1.0347974710850771,0.01022580591085108,0.03236029739267465,-0.003268246876284575,1,-0.006056742110296498,0.017457986620982302,72.34782608695653,0.8021698498670509,0.7666454392276474,-0.2578363362801056,0.03361816182534591,0.026650482331094145,0.5,0.25,0.25,0.25,2023-12-12,2023-12-13,2023-12-15,62.16,60.916799999999995,-0.020000000000000018,-0.023000000000000017,0.004665379665379721,-0.08558558558558549,3.0,stop,0,0
2024-01-30,1D,BCM,63.23,63.42,59.74,60.13,1710048,59.78099999999999,59.314400000000006,1.0078665551704138,1.0576939161271977,0.007866555170413684,0.017150732479199737,0.0021287955072279985,1,0.060194500335345236,0.0533066799933366,84.24101969872538,0.4254586361303796,2.860457740683199,1.905596259192301,0.021779896522898284,0.0160356791653851,0.8423913043478246,0.051630434782610014,0.10597826086956538,0.94836956521739,2024-01-30,2024-01-31,2024-01-31,63.42,62.1516,-0.020000000000000018,-0.023000000000000017,0.015294859665720528,-0.03815830968148848,1.0,stop,0,0
2024-05-24,1D,BCM,59.55,62.36,58.87,61.97,1661863,58.687,58.523199999999996,1.0027988900128497,1.0147051306081414,0.0027988900128496385,0.03289450526241677,-0.005461843567634128,1,-0.04352714423385806,0.046021429826102134,66.02895553257498,0.9911131646828686,1.8595826615988302,0.16747724742090608,0.03448482667626246,0.03174780211486201,0.6934097421203439,0.11174785100286543,0.19484240687679064,0.19484240687679064,2024-05-24,2024-05-27,2024-05-30,59.45,58.261,-0.020000000000000018,-0.023000000000000017,0.06358284272497894,-0.021194280908326424,4.0,stop,0,0
2024-12-09,1D,BCM,66.75,66.84,65.96,66.35,173044,65.488,65.411,1.0011771720352847,1.0192707060835573,0.0011771720352845574,0.009402262708468223,-0.002126607923063739,1,0.04150413481042281,0.021110601193207845,73.02158273381289,0.20678410976970615,0.7362526482932535,-0.08765270023040139,0.01764579989299092,0.01597806176241022,0.45454545454545603,0.10227272727273003,0.44318181818181396,0.8977272727272699,2024-12-09,2024-12-10,2024-12-16,66.84,65.5032,-0.019999999999999907,-0.022999999999999906,0.0029922202274088594,-0.024985038898862943,5.0,stop,0,0
2025-06-13,1D,BCM,58.49,58.49,56.52,57.31,594421,58.970000000000006,58.861399999999996,1.001845012181158,0.9918602679328471,0.0018450121811579372,-0.011681498986039207,-0.017263429244983808,1,0.003431120260765086,-0.022886735716672213,36.22448979591839,-0.11505797350824948,1.3079906626320776,0.6911799432689489,0.02571868207019513,0.011554973733313843,0.5989847715736043,0.0,0.40101522842639575,1.0,2025-06-13,2025-06-16,2025-06-24,57.6,60.0768,0.04299999999999993,0.039999999999999925,0.07517361111111098,-0.0067708333333333925,7.0,target,1,1
2023-08-08,1D,BHN,39.85,40.21,39.26,39.26,5027,39.204,39.1854,1.0004746665850035,1.0164779104173043,0.00047466658500358,0.007426442245920484,0.0002961162818007068,1,0.011421319796954377,0.02310654685494229,72.27722772277205,0.14149564714071755,0.8707023469299385,-0.3567498400511836,0.01222441297723609,0.003714512937918241,0.6210526315789491,0.3789473684210509,0.0,0.6210526315789491,2023-08-08,2023-08-09,2023-08-15,39.85,39.053,-0.02000000000000013,-0.023000000000000128,0.02283563362609775,-0.04542032622333758,5.0,stop,0,0
2023-09-14,1D,BHN,39.31,40.03,38.67,39.9,15113,39.17700000000001,39.1118,1.0016670160923302,1.0033948490185567,0.0016670160923303035,0.0038177718561034357,-2.556707778522682e-05,1,-0.009074867658179997,-0.0010165184243964287,54.31578947368425,0.06562830421306859,2.0505132049359935,6.95421052631579,0.015881091688774225,0.0106561132767201,0.43382352941176217,0.09558823529411957,0.47058823529411825,0.47058823529411825,2023-09-14,2023-09-15,2023-09-25,39.22,38.4356,-0.019999999999999907,-0.022999999999999906,0.002294747577766598,-0.06476287608363074,7.0,stop,0,0
2023-11-16,1D,BHN,38.13,38.76,38.13,38.58,1300,37.458999999999996,37.3846,1.0019901242757712,1.0179129181238156,0.0019901242757712303,0.030508940852819633,-0.0007270433392673192,1,0.021704180064308742,-0.004698512137823019,63.83981154299177,0.3609838460058584,0.23755790473928018,-0.607843137254902,0.021673972500093664,0.02064414441572649,0.7142857142857126,0.2857142857142873,0.0,0.0,2023-11-16,2023-11-17,2023-11-22,38.69,37.916199999999996,-0.020000000000000018,-0.023000000000000017,0.02403721891961741,-0.06022227965882654,4.0,stop,0,0
2024-06-06,1D,BHN,38.27,38.97,38.22,38.5,12405,35.851000000000006,35.7804,1.0019731473097004,1.0674737106356864,0.0019731473097004504,0.017742576505990204,0.002297021715258918,1,0.07168860263231602,0.0746981185060378,69.0217391304348,0.3561580503764227,2.637145377820768,-0.6740586983367929,0.02148269812236365,0.023671662460634846,0.3066666666666625,0.6266666666666652,0.06666666666667236,0.06666666666667236,2024-06-06,2024-06-07,2024-06-07,38.27,37.5046,-0.020000000000000018,-0.023000000000000017,0.0,-0.06950614058008897,1.0,stop,0,0
2024-08-15,1D,BHN,38.18,38.23,37.12,38.23,1805,36.359,36.2284,1.0036049066478232,1.0500838856954262,0.0036049066478232865,0.012729095872096252,4.416619740066352e-05,1,0.03693644758283532,0.07761783799040356,72.14700193423593,0.24370808428362806,1.0987004291323006,-0.14047619047619042,0.015771159170844883,0.01853798062487728,0.04504504504504251,0.0,0.9549549549549575,0.9549549549549575,2024-08-15,2024-08-16,2024-08-21,38.18,37.416399999999996,-0.02000000000000013,-0.023000000000000128,0.0,-0.04819277108433728,4.0,stop,0,0
2024-12-10,1D,BHN,37.41,37.5,36.83,37.31,7402,37.287,37.2848,1.0000590052782905,1.003298736825167,5.900527829040194e-05,0.0033906514894646023,0.0024951602495160152,1,-0.0013347570742126003,0.015748031496062964,45.42586750788636,0.012437302251667323,7.633682256484299,11.174342105263158,0.009775842975522243,0.010196245497432798,0.14925373134327471,0.13432835820895997,0.7164179104477653,0.8656716417910401,2024-12-10,2024-12-11,2024-12-12,37.5,36.75,-0.020000000000000018,-0.023000000000000017,0.0,-0.05680000000000007,2.0,stop,0,0
2025-03-14,1D,BHN,36.34,36.34,35.91,35.91,1000,36.202,36.1788,1.000641259522151,1.0038119440914868,0.0006412595221509743,0.00011050334272599827,-0.0012036750739873314,1,0.027424370935821507,0.016219239373602035,52.91262135922333,-0.011555937001540506,1.1585471818339803,-0.16666666666666663,0.02199465366774121,0.02974410487605231,1.0,0.0,0.0,1.0,2025-03-14,2025-03-17,2025-03-27,36.34,35.613200000000006,-0.019999999999999907,-0.022999999999999906,0.0,-0.02669235002751802,9.0,stop,0,0
2023-09-12,1D,BID,34.09,34.09,33.65,33.91,992725,33.872,33.8076,1.0019048971237237,1.0064359943316015,0.0019048971237236338,0.008215263721871757,0.0031512044010040263,1,-0.007280139778683803,-0.010449927431059436,64.40677966101694,0.06259192352990858,0.688812706085254,0.02538134507804557,0.01772618698403386,0.00888909147235019,0.4090909090909201,0.0,0.59090909090908,1.0,2023-09-12,2023-09-13,2023-09-18,34.16,33.4768,-0.020000000000000018,-0.023000000000000017,0.01697892271662771,-0.061475409836065364,4.0,stop,0,0
2023-11-20,1D,BID,31.3,31.8,30.46,30.46,810753,31.1,31.099800000000002,1.0000064309095236,1.0064308681672025,6.430909523518925e-06,0.011415005366028241,-0.005131125200734443,1,-0.02248594628357281,0.025221094005895894,68.97163120567376,0.20492761984787955,0.9433818242790152,-0.3303734697552104,0.024965769055225927,0.01660797414482744,0.626865671641791,0.373134328358209,0.0,0.626865671641791,2023-11-20,2023-11-21,2023-11-24,31.69,31.0562,-0.020000000000000018,-0.023000000000000017,0.026506784474597644,-0.029662354054906914,4.0,stop,0,0
2024-07-22,1D,BID,38.99,39.8,38.58,38.99,3440872,38.693,38.6624,1.0007914666445952,1.0076758069935132,0.000791466644595259,0.004908580926656914,-0.0013689642881128394,1,-0.00611776701503941,0.024704336399474558,66.19433198380565,0.20733131026760007,1.1993964242574595,0.11549805712625849,0.026875022899644583,0.011237187212792057,0.0,0.6639344262295048,0.3360655737704951,0.3360655737704951,2024-07-22,2024-07-23,2024-07-23,39.07,38.2886,-0.019999999999999907,-0.022999999999999906,0.023035577169183474,-0.06910673150755064,1.0,stop,0,0
2024-07-29,1D,BID,38.5,38.62,37.88,37.88,1046716,38.457,38.437200000000004,1.0005151259717149,1.0011181319395688,0.0005151259717148097,-0.0012725289565262976,-0.003892462306348432,1,0.02176220806794049,-0.012567324955116699,47.069597069597066,-0.02098842042195547,0.3644018309354183,-0.15559363272313054,0.03141001855287569,0.01666235876879813,0.8378378378378402,0.16216216216215984,0.0,0.8378378378378402,2024-07-29,2024-07-30,2024-08-05,38.7,37.926,-0.020000000000000018,-0.023000000000000017,0.03281653746770008,-0.04961240310077519,5.0,stop,0,0
2024-08-07,1D,BID,37.92,38.74,37.6,38.74,2146141,38.214,38.1608,1.0013941007526046,0.9923064845344639,0.0013941007526046833,-0.0012023000522739524,-0.0031399388730702915,1,-0.028439661798616456,-0.025192802056555164,38.68421052631579,-0.03245475386958975,0.805646497659443,0.1872809953474477,0.03545057263411694,0.017787328044090008,0.719298245614035,0.0,0.280701754385965,0.280701754385965,2024-08-07,2024-08-08,2024-08-19,38.0,39.634,0.04299999999999993,0.039999999999999925,0.0926315789473684,-0.017105263157894735,8.0,target,1,1
2024-12-27,1D,BID,38.72,39.07,38.67,38.82,2862726,38.188,38.1608,1.0007127733171213,1.0139310778254949,0.000712773317121249,0.003705942649880445,-0.003889344240899262,1,0.027600849256900206,0.02002107481559534,59.075907590759066,0.09460199873820918,1.1605305863435609,-0.26346062559095385,0.014997786304604438,0.008397356189219076,0.25000000000000444,0.6250000000000022,0.12499999999999334,0.12499999999999334,2024-12-27,2024-12-30,2024-12-30,38.67,37.8966,-0.020000000000000018,-0.023000000000000017,0.03568657874321168,-0.039565554693560934,1.0,stop,0,0
2025-01-06,1D,BID,38.37,38.72,37.78,37.88,4823056,38.027,37.9782,1.0012849476805115,1.0090199069082493,0.00128494768051145,-0.0007357771646301359,-0.0019342054777959916,1,0.033117932148626794,-0.009039256198347112,51.5325670498084,0.003497244380262037,1.651538836744953,0.30299195682643143,0.018988048698760158,0.014520513342298973,0.5212765957446767,0.3723404255319173,0.10638297872340602,0.6276595744680827,2025-01-06,2025-01-07,2025-01-20,38.67,39.46,0.020429273338505194,0.017429273338505195,0.03568657874321168,-0.017843289371606064,10.0,timeout,1,0
2025-06-25,1D,BID,35.46,35.85,35.46,35.65,3398132,35.382999999999996,35.3512,1.0008995451356673,1.0021761863041576,0.0008995451356671611,0.006227960414059597,0.002131760970631724,1,-0.00393258426966292,0.005672149744753385,57.57575757575758,0.06690270516801883,1.1408824655023202,-0.2311829842380534,0.013193940858915471,0.005459631526144154,0.4871794871794806,0.5128205128205193,0.0,0.0,2025-06-25,2025-06-26,2025-07-08,35.51,37.03693,0.04299999999999993,0.039999999999999925,0.07096592509152355,-0.00844832441565746,9.0,target,1,1
2023-10-13,1D,BMP,71.79,72.49,69.37,72.49,281004,69.12199999999999,69.0792,1.0006195786864929,1.0385984201846015,0.000619578686492975,0.01991973086230292,-0.0029214105909793897,1,0.021194879089616148,0.03953084274543883,69.03765690376568,0.6285510723343406,1.4139145831640392,-0.24956937645710986,0.02924203530137508,0.02045381357996725,0.2243589743589714,0.0,0.7756410256410285,0.7756410256410285,2023-10-13,2023-10-16,2023-10-16,71.08,69.6584,-0.020000000000000018,-0.023000000000000017,0.0,-0.11831738885762522,1.0,stop,0,0
2023-11-13,1D,BMP,75.6,75.6,74.28,74.59,419763,69.579,68.7834,1.0115667443016774,1.086534730306558,0.011566744301677341,0.04704076565392068,0.004324895746942614,1,0.031800191074109474,0.09106653196709469,69.64514749893117,1.2253537704173882,1.5711324810117817,-0.19164264297227507,0.030338246409674984,0.02484411880876055,0.7651515151515123,0.0,0.23484848484848778,1.0,2023-11-13,2023-11-14,2023-11-14,75.6,74.088,-0.020000000000000018,-0.023000000000000017,0.03835978835978837,-0.04894179894179884,1.0,stop,0,0
2024-05-10,1D,BMP,96.98,97.81,96.98,96.98,130935,94.939,94.57880000000002,1.0038084644761827,1.021498014514583,0.003808464476182586,0.02621224895691454,0.0004950704523336569,1,-0.008485839893671354,0.0,48.368856024358415,0.4949338776927182,0.4396573000035257,-0.6424035853864368,0.02845211089178917,0.017117053562649837,0.0,1.0,0.0,0.0,2024-05-10,2024-05-13,2024-05-21,98.4,96.432,-0.020000000000000018,-0.023000000000000017,0.02804878048780468,-0.02398373983739832,7.0,stop,0,0
2024-08-22,1D,BMP,94.28,94.99,91.64,91.9,427853,87.78699999999999,87.32359999999998,1.0053066983037806,1.0739631152676365,0.005306698303780504,0.03552934237687988,-0.001954406329076397,1,0.052114719339359405,0.10540508852151476,74.13202933985332,1.3427100363024917,2.4846247319617714,0.9413448886065612,0.02431965573671131,0.018663752570949977,0.7104477611940297,0.21194029850746118,0.07761194029850912,0.7880597014925388,2024-08-22,2024-08-23,2024-08-26,94.28,92.3944,-0.020000000000000018,-0.023000000000000017,0.0,-0.053245651251590975,2.0,stop,0,0
2024-12-03,1D,BMP,113.65,114.76,113.29,114.76,249128,111.85700000000001,111.79960000000001,1.0005134186526607,1.0160293946735564,0.0005134186526606644,0.015644578422649102,0.002665413479889134,1,-0.0016690091356289516,0.025722021660649963,47.21175584024117,0.19823213983735358,1.5311759966122465,0.22202437887817927,0.028477154170071014,0.019990721714499282,0.7551020408163267,0.0,0.24489795918367327,0.24489795918367327,2024-12-03,2024-12-04,2024-12-05,114.21,119.12102999999999,0.04299999999999993,0.039999999999999925,0.06444269328430074,-0.01619823132825493,2.0,target,1,1
2025-04-17,1D,BMP,123.88,124.34,116.97,116.97,639380,111.204,111.0528,1.0013615145228214,1.1139887054422504,0.0013615145228214748,0.02037932521585928,0.002627259578663388,1,0.07777971115364535,0.1025275898896405,62.86486486486486,1.6404644944429496,2.0817826920760196,0.04368634889335432,0.0510805387702385,0.04965723885857658,0.937584803256444,0.062415196743555994,0.0,0.937584803256444,2025-04-17,2025-04-18,2025-04-18,125.35,122.84299999999999,-0.020000000000000018,-0.023000000000000017,0.08009573195053843,-0.0741922616673315,1.0,stop,0,0
2023-09-05,1D,BSI,30.08,30.08,29.5,30.04,1840052,26.862000000000002,26.7,1.006067415730337,1.1197974834338469,0.006067415730337176,0.03382981180002331,0.007493943716180951,1,0.13040210447200296,0.15558970418747586,65.00541711809319,0.3937423805075122,1.3424798864440028,-0.2466225898745662,0.03680661094224922,0.02678648464013531,0.06896551724137805,0.0,0.931034482758622,1.0,2023-09-05,2023-09-06,2023-09-06,30.08,31.373439999999995,0.04299999999999993,0.039999999999999925,0.20744680851063846,-0.01928191489361697,1.0,target,1,1
2023-11-15,1D,BSI,36.2,36.78,35.58,36.78,1369225,33.179,32.6638,1.015772812716218,1.0910515687633744,0.015772812716217957,0.06856682769726241,0.009718881957625047,1,0.04654524429025719,0.1006384919428398,68.73661670235546,0.6686339686238991,0.9840895137121911,0.4946598433757825,0.04925019731649565,0.028413843890444875,0.4833333333333308,0.0,0.5166666666666693,0.5166666666666693,2023-11-15,2023-11-16,2023-11-17,35.91,35.19179999999999,-0.02000000000000013,-0.023000000000000128,0.06683375104427758,-0.06794764689501531,2.0,stop,0,0
2024-05-28,1D,BSI,48.35,49.17,47.52,47.52,588629,48.134,47.9308,1.0042394452001637,1.0044874724726804,0.0042394452001636215,0.011112278122045849,-0.0015789495611020499,1,-0.02342961017976164,-0.005144032921810648,63.04347826086954,0.28878078286932446,0.5903530078889381,0.024907543477201033,0.0360319101787561,0.02032724190980303,0.5030303030303024,0.49696969696969756,0.0,0.5030303030303024,2024-05-28,2024-05-29,2024-05-30,48.35,47.383,-0.020000000000000018,-0.023000000000000017,0.03764219234746635,-0.041158221302998954,2.0,stop,0,0
2024-08-19,1D,BSI,45.32,45.82,44.96,45.55,627747,43.406,43.24280000000001,1.0037740386838963,1.0440952863659403,0.0037740386838962577,0.043965558708932484,-0.005290664507462073,1,0.06987724268177531,0.027897482422317932,68.55524079320114,0.6867709147470764,0.7964897188577693,-0.693461955407108,0.04264909847434119,0.03783307280237196,0.2674418604651128,0.31395348837209686,0.41860465116279033,0.41860465116279033,2024-08-19,2024-08-20,2024-08-28,45.27,44.3646,-0.020000000000000018,-0.023000000000000017,0.04020322509388108,-0.0340181135409765,7.0,stop,0,0
2024-12-18,1D,BSI,43.64,43.73,43.27,43.73,271837,42.887,42.793600000000005,1.0021825693561652,1.017557768088232,0.002182569356165302,0.027233532934131777,-0.004105189667209519,1,0.0064575645756457245,0.010653080129689796,73.21867321867326,0.4429790331387204,0.6006540891175984,0.012930054738473862,0.024175068744271316,0.022328402471472747,0.1956521739130381,0.0,0.8043478260869619,0.8043478260869619,2024-12-18,2024-12-19,2024-12-25,42.36,44.18147999999999,0.04299999999999993,0.039999999999999925,0.05594900849858342,0.0,5.0,target,1,1
2025-02-25,1D,BSI,46.09,46.55,45.55,45.91,1381242,42.656,42.2468,1.0096859407103023,1.0805045011252814,0.009685940710302283,0.021333652579911266,0.0035870561908790677,1,0.08574793875147235,0.09373516848599905,79.59479015918961,0.45398954817465864,3.50439977561563,-0.29768224901624096,0.021665685150171983,0.022156440509882663,0.18000000000000682,0.45999999999999375,0.35999999999999943,0.5400000000000063,2025-02-25,2025-02-26,2025-02-26,46.09,48.07187,0.04299999999999993,0.039999999999999925,0.14016055543501826,-0.0019527012367108743,1.0,target,1,1
2025-07-08,1D,BSI,43.4,43.9,43.05,43.05,1734500,41.769999999999996,41.58559999999999,1.0044342272325038,1.0390232224084273,0.004434227232503648,0.016920267802799538,0.003988372879064173,1,0.014018691588784993,0.06896551724137923,69.53125000000007,0.3666252316707408,1.5601308800946099,0.03993045146591512,0.02263001974983543,0.018664978156891235,0.4117647058823539,0.5882352941176461,0.0,0.4117647058823539,2025-07-08,2025-07-09,2025-07-11,44.0,43.12,-0.020000000000000018,-0.023000000000000017,0.08409090909090922,-0.022727272727272707,3.0,stop,0,0
2024-01-29,1D,BSR,11.49,11.55,11.37,11.43,3550658,11.280000000000001,11.2728,1.0006387055567385,1.0186170212765957,0.0006387055567384309,0.008583690987124415,-0.0004256224728664826,1,0.010554089709762682,0.01591511936339529,81.8181818181819,0.042948244711048425,0.744897282071436,-0.46893628655733466,0.016784781797836667,0.005063773472095795,0.3333333333333333,0.3333333333333333,0.3333333333333333,0.6666666666666666,2024-01-29,2024-01-30,2024-01-31,11.49,11.2602,-0.02000000000000013,-0.023000000000000128,0.04699738903394257,-0.04177545691906004,2.0,stop,0,0
2024-05-20,1D,BSR,11.97,12.15,11.79,11.85,8481325,11.556000000000001,11.510399999999999,1.0039616346955798,1.0358255451713396,0.003961634695579831,0.020667726550079646,-0.0008333333333333526,1,0.047244094488189115,0.05835543766578244,79.3103448275863,0.092893361798313,1.5108914738455888,0.24663164394589576,0.02255639097744362,0.012679856031797115,0.333333333333335,0.49999999999999756,0.1666666666666675,0.5000000000000024,2024-05-20,2024-05-21,2024-05-22,11.97,12.48471,0.04299999999999993,0.039999999999999925,0.21052631578947367,-0.015037593984962516,2.0,target,1,1
2024-08-16,1D,BSR,14.49,14.61,13.77,13.77,19056027,13.8,13.771399999999998,1.0020767677941242,1.05,0.002076767794124245,0.01098901098901095,-0.0005225494607580261,1,0.02547770700636942,0.03870967741935494,66.66666666666666,0.09881263064637039,2.0567628172779617,2.5148014875911415,0.039929015084294577,0.023438476949426162,0.8571428571428581,0.14285714285714196,0.0,0.8571428571428581,2024-08-16,2024-08-19,2024-08-30,14.43,14.37,-0.004158004158004158,-0.007158004158004158,0.033957033957033866,-0.008316008316008316,10.0,timeout,0,0
2024-12-17,1D,BSR,13.5,13.68,13.37,13.62,3030367,13.132,13.001,1.0100761479886162,1.0280231495583307,0.010076147988616278,0.03818483674598783,-0.004075316756293135,1,0.01427498121712989,0.023502653525398154,77.7777777777778,0.1960181205617762,0.8136769129388981,-0.31321462072847994,0.027619047619047606,0.02285310784046045,0.38709677419354527,0.1935483870967755,0.41935483870967927,0.41935483870967927,2024-12-17,2024-12-18,2024-12-19,13.5,13.23,-0.020000000000000018,-0.023000000000000017,0.05481481481481487,-0.06000000000000005,2.0,stop,0,0
2025-05-20,1D,BSR,10.81,10.93,10.77,10.93,1204569,11.067000000000002,10.992,1.0068231441048037,0.9767778078973524,0.00682314410480359,0.02292263610315204,-0.009301319489508963,1,-0.030493273542600896,-0.03825622775800708,73.51351351351352,0.09996371602094173,0.4424516263610324,-0.4533159965689545,0.024382185806792637,0.024420552845015004,0.7499999999999944,0.0,0.25000000000000555,0.25000000000000555,2025-05-20,2025-05-21,2025-05-21,10.87,10.6526,-0.020000000000000018,-0.023000000000000017,0.05059797608095673,-0.034038638454461756,1.0,stop,0,0
2023-12-14,1D,BVH,38.49,38.97,38.49,38.92,313391,38.303,38.1824,1.0031585232986926,1.0048821241156047,0.0031585232986924877,0.006173163812125626,-0.0010360525351891248,1,0.002343750000000089,0.013695022386094324,58.16733067729083,0.10006183915891263,0.9055872203929998,-0.6520618757001428,0.016943176335226198,0.009544900282005728,0.8958333333333386,0.10416666666666143,0.0,0.0,2023-12-14,2023-12-15,2023-12-18,38.49,37.7202,-0.02000000000000013,-0.023000000000000128,0.0012990387113536173,-0.03117692907248648,2.0,stop,0,0
2024-01-04,1D,BVH,38.45,38.73,38.11,38.35,684484,37.891,37.8862,1.0001266952082815,1.0147528436831967,0.0001266952082815357,0.004853081574201834,0.00015311348349023035,1,0.015315553208344435,0.013976793248945185,49.363057324840774,0.06764546947545287,2.1278482785398296,3.6058460958738188,0.011127624001486189,0.006096924561557293,0.16129032258064813,0.45161290322579867,0.3870967741935532,0.5483870967742013,2024-01-04,2024-01-05,2024-01-11,38.49,40.14507,0.04299999999999993,0.039999999999999925,0.051182125227331676,-0.00857365549493394,5.0,target,1,1
2024-05-24,1D,BVH,42.76,44.1,41.94,43.14,1773315,40.117999999999995,39.8118,1.0076911870349996,1.0658557256094523,0.0076911870349995965,0.01988000813504165,-0.0008683344041117147,1,0.058153922296461324,0.09193054136874368,77.55681818181813,0.47137131800575266,3.3290183927977566,-0.3402890159217684,0.0243552051316317,0.024767499754712742,0.17592592592592682,0.4444444444444441,0.3796296296296291,0.3796296296296291,2024-05-24,2024-05-27,2024-05-27,42.76,44.598679999999995,0.04299999999999993,0.039999999999999925,0.08302151543498604,-0.006782039289055186,1.0,target,1,1
2024-08-28,1D,BVH,43.33,43.62,43.19,43.43,330730,42.961,42.906800000000004,1.0012632030354163,1.008589185540374,0.0012632030354161688,0.016347291223089755,0.0004896725722736139,1,-0.023879252083802704,0.010965935604293042,68.83509833585477,0.30604269102789206,0.5074689913092886,-0.43777974592737523,0.020622465464376356,0.015872156848793305,0.2325581395348872,0.4418604651162741,0.32558139534883873,0.32558139534883873,2024-08-28,2024-08-29,2024-09-09,43.14,42.2772,-0.020000000000000018,-0.023000000000000017,0.015530829856281958,-0.05540101993509505,6.0,stop,0,0
2024-11-08,1D,BVH,43.29,43.33,42.09,42.33,793910,41.898,41.7768,1.002901131728615,1.0332235428898753,0.002901131728614967,0.00716346153846148,-0.001553470452991812,1,0.026315789473684292,0.03564593301435415,67.17557251908411,0.14862489738192303,3.175713676557296,2.175284368150767,0.012540012540012566,0.010446049914708402,0.7741935483871006,0.032258064516128476,0.19354838709677086,0.9677419354838716,2024-11-08,2024-11-11,2024-11-13,43.43,42.5614,-0.020000000000000018,-0.023000000000000017,0.00990099009900991,-0.03753166014275855,3.0,stop,0,0
2025-05-21,1D,BVH,49.35,49.94,48.86,49.26,570388,48.108000000000004,48.0712,1.0007655311288257,1.0258169119481166,0.0007655311288257129,0.011649913782226573,-0.009168109489653076,1,0.042458808618504484,0.02216238608119303,74.6198830409357,0.43124318762590186,0.877956614577942,-0.33638852337522873,0.027601678969460083,0.01564269877258495,0.08333333333333662,0.5462962962962937,0.37037037037036963,0.4537037037037063,2025-05-21,2025-05-22,2025-05-26,48.23,50.303889999999996,0.04299999999999993,0.039999999999999925,0.07215426083350618,0.0,3.0,target,1,1
2023-07-20,1D,BWE,37.72,38.21,37.72,37.72,134040,37.228,37.2242,1.0001020841280672,1.0132158590308369,0.00010208412806717804,0.013889645405523066,-0.0011109441415138033,1,0.011260053619303045,0.01698571043407915,63.736263736263744,0.18455846832372202,1.2601605379091716,-0.2715296572863338,0.015262838963793357,0.015042667711162664,0.0,1.0,0.0,0.0,2023-07-20,2023-07-21,2023-08-03,37.72,38.26,0.014316012725344551,0.011316012725344552,0.025185577942736126,-0.009013785790031759,10.0,timeout,1,0
2024-01-30,1D,BWE,35.44,35.44,34.65,34.73,198889,34.553999999999995,34.5012,1.0015303815519458,1.0256410256410258,0.0015303815519459537,0.007728426025839008,-0.001943971951262058,1,0.02279942279942282,0.0278422273781902,53.04347826086957,0.13745740265284787,1.3723756349485918,-0.11053420093468391,0.014390519187358917,0.007524116000878421,0.8987341772151919,0.0,0.10126582278480807,1.0,2024-01-30,2024-01-31,2024-02-20,35.56,36.02,0.012935883014623117,0.009935883014623118,0.025590551181102317,-0.014060742407199123,10.0,timeout,1,0
2024-05-08,1D,BWE,37.63,38.21,37.22,37.72,601565,36.13,35.983000000000004,1.0040852624850622,1.0415167450871852,0.004085262485062347,0.025168118491615488,0.002334313856576342,1,0.02589967284623773,0.07946069994262772,62.0498614958449,0.30703644366480853,2.0507536514981837,-0.3141189575734634,0.027162977867203238,0.01737879748139853,0.090909090909087,0.49494949494949597,0.41414141414141703,0.41414141414141703,2024-05-08,2024-05-09,2024-05-10,37.63,36.8774,-0.020000000000000018,-0.023000000000000017,0.06829657188413507,-0.02524581450969976,2.0,stop,0,0
2024-08-26,1D,BWE,42.24,43.28,41.86,41.86,471184,41.410000000000004,41.3124,1.0023624868078351,1.0200434677614103,0.0023624868078351057,0.01614644680015731,-0.0013923132704858343,1,0.01587301587301604,-0.007751937984496138,66.28352490421454,0.2650359444056621,1.5270103172299898,1.5142418065590215,0.02183103354978358,0.018897759582398404,0.2676056338028184,0.7323943661971816,0.0,0.2676056338028184,2024-08-26,2024-08-27,2024-09-05,42.05,41.208999999999996,-0.020000000000000018,-0.023000000000000017,0.04042806183115344,-0.02021403091557661,6.0,stop,0,0
2024-12-02,1D,BWE,44.41,44.46,43.47,44.41,318086,42.969,42.8376,1.0030673987338226,1.0335358048825896,0.0030673987338226067,0.018681396837438857,-0.0008350165837093249,1,0.032790697674418556,0.04666509545133146,57.93025871766027,0.2772783985090793,2.008937354205896,1.4293984663794945,0.026007655933348337,0.02437203051864186,0.0,0.05050505050505471,0.9494949494949453,0.9494949494949453,2024-12-02,2024-12-03,2024-12-16,43.56,43.75,0.004361799816345213,0.0013617998163452131,0.03489439853076215,-0.012855831037649312,10.0,timeout,1,0
2025-04-22,1D,BWE,43.74,44.22,43.15,43.59,243922,43.343,43.1942,1.0034449069551006,1.0091594951895346,0.003444906955100485,0.03362506856175318,-0.0016779609307829846,1,-0.00205338809034894,0.01367323290845901,57.93991416309014,0.2915132340935334,0.47246498137718385,0.8593883400414686,0.03654712913972176,0.030912092595503537,0.1401869158878491,0.44859813084111844,0.41121495327103247,0.5514018691588816,2025-04-22,2025-04-23,2025-04-25,43.74,45.62082,0.04299999999999993,0.039999999999999925,0.20644718792866934,-0.011202560585276689,3.0,target,1,1
2023-11-30,1D,CII,13.44,13.72,13.4,13.6,6035289,13.516,13.4802,1.0026557469473747,0.9943770346256289,0.0026557469473746723,-0.0035387791212030395,-0.01668976584725368,1,0.02752293577981657,0.009009009009008917,50.0,0.03660780832168561,0.5764998707450795,-0.018232349769088274,0.04017857142857146,0.02640433000514435,0.5,0.3750000000000028,0.12499999999999722,0.12499999999999722,2023-11-30,2023-12-01,2023-12-04,13.56,14.14308,0.04299999999999993,0.039999999999999925,0.06415929203539816,-0.017699115044247815,2.0,target,1,1
2024-06-10,1D,CII,14.22,14.38,14.18,14.26,4105974,14.149000000000001,14.133400000000002,1.001103768378451,1.0050180224750866,0.0011037683784509862,0.006974592555690107,-0.00599215112598972,1,-0.0028050490883589907,-0.0193103448275862,53.17460317460316,0.04293050054523294,0.7055022089395135,0.17080485787291422,0.026270845891099074,0.01763166655406814,0.19999999999999468,0.6000000000000018,0.20000000000000356,0.20000000000000356,2024-06-10,2024-06-11,2024-06-11,14.34,14.0532,-0.020000000000000018,-0.023000000000000017,0.008368200836820217,-0.06555090655509066,1.0,stop,0,0
2024-08-29,1D,CII,12.94,13.02,12.82,12.9,1383044,12.922999999999998,12.8642,1.0045708244585747,1.0013154840207383,0.004570824458574802,0.022955750811366915,-0.003593946059826658,1,-0.006144393241167445,-0.006144393241167445,67.4008810572687,0.10506507853339495,0.39108790208488464,-0.6356558065870702,0.02765511150364317,0.02262907141852532,0.19999999999999646,0.4000000000000018,0.4000000000000018,0.5999999999999982,2024-08-29,2024-08-30,2024-09-04,12.94,12.681199999999999,-0.020000000000000018,-0.023000000000000017,0.009273570324574987,-0.054095826893353904,2.0,stop,0,0
2024-09-26,1D,CII,12.86,12.9,12.73,12.82,5199077,12.598,12.588199999999999,1.000778506855627,1.0207969518971265,0.0007785068556268593,0.00840470663571602,-0.0039247337353021106,1,0.026336791699920203,0.016600790513833896,55.782312925170075,0.03182708088668661,2.09256645993672,0.03589206240285536,0.01771828482559431,0.01208319730359258,0.2352941176470539,0.23529411764706434,0.5294117647058817,0.7647058823529357,2024-09-26,2024-09-27,2024-10-03,12.9,12.642,-0.020000000000000018,-0.023000000000000017,0.019379844961240345,-0.03875968992248058,5.0,stop,0,0
2025-02-12,1D,CII,12.32,12.58,12.32,12.32,6607641,11.895,11.8178,1.0065325187429133,1.03572929802438,0.0065325187429131895,0.021293036833519352,0.002902338843816743,1,-0.00725221595487513,0.05119453924914663,67.51269035533,0.11633512952626959,1.9610812840533052,0.15487671790254054,0.02092996289424859,0.02313195192125327,0.0,1.0,0.0,0.0,2025-02-12,2025-02-13,2025-02-13,12.36,12.1128,-0.019999999999999907,-0.022999999999999906,0.03478964401294493,-0.062297734627831725,1.0,stop,0,0
2025-05-16,1D,CII,11.42,11.68,11.38,11.63,9236812,11.318000000000001,11.2928,1.0022315103428734,1.009012192966955,0.0022315103428734826,0.007297970808116894,-0.003265724019841598,1,0.007943512797881747,-0.007819287576020795,76.37130801687766,0.10611941093834183,0.8381157009836119,-0.5794518457326765,0.03546409807355519,0.014844201832084403,0.7000000000000053,0.16666666666666372,0.13333333333333097,0.13333333333333097,2025-05-16,2025-05-19,2025-05-19,11.38,11.86934,0.04299999999999993,0.039999999999999925,0.21880492091388382,-0.004393673110720586,1.0,target,1,1
2023-11-22,1D,CMG,31.7,31.92,31.41,31.73,43614,30.464999999999996,30.405,1.001973359644795,1.0405383226653537,0.001973359644795105,0.018828172028626744,-0.001779429531963972,1,0.04242025649457415,0.04551451187335087,87.94326241134755,0.3150279826441161,0.3957253603937111,-0.8811640009808996,0.02183415953132042,0.016622179367507987,0.05882352941176675,0.3725490196078445,0.5686274509803887,0.5686274509803887,2023-11-22,2023-11-23,2023-11-23,31.82,31.1836,-0.020000000000000018,-0.023000000000000017,0.007542426147077341,-0.06348208673790068,1.0,stop,0,0
2024-02-02,1D,CMG,34.4,34.4,33.05,33.5,144750,32.775,32.7622,1.0003906941536282,1.049580472921434,0.0003906941536282237,0.008337435392566928,0.0038915036524980184,1,0.050061050061050105,0.05263157894736836,65.3526970954357,0.08213285862270467,0.807549626644284,0.19164244963818522,0.026121262458471742,0.014232923978591583,0.666666666666665,0.0,0.3333333333333351,1.0,2024-02-02,2024-02-05,2024-02-06,34.23,33.545399999999994,-0.02000000000000013,-0.023000000000000128,0.0037978381536665218,-0.06573181419807173,2.0,stop,0,0
2024-03-15,1D,CMG,33.99,34.11,32.76,34.11,220250,33.425,33.4096,1.000460945357023,1.0169035153328347,0.0004609453570231202,0.009788223920727424,0.0009347362366081136,1,0.022255639097744417,0.04263803680981604,59.68503937007876,0.1085474815373508,0.9054768502150122,-0.11111738900570256,0.03673349304417264,0.01924559844805573,0.0888888888888869,0.0,0.9111111111111131,0.9111111111111131,2024-03-15,2024-03-18,2024-03-18,33.95,33.271,-0.020000000000000018,-0.023000000000000017,0.0,-0.08100147275405012,1.0,stop,0,0
2024-04-04,1D,CMG,37.63,37.63,36.73,36.86,1959830,33.517,33.1734,1.0103576962264949,1.1227138467046573,0.010357696226494786,0.023763706893918712,0.004487482286254174,1,0.1430741190765492,0.1358285541805011,70.13274336283185,0.380751285890858,4.299873757042203,0.9817561500440879,0.030731559166318693,0.03085669182711919,0.8555555555555536,0.0,0.14444444444444637,1.0,2024-04-04,2024-04-05,2024-04-05,37.26,38.862179999999995,0.04299999999999993,0.039999999999999925,0.08803005904455175,-0.0966183574879228,1.0,target,1,1
2024-10-17,1D,CMG,43.16,43.33,42.59,42.75,405571,42.375,42.3258,1.0011624115787534,1.0185250737463125,0.0011624115787533613,0.006412540078375439,0.002197333838467541,1,-0.0075879512531618065,-0.01506161570059339,58.742138364779834,0.20096509152186076,0.6603028199844454,-0.05628709910857432,0.022524162584403526,0.020272579362009623,0.5540540540540533,0.22972972972973363,0.2162162162162131,0.7702702702702664,2024-10-17,2024-10-18,2024-10-22,43.16,42.2968,-0.020000000000000018,-0.023000000000000017,0.01529193697868414,-0.053985171455050884,3.0,stop,0,0
2024-10-29,1D,CMG,43.24,43.82,42.02,42.02,1046505,42.482000000000006,42.446000000000005,1.000848136455732,1.0178428510898732,0.0008481364557320209,-0.006338736462938144,0.0007497489048480244,1,0.043436293436293516,0.021256495040151036,57.6008273009307,0.004289263882681728,1.6050568327740458,2.4728725646037493,0.02770252411788024,0.018864443048720606,0.6777777777777783,0.3222222222222218,0.0,0.6777777777777783,2024-10-29,2024-10-30,2024-10-31,43.65,42.777,-0.019999999999999907,-0.022999999999999906,0.1033218785796104,-0.061855670103092675,2.0,stop,0,0
2024-11-08,1D,CMG,43.98,45.21,43.57,43.82,4893843,42.507,42.284,1.0052738624538833,1.0346531159573717,0.005273862453883242,0.010123333570970061,0.00011826202133446984,1,0.06334622823984515,0.06129343629343631,51.229508196721284,0.1267830384420986,4.880992810228512,0.16767368033012775,0.027902293250178664,0.01985679761025864,0.09756097560975398,0.7500000000000022,0.15243902439024384,0.24999999999999784,2024-11-08,2024-11-11,2024-11-11,44.72,46.642959999999995,0.04299999999999993,0.039999999999999925,0.08966905187835406,-0.07513416815742391,1.0,target,1,1
2025-06-05,1D,CMG,32.14,32.36,31.68,31.82,1141477,31.345,31.1342,1.0067706894668884,1.0253628967937471,0.00677068946688847,0.009533318303327043,-0.01048811029678176,1,0.02031746031746029,0.030788967286722313,52.046783625731,0.16856776425130005,0.9719423166369182,0.04243522890201912,0.02844697306427239,0.012985546141130051,0.47058823529411825,0.32352941176470434,0.2058823529411774,0.6764705882352956,2025-06-05,2025-06-06,2025-06-06,32.36,31.712799999999998,-0.020000000000000018,-0.023000000000000017,0.053461063040791235,-0.043572311495673643,1.0,stop,0,0
2023-09-22,1D,CTD,47.57,48.48,45.76,48.13,2090988,47.468,47.29540000000001,1.0036494035360732,1.0021488160444931,0.003649403536073183,0.016075518547852052,-0.005642946947047811,1,-0.029777687130328356,0.013205537806176837,61.96358907672301,0.489901411058129,2.080591388859439,2.045525847792746,0.03863479383765279,0.02964684664640076,0.2058823529411774,0.12867647058823325,0.6654411764705893,0.6654411764705893,2023-09-22,2023-09-25,2023-09-25,47.15,46.207,-0.019999999999999907,-0.022999999999999906,0.01781548250265108,-0.11495227995758217,1.0,stop,0,0
2023-10-11,1D,CTD,50.35,50.35,47.39,47.48,1382839,45.940999999999995,45.427800000000005,1.011297047182562,1.0959709192224811,0.01129704718256201,0.030205857290218185,-0.0014814749687876994,1,0.0542294807370185,0.14535941765241134,53.67863449087699,0.470057152437272,1.534786211464667,0.17557561454993076,0.044772308128812596,0.03023118707710535,0.9695945945945958,0.0,0.030405405405404148,1.0,2023-10-11,2023-10-12,2023-10-12,50.91,49.891799999999996,-0.020000000000000018,-0.023000000000000017,0.03103516008642715,-0.13121194264388136,1.0,stop,0,0
2024-02-22,1D,CTD,63.89,64.63,63.61,63.61,1820291,62.168000000000006,62.147600000000004,1.0003282508093636,1.0276991378201004,0.0003282508093635505,0.0038916789122678264,0.0032317740534713035,1,0.03919973975276525,0.02832769998390461,54.98652291105121,0.11445374391936464,1.040106494449519,0.11787178954944677,0.025825637814994525,0.019259084366339344,0.2745098039215708,0.7254901960784292,0.0,0.2745098039215708,2024-02-22,2024-02-23,2024-02-23,63.8,62.523999999999994,-0.020000000000000018,-0.023000000000000017,0.06833855799373034,-0.055172413793103336,1.0,stop,0,0
2024-02-28,1D,CTD,62.32,63.24,61.76,62.59,1686351,62.306999999999995,62.29599999999999,1.0001765763451906,1.0002086442935787,0.00017657634519074717,0.0038829632971351113,0.0023588321045737715,1,0.021304490331038872,-0.02181761105007063,50.0,-0.057163824255337274,0.862567306910304,-0.06148550502829986,0.027312947001650465,0.02201846579548217,0.18243243243243407,0.43918918918918703,0.3783783783783789,0.3783783783783789,2024-02-28,2024-02-29,2024-03-04,62.5,65.1875,0.04299999999999993,0.039999999999999925,0.12319999999999998,-0.019199999999999995,3.0,target,1,1
2024-03-01,1D,CTD,63.99,63.99,61.95,61.95,4063071,62.529999999999994,62.5036,1.0004223756711612,1.023348792579562,0.00042237567116126617,0.0050792426142023395,0.004261034988045864,1,0.025316455696202667,0.04867256637168138,64.79514415781486,0.06564111545479001,1.9012138942663261,1.7526406393223053,0.026600138414484414,0.024059951101269024,1.0,0.0,0.0,1.0,2024-03-01,2024-03-04,2024-03-06,66.58,65.2484,-0.019999999999999907,-0.022999999999999906,0.08771402823670771,-0.04460799038750374,3.0,stop,0,0
2024-05-23,1D,CTD,67.69,67.69,66.03,66.58,1411448,64.716,64.567,1.0023076803940094,1.0459546325483653,0.002307680394009338,0.018219578967242578,0.0021543361447315945,1,0.03248932275777916,0.0734221376466857,76.53311529026982,0.7025297957639249,1.1634785986239204,-0.05712440070248992,0.026211932549648598,0.01835744639035431,0.6686746987951817,0.0,0.33132530120481823,1.0,2024-05-23,2024-05-24,2024-05-24,67.23,65.8854,-0.020000000000000018,-0.023000000000000017,0.04834151420496813,-0.045515394912985285,1.0,stop,0,0
2024-10-02,1D,CTD,58.05,59.07,57.77,58.7,835849,58.616,58.5238,1.0015754274329418,0.9903439333970246,0.0015754274329417824,0.01638605191517395,-0.005738885793114545,1,-0.029426517304798616,-0.02486141441290113,51.31086142322095,0.27587884167554155,1.6232613424757325,0.4333860946720194,0.024166359050079973,0.016772464235101106,0.5000000000000054,0.28461538461538327,0.21538461538461126,0.21538461538461126,2024-10-02,2024-10-03,2024-10-03,58.33,57.163399999999996,-0.020000000000000018,-0.023000000000000017,0.028630207440425215,-0.02537287845019709,1.0,stop,0,0
2024-10-14,1D,CTD,59.81,60.0,58.61,59.07,869457,57.949,57.945,1.0000690309776512,1.0321144454606637,6.903097765118273e-05,-0.005252768002746544,-0.0022694087828530884,1,0.0335234145498533,0.05040393396557796,52.55172413793106,0.16724974118578634,1.5950864870413222,0.05806051991734673,0.01691069338619915,0.01321292170393544,0.5323741007194257,0.1366906474820127,0.33093525179856165,0.8633093525179873,2024-10-14,2024-10-15,2024-10-15,59.81,58.6138,-0.02000000000000013,-0.023000000000000128,0.062029760909546816,-0.03410800869419828,1.0,stop,0,0
2024-10-17,1D,CTD,58.51,59.07,57.77,58.98,421928,58.097,58.0656,1.0005407676834477,1.0071088007986642,0.0005407676834476501,0.0025539698700582925,0.002081283976184345,1,-0.021735495736499022,0.01933797909407664,41.85463659147868,0.12972033726026544,0.7677878069230066,0.04574295118372529,0.017188758942305336,0.01236844454189074,0.3615384615384615,0.06923076923077201,0.5692307692307665,0.5692307692307665,2024-10-17,2024-10-18,2024-10-22,59.35,61.902049999999996,0.04299999999999993,0.039999999999999925,0.09064869418702615,-0.01415332771693345,3.0,target,1,1
2025-05-27,1D,CTD,78.69,79.44,75.68,76.71,2711500,75.856,75.6376,1.0028874528012521,1.0373602615481967,0.002887452801252133,0.0031208674953715487,-0.007461335166954797,1,0.06901236245075393,0.023276983094928427,66.30236794171216,0.17420353530243743,2.138294038812383,1.044652835065928,0.02784888259535612,0.022946403136960947,0.5265957446808534,0.19946808510638347,0.2739361702127631,0.8005319148936165,2025-05-27,2025-05-28,2025-05-30,78.12,76.55760000000001,-0.019999999999999907,-0.022999999999999906,0.008448540706605279,-0.05299539170506917,3.0,stop,0,0
2023-11-21,1D,CTG,18.05,18.32,18.05,18.32,1838665,18.198,18.1968,1.0000659456607757,0.9918672381580393,6.594566077556251e-05,0.012180877690639136,-0.005269717709312727,1,-0.028002154011847025,-0.013121924548933794,72.86245353159858,0.09181100281824657,0.5875577586790087,-0.1527783473541271,0.021685793430945788,0.01224798821196946,1.0,0.0,0.0,0.0,2023-11-21,2023-11-22,2023-11-24,18.11,17.747799999999998,-0.02000000000000013,-0.023000000000000128,0.011043622308116952,-0.02705687465488671,3.0,stop,0,0
2024-06-14,1D,CTG,22.5,23.29,22.5,23.25,10433839,22.642000000000003,22.623799999999996,1.0008044625571304,0.9937284692165002,0.0008044625571304257,0.01492671119279243,-0.003681619207835385,1,-0.011857707509881354,0.0,53.70370370370372,0.08925026948139572,0.9996519798863738,-0.25547068729165046,0.02101587301587301,0.01657016263524335,0.949367088607596,0.050632911392404036,0.0,0.0,2024-06-14,2024-06-17,2024-06-19,22.5,22.05,-0.020000000000000018,-0.023000000000000017,0.004444444444444473,-0.055111111111111,3.0,stop,0,0
2024-07-18,1D,CTG,22.94,22.94,22.46,22.84,8114071,22.334999999999997,22.2952,1.0017851376080948,1.0270875307812852,0.0017851376080948392,0.006171727182628928,0.0003858820995576995,1,0.04178019981834713,0.03894927536231907,79.3706293706293,0.09414915368345293,1.4022030553191138,-0.6410943545131371,0.017717025781541936,0.00940536434049229,0.20833333333333612,0.0,0.7916666666666639,1.0,2024-07-18,2024-07-19,2024-07-23,22.81,22.3538,-0.019999999999999907,-0.022999999999999906,0.025427444103463426,-0.058746163963174,3.0,stop,0,0
2024-08-21,1D,CTG,23.46,23.46,22.63,22.81,27489661,22.045,22.041,1.0001814799691484,1.0641868904513494,0.00018147996914846584,0.029322500817108077,-9.98040211948048e-05,1,0.05248990578734869,0.07565337001375516,71.72413793103448,0.2239403219785287,3.865996740751577,1.5519674807193646,0.02243941054682744,0.01478155736017622,0.7831325301204828,0.0,0.21686746987951724,1.0,2024-08-21,2024-08-22,2024-09-06,23.56,24.35,0.033531409168081616,0.030531409168081617,0.033531409168081616,-0.005942275042444711,10.0,timeout,1,0
2024-12-05,1D,CTG,24.97,25.03,24.04,24.21,10399831,24.359,24.264200000000002,1.0039069905457423,1.0250831314914404,0.003906990545742259,0.015000625026042824,-0.0004860767836545321,1,0.015453436356242412,0.028418451400329392,84.49848024316105,0.1375809440766311,1.790601058069585,1.5121068609651864,0.01862234681617944,0.012099163825963542,0.7676767676767641,0.06060606060606278,0.1717171717171731,0.9393939393939372,2024-12-05,2024-12-06,2024-12-19,25.03,24.5294,-0.02000000000000013,-0.023000000000000128,0.008389932081502183,-0.02437075509388731,10.0,stop,0,0
2025-05-26,1D,CTG,26.92,26.92,26.06,26.58,7011159,26.934000000000005,26.871399999999998,1.0023296143855551,0.999480210885869,0.0023296143855551584,0.010429171668667747,-0.005359747114694113,1,-0.005173688100517215,0.0037285607755406236,66.47230320699713,0.10694349870495662,0.9618151183865907,0.6139248330002047,0.019263426024198678,0.01630799501158097,0.3953488372093049,0.0,0.6046511627906951,1.0,2025-05-26,2025-05-27,2025-05-30,26.92,26.381600000000002,-0.020000000000000018,-0.023000000000000017,0.012630014858840966,-0.03454680534918286,4.0,stop,0,0
2025-06-13,1D,CTG,27.37,27.95,26.17,26.34,23881536,26.369,26.2392,1.00494679715845,1.037961242367932,0.004946797158449932,-0.0009093320198537702,-0.004159582220063185,1,0.05431432973805861,0.044656488549618345,56.9230769230769,0.025628439013812995,3.512581192603906,1.8957337357352149,0.017902813299232732,0.01287228744611539,0.5786516853932598,0.32584269662921295,0.09550561797752719,0.674157303370787,2025-06-13,2025-06-16,2025-06-20,27.4,28.578199999999995,0.04299999999999993,0.039999999999999925,0.05510948905109503,-0.0036496350364962904,5.0,target,1,1
2023-08-25,1D,CTR,74.18,74.18,69.32,69.69,918200,68.45500000000001,68.1792,1.004045222003192,1.0836315827916148,0.004045222003191854,0.009511871405397665,0.003795563695683457,1,0.07898181818181826,0.149186676994578,63.20553780617678,0.4226288649231932,3.4224964095843315,4.571770988197457,0.02914724800677889,0.032534131934080036,0.9238683127572009,0.0,0.07613168724279908,1.0,2023-08-25,2023-08-28,2023-08-28,74.18,77.36974000000001,0.04299999999999993,0.039999999999999925,0.07185225128066852,0.0,1.0,target,1,1
2023-10-06,1D,CTR,73.43,73.62,71.47,72.12,206668,71.915,71.8714,1.0006066390803576,1.0210665368838212,0.0006066390803575842,-0.009803516598510087,0.0033700963283540553,1,0.023414634146341484,0.007684918347742542,50.81033727551469,-0.21163744175994692,0.3577153112791151,0.47176368375325795,0.03804400692593529,0.01570633912791123,0.6093023255813947,0.08837209302325452,0.3023255813953507,0.9116279069767455,2023-10-06,2023-10-09,2023-10-17,73.43,71.96140000000001,-0.019999999999999907,-0.022999999999999906,0.04085523627944987,-0.05733351491216132,7.0,stop,0,0
2023-11-15,1D,CTR,74.84,75.49,74.18,75.3,176250,73.518,73.0542,1.0063487109570703,1.017981990804973,0.006348710957070316,0.02760577554757293,-0.0026294664067237905,1,0.010122823592927599,0.0013379716350014892,67.03233256351041,0.5325060528789366,0.9120478021717863,0.3463653863782199,0.024805298923417544,0.01621847065339238,0.35114503816793735,0.14503816793893087,0.5038167938931317,0.5038167938931317,2023-11-15,2023-11-16,2023-11-16,74.27,77.46360999999999,0.04299999999999993,0.039999999999999925,0.14608859566446752,0.0,1.0,target,1,1
2024-09-24,1D,CTR,127.6,129.51,124.06,124.06,512018,122.73200000000001,121.6308,1.0090536278639952,1.039663657399863,0.00905362786399514,0.018472109272567483,-0.007101994435954717,1,-0.007390120575651582,0.07145856075237211,61.45357686453575,1.0160374460521808,1.80094173278974,0.13878194649247466,0.023544558889386478,0.02700523149827261,0.6495412844036696,0.3504587155963304,0.0,0.6495412844036696,2024-09-24,2024-09-25,2024-09-27,127.6,125.04799999999999,-0.020000000000000018,-0.023000000000000017,0.01050156739811925,-0.037774294670846364,3.0,stop,0,0
2024-11-13,1D,CTR,134.88,136.25,128.05,128.83,2655839,125.191,124.7218,1.0037619726463216,1.0773937423616713,0.003761972646321659,0.010941890887948835,0.004034757520089194,1,0.05333853963295576,0.10466830466830479,72.46031746031744,0.8905323022472,4.123421998749701,0.8455168455314381,0.02687574139976276,0.021825915946274914,0.7378048780487795,0.1670731707317081,0.09512195121951246,0.8329268292682919,2024-11-13,2024-11-14,2024-11-14,135.47,132.76059999999998,-0.02000000000000013,-0.023000000000000128,0.0014025245441795509,-0.19812504613567583,1.0,stop,0,0
2025-01-03,1D,CTR,126.39,129.71,122.59,122.59,2782507,121.63900000000001,121.18199999999999,1.0037711871400046,1.0390581967954355,0.0037711871400044734,0.010374615831879819,-9.571462519486484e-05,1,0.052811328613078024,0.03598360655737709,78.84362680683311,0.6184396341301667,3.59961490362306,2.455337163066668,0.02063341358380523,0.013693082833843658,0.5337078651685386,0.4662921348314614,0.0,0.5337078651685386,2025-01-03,2025-01-06,2025-01-08,126.88,124.3424,-0.020000000000000018,-0.023000000000000017,0.025378310214375865,-0.062342370744010056,3.0,stop,0,0
2025-05-26,1D,CTR,90.67,90.67,85.89,88.82,442892,91.96900000000001,91.5592,1.004475792711164,0.985875675499353,0.00447579271116397,-0.0016933514246946224,-0.017716869111452982,1,-0.016914236148758532,-0.02515858509837654,58.49056603773586,0.40389012023524873,0.6347151307914413,-0.22632870705994357,0.032905828042036296,0.021789444590714507,0.3870292887029306,0.0,0.6129707112970695,1.0,2025-05-26,2025-05-27,2025-05-30,90.77,88.9546,-0.020000000000000018,-0.023000000000000017,0.020381183210311793,-0.047372479894238206,4.0,stop,0,0
2023-09-13,1D,DBC,18.63,19.3,18.52,19.3,6304545,18.786,18.7578,1.0015033745961681,0.991695943787927,0.001503374596168089,0.02242298900620443,0.009634637328568063,1,-0.04215938303341904,-0.03869969040247678,60.0,0.08356870025429752,0.933810545700724,0.19828426760635653,0.03565677478720958,0.02871845499691506,0.8589743589743599,0.0,0.14102564102564008,0.14102564102564008,2023-09-13,2023-09-14,2023-09-14,18.63,18.257399999999997,-0.02000000000000013,-0.023000000000000128,0.025764895330112836,-0.17069243156199676,1.0,stop,0,0
2023-11-17,1D,DBC,17.95,18.22,17.58,17.95,12228501,16.541000000000004,16.5392,1.0001088323498115,1.0851822743485882,0.00010883234981153322,0.06147725085028566,-0.006392079588599997,1,0.03877314814814814,0.09785932721712531,77.74193548387095,0.4032993864351395,2.237811577287099,0.3725692696486387,0.04667727815360128,0.0243971581360905,0.0,0.42187499999999895,0.578125000000001,0.578125000000001,2023-11-17,2023-11-20,2023-11-23,17.66,18.41938,0.04299999999999993,0.039999999999999925,0.0656851642129106,-0.04699886749716886,4.0,target,1,1
2024-05-17,1D,DBC,24.99,25.1,23.79,23.86,20405948,22.820999999999998,22.5948,1.0100111530086568,1.0950440383856974,0.0100111530086568,0.03882920611798979,0.00442761122372759,1,0.07948164146868253,0.08794079233783192,80.6060606060606,0.38984237214926587,2.0149411336696357,0.6835118380735679,0.03058366203624309,0.028090815945360496,0.862595419847326,0.0839694656488571,0.05343511450381692,0.9160305343511429,2024-05-17,2024-05-20,2024-05-23,25.59,26.690369999999998,0.04299999999999993,0.039999999999999925,0.06408753419304425,-0.016412661195779554,4.0,target,1,1
2024-09-10,1D,DBC,25.74,26.61,25.31,25.39,15867123,24.683,24.557399999999998,1.0051145479570314,1.0428229955840052,0.00511454795703137,0.007428268233949709,-0.0028666558388826813,1,0.051470588235293935,0.0404203718674212,60.59322033898307,0.13602992115370055,2.6857717608666403,1.3693936209196704,0.02644577644577642,0.019156995624904666,0.26923076923076744,0.6692307692307696,0.06153846153846292,0.33076923076923037,2024-09-10,2024-09-11,2024-09-11,25.87,25.3526,-0.02000000000000013,-0.023000000000000128,0.0201005025125629,-0.025125628140703626,1.0,stop,0,0
2024-12-23,1D,DBC,25.04,25.31,24.96,25.13,7844792,24.052,23.975800000000003,1.0031782046897286,1.0410776650590388,0.003178204689728663,0.014295955804832783,-0.004227996145795054,1,0.005218787635487665,0.07421707421707424,71.77033492822972,0.21820312711757658,1.9897271556462661,0.9161689868925194,0.02244979461433135,0.019247370020946588,0.2571428571428583,0.5142857142857166,0.2285714285714251,0.2285714285714251,2024-12-23,2024-12-24,2024-12-26,25.22,24.7156,-0.020000000000000018,-0.023000000000000017,0.003568596352101494,-0.10864393338620137,3.0,stop,0,0
2025-02-21,1D,DBC,24.31,24.61,24.17,24.35,5965691,23.7,23.6054,1.0040075575927543,1.0257383966244726,0.004007557592754191,0.017735217073903797,0.0026249171749435085,1,0.027906976744185963,0.018433179723502224,78.91566265060241,0.18449945039527826,1.3439199885100828,0.5855581288913434,0.020450138097196882,0.013085764636133302,0.09090909090909752,0.5909090909090895,0.31818181818181307,0.31818181818181307,2025-02-21,2025-02-24,2025-02-27,24.44,25.49092,0.04299999999999993,0.039999999999999925,0.11006546644844506,-0.0020458265139116083,4.0,target,1,1
2025-05-16,1D,DBC,24.78,25.26,24.7,25.22,6432304,24.597,24.527,1.002853997635259,1.0074399316989877,0.0028539976352591136,0.01707740654978518,-0.0020263012271736214,1,-0.01235552012754082,0.017659137577002104,53.865979381443296,0.18023399199381643,0.9508958954061585,-0.08979359016865052,0.022252968984203866,0.014775127063427788,0.7857142857142785,0.07142857142857596,0.14285714285714557,0.14285714285714557,2025-05-16,2025-05-19,2025-05-19,24.57,24.0786,-0.019999999999999907,-0.022999999999999906,0.024420024420024555,-0.03744403744403746,1.0,stop,0,0
2023-12-07,1D,DCM,29.18,30.03,28.77,30.03,4431922,28.839999999999996,28.8106,1.0010204577481898,1.0117891816920945,0.0010204577481897437,0.009415141227118395,0.0011884738883252144,1,-0.019489247311827995,0.017433751743375137,60.02971768202081,0.18326810520643153,1.288903628430812,0.5986946168999279,0.028639968667384715,0.019065985578192432,0.6746031746031749,0.0,0.32539682539682513,0.32539682539682513,2023-12-07,2023-12-08,2023-12-14,29.13,28.5474,-0.020000000000000018,-0.023000000000000017,0.02471678681771383,-0.06762787504291101,5.0,stop,0,0
2024-02-07,1D,DCM,30.48,30.92,29.85,29.94,6640780,28.868000000000002,28.6852,1.0063726242103943,1.0558403768879034,0.006372624210394345,0.02028698664027706,0.003294743100975772,1,0.03991811668372569,0.07437433909058866,75.98343685300208,0.24078734434463156,2.219466522636643,0.33848454987758547,0.020645856767904036,0.017234035169643253,0.5046728971962607,0.41121495327102914,0.08411214953271012,0.5887850467289709,2024-02-07,2024-02-15,2024-02-15,30.83,30.213399999999996,-0.020000000000000018,-0.023000000000000017,0.014596172559195653,-0.05514109633473885,1.0,stop,0,0
2024-05-16,1D,DCM,33.25,33.3,32.36,32.72,8561896,30.743000000000002,30.367800000000003,1.0123551920125922,1.0815470188335556,0.012355192012592268,0.04347973660987048,0.0033767709875238694,1,0.08165256994144432,0.08482871125611746,91.96787148594376,0.5368117082642206,2.409815052188244,-0.20404145839746002,0.02928034371643394,0.017799957309765344,0.5638297872340451,0.053191489361699235,0.38297872340425565,0.9468085106383007,2024-05-16,2024-05-17,2024-05-21,33.12,34.54416,0.04299999999999993,0.039999999999999925,0.07699275362318847,-0.01207729468599028,3.0,target,1,1
2024-08-28,1D,DCM,34.99,35.32,34.85,35.14,2674427,35.135000000000005,35.0928,1.0012025258742536,0.9958730610502348,0.0012025258742536429,0.003513081229292947,0.0007243194533954611,1,-0.012140033879164291,-0.012140033879164291,61.120840630472856,0.06290411218951279,0.6542098482636926,0.12219056570522224,0.024190585065120663,0.017770850061775974,0.3191489361702105,0.38297872340425565,0.29787234042553384,0.29787234042553384,2024-08-28,2024-08-29,2024-09-06,35.04,34.3392,-0.020000000000000018,-0.023000000000000017,0.04166666666666674,-0.020262557077625587,5.0,stop,0,0
2024-09-13,1D,DCM,36.03,36.27,35.51,35.75,2801229,35.238,35.1908,1.0013412596474078,1.0224757364209094,0.0013412596474077479,0.006052646605378964,0.0011265618243476716,1,0.03090128755364807,0.021258503401360596,58.547008547008566,0.07981149787977035,0.727792374510409,-0.7017959126492069,0.02036001744577936,0.011700642812260032,0.368421052631578,0.315789473684211,0.315789473684211,0.6842105263157889,2024-09-13,2024-09-16,2024-09-16,36.36,35.632799999999996,-0.02000000000000013,-0.023000000000000128,0.03245324532453253,-0.03767876787678759,1.0,stop,0,0
2025-02-20,1D,DCM,33.91,34.19,33.67,33.91,2429363,33.418,33.3292,1.0026643303769667,1.0147226045843556,0.002664330376966717,0.008997584541062809,-0.0018627550806495918,1,0.004145691442108079,-0.011081948089822213,73.1160896130346,0.22780676331367836,1.2954606275475575,0.41885137518660165,0.017356869023044178,0.015362125867196376,0.0,0.5384615384615448,0.46153846153845524,0.46153846153845524,2025-02-20,2025-02-21,2025-03-05,33.91,33.23179999999999,-0.02000000000000013,-0.023000000000000128,0.01946328516661766,-0.028015334709525108,9.0,stop,0,0
2025-05-09,1D,DCM,31.92,32.21,31.74,32.11,1682723,31.101,31.040599999999998,1.001945838675799,1.026333558406482,0.0019458386757988358,0.02935725160521585,-0.003281657397536608,1,0.0,0.046214355948869246,77.50511247443765,0.4460506522820048,0.6364550509338631,-0.256667679732268,0.02929197994987468,0.018158322874151773,0.40425531914892926,0.21276595744681043,0.3829787234042603,0.3829787234042603,2025-05-09,2025-05-12,2025-05-19,31.88,31.2424,-0.020000000000000018,-0.023000000000000017,0.027917189460476832,-0.0297992471769134,6.0,stop,0,0
2023-11-16,1D,DGC,86.49,86.86,84.06,84.69,2761440,82.848,82.5582,1.0035102509502387,1.043960023174971,0.003510250950238736,0.043425692695214124,0.0027425412109935987,1,0.026709401709401615,0.03222341568206222,72.5173210161663,0.9713390262233581,0.9841506427910299,0.44113978550739774,0.03459524635383115,0.01921714005352545,0.6428571428571425,0.1321428571428589,0.22499999999999862,0.8678571428571411,2023-11-16,2023-11-17,2023-11-17,86.67,84.9366,-0.020000000000000018,-0.023000000000000017,0.019845390561901377,-0.04892119533864081,1.0,stop,0,0
2024-02-19,1D,DGC,90.1,91.97,88.79,89.63,4082003,86.94800000000001,86.4506,1.0057535748739743,1.0362515526521598,0.005753574873974422,0.02270107506645669,0.002430398534339684,1,0.004123481555778241,0.0638800330617546,79.65485921889194,0.6988650902854876,2.0568113864027233,0.5994106242790511,0.019700332963374013,0.016807186866365804,0.14779874213836477,0.5880503144654116,0.26415094339622364,0.4119496855345884,2024-02-19,2024-02-20,2024-02-21,90.01,93.88043,0.04299999999999993,0.039999999999999925,0.196867014776136,-0.00833240751027664,2.0,target,1,1
2024-05-08,1D,DGC,115.19,115.19,112.3,112.86,3335119,109.958,109.84900000000002,1.000992271208659,1.0475818039615126,0.0009922712086589812,0.031423532943118726,0.011491606891281148,1,0.03784124695918556,0.03952711849111079,56.2675836198812,0.9080706379472973,1.3807290838133714,0.22291944273531095,0.03719320873587737,0.019619574294769005,0.8062283737024214,0.0,0.1937716262975786,1.0,2024-05-08,2024-05-09,2024-05-09,116.59,121.60337,0.04299999999999993,0.039999999999999925,0.048031563598936344,-0.03996912256625784,1.0,target,1,1
2024-07-08,1D,DGC,118.73,120.6,116.5,117.99,3990533,115.973,115.92779999999999,1.0003898978502137,1.023772774697559,0.00038989785021373947,-0.007267466744277695,0.006641021855978035,1,0.02001718213058412,0.043413305211354336,43.655589123867095,0.01056475208540042,1.081191177525856,1.0178706874407109,0.02834161542996715,0.009302462198825705,0.18048780487805124,0.45609756097560805,0.36341463414634073,0.543902439024392,2024-07-08,2024-07-09,2024-07-10,119.57,117.17859999999999,-0.020000000000000018,-0.023000000000000017,0.012544952747344684,-0.11700259262356771,2.0,stop,0,0
2024-09-18,1D,DGC,105.96,107.08,105.86,106.33,1672305,105.732,105.6652,1.000632185430965,1.0021563954148223,0.0006321854309649784,-0.0006143841507793013,-0.006627796130871388,1,0.0009446438692612968,0.0062678062678063196,66.14718614718608,0.20196178379820395,0.9602580509943562,0.4032147223408602,0.020182818314188625,0.008217376278101023,0.30327868852459416,0.6147540983606563,0.08196721311474951,0.08196721311474951,2024-09-18,2024-09-19,2024-10-02,106.8,108.19,0.013014981273408166,0.010014981273408167,0.037546816479400835,-0.012265917602996224,10.0,timeout,1,0
2024-12-09,1D,DGC,111.14,111.71,110.28,110.66,1898859,105.353,105.314,1.0003703211348918,1.054929617571403,0.0003703211348918613,0.019745820951864834,0.0008667323051656517,1,0.0750628748307216,0.056463878326996175,77.7101096224117,0.8366172888232465,1.1068732225649276,-0.7011646003421046,0.019942672048124613,0.017217196967723912,0.3356643356643402,0.3986013986013959,0.26573426573426395,0.6013986013986041,2024-12-09,2024-12-10,2024-12-23,111.04,111.62,0.005223342939481235,0.0022233429394812347,0.016390489913544526,-0.016390489913544748,10.0,timeout,1,0
2025-06-11,1D,DGC,88.82,91.5,87.0,87.47,3659547,86.38199999999999,86.3134,1.000794778099345,1.028223472482693,0.0007947780993448218,-0.0004397130293914975,-0.009172058168527064,1,0.03231055323105525,0.02896200185356812,60.91015169194866,0.30811110044776346,2.1904838093781014,0.29570657323206206,0.025187377360311382,0.016682183934921543,0.2999999999999987,0.5955555555555571,0.10444444444444419,0.40444444444444294,2025-06-11,2025-06-12,2025-06-16,88.91,92.73312999999999,0.04299999999999993,0.039999999999999925,0.06680913283095258,-0.01934540546620178,3.0,target,1,1
2023-10-09,1D,DGW,43.45,43.53,42.34,43.01,1579755,41.753,41.631800000000005,1.002911236122387,1.0406437860752522,0.0029112361223870846,-0.0021508974021938743,0.0042018833699974945,1,0.05743489900219023,0.015424164524421746,47.00808625336928,-0.1416448765678545,0.7187552159067181,-0.12145782760663015,0.051537070524412296,0.03594165529889209,0.36974789915966866,0.06722689075630121,0.5630252100840302,0.9327731092436988,2023-10-09,2023-10-10,2023-10-12,43.6,45.474799999999995,0.04299999999999993,0.039999999999999925,0.04908256880733952,-0.11238532110091737,3.0,target,1,1
2023-12-11,1D,DGW,39.97,40.35,39.45,39.97,837474,39.217,39.0706,1.0037470630090144,1.0192008567712982,0.0037470630090144473,0.018120927334561943,-0.00401244009381041,1,-0.013086419753086442,-0.0037387836490527793,50.62656641604009,0.2641785552524456,0.6001118929926073,-0.5686712188931476,0.03836806176060617,0.024105384714990075,0.0,0.4222222222222257,0.5777777777777743,0.5777777777777743,2023-12-11,2023-12-12,2023-12-13,40.12,39.3176,-0.020000000000000018,-0.023000000000000017,0.001994017946161719,-0.0767696909272183,2.0,stop,0,0
2024-05-23,1D,DGW,48.01,48.24,47.19,47.79,2018732,46.962,46.9304,1.0006733375381416,1.0223159149951022,0.0006733375381416846,0.013947663874255056,0.0053124946446625465,1,-0.0016635475150760248,0.03380706287683033,72.88557213930349,0.38846990438610884,1.0394667749214994,-0.06802820016001199,0.029725949950903094,0.016887161100183037,0.20952380952380759,0.21904761904762196,0.5714285714285705,0.7809523809523781,2024-05-23,2024-05-24,2024-05-24,47.71,46.7558,-0.020000000000000018,-0.023000000000000017,0.04569272689163695,-0.05512471180046119,1.0,stop,0,0
2024-07-08,1D,DGW,48.91,49.22,48.61,49.14,2139829,47.267999999999994,47.1218,1.0031025979482955,1.0347380891935347,0.0031025979482955496,0.00864221240637586,0.007285008871122711,1,0.01874609456363263,0.034913245873889,62.88659793814435,0.18869498236845367,1.3083655230729896,0.08520118651382713,0.023176680199783868,0.011785689582537168,0.3770491803278757,0.13114754098360387,0.49180327868852036,0.49180327868852036,2024-07-08,2024-07-09,2024-07-17,48.91,47.931799999999996,-0.020000000000000018,-0.023000000000000017,0.046207319566550886,-0.03823349008382737,7.0,stop,0,0
2024-08-30,1D,DGW,46.51,46.51,45.53,46.06,1149415,46.036,46.03360000000001,1.0000521358312189,1.0102962898601093,5.213583121881422e-05,0.008875545133790741,-0.001860388469928087,1,0.01816987740805609,0.0,75.3488372093023,0.24359314725445977,0.8497082132386419,0.4095918197158779,0.020886445311300197,0.01003526332877311,0.4591836734693849,0.0,0.5408163265306152,1.0,2024-08-30,2024-09-04,2024-09-17,45.91,46.19,0.0060988891309083915,0.0030988891309083914,0.031147898061424595,-0.01633631017207582,10.0,timeout,1,0
2025-03-03,1D,DGW,39.3,39.74,39.25,39.4,1018364,38.445,38.4346,1.0002705895209003,1.022239563012095,0.0002705895209003626,0.014835150331283131,-0.003520834629664127,1,0.019190871369294538,0.017871017871017747,83.43373493975909,0.24629425049095063,0.8784651332807851,-0.6491556389441362,0.01872046528535078,0.009409156324183009,0.20408163265306328,0.6938775510204123,0.1020408163265244,0.1020408163265244,2025-03-03,2025-03-04,2025-03-11,39.1,40.7813,0.04299999999999993,0.039999999999999925,0.050383631713554866,-0.01892583120204605,6.0,target,1,1
2025-06-05,1D,DGW,34.95,35.35,34.7,35.05,1340300,33.53,33.513,1.000507265837138,1.0423501342081718,0.0005072658371379171,0.018994073848959125,-0.006775019560423923,1,0.051127819548872244,0.0432835820895523,61.224489795918394,0.3013568563314492,0.8706812871570613,-0.5623390159926019,0.028019619865113456,0.02249910835897824,0.15384615384614544,0.4615384615384691,0.38461538461538547,0.38461538461538547,2025-06-05,2025-06-06,2025-06-06,35.0,34.3,-0.02000000000000013,-0.023000000000000128,0.2528571428571429,-0.03714285714285703,1.0,stop,0,0
2023-10-10,1D,DHG,103.74,105.36,103.23,105.36,11000,100.646,100.58060000000002,1.000650224794841,1.030741410488246,0.000650224794840979,0.00967075299452258,5.1702503793382704e-05,1,0.042822677925210995,0.042822677925210995,60.10719754977026,0.4215127680891371,0.401955697173886,-0.9421624918501693,0.021358340907213086,0.015227202956151792,0.7605633802816939,0.0,0.2394366197183061,0.2394366197183061,2023-10-10,2023-10-11,2023-10-11,104.59,102.4982,-0.020000000000000018,-0.023000000000000017,0.0,-0.10995315039678744,1.0,stop,0,0
2024-01-04,1D,DHG,92.49,94.62,92.49,94.28,33075,88.178,87.84039999999999,1.0038433340467485,1.0489010864387942,0.0038433340467485242,0.029263111204491432,2.0492129883642463e-05,1,0.043316412859560005,0.0742160278745645,77.14723926380367,1.1384412766694565,1.4891907042082302,-0.37882657852233037,0.016441931946310794,0.021004536185493923,0.8403755868544592,0.1596244131455408,0.0,0.0,2024-01-04,2024-01-05,2024-01-05,92.49,90.6402,-0.020000000000000018,-0.023000000000000017,0.0230295167045087,-0.04151800194615618,1.0,stop,0,0
2024-05-15,1D,DHG,99.22,99.39,98.88,99.39,8708,97.127,97.09200000000001,1.0003604828410166,1.021549105809919,0.00036048284101658604,0.007865599933588596,0.0041410008728786085,1,0.019209039548022666,0.03375703271514885,65.45708304256803,0.3578346893375759,0.6053654229841429,-0.26040428061831156,0.01600339793244451,0.019675610567632628,0.3333333333333333,0.0,0.6666666666666666,0.6666666666666666,2024-05-15,2024-05-16,2024-05-29,98.88,102.12,0.03276699029126218,0.029766990291262178,0.033677184466019305,-0.00950647249190939,10.0,timeout,1,0
2024-10-01,1D,DHG,97.7,98.52,97.34,97.8,17353,97.80600000000001,97.7528,1.0005442299351017,0.9989162219086762,0.0005442299351017887,0.0011976783465899032,-0.002524484643908975,1,-0.0010224948875254825,-0.0028577260665442195,58.28220858895714,0.02755126470152784,0.9809247362277387,0.3768943902245496,0.00916800701856993,0.002376128970349566,0.08474576271186011,0.6101694915254265,0.30508474576271327,0.30508474576271327,2024-10-01,2024-10-02,2024-10-08,98.34,96.3732,-0.020000000000000018,-0.023000000000000017,0.0,-0.02399837299166152,5.0,stop,0,0
2024-12-13,1D,DHG,97.8,98.25,97.34,97.8,23326,94.78599999999999,94.3248,1.0048894882363917,1.0317979448441754,0.004889488236391606,0.02118078000430912,0.00048366978082103884,1,0.02871568318081419,0.05604146420472955,80.79526226734343,0.836142664503432,0.8688801518286675,-0.4390631011927665,0.020858895705521456,0.014603432981036306,0.0,0.49450549450549947,0.5054945054945005,0.5054945054945005,2024-12-13,2024-12-16,2024-12-18,97.89,102.09926999999999,0.04299999999999993,0.039999999999999925,0.059454489733374194,-0.005618551435284447,3.0,target,1,1
2025-05-08,1D,DHG,100.88,100.88,97.67,98.14,61491,93.93599999999999,93.5244,1.0044009905436442,1.0739226707545564,0.004400990543644149,0.02480853570727226,0.002061458020828688,1,0.07973884191373215,0.09867131343933777,83.32243296272068,1.144756389482121,1.968905944564784,2.650834174434483,0.0207884898606548,0.016542688457410793,0.853582554517134,0.0,0.14641744548286598,1.0,2025-05-08,2025-05-09,2025-05-12,100.88,98.8624,-0.020000000000000018,-0.023000000000000017,0.0355868358445679,-0.02894528152260112,2.0,stop,0,0
2023-11-16,1D,DIG,22.57,22.57,21.27,21.27,28438888,20.833000000000002,20.637200000000004,1.0094877212024886,1.0833773340373445,0.009487721202488631,0.05660090277425578,-0.009987815057518445,1,0.0439407955596669,0.06562795089707274,79.31506849315068,0.502364991759068,1.2262074096027156,0.11366861995751054,0.04544591429837331,0.02727528129148379,1.0,0.0,0.0,1.0,2023-11-16,2023-11-17,2023-11-17,22.74,22.2852,-0.019999999999999907,-0.022999999999999906,0.02462620932277937,-0.10642040457343882,1.0,stop,0,0
2024-12-16,1D,DIG,17.42,17.72,17.12,17.72,16872217,17.863999999999997,17.8578,1.00034718722351,0.9751455441110616,0.0003471872235099625,0.0024128836765611172,-0.0037711850223703935,1,-0.031145717463848643,-0.040748898678414025,40.394088669950804,0.007818695082834816,2.174640906920831,1.6168099338237254,0.025299327538133486,0.015849645723837933,0.49999999999999706,0.0,0.500000000000003,0.500000000000003,2024-12-16,2024-12-17,2024-12-19,17.42,17.0716,-0.02000000000000013,-0.023000000000000128,0.0028702640642936927,-0.07405281285878318,3.0,stop,0,0
2025-02-25,1D,DIG,16.9,17.16,16.77,16.9,13692774,16.447000000000003,16.3574,1.0054776431462216,1.0275430169635797,0.005477643146221548,0.014620604565083406,-0.004854841457182624,1,0.018072289156626287,0.015624999999999778,61.86440677966103,0.13081687591274757,1.4845073468091305,1.597462703894608,0.02311918850380388,0.012091095956721145,0.0,0.6666666666666697,0.3333333333333303,0.3333333333333303,2025-02-25,2025-02-26,2025-03-04,16.9,17.626699999999996,0.04299999999999993,0.039999999999999925,0.056213017751479466,-0.015384615384615219,5.0,target,1,1
2025-06-03,1D,DIG,16.04,16.54,15.99,16.13,24396033,14.606,14.476399999999998,1.0089525020032606,1.0981788306175544,0.0089525020032606,0.038464273018129935,-0.010052381799034449,1,0.06719893546240852,0.07578806170355468,74.83146067415728,0.30134881300517286,1.7829056912971595,0.7942045858206843,0.03843070894193089,0.032505921635617475,0.1636363636363637,0.7454545454545471,0.09090909090908915,0.09090909090908915,2025-06-03,2025-06-04,2025-06-09,16.22,16.91746,0.04299999999999993,0.039999999999999925,0.05117139334155385,-0.062268803945745854,4.0,target,1,1
2023-12-26,1D,DPM,17.36,17.46,17.22,17.22,876905,17.26,17.2588,1.0000695297471436,1.0057937427578214,6.952974714353002e-05,-0.009014181546764699,-0.01172724982248785,1,0.011065812463599167,0.009302325581395321,35.92814371257484,-0.014233494803134697,0.6150966470970624,0.11013701612974702,0.01625246872942725,0.00854562740420341,0.5833333333333308,0.4166666666666691,0.0,0.5833333333333308,2023-12-26,2023-12-27,2024-01-10,17.46,17.59,0.0074455899198166975,0.004445589919816697,0.040664375715922185,-0.005727376861397571,10.0,timeout,1,0
2024-02-15,1D,DPM,17.83,17.99,17.78,17.88,2085097,17.467,17.4492,1.0010201040735391,1.0207820461441575,0.0010201040735390503,0.010646299832204997,0.002205527603556412,1,0.0211912943871706,0.027073732718893906,61.36363636363642,0.06160295113160846,1.3311819624488803,-0.22972032945009757,0.017506610047271845,0.013364277810457499,0.23809523809524455,0.5238095238095278,0.23809523809522762,0.23809523809522762,2024-02-15,2024-02-16,2024-02-19,17.83,18.596689999999995,0.04299999999999993,0.039999999999999925,0.04823331463825031,-0.019068984856982607,2.0,target,1,1
2024-05-21,1D,DPM,18.8,19.19,18.25,18.4,5577781,18.074,18.0664,1.0004206704157994,1.0401681974106451,0.00042067041579949796,0.02032290843400708,0.00037653104166213147,1,0.02452316076294281,0.0639501980758348,84.52012383900937,0.1940634144328758,2.5385864474621798,0.6735026543670293,0.02511398176291797,0.013478122052806846,0.4255319148936187,0.41489361702127664,0.15957446808510464,0.5851063829787234,2024-05-21,2024-05-22,2024-05-24,19.03,18.6494,-0.020000000000000018,-0.023000000000000017,0.08565423016290064,-0.038360483447188676,3.0,stop,0,0
2024-08-21,1D,DPM,20.03,20.17,19.98,20.17,3940205,19.197,19.0646,1.0069448087030413,1.0433921966974007,0.006944808703041266,0.038124594419208346,-0.0011212406999895341,1,0.029820051413881776,0.0581088219757,70.73684210526314,0.23582066410165145,1.355954525372039,-0.536369398818886,0.02560445046715646,0.014603022553028455,0.736842105263156,0.0,0.2631578947368441,0.2631578947368441,2024-08-21,2024-08-22,2024-08-26,19.92,19.521600000000003,-0.019999999999999907,-0.022999999999999906,0.008534136546184623,-0.04166666666666674,3.0,stop,0,0
2024-11-28,1D,DPM,19.48,19.78,19.39,19.7,2514976,19.231,19.1872,1.0022827718478986,1.0129478446258644,0.0022827718478986483,0.01456080189923492,5.212079515493073e-05,1,-0.005615109749872338,0.010373443983402453,65.25974025974028,0.12573396600136508,0.9288336043165063,-0.6125431829750312,0.022037254326782076,0.01777051226068631,0.5641025641025603,0.20512820512820956,0.23076923076923006,0.23076923076923006,2024-11-28,2024-11-29,2024-12-06,19.48,20.317639999999997,0.04299999999999993,0.039999999999999925,0.07084188911704303,-0.010266940451745366,6.0,target,1,1
2025-02-13,1D,DPM,20.17,20.25,19.31,19.34,9297945,19.396,19.393800000000002,1.0001134383153378,1.039905135079398,0.00011343831533781029,0.011683705403713773,-0.0007316570486396445,1,0.05934873949579855,0.029606942317508933,68.76971608832807,0.09060095093904176,4.906429280907297,2.3701955942895543,0.01937106027339051,0.01684559765289355,0.8829787234042561,0.08510638297872147,0.03191489361702244,0.9148936170212785,2025-02-13,2025-02-14,2025-02-27,20.25,20.45,0.00987654320987641,0.006876543209876409,0.03308641975308646,-0.016296296296296253,10.0,timeout,1,0
2025-05-20,1D,DPM,18.68,18.7,18.51,18.51,1285971,18.781,18.7792,1.0000958507284654,0.9946222245886801,9.585072846550214e-05,0.0026693716299182046,-0.005159827511310278,1,-0.014248021108179354,-0.004264392324093924,63.35877862595418,0.053379544755001826,0.7357478536389445,-0.3676157889146351,0.020724992352401356,0.007858133545427751,0.8947368421052642,0.10526315789473586,0.0,0.8947368421052642,2025-05-20,2025-05-21,2025-05-26,18.7,18.326,-0.019999999999999907,-0.022999999999999906,0.024064171122994527,-0.025133689839572093,4.0,stop,0,0
2024-09-13,1D,DSE,23.39,23.44,23.17,23.17,256524,22.588,22.545600000000004,1.001880633028174,1.035505578183106,0.0018806330281738832,0.01214320921270784,-0.004688369136227277,1,0.034955752212389335,0.007321274763135266,60.36036036036038,0.16137799580668205,0.9873663571668586,0.04310698877290853,0.022567641849386196,0.027406057218160144,0.8148148148148119,0.18518518518518812,0.0,0.8148148148148119,2024-09-13,2024-09-16,2024-09-16,23.39,22.9222,-0.020000000000000018,-0.023000000000000017,0.0021376656690894613,-0.11628901239846079,1.0,stop,0,0
2024-10-08,1D,DSE,22.65,22.78,22.56,22.65,215827,22.453,22.387999999999998,1.0029033410755763,1.008773883222732,0.002903341075576259,0.007312696276357222,0.0013865903296506055,1,-0.0074496056091148954,0.006219458018658308,49.19354838709672,0.043344433543059536,0.9844251765118535,0.0383286827672471,0.019804478082623807,0.008535318051671511,0.0,0.590909090909096,0.40909090909090395,0.40909090909090395,2024-10-08,2024-10-09,2024-10-15,22.65,22.197,-0.020000000000000018,-0.023000000000000017,0.009713024282560712,-0.050772626931567255,5.0,stop,0,0
2024-12-09,1D,DSE,22.06,22.15,21.92,22.15,243602,21.549,21.538400000000003,1.0004921442632693,1.023713397373428,0.0004921442632691663,0.022927940757618837,0.00024148756339070765,1,0.020823692734844856,0.01893764434180145,90.2234636871508,0.2236208229672918,0.7486072439448512,0.1082691852741533,0.02069032508742389,0.013112315702028041,0.39130434782609164,0.0,0.6086956521739083,0.6086956521739083,2024-12-09,2024-12-10,2024-12-10,22.06,21.618799999999997,-0.02000000000000013,-0.023000000000000128,0.08295557570262924,-0.024478694469628248,1.0,stop,0,0
2025-02-26,1D,DSE,24.66,24.92,23.8,23.85,1641961,23.186,23.102400000000003,1.0036186716531614,1.0635728456827396,0.0036186716531614463,0.029848094518965862,0.0052913736684538915,1,0.06799480294499793,0.0721739130434782,65.95744680851064,0.208395709045192,2.4967672027088588,0.6273490330324021,0.02496813810682423,0.026390612795539045,0.7232142857142839,0.23214285714285834,0.04464285714285774,0.7678571428571417,2025-02-26,2025-02-27,2025-02-27,24.66,24.1668,-0.020000000000000018,-0.023000000000000017,0.017842660178426728,-0.11476074614760756,1.0,stop,0,0
2025-05-20,1D,DSE,21.07,21.11,20.8,21.02,197517,21.011000000000003,20.8414,1.0081376491022678,1.0028080529246584,0.00813764910226773,0.026629531906576798,-0.007561832744449992,1,-0.014499532273152371,-0.02091078066914498,74.17417417417418,0.21760906143428643,1.2939342960686127,-0.0735991445014047,0.02254390128144279,0.024490381326357145,0.16129032258064813,0.1290322580645139,0.709677419354838,0.8709677419354861,2025-05-20,2025-05-21,2025-05-26,21.07,20.6486,-0.02000000000000013,-0.023000000000000128,0.04271476032273358,-0.02135738016136679,4.0,stop,0,0
2023-11-15,1D,DXG,15.61,16.0,15.41,15.96,23842429,14.796000000000001,14.645,1.010310686241038,1.055014868883482,0.010310686241038005,0.055726007848733605,-0.006741542551748414,1,0.015614834092387841,0.05830508474576268,78.75243664717348,0.30888654552379347,1.2197426129509708,0.08940633768850437,0.049418870687288355,0.029909290550956247,0.5932203389830534,0.0677966101694901,0.3389830508474565,0.3389830508474565,2023-11-15,2023-11-16,2023-11-20,15.41,15.101799999999999,-0.02000000000000013,-0.023000000000000128,0.07852044127190139,-0.06035042180402339,3.0,stop,0,0
2024-03-25,1D,DXG,16.15,16.77,15.95,16.44,33235912,15.362,15.3102,1.0033833653381405,1.0512954042442388,0.0033833653381405903,0.02687165775401046,0.0007582393160159295,1,0.05074821080026015,0.03658536585365835,61.29807692307688,0.1695076821371685,1.9672253039611896,0.08679871238405434,0.03237505528527203,0.02325875039006702,0.353658536585369,0.4024390243902417,0.2439024390243893,0.2439024390243893,2024-03-25,2024-03-26,2024-03-28,16.15,16.84445,0.04299999999999993,0.039999999999999925,0.05882352941176494,-0.014860681114550967,3.0,target,1,1
2024-08-26,1D,DXG,12.96,13.12,12.91,13.12,15898493,12.078,11.9252,1.012813202294301,1.0730253353204173,0.012813202294301072,0.057155361050328146,-0.002859675234543557,1,0.006993006993007089,0.08270676691729317,84.39306358381505,0.30185615666217985,1.7197725808126885,-0.10723570380416536,0.03147045855379185,0.030257148708827605,0.7619047619047574,0.0,0.23809523809524252,0.23809523809524252,2024-08-26,2024-08-27,2024-08-28,13.0,12.74,-0.020000000000000018,-0.023000000000000017,0.01846153846153853,-0.09153846153846146,2.0,stop,0,0
2025-02-28,1D,DXG,13.93,13.93,13.5,13.63,22797864,13.116,13.1072,1.00067138671875,1.062061604147606,0.0006713867187499261,0.027336100885094305,-0.00504038379789884,1,0.0585106382978724,0.07567567567567579,82.4884792626728,0.14279158327579405,1.9800062039927586,0.011064611086164744,0.02430519946672137,0.016569839613354013,0.6976744186046492,0.0,0.3023255813953509,1.0,2025-02-28,2025-03-03,2025-03-14,13.85,13.93,0.005776173285198638,0.002776173285198638,0.03971119133574019,-0.01877256317689524,10.0,timeout,1,0
2025-05-12,1D,DXG,13.93,13.97,13.72,13.93,8594301,13.237,13.233999999999998,1.000226688831797,1.052353252247488,0.00022668883179702965,0.0368136602177489,0.003442366892619342,1,0.018274853801169666,0.0585106382978724,79.93630573248409,0.22125144699202226,0.6450660739302018,-0.3895097524425858,0.032868423751410115,0.01979357916377908,0.0,0.1600000000000037,0.8399999999999963,0.8399999999999963,2025-05-12,2025-05-13,2025-05-15,14.1,13.818,-0.020000000000000018,-0.023000000000000017,0.07588652482269498,-0.024113475177305,3.0,stop,0,0
2023-07-18,1D,EIB,16.17,16.56,16.13,16.44,6069933,15.878000000000004,15.873199999999999,1.000302396492201,1.0183902254692025,0.00030239649220099293,-0.0005035880649625346,0.005078199202178224,1,0.024714828897338448,0.019546027742749272,49.206349206349216,-0.0014305207092893107,1.0129321321305285,-0.2021055969032417,0.022926053538298418,0.01372714276026492,0.6279069767441855,0.2790697674418547,0.09302325581395983,0.09302325581395983,2023-07-18,2023-07-19,2023-07-20,16.21,15.8858,-0.020000000000000018,-0.023000000000000017,0.04811844540407151,-0.04811844540407162,2.0,stop,0,0
2023-08-03,1D,EIB,17.53,18.08,17.53,17.88,13926448,16.297,16.1448,1.0094271839849365,1.0756580965821931,0.00942718398493636,0.028980931935850496,0.008167853128512537,1,0.06890243902439042,0.11941251596424007,68.62745098039218,0.20797097166301443,1.6248891405574957,-0.2727868583664026,0.028033575095754205,0.024501855193757582,0.6363636363636358,0.3636363636363642,0.0,0.0,2023-08-03,2023-08-04,2023-08-04,17.69,18.45067,0.04299999999999993,0.039999999999999925,0.11871113623516094,-0.004522328999434833,1.0,target,1,1
2023-11-17,1D,EIB,17.1,17.88,17.06,17.65,16378571,16.872,16.7962,1.0045129255426823,1.0135135135135136,0.0045129255426823315,0.02422145328719716,-0.00871115098148001,1,-0.021179164281625473,0.047794117647058876,63.25167037861918,0.16940750896823362,2.081069493678184,0.4084235029465104,0.0322890559732665,0.02742702158601136,0.6707317073170694,0.2804878048780492,0.048780487804881326,0.048780487804881326,2023-11-17,2023-11-20,2023-11-21,16.69,17.40767,0.04299999999999993,0.039999999999999925,0.07729179149191134,-0.016776512881965355,2.0,target,1,1
2024-01-02,1D,EIB,16.96,17.29,16.92,17.01,9162585,16.849,16.8266,1.0013312255595308,1.0065879280669476,0.0013312255595308077,0.002677933825279588,0.0028368794326241176,1,0.010727056019070202,0.010727056019070202,36.363636363636395,-0.019809112304926157,0.7961357229510228,0.19410344482452668,0.020215633423180567,0.008152483908883092,0.135135135135138,0.7567567567567555,0.10810810810810655,0.10810810810810655,2024-01-02,2024-01-03,2024-01-04,16.96,17.68928,0.04299999999999993,0.039999999999999925,0.10082547169811318,-0.002358490566037652,2.0,target,1,1
2024-05-23,1D,EIB,17.01,17.01,16.69,16.83,8022245,16.537,16.4944,1.0025826947327579,1.0286025276652357,0.0025826947327577962,0.00890732719175169,0.0013720419140590412,1,0.0,0.039095907147220554,65.90038314176243,0.09275789606193882,1.0483276026420814,-0.2896580846784583,0.021164021164021187,0.015915172965890213,0.5625000000000097,0.0,0.4374999999999903,1.0,2024-05-23,2024-05-24,2024-05-24,16.96,16.6208,-0.02000000000000013,-0.023000000000000128,0.10849056603773577,-0.03242924528301894,1.0,stop,0,0
2024-08-20,1D,EIB,17.52,17.65,17.38,17.65,5126866,17.116,17.0986,1.0010176271741544,1.0236036457116149,0.001017627174154523,0.011703511053316129,-0.0017164876226062331,1,0.04099821746880572,0.016241299303944468,66.95278969957081,0.08406571289709355,1.166047582398585,-0.6458175290156392,0.02405414220482713,0.014995282272952704,0.48148148148147857,0.0,0.5185185185185215,0.5185185185185215,2024-08-20,2024-08-21,2024-08-28,17.52,17.1696,-0.020000000000000018,-0.023000000000000017,0.010273972602739656,-0.04509132420091322,6.0,stop,0,0
2024-09-24,1D,EIB,17.3,17.3,17.05,17.1,3037213,17.049,17.0272,1.00128030445405,1.0147222711009445,0.0012803044540499278,0.006375066406941743,-0.001044294514520483,1,0.008746355685131268,0.011695906432748426,62.19512195121931,0.03680368675412194,0.6362749141665212,-0.2642868406690766,0.01407927332782827,0.004601130229223474,0.7999999999999972,0.0,0.20000000000000284,1.0,2024-09-24,2024-09-25,2024-09-27,17.35,18.09605,0.04299999999999993,0.039999999999999925,0.13832853025936598,-0.0028818443804035088,3.0,target,1,1
2024-12-17,1D,EIB,19.55,19.6,19.3,19.3,1942200,19.130000000000003,19.1,1.0015706806282723,1.021955044432828,0.0015706806282723108,0.016741961201169442,0.002414191245932562,1,-0.010126582278480956,0.02894736842105261,66.66666666666666,0.13933045552373868,0.5643026698472007,-0.307420746710409,0.01991231275118743,0.012977460744733433,0.8333333333333314,0.16666666666666863,0.0,0.8333333333333314,2024-12-17,2024-12-18,2024-12-19,19.55,19.159,-0.02000000000000013,-0.023000000000000128,0.01278772378516635,-0.03324808184143235,2.0,stop,0,0
2025-02-17,1D,EIB,19.4,19.7,18.95,19.1,16261600,18.89,18.801,1.004733790755811,1.026998411858126,0.004733790755810978,0.013683928092299569,0.0017583120204602842,1,0.01041666666666674,0.03466666666666662,71.9298245614035,0.12286906631997871,3.148108175080316,2.9707957902961932,0.021723122238586166,0.008884556256940254,0.3999999999999962,0.40000000000000097,0.20000000000000284,0.5999999999999991,2025-02-17,2025-02-18,2025-02-19,19.55,20.39065,0.04299999999999993,0.039999999999999925,0.1253196930946292,-0.007672634271099876,2.0,target,1,1
2025-05-19,1D,EIB,19.35,19.75,19.25,19.35,6763100,19.385,19.358,1.0013947721872094,0.9981944802682486,0.0013947721872094752,0.0057068741893646635,-0.006721740468982551,1,-0.02763819095477371,0.0051948051948051965,56.45161290322585,0.08308699662794061,0.79870612229955,-0.11386119154623231,0.02288667404946473,0.013119071319364847,0.0,0.7999999999999972,0.20000000000000284,0.20000000000000284,2025-05-19,2025-05-20,2025-05-21,19.45,20.28635,0.04299999999999993,0.039999999999999925,0.20565552699228795,-0.007712082262210762,2.0,target,1,1
2023-10-17,1D,EVF,11.02,11.25,10.56,10.56,2336855,10.75,10.733999999999998,1.0014905906465439,1.0251162790697674,0.00149059064654386,-0.0021349670472476934,0.010011667733072382,1,0.02607076350093096,0.01754385964912286,48.20717131474104,-0.0406734825244363,2.0593031509645705,5.920590404155574,0.031630801140782996,0.01840664537121587,0.6666666666666659,0.3333333333333342,0.0,0.6666666666666659,2023-10-17,2023-10-18,2023-10-18,11.06,10.8388,-0.020000000000000018,-0.023000000000000017,0.004520795660036159,-0.07956600361663657,1.0,stop,0,0
2023-11-09,1D,EVF,11.99,12.04,11.81,11.99,2835350,10.984,10.9826,1.0001274743685467,1.0915877640203933,0.0001274743685466365,0.03437235144552231,0.006783638597070096,1,0.036300777873811585,0.10202205882352944,75.73770491803276,0.17817208667846596,1.1048475955414947,0.14390759819950594,0.03276539973787678,0.027532452996563102,0.0,0.21739130434782272,0.7826086956521773,0.7826086956521773,2023-11-09,2023-11-10,2023-11-10,12.04,11.799199999999999,-0.020000000000000018,-0.023000000000000017,0.2923588039867111,-0.027408637873754027,1.0,stop,0,0
2024-02-23,1D,EVF,16.85,17.31,16.16,16.48,35453408,15.355,15.2938,1.0040016215721403,1.0973624226636276,0.0040016215721404265,0.026609614227451894,0.0016898087503274262,1,0.04593420235878343,0.16689750692520788,67.42596810933941,0.191959711167874,4.255823050836748,0.8135845036862612,0.03446375582874101,0.03126795485832633,0.32173913043478386,0.39999999999999813,0.278260869565218,0.6000000000000019,2024-02-23,2024-02-26,2024-02-26,17.04,17.77272,0.04299999999999993,0.039999999999999925,0.07863849765258224,-0.059859154929577496,1.0,target,1,1
2024-05-27,1D,EVF,15.09,15.14,14.44,14.49,17121489,14.056000000000001,13.9946,1.004387406571106,1.0735628912919748,0.004387406571106054,0.04544440312383813,-0.005118507670652361,1,0.012072434607645954,0.031442241968557605,69.55602536997884,0.3005645616847633,1.4560305120716712,0.03962206466651952,0.03938275111237338,0.0348162119865482,0.8571428571428553,0.07142857142857234,0.07142857142857234,0.9285714285714277,2024-05-27,2024-05-28,2024-05-29,15.28,14.9744,-0.020000000000000018,-0.023000000000000017,0.024214659685863893,-0.06086387434554974,2.0,stop,0,0
2024-10-07,1D,EVF,10.74,10.88,10.6,10.83,2675673,11.064,11.0438,1.0018290805700938,0.9707158351409978,0.0018290805700937073,0.0029915692140332073,-0.006834655299555847,1,-0.03330333033303323,-0.04955752212389386,54.666666666666686,0.010397179298653525,0.5936359638976414,0.02841793770853851,0.02613727055067838,0.02307163909756508,0.3214285714285696,0.17857142857143038,0.5,0.5,2024-10-07,2024-10-08,2024-10-10,10.69,11.149669999999999,0.04299999999999993,0.039999999999999925,0.05238540692235749,-0.027128157156220634,3.0,target,1,1
2024-11-04,1D,EVF,10.95,11.1,10.8,11.05,2745600,10.915000000000001,10.9146,1.0000366481593463,1.0032065964269352,3.664815934627418e-05,0.01018047200370198,-0.003251082172015196,1,0.004587155963302614,0.02336448598130847,54.46808510638295,0.029773044987942685,0.7622957780083416,-0.6414495592556317,0.028114807566862344,0.01821323848743558,0.33333333333333925,0.16666666666666372,0.49999999999999706,0.49999999999999706,2024-11-04,2024-11-05,2024-11-11,10.9,11.368699999999999,0.04299999999999993,0.039999999999999925,0.05504587155963292,-0.04587155963302747,5.0,target,1,1
2025-02-17,1D,EVF,10.95,10.95,10.45,10.45,23156600,9.733,9.6304,1.0106537630835688,1.1250385287167368,0.010653763083568772,0.03136590018014207,-0.002093134105651595,1,0.15263157894736845,0.17489270386266087,83.60000000000005,0.16611573720351275,3.8723443748698787,0.2735862546886516,0.023874755381604676,0.031074135556958912,1.0,0.0,0.0,1.0,2025-02-17,2025-02-18,2025-02-19,11.05,10.829,-0.020000000000000018,-0.023000000000000017,0.0588235294117645,-0.02714932126696834,2.0,stop,0,0
2025-05-16,1D,EVF,9.9,10.25,9.9,9.9,15270100,9.803,9.7644,1.003953135881365,1.0098949301234315,0.0039531358813650235,0.017436429683445942,-0.006976507678226329,1,-0.010000000000000009,0.021671826625387025,65.44502617801044,0.07729780812069098,1.543091326256583,0.8995024256748352,0.03080808080808082,0.02221174994714958,0.0,1.0,0.0,0.0,2025-05-16,2025-05-19,2025-05-21,9.82,9.6236,-0.020000000000000018,-0.023000000000000017,0.12016293279022405,-0.027494908350305436,3.0,stop,0,0
2023-12-04,1D,FPT,68.5,68.79,67.77,67.77,3466947,67.20500000000001,67.1236,1.0012126882348387,1.019269399598244,0.001212688234838661,0.0034940496632871465,-0.0021525708951009026,1,0.02071226344807031,0.03193733052124137,54.38175270108046,0.16963235435455531,1.6800971902864668,1.9075710382376179,0.0202919708029197,0.010994786068187566,0.7156862745098006,0.28431372549019934,0.0,0.7156862745098006,2023-12-04,2023-12-05,2023-12-18,68.65,68.79,0.002039329934450107,-0.000960670065549893,0.038310269482884074,-0.010633648943918494,10.0,timeout,0,0
2024-08-22,1D,FPT,113.39,113.98,113.13,113.56,3032995,110.566,109.96560000000001,1.005459889274464,1.0255413056454967,0.005459889274463953,0.02724046305070882,0.0015866452199353454,1,0.02531874491364494,0.0396075914550289,72.28557263262266,0.8543004095079363,0.6374278338503048,-0.5058039213130354,0.019906013379864713,0.015744606160973867,0.2,0.49411764705882055,0.30588235294117944,0.30588235294117944,2024-08-22,2024-08-23,2024-08-27,113.3,111.03399999999999,-0.020000000000000018,-0.023000000000000017,0.009002647837599298,-0.029920564872021216,3.0,stop,0,0
2024-11-29,1D,FPT,122.29,123.22,117.79,118.13,11617080,114.828,114.7724,1.0004844370249293,1.0649841502072666,0.00048443702492932374,0.011121384229295872,0.0025909406180171235,1,0.06738238631404392,0.07772979642196187,62.10175939134571,0.7803842315398937,2.4790246499714175,1.4452593615721625,0.021845028795719763,0.017668408927606436,0.7661141804788244,0.17127071823204307,0.06261510128913253,0.8287292817679569,2024-11-29,2024-12-02,2024-12-06,123.14,128.43501999999998,0.04299999999999993,0.039999999999999925,0.05262303069676788,-0.018759135942829297,5.0,target,1,1
2025-05-22,1D,FPT,99.67,100.35,98.64,99.92,6376715,102.281,101.69140000000002,1.0057979337485765,0.9744722871305521,0.005797933748576478,0.017488534962148083,-0.011249567324333465,1,-0.011798532619472502,-0.06562294928283496,62.33411397345825,0.6358474115841592,0.8589764889567117,0.05570469409767309,0.02906018432255014,0.025521341854513845,0.14619883040935727,0.25146198830409017,0.6023391812865526,0.6023391812865526,2025-05-22,2025-05-23,2025-06-05,99.58,99.67,0.000903795942960528,-0.002096204057039472,0.02319742920265111,-0.01456115685880699,10.0,timeout,0,0
2023-08-29,1D,FRT,64.8,65.2,63.28,64.4,1328341,60.024,59.883199999999995,1.0023512437545088,1.0795681727309077,0.0023512437545088745,0.020816326530612272,0.013485336727233177,1,0.051948051948051965,0.08288770053475925,56.75675675675676,0.4583967278189569,0.9896668942018173,-0.3067757797031382,0.0353615520282187,0.03572406083547247,0.2083333333333287,0.20833333333333612,0.5833333333333351,0.7916666666666639,2023-08-29,2023-08-30,2023-08-30,64.8,67.5864,0.04299999999999993,0.039999999999999925,0.09876543209876543,-0.0024691358024691024,1.0,target,1,1
2024-01-29,1D,FRT,86.8,86.8,82.16,84.0,1201460,81.392,81.2384,1.00189073147674,1.0664438765480637,0.0018907314767400306,0.02726171243941833,0.001676892422419085,1,0.09154929577464799,0.07638888888888884,69.41747572815527,0.6919039680731786,1.9875152097948803,0.6519023977099456,0.02646477946017114,0.024196482851561993,0.6034482758620683,0.0,0.3965517241379317,1.0,2024-01-29,2024-01-30,2024-01-30,86.8,90.5324,0.04299999999999993,0.039999999999999925,0.16958525345622122,-0.018433179723502224,1.0,target,1,1
2024-04-25,1D,FRT,122.4,123.76,120.64,121.6,498584,115.67999999999999,115.1232,1.0048365577051368,1.058091286307054,0.004836557705136719,0.018381576167335822,0.01138567934553425,1,0.05517241379310356,0.08510638297872353,55.78034682080926,0.33152157171686153,0.6384797700681938,-0.7525600877432419,0.03725490196078432,0.023984127019417364,0.25641025641025966,0.43589743589743507,0.30769230769230527,0.5641025641025649,2024-04-25,2024-04-26,2024-04-26,122.4,127.6632,0.04299999999999993,0.039999999999999925,0.11045751633986911,-0.009803921568627527,1.0,target,1,1
2024-08-22,1D,FRT,150.4,151.28,148.56,150.64,529260,141.38400000000001,140.08640000000003,1.0092628549238183,1.0637695920330448,0.00926285492381836,0.02732081613672044,0.0030358922659214915,1,0.08045977011494276,0.09112013929193274,73.2647814910026,1.5547520776840513,0.9296627061236696,-0.756563015295879,0.02606382978723404,0.02214509701190297,0.08823529411763999,0.23529411764706434,0.6764705882352956,0.6764705882352956,2024-08-22,2024-08-23,2024-08-23,150.4,147.392,-0.020000000000000018,-0.023000000000000017,0.0,-0.06382978723404253,1.0,stop,0,0
2024-12-03,1D,FRT,143.68,145.2,142.4,144.0,394631,139.448,138.9424,1.003638917997674,1.0303482301646492,0.003638917997673967,0.025232325608751882,0.00013820585762491788,1,0.015262860373092213,0.037550548815713514,78.53881278538806,1.2726670002298686,0.7870811555342456,-0.05991443177649347,0.02151606745147948,0.01035370492602634,0.11428571428571255,0.4285714285714271,0.45714285714286035,0.45714285714286035,2024-12-03,2024-12-04,2024-12-12,143.76,149.94168,0.04299999999999993,0.039999999999999925,0.05119643850862565,-0.00946021146355025,7.0,target,1,1
2025-05-08,1D,FRT,136.4,138.56,136.4,138.56,334470,134.448,132.7072,1.0131176002507778,1.0145186243008448,0.013117600250777706,0.046711509715994026,-0.005753877873942104,1,-0.011594202898550732,0.02772754671488853,72.00000000000003,2.4868187717622288,0.6021984646072692,-0.3285676430911544,0.040469208211143685,0.0277504283730359,1.0,0.0,0.0,0.0,2025-05-08,2025-05-09,2025-05-13,137.04,142.93272,0.04299999999999993,0.039999999999999925,0.04845300642148298,-0.04378283712784592,3.0,target,1,1
2023-11-21,1D,FTS,27.21,27.56,26.89,27.21,1957616,26.144,26.1144,1.0011334742517537,1.0407741738066096,0.0011334742517537647,0.043089690392594804,-0.003084534571219155,1,0.007031828275351648,0.04412893323100553,84.91271820448881,0.41449701478186285,0.817102854777767,-0.29176092712859814,0.045177718275843964,0.02683630876256622,0.0,0.5223880597014908,0.47761194029850923,0.47761194029850923,2023-11-21,2023-11-22,2023-11-23,27.21,26.6658,-0.020000000000000018,-0.023000000000000017,0.0628445424476296,-0.06431459022418229,2.0,stop,0,0
2024-05-16,1D,FTS,41.24,42.09,41.02,42.0,2415773,38.12,37.857800000000005,1.006925917512375,1.081846799580273,0.006925917512375068,0.041928606570819316,0.006679678567060199,1,0.08127949659150491,0.08669301712779975,88.16046966731898,0.6168292036010818,1.0240323902716768,-0.5181829242024141,0.03768879035610366,0.02880493084324271,0.7102803738317737,0.08411214953271344,0.2056074766355129,0.2056074766355129,2024-05-16,2024-05-17,2024-05-22,41.24,43.01332,0.04299999999999993,0.039999999999999925,0.05771096023278366,-0.04243452958292915,4.0,target,1,1
2024-08-21,1D,FTS,38.82,38.95,38.32,38.59,2755278,37.245999999999995,37.0848,1.0043467943739752,1.0422595714976106,0.004346794373975154,0.0328609855522588,-0.0063235514779961255,1,-0.003337612323491723,0.08133704735376046,79.42073170731709,0.6085513171085908,0.8788362434922443,-0.41057381641579893,0.042632663575476556,0.03420454732497648,0.3650793650793586,0.20634920634920959,0.42857142857143177,0.7936507936507904,2024-08-21,2024-08-22,2024-09-05,38.86,40.53098,0.04299999999999993,0.039999999999999925,0.044004117344312865,-0.018528049408131686,9.0,target,1,1
2024-12-11,1D,FTS,39.4,39.89,39.18,39.58,2250529,38.38700000000001,38.2586,1.0033561081691438,1.026389142157501,0.003356108169143834,0.015045745412237688,-0.002497757753999408,1,0.004589495155532974,0.07210884353741487,64.84245439469316,0.28845225924189155,1.0972407250042289,0.4335501838016331,0.023386511965192168,0.023895815700015793,0.25352112676056265,0.43661971830986185,0.3098591549295755,0.3098591549295755,2024-12-11,2024-12-12,2024-12-16,39.45,38.661,-0.020000000000000018,-0.023000000000000017,0.007858048162230569,-0.04435994930291509,3.0,stop,0,0
2025-02-24,1D,FTS,40.39,40.39,37.78,37.83,5350642,37.708999999999996,37.5964,1.002994967603281,1.0710970855763877,0.002994967603280989,0.014992463393626032,0.0006227876400608512,1,0.05899318300996326,0.07021727609962891,77.40740740740735,0.310161845439036,3.342634529582202,2.5199091117210095,0.019700774590598817,0.02183207383531468,0.9808429118773957,0.0,0.01915708812260428,1.0,2025-02-24,2025-02-25,2025-02-26,40.52,42.26236,0.04299999999999993,0.039999999999999925,0.15621915103652517,-0.009871668311944859,2.0,target,1,1
2025-06-09,1D,FTS,35.85,36.65,35.85,36.1,2629500,36.864999999999995,36.754,1.003020079447135,0.9724671097246713,0.003020079447134927,0.010692254969156822,-0.015060563833208418,1,-0.04527296937416769,-0.046542553191489366,53.7142857142857,0.12137336470524239,0.6343119487786648,-0.35895560593871134,0.03795576808129107,0.01864438114021716,0.3125000000000011,0.6874999999999989,0.0,0.0,2025-06-09,2025-06-10,2025-06-13,36.0,35.28,-0.020000000000000018,-0.023000000000000017,0.04166666666666674,-0.02777777777777779,4.0,stop,0,0
2024-02-20,1D,GAS,67.33,68.27,66.98,68.1,1008894,65.349,65.3474,1.0000244845242505,1.0303141593597454,2.4484524250551392e-05,0.008332176086654819,0.0003398382247583598,1,0.03840222085132616,0.03840222085132616,66.75977653631276,0.32713560903026495,1.315528412922689,-0.5756060133144993,0.012613778617046092,0.013379972173654315,0.5968992248062022,0.13178294573643623,0.2713178294573616,0.2713178294573616,2024-02-20,2024-02-21,2024-02-23,67.33,65.9834,-0.019999999999999907,-0.022999999999999906,0.007574632407544968,-0.035645328976681934,3.0,stop,0,0
2024-05-29,1D,GAS,70.41,72.38,69.47,71.1,3696102,67.23100000000001,66.8766,1.0052993124650478,1.04728473472059,0.0052993124650477525,0.02505031408184455,0.001845598875862553,1,0.040490616225801634,0.0731595793324189,79.59183673469389,0.7278291966466379,2.542741961947843,0.6537376526790393,0.02199362915170331,0.015464902775719715,0.23711340206185516,0.43986254295532734,0.32302405498281744,0.32302405498281744,2024-05-29,2024-05-30,2024-05-30,70.15,68.747,-0.02000000000000013,-0.023000000000000128,0.0049893086243761875,-0.021952957947255936,1.0,stop,0,0
2024-07-11,1D,GAS,66.98,67.58,66.98,67.33,728827,66.974,66.9204,1.000800951578293,1.000089587003912,0.0008009515782930613,0.008234603399220441,0.0036715080179254844,1,-0.0063788755377539585,0.0,52.8604118993135,0.10503484694935719,0.6835945725277008,-0.350678519373795,0.012541057031949824,0.0057852567407842455,0.5833333333333294,0.4166666666666706,0.0,0.0,2024-07-11,2024-07-12,2024-07-17,67.41,66.06179999999999,-0.02000000000000013,-0.023000000000000128,0.015279632102062068,-0.030410918261385533,4.0,stop,0,0
2024-08-09,1D,GAS,69.9,70.41,69.3,70.24,1245266,67.532,67.18440000000001,1.0051738201130023,1.0350648581413258,0.005173820113002209,0.01504561783228886,-0.00017858099541023797,1,0.05573176257362955,0.034329683338265804,68.00731261425973,0.37450845300647984,0.9451515543662936,-0.6835702322759044,0.018894338851420375,0.020190454516173593,0.30630630630629674,0.15315315315315478,0.5405405405405485,0.5405405405405485,2024-08-09,2024-08-12,2024-08-20,69.9,72.9057,0.04299999999999993,0.039999999999999925,0.05507868383404846,-0.0074391988555080335,7.0,target,1,1
2025-02-24,1D,GAS,64.57,64.76,63.82,64.2,1067313,63.895,63.7954,1.001561241092618,1.0105642069019483,0.001561241092618,0.005318060953160231,-0.00026953924460060286,1,-0.0015463120457709367,0.011751801942964546,65.91422121896156,0.1830496373380377,1.6325314759033611,0.38815794607670995,0.012157348613907406,0.006763967360103097,0.39361702127658343,0.20212765957447976,0.4042553191489368,0.7978723404255202,2025-02-24,2025-02-25,2025-03-10,64.67,63.3766,-0.020000000000000018,-0.023000000000000017,0.010205659502087405,-0.02180299984536882,10.0,stop,0,0
2025-05-28,1D,GAS,60.34,60.9,60.24,60.24,1153927,58.370000000000005,58.202400000000004,1.0028796063392575,1.033750214151105,0.002879606339257491,0.007473635155427649,-0.004120239822596905,1,0.017537942664418216,0.06307258632840029,67.98866855524082,0.4249136698896004,1.6883371029477465,0.47921532533258815,0.0174724182016194,0.013300271646539642,0.15151515151515446,0.8484848484848455,0.0,0.15151515151515446,2025-05-28,2025-05-29,2025-06-10,60.24,59.0352,-0.020000000000000018,-0.023000000000000017,0.02971447543160699,-0.02490039840637448,9.0,stop,0,0
2023-08-03,1D,GEE,18.8,19.16,18.8,18.94,7101,18.946,18.9324,1.0007183452705415,0.9922938878919033,0.0007183452705415202,0.008034051609470572,0.0016718869042580131,1,-0.015191199580932402,-0.011566771819137678,69.1891891891892,0.04623210550965486,1.2541726275631855,1.7206896551724138,0.018427051671732527,0.008959484602481268,0.38888888888889106,0.6111111111111089,0.0,0.0,2023-08-03,2023-08-04,2023-08-14,19.02,18.639599999999998,-0.02000000000000013,-0.023000000000000128,0.018401682439537437,-0.02681388012618291,7.0,stop,0,0
2023-09-15,1D,GEE,18.65,18.88,18.65,18.8,42500,18.735999999999997,18.692600000000002,1.0023217743920052,0.9954099060631939,0.002321774392005113,0.0030515552224421594,-0.00014976946200651042,1,-0.015311510031679076,-0.011658717541070618,44.032921810699555,0.006235945872174211,0.9403944788886971,2.694367176634214,0.027613941018766776,0.012263733252940908,0.6521739130434864,0.3478260869565137,0.0,0.0,2023-09-15,2023-09-18,2023-09-18,18.65,18.276999999999997,-0.020000000000000018,-0.023000000000000017,0.01608579088471851,-0.11581769436997325,1.0,stop,0,0
2023-10-09,1D,GEE,18.95,19.7,18.65,19.7,5400,18.877,18.776,1.0053792074989347,1.0038671399057053,0.005379207498934762,0.01565694608845347,0.0009809357273851127,1,-0.034148827726809494,-0.02319587628865971,55.39452495974234,0.10765055745896962,0.025545666071310726,-0.12931312479845214,0.061439879381831874,0.03144444278790273,0.7142857142857139,0.0,0.2857142857142862,0.2857142857142862,2023-10-09,2023-10-10,2023-10-10,19.18,18.7964,-0.020000000000000018,-0.023000000000000017,0.08550573514077175,-0.027632950990615246,1.0,stop,0,0
2023-12-27,1D,GEE,21.94,24.62,21.64,24.62,23943,21.070999999999998,20.945800000000006,1.005977331971087,1.0412415167766125,0.005977331971086919,0.029108669108668828,0.007610306144047563,1,-0.003180372557928246,0.07707412862052032,64.60905349794243,0.21058665411102306,1.7070501463358987,0.09729605866177815,0.060196640187524394,0.02335381355507678,0.8993288590604025,0.0,0.10067114093959754,0.10067114093959754,2023-12-27,2023-12-28,2023-12-28,26.86,26.322799999999997,-0.02000000000000013,-0.023000000000000128,0.0,-0.20811615785554727,1.0,stop,0,0
2024-02-28,1D,GEE,21.26,21.33,21.26,21.33,2903,21.35,21.3342,1.0007405949133317,0.9957845433255269,0.0007405949133317517,0.011896298402767957,0.00314095752184107,1,0.0,0.0,54.90956072351423,0.0784950331472827,0.07469753032416103,-0.8611071240610497,0.03749496035479098,0.028354000469329194,1.0,0.0,0.0,0.0,2024-02-28,2024-02-29,2024-03-06,21.26,20.8348,-0.020000000000000018,-0.023000000000000017,0.07149576669802449,-0.024929444967074388,5.0,stop,0,0
2024-03-08,1D,GEE,22.02,22.78,22.02,22.62,36806,21.526000000000003,21.506,1.0009299730307823,1.0229489919167516,0.0009299730307822527,0.005324117317392352,0.0029380217320336133,1,0.01756007393715331,0.02466263378315503,56.089743589743605,0.08819599389298552,2.505718642775448,10.501875,0.019495264045672724,0.014147196071598124,0.7894736842105265,0.21052631578947345,0.0,0.0,2024-03-08,2024-03-11,2024-03-11,22.4,21.951999999999998,-0.020000000000000018,-0.023000000000000017,0.08437500000000009,-0.04062500000000002,1.0,stop,0,0
2024-05-08,1D,GEE,23.69,23.99,22.09,23.0,62701,22.572,22.4554,1.0051925149407268,1.0495303916356549,0.0051925149407268745,0.01611596290627526,0.006399971316655151,1,0.0473032714412025,0.07584014532243422,51.37111517367461,0.10813457557105045,3.2823108775199317,0.5558560794044665,0.04212144967738047,0.0217515354297152,0.36315789473684307,0.1578947368421039,0.47894736842105307,0.8421052631578961,2024-05-08,2024-05-09,2024-05-10,23.0,23.988999999999997,0.04299999999999993,0.039999999999999925,0.056086956521739006,-0.07565217391304346,2.0,target,1,1
2024-10-24,1D,GEE,25.85,26.16,25.85,26.08,7399,26.012999999999998,25.9342,1.0030384588689838,0.9937339022796295,0.003038458868983718,0.009468741511118095,-0.013751245446040783,1,-0.023053665910808707,-0.014487228364468141,59.24657534246579,0.10452168643579773,0.2064248658405766,2.3631818181818183,0.02028184581376072,0.01423799565490055,0.7419354838709608,0.2580645161290393,0.0,0.0,2024-10-24,2024-10-25,2024-10-28,25.85,25.333000000000002,-0.020000000000000018,-0.023000000000000017,0.044487427466150864,-0.041779497098646146,2.0,stop,0,0
2024-12-30,1D,GEE,26.22,26.66,25.27,26.66,209139,25.403,25.267,1.0053825147425495,1.0321615557217652,0.005382514742549541,0.04802178307685945,0.00041969560190668886,1,-0.02346368715083813,0.05216693418940599,62.73712737127371,0.3650686425166266,0.22796772029663634,1.0111453024329262,0.048654244306418216,0.030202317023602224,0.31654676258992887,0.0,0.6834532374100711,0.6834532374100711,2024-12-30,2024-12-31,2024-12-31,25.82,26.930259999999997,0.04299999999999993,0.039999999999999925,0.05538342370255611,-0.07397366382649107,1.0,target,1,1
2025-01-22,1D,GEE,26.3,26.3,26.06,26.1,503500,25.19,25.071200000000005,1.0047385047385047,1.0440651052004764,0.004738504738504606,0.019466591120644416,0.0006306025846722907,1,0.02494154325798914,0.04906262465097733,48.54545454545455,0.12347156879344649,2.8149517265130437,-0.10363317856837673,0.024253123302552956,0.011855001631231132,0.8333333333333235,0.0,0.16666666666667654,1.0,2025-01-22,2025-01-23,2025-01-24,26.22,27.347459999999998,0.04299999999999993,0.039999999999999925,0.44851258581235687,-0.0015255530129671957,2.0,target,1,1
2023-08-04,1D,GEG,14.62,14.71,14.43,14.62,1965421,14.709,14.7024,1.000448906301012,0.9939492827520565,0.000448906301012,0.003958774145109478,0.00016326530612253976,1,-0.022073578595317778,-0.006118286879673751,51.67785234899325,0.027265084674767327,1.3677952724506468,0.25682537002860983,0.020666406097322645,0.010088264499590618,0.0,0.32142857142857595,0.678571428571424,0.678571428571424,2023-08-04,2023-08-07,2023-08-10,14.76,15.39468,0.04299999999999993,0.039999999999999925,0.04539295392953924,-0.086720867208672,4.0,target,1,1
2023-10-09,1D,GEG,14.0,14.29,13.86,14.1,781812,14.134,14.097600000000002,1.002581999773011,0.9905193151266449,0.0025819997730109133,0.0031227821149752977,-0.0028152276939180654,1,-0.00990099009900991,-0.04240766073871405,47.965738758029985,0.004874291892779811,0.6871794826720131,0.3062748013801053,0.044795918367346935,0.033224428360375216,0.23255813953488305,0.4418604651162782,0.32558139534883873,0.32558139534883873,2023-10-09,2023-10-10,2023-10-10,14.0,14.601999999999999,0.04299999999999993,0.039999999999999925,0.05071428571428571,-0.12214285714285722,1.0,target,1,1
2023-12-13,1D,GEG,12.67,12.95,12.57,12.81,194569,12.801999999999998,12.773,1.0022704141548577,0.9896891110763945,0.002270414154857758,0.0064465408805030044,-0.007243786044053402,1,-0.010928961748633892,-0.0291187739463602,45.02617801047122,0.01898923057832623,0.4623451811726619,-0.10469305773487148,0.023114218062915772,0.011264283616037022,0.3684210526315814,0.3684210526315767,0.26315789473684187,0.26315789473684187,2023-12-13,2023-12-14,2023-12-15,12.71,12.4558,-0.020000000000000018,-0.023000000000000017,0.003933910306844979,-0.02596380802517706,2.0,stop,0,0
2024-02-16,1D,GEG,12.57,12.67,12.52,12.67,270740,12.506,12.492799999999999,1.0010566086065575,1.005117543579082,0.001056608606557474,0.007979366486660755,0.0003843689942344408,1,0.011263073209975882,0.0,64.8936170212767,0.03612249427469266,0.9033915890886286,-0.185367057223496,0.013296965564268655,0.009400709376130943,0.6666666666666627,0.0,0.33333333333333726,0.33333333333333726,2024-02-16,2024-02-19,2024-03-01,12.57,12.57,0.0,-0.003,0.03818615751789989,-0.011137629276054106,10.0,timeout,0,0
2024-03-27,1D,GEG,12.62,12.71,12.57,12.57,593814,12.494,12.49,1.000320256204964,1.0100848407235472,0.0003202562049639359,0.0037760102836024156,0.0006729906422253684,1,-0.007081038552321117,0.01528559935639584,48.226950354609905,0.012760545889224621,1.2558075500212222,1.0885263890940555,0.015904460040751647,0.008701610490372448,0.3571428571428481,0.6428571428571519,0.0,0.3571428571428481,2024-03-27,2024-03-28,2024-04-02,12.62,13.162659999999999,0.04299999999999993,0.039999999999999925,0.1022187004754358,-0.011093502377178988,4.0,target,1,1
2024-05-23,1D,GEG,12.91,13.05,12.57,12.62,773764,12.521,12.4858,1.0028192026141698,1.0310678060857759,0.0028192026141698133,0.009676638980727459,0.0004006153451703298,1,0.015735641227379915,0.034455128205128194,77.304964539007,0.08072943831547767,1.8266566649925076,0.792028829429734,0.024952971118734114,0.01066226872896504,0.6041666666666681,0.2916666666666676,0.10416666666666435,0.7083333333333324,2024-05-23,2024-05-24,2024-05-24,12.91,12.6518,-0.020000000000000018,-0.023000000000000017,0.088303640588691,-0.04802478698683199,1.0,stop,0,0
2024-12-23,1D,GEG,11.65,11.65,11.5,11.6,608000,11.205000000000002,11.14,1.0058348294434472,1.0397144132083889,0.005834829443447152,0.009459459459459696,-0.002149767108563294,1,0.030973451327433565,0.04954954954954971,71.4285714285714,0.06847244611262335,2.0816571086193614,-0.21619182673714066,0.018393623543838146,0.00919781198372,0.33333333333333726,0.0,0.6666666666666627,1.0,2024-12-23,2024-12-24,2025-01-07,11.7,11.466,-0.020000000000000018,-0.023000000000000017,0.025641025641025772,-0.03418803418803407,10.0,stop,0,0
2025-04-22,1D,GEG,14.25,14.75,13.15,14.1,4432800,13.454999999999998,13.307,1.011121965882618,1.0590858416945375,0.011121965882618014,0.03182515337423286,0.007571742257893588,1,0.0035211267605634866,0.0674157303370786,52.42718446601941,0.10762570778924391,3.0034046445449465,2.4453598632053475,0.05689223057644111,0.028727706821123165,0.09375000000000025,0.31250000000000006,0.5937499999999997,0.6874999999999999,2025-04-22,2025-04-23,2025-04-23,14.45,14.161,-0.020000000000000018,-0.023000000000000017,0.09342560553633228,-0.05536332179930792,1.0,stop,0,0
2023-11-17,1D,GEX,19.87,20.98,19.87,20.75,24556985,19.68,19.5368,1.0073297571762008,1.0096544715447155,0.007329757176200822,0.048258229466283,-0.008495650673460475,1,-0.02502453385672221,-0.011442786069651767,68.22916666666666,0.30538441894596574,1.338519497710672,0.9446878242369212,0.04863757279459341,0.029199531540936748,0.7927927927927924,0.2072072072072077,0.0,0.0,2023-11-17,2023-11-20,2023-11-20,19.14,19.96302,0.04299999999999993,0.039999999999999925,0.1201671891327063,-0.007314524555903867,1.0,target,1,1
2024-02-28,1D,GEX,20.75,21.25,20.24,20.38,33260874,20.419999999999998,20.3346,1.0041997383769536,1.016160626836435,0.004199738376953564,0.011141371626640195,-0.002932177460479357,1,0.03233830845771135,0.00679281901989337,66.13418530351444,0.06405244928802883,2.4951583497207266,1.7877030492026718,0.023993115318416518,0.014683799207998218,0.3663366336633668,0.49504950495049427,0.13861386138613896,0.5049504950495057,2024-02-28,2024-02-29,2024-02-29,20.89,20.4722,-0.020000000000000018,-0.023000000000000017,0.05265677357587362,-0.03973192915270474,1.0,stop,0,0
2024-05-23,1D,GEX,21.81,21.99,20.75,20.89,22680629,20.863999999999997,20.837799999999998,1.001257330428356,1.0453412576687118,0.0012573304283561286,0.019397078223481357,0.0011146022503434327,1,0.017257462686567138,0.05362318840579716,82.15102974828378,0.25170723203600814,1.778356281628043,0.46624655687275607,0.028034322394707534,0.018159338190069707,0.7419354838709672,0.1451612903225806,0.11290322580645222,0.8548387096774194,2024-05-23,2024-05-24,2024-05-24,21.58,21.1484,-0.020000000000000018,-0.023000000000000017,0.04263206672845232,-0.03197405004633913,1.0,stop,0,0
2024-10-04,1D,GEX,19.51,19.6,19.41,19.51,2614945,19.621000000000002,19.618,1.0001529207870326,0.9943427959838947,0.00015292078703250416,0.006669745010517536,-0.0024103247327793564,1,-0.024987506246876512,-0.009141696292534252,67.36401673640168,0.06085508831911067,0.5215170702210082,-0.6451055015640115,0.015486563666983979,0.011106922537688182,0.0,0.4736842105263119,0.5263157894736882,0.5263157894736882,2024-10-04,2024-10-07,2024-10-07,19.55,19.159,-0.02000000000000013,-0.023000000000000128,0.002557544757033181,-0.05626598465473154,1.0,stop,0,0
2024-12-27,1D,GEX,17.8,17.9,17.71,17.9,3132577,17.739,17.7316,1.0004173340251303,1.0034387507751283,0.00041733402513030506,0.012037882245550025,-0.0032715376226826187,1,0.0022522522522521182,-0.005586592178770777,56.33802816901408,0.0696896910028091,0.8152743231766095,-0.09564505698811732,0.018699839486356354,0.011328202511035626,0.5263157894736793,0.0,0.4736842105263207,0.4736842105263207,2024-12-27,2024-12-30,2025-01-03,17.71,17.355800000000002,-0.019999999999999907,-0.022999999999999906,0.007905138339920903,-0.07284020327498586,4.0,stop,0,0
2025-01-21,1D,GEX,17.44,17.62,17.44,17.44,4260058,17.261000000000003,17.2604,1.0000347616509468,1.0103701987138636,3.4761650946800445e-05,0.013266803639565783,-0.002807787856028643,1,-0.007398975526465512,0.0192869666861486,46.97674418604653,0.05282695135771524,1.4443621802099376,0.3563301389964759,0.018635321100917448,0.008628307043191692,0.0,1.0,0.0,0.0,2025-01-21,2025-01-22,2025-01-24,17.44,18.18992,0.04299999999999993,0.039999999999999925,0.1553899082568806,-0.018922018348623948,3.0,target,1,1
2023-09-05,1D,GMD,49.5,50.2,48.18,48.8,2708200,44.366,43.7094,1.0150219403606546,1.1157192444664834,0.015021940360654627,0.03974689477384574,0.010322956442948783,1,0.1255115961800819,0.15009293680297398,74.19354838709677,0.6818154003151287,1.998904890633545,-0.5486632720029572,0.028759018759018772,0.023322128222538666,0.3465346534653474,0.3465346534653474,0.3069306930693052,0.6534653465346526,2023-09-05,2023-09-06,2023-09-08,49.81,51.95183,0.04299999999999993,0.039999999999999925,0.051596065047179174,-0.015458743224252225,3.0,target,1,1
2023-11-09,1D,GMD,55.14,56.43,55.14,55.38,1907063,51.444,50.9096,1.0104970378867641,1.071845113132727,0.01049703788676409,0.033032791823129015,0.0128925461982905,1,0.040770101925254876,0.08181283107710424,60.52484645449471,0.5257000942283092,1.3252426479433046,0.10895226952639359,0.03704855173843203,0.028553101921005207,0.18604651162790864,0.8139534883720914,0.0,0.0,2023-11-09,2023-11-10,2023-11-14,55.06,57.42758,0.04299999999999993,0.039999999999999925,0.0686523792226661,-0.014529604068289181,3.0,target,1,1
2024-02-22,1D,GMD,57.23,57.79,56.67,57.71,507471,56.275,56.256,1.000337741751991,1.0169702354509107,0.00033774175199086944,0.012122084135177458,0.0010534407653104427,1,0.00845814977973558,0.025811077253988124,58.54092526690383,0.2351664504175357,0.5433445350790163,-0.4716788039998543,0.016936671575846846,0.007667584834331384,0.4285714285714331,0.07142857142857006,0.49999999999999684,0.49999999999999684,2024-02-22,2024-02-23,2024-02-23,57.71,56.5558,-0.020000000000000018,-0.023000000000000017,0.13498527118350379,-0.03326979726217294,1.0,stop,0,0
2024-07-18,1D,GMD,65.86,66.77,64.79,65.94,1351321,67.15299999999999,67.1164,1.0005453212627613,0.9807454618557623,0.0005453212627613052,0.0036167446309274265,-0.0012410751222475813,1,-0.017161617669004703,-0.01964870497171789,44.72222222222221,-0.05742140929193276,0.9892996891254754,-0.33158015793912443,0.021127066070886276,0.010162482587379092,0.04040404040403975,0.4191919191919205,0.5404040404040398,0.5404040404040398,2024-07-18,2024-07-19,2024-07-19,65.37,64.0626,-0.020000000000000018,-0.023000000000000017,0.011320177451430213,-0.058130640966804425,1.0,stop,0,0
2024-08-22,1D,GMD,68.33,68.83,67.84,68.74,714593,66.304,65.965,1.005139088910786,1.0305562258687258,0.005139088910786002,0.024569644899094634,-0.00022128051700831541,1,0.0011721611721611236,0.04672181372549011,55.95419847328246,0.5848021282557557,0.8855276401089213,-0.33888645777149085,0.024293867993560612,0.013423654963956665,0.4141414141414128,0.09090909090909483,0.49494949494949236,0.49494949494949236,2024-08-22,2024-08-23,2024-08-27,68.09,66.7282,-0.020000000000000018,-0.023000000000000017,0.003524746658833733,-0.07152298428550452,3.0,stop,0,0
2024-11-14,1D,GMD,64.46,65.52,63.2,63.29,2483373,62.96500000000001,62.9566,1.0001334252485046,1.0237433494798696,0.00013342524850466582,0.004482802629060201,-0.0014275155202658762,1,0.01224874371859297,0.024638372277857146,73.4491315136477,0.3565912768848036,1.7002036754415972,2.399822299374899,0.021874030406453596,0.010406945898918217,0.5043103448275854,0.45689655172414023,0.038793103448274385,0.5431034482758598,2024-11-14,2024-11-15,2024-11-18,64.17,62.8866,-0.020000000000000018,-0.023000000000000017,0.0029608851488234222,-0.07090540751129815,2.0,stop,0,0
2024-12-05,1D,GMD,63.87,64.17,62.42,62.71,1470884,62.492,62.45179999999999,1.0006436964186782,1.0220508225052807,0.0006436964186781773,0.003403982016698892,-0.0021888900250525145,1,0.026353848626064602,0.019961673586713413,51.090700344431674,0.07338392274788522,1.4183977514452935,1.2932540895172404,0.02284774877541435,0.010906481446610944,0.6628571428571409,0.17142857142857387,0.16571428571428523,0.8285714285714262,2024-12-05,2024-12-06,2024-12-19,63.87,63.0,-0.013621418506341021,-0.01662141850634102,0.027399405041490743,-0.018161891341787917,10.0,timeout,0,0
2025-05-16,1D,GMD,52.16,53.62,52.16,53.04,2233912,52.251,52.2292,1.0004173910379635,0.998258406537674,0.00041739103796341765,0.018657152883378103,-0.006596165550821653,1,-0.03585951940850285,0.016962370832520834,71.66991552956462,0.7043297831953264,0.6585478239155933,0.13363172264003498,0.03216750657318144,0.022056995611553724,0.6027397260273987,0.39726027397260133,0.0,0.0,2025-05-16,2025-05-19,2025-05-20,51.78,54.006539999999994,0.04299999999999993,0.039999999999999925,0.14947856315179608,-0.022402471996910034,2.0,target,1,1
2023-09-11,1D,GVR,20.87,22.31,20.87,22.31,4407696,20.526,20.4314,1.0046301281361043,1.0167592321933159,0.0046301281361042215,0.04288182095315518,0.008430155079316437,1,-0.0113690194220748,-0.004768717215068996,66.66666666666666,0.22054513223048997,1.4430143296000348,0.2943623518964391,0.03740844684783355,0.02541668784330293,1.0,0.0,0.0,0.0,2023-09-11,2023-09-12,2023-09-13,21.02,21.923859999999998,0.04299999999999993,0.039999999999999925,0.08182683158896276,-0.07088487155090384,2.0,target,1,1
2023-11-27,1D,GVR,18.85,19.34,18.85,19.15,1345519,19.18,19.124000000000002,1.0029282576866763,0.9827945776850887,0.0029282576866762906,0.0035054674828651766,-0.00753534137379841,1,-0.042174796747967425,-0.035312180143295735,62.83783783783787,0.08102637789603287,0.6576116137605108,-0.388866860246203,0.03721106479727168,0.019524172913344733,0.6122448979591798,0.3877551020408202,0.0,0.0,2023-11-27,2023-11-28,2023-11-28,18.95,18.570999999999998,-0.020000000000000018,-0.023000000000000017,0.07493403693931411,-0.02585751978891815,1.0,stop,0,0
2024-05-15,1D,GVR,31.99,32.09,31.55,32.09,3873903,30.712,30.6614,1.0016502834182393,1.0416123990622557,0.001650283418239197,0.02729462135402705,0.006962370358693404,1,0.034605433376455164,0.03293509848240239,75.81699346405227,0.31826677613090304,0.8534195409990347,-0.0813216683085034,0.03632831688474078,0.02080922083819635,0.18518518518519347,0.0,0.8148148148148066,0.8148148148148066,2024-05-15,2024-05-16,2024-05-17,32.24,31.595200000000002,-0.020000000000000018,-0.023000000000000017,0.11817617866004948,-0.02140198511166258,2.0,stop,0,0
2024-08-26,1D,GVR,34.24,35.36,34.24,35.26,1971335,33.612,33.465,1.0043926490363067,1.0186838034035464,0.004392649036306543,0.022884966524649997,0.0021021236839269264,1,-0.00551844321812367,0.008839127872716679,71.96601941747572,0.34528842557442524,0.7045633003842452,-0.04782064781630069,0.028642356475300414,0.022336317620204913,0.9107142857142843,0.08928571428571576,0.0,0.0,2024-08-26,2024-08-27,2024-09-04,34.19,33.5062,-0.019999999999999907,-0.022999999999999906,0.03129570049722141,-0.04562737642585535,5.0,stop,0,0
2025-02-20,1D,GVR,31.89,32.04,30.96,31.25,6243825,29.678999999999995,29.540399999999998,1.0046918795954014,1.0744971191751747,0.004691879595401441,0.022778964780480804,0.0014373855854632467,1,0.05876494023904377,0.09851877368239759,81.36200716845883,0.4091148840865726,2.525140083686232,0.021614192392491516,0.023428750615956614,0.015846747231673414,0.592592592592594,0.13888888888888778,0.26851851851851816,0.8611111111111122,2025-02-20,2025-02-21,2025-02-28,31.89,33.261269999999996,0.04299999999999993,0.039999999999999925,0.05111320163060529,-0.018501097522734433,6.0,target,1,1
2025-05-30,1D,GVR,28.3,29.08,28.2,29.08,3263743,27.808999999999997,27.6294,1.0065003221206394,1.017656154482362,0.006500322120639503,0.014223713483350942,-0.008198780951833906,1,-0.023801310796826458,0.06311044327573256,55.054644808743184,0.312257836326426,0.6620240132218067,-0.24442750343032382,0.032660272589601205,0.02742698675946667,0.8863636363636346,0.0,0.11363636363636538,0.11363636363636538,2025-05-30,2025-06-02,2025-06-04,28.15,29.360449999999997,0.04299999999999993,0.039999999999999925,0.045470692717584305,-0.054351687388987435,3.0,target,1,1
2023-11-02,1D,HAG,8.32,8.44,8.2,8.35,7907954,8.465,8.4336,1.0037232024283818,0.9828706438275252,0.0037232024283816697,0.00954084675014899,-0.003591682419659792,1,-0.0012004801920768582,-0.04257767548906777,50.0,-0.0012238591387836242,0.7756155526750749,0.344155194056311,0.04524381868131868,0.03240257177933258,0.12499999999999722,0.37499999999999906,0.5000000000000037,0.5000000000000037,2023-11-02,2023-11-03,2023-11-03,8.58,8.4084,-0.020000000000000018,-0.023000000000000017,0.07226107226107215,-0.05011655011655003,1.0,stop,0,0
2023-11-13,1D,HAG,9.0,9.2,8.77,8.79,20661189,8.422,8.367199999999999,1.0065493833062438,1.0686297791498456,0.006549383306243662,0.005131877312328559,-0.001860953380732111,1,0.0428736964078793,0.0843373493975903,55.78512396694212,0.05929063482536909,1.613377276410901,-0.5530780454091135,0.04285714285714282,0.022640338969021182,0.4883720930232581,0.4651162790697661,0.046511627906975786,0.534883720930234,2023-11-13,2023-11-14,2023-11-14,9.01,8.829799999999999,-0.02000000000000013,-0.023000000000000128,0.20976692563817978,-0.023307436182019914,1.0,stop,0,0
2024-04-11,1D,HAG,13.3,13.5,13.2,13.25,8187275,12.960000000000003,12.944,1.0012360939431397,1.0262345679012344,0.0012360939431398169,0.013687915526007233,-0.00591352430688874,1,0.023076923076923217,0.05138339920948609,68.88888888888891,0.09899216126006695,0.5889660234777121,-0.630188780321627,0.030880773361976387,0.01541224150792868,0.16666666666666863,0.6666666666666627,0.16666666666666863,0.33333333333333726,2024-04-11,2024-04-12,2024-04-15,13.45,13.181,-0.020000000000000018,-0.023000000000000017,0.014869888475836479,-0.17843866171003708,2.0,stop,0,0
2024-05-09,1D,HAG,13.45,13.65,13.2,13.65,9689012,12.72,12.65,1.0055335968379446,1.0573899371069182,0.005533596837944687,0.03625254582484727,0.004047940312723153,1,0.03461538461538449,0.09795918367346923,65.07936507936508,0.13354838909819383,0.7329102378658782,-0.4998220806002499,0.03451938396176315,0.016441684046974547,0.44444444444444575,0.0,0.5555555555555542,0.5555555555555542,2024-05-09,2024-05-10,2024-05-10,13.5,13.23,-0.020000000000000018,-0.023000000000000017,0.1333333333333333,-0.033333333333333326,1.0,stop,0,0
2024-10-08,1D,HAG,10.9,11.05,10.9,11.0,3394400,10.84,10.790999999999999,1.0045408210545825,1.0055350553505535,0.00454082105458264,0.013084112149532867,-0.004887495389155561,1,0.033175355450236976,-0.022421524663677084,56.36363636363637,0.05829686188892464,0.6358393954805276,-0.3169534158366033,0.028505897771952803,0.028284862590083216,0.6666666666666627,0.33333333333333726,0.0,0.0,2024-10-08,2024-10-09,2024-10-16,11.0,10.78,-0.020000000000000018,-0.023000000000000017,0.031818181818181746,-0.050000000000000044,6.0,stop,0,0
2024-11-14,1D,HAG,11.75,12.05,11.25,11.4,17860500,10.684999999999999,10.647,1.0035690804921573,1.0996724379971925,0.0035690804921572725,0.03236714975845412,0.005952380952381153,1,0.11904761904761907,0.1298076923076923,90.00000000000003,0.15097988332223053,2.943736000751571,0.7645751207801061,0.02462006079027354,0.023354319380486113,0.43749999999999917,0.37500000000000056,0.18750000000000028,0.6249999999999994,2024-11-14,2024-11-15,2024-11-18,11.75,11.515,-0.019999999999999907,-0.022999999999999906,0.04680851063829783,-0.038297872340425476,2.0,stop,0,0
2025-02-10,1D,HAG,12.45,12.55,12.2,12.3,8509500,12.095,12.069,1.0021542795592013,1.0293509714758164,0.002154279559201243,0.011710581346716653,0.0029084261259764155,1,0.03749999999999987,0.05063291139240511,78.125,0.0537132622593849,1.754595774907806,0.1483185792939652,0.022375215146299487,0.01403913494675082,0.4285714285714228,0.28571428571428864,0.28571428571428864,0.7142857142857114,2025-02-10,2025-02-11,2025-02-24,12.45,12.985349999999999,0.04299999999999993,0.039999999999999925,0.06024096385542177,-0.016064257028112428,10.0,target,1,1
2025-04-28,1D,HAG,13.3,13.3,12.3,12.4,28110600,12.33,12.292200000000001,1.0030751208083173,1.078669910786699,0.0030751208083173837,0.042265426880811585,0.00146649068778415,1,0.10833333333333339,0.10833333333333339,79.15869980879542,0.1778169853352993,3.09524019255925,2.3272888678463635,0.045112781954887236,0.0322889763479277,0.9000000000000004,0.0,0.09999999999999964,1.0,2025-04-28,2025-04-29,2025-04-29,13.4,13.132,-0.020000000000000018,-0.023000000000000017,0.029850746268656803,-0.04850746268656714,1.0,stop,0,0
2025-07-09,1D,HAG,13.6,14.05,13.6,13.7,14882300,13.25,13.225,1.001890359168242,1.0264150943396226,0.001890359168241993,0.014159969383850113,0.006162507608034273,1,0.01872659176029967,0.030303030303030276,76.00000000000006,0.07069697542688495,2.065960304432174,0.40796208172108117,0.021008403361344557,0.009172647547860414,0.2222222222222209,0.7777777777777791,0.0,0.0,2025-07-09,2025-07-10,2025-07-11,13.65,13.377,-0.020000000000000018,-0.023000000000000017,0.11355311355311337,-0.04029304029304037,2.0,stop,0,0
2023-09-06,1D,HAH,23.6,23.86,23.27,23.73,2971984,21.605,21.436,1.0078839335696959,1.0923397361721825,0.007883933569695861,0.033385947290381246,0.01071253441967479,1,0.10023310023310028,0.12756808408982323,59.938366718027766,0.2503332106178601,1.739204526169551,0.0853038045361707,0.03177966101694916,0.020637217650455734,0.22033898305084582,0.22033898305084582,0.5593220338983084,0.5593220338983084,2023-09-06,2023-09-07,2023-09-08,23.7,23.226,-0.020000000000000018,-0.023000000000000017,0.13080168776371304,-0.02362869198312234,2.0,ambiguous_stop,0,0
2023-12-04,1D,HAH,24.66,24.82,24.46,24.56,3411803,23.297000000000004,23.2324,1.0027805995075845,1.058505386959694,0.002780599507584484,0.021126451895682852,-0.002687271946769876,1,0.034830046160302164,0.07826847398338432,66.12426035502958,0.2869413537564439,1.1941574050539296,0.03889029635051955,0.03319429961765728,0.026522638030811046,0.2777777777777822,0.44444444444444553,0.2777777777777723,0.5555555555555545,2023-12-04,2023-12-05,2023-12-07,24.69,24.1962,-0.020000000000000018,-0.023000000000000017,0.014580801944106936,-0.06682867557715688,3.0,stop,0,0
2024-05-16,1D,HAH,27.66,27.96,27.63,27.79,3013163,27.685000000000002,27.655,1.001084794792985,0.9990969839263139,0.0010847947929850347,0.005885986266032317,-0.0012134958069384139,1,0.007283321194464731,-0.024338624338624437,64.03013182674196,0.09208829683512133,1.2425942215277597,-0.3766860939218908,0.028716041731226122,0.022256421142017015,0.3939393939393887,0.5151515151515175,0.09090909090909384,0.09090909090909384,2024-05-16,2024-05-17,2024-05-20,27.66,28.849379999999996,0.04299999999999993,0.039999999999999925,0.07266811279826468,-0.03470715835141003,2.0,target,1,1
2024-10-03,1D,HAH,30.97,31.43,30.82,31.35,2700398,30.968,30.9,1.002200647249191,1.0000645827951433,0.002200647249190984,0.01126604186395852,-0.0018154683068335453,1,0.0035644847699287663,-0.013380057343102991,67.45562130177512,0.1378203949287815,1.3903608237178309,0.06260245716179003,0.015498869874071671,0.00947548036249966,0.622950819672136,0.13114754098360387,0.24590163934426018,0.24590163934426018,2024-10-03,2024-10-04,2024-10-11,30.97,32.30171,0.04299999999999993,0.039999999999999925,0.06974491443332265,-0.019696480464966082,6.0,target,1,1
2025-04-02,1D,HAH,40.54,41.07,40.31,40.54,2799277,39.489000000000004,39.315,1.004425791682564,1.0266150067107294,0.004425791682564075,0.027770548123471128,0.0035480906677556323,1,0.011477045908183658,0.01731493099121706,81.25000000000003,0.3220332453624943,1.2580001951302728,1.4618616305075296,0.020632179857636223,0.01206317579320003,0.0,0.6973684210526349,0.3026315789473651,0.3026315789473651,2025-04-02,2025-04-03,2025-04-04,38.33,37.563399999999994,-0.02000000000000013,-0.023000000000000128,0.1664492564570832,-0.10774849986955382,2.0,stop,0,0
2025-04-17,1D,HAH,44.26,44.41,43.27,43.65,1161380,39.636,39.466,1.0043075051943446,1.116661620748814,0.004307505194344542,0.028945250642506748,0.006308231298414624,1,0.07977555501341782,0.2096201147854604,60.719494409333976,0.7023453262781268,0.42171532922585314,-0.6762917683208105,0.046397908462978504,0.05928582446969948,0.5350877192982482,0.13157894736842057,0.33333333333333126,0.8684210526315794,2025-04-17,2025-04-18,2025-04-18,44.26,46.16318,0.04299999999999993,0.039999999999999925,0.14234071396294623,-0.053321283325802105,1.0,target,1,1
2023-08-31,1D,HCM,16.52,16.9,16.5,16.67,7649651,15.197999999999999,15.1536,1.0029299968324357,1.0869851296223187,0.0029299968324357096,0.017064846416382284,0.007593388034097037,1,0.08256880733944949,0.09913506320691945,67.53812636165577,0.14830430393960042,1.1724187208162662,-0.4455193564251836,0.03463334486336907,0.034726160398401346,0.37500000000000666,0.5749999999999942,0.049999999999999115,0.049999999999999115,2023-08-31,2023-09-05,2023-09-06,16.65,17.365949999999998,0.04299999999999993,0.039999999999999925,0.09729729729729741,-0.007807807807807765,2.0,target,1,1
2023-11-29,1D,HCM,14.81,14.96,14.73,14.73,3957332,14.788000000000002,14.736,1.0035287730727471,1.00148769272383,0.0035287730727471076,-0.0028993324792662145,-0.011762812344917162,1,-0.003364737550470953,-0.032658393207054215,52.209944751381215,0.046343592276527776,0.7224399897979659,-0.11963093896152754,0.0365583100221858,0.02809144965195174,0.3478260869565214,0.6521739130434786,0.0,0.3478260869565214,2023-11-29,2023-11-30,2023-12-04,14.86,15.498979999999998,0.04299999999999993,0.039999999999999925,0.10026917900403776,-0.008748317631224745,3.0,target,1,1
2024-05-16,1D,HCM,21.31,21.71,21.2,21.35,7162364,20.511000000000003,20.4896,1.0010444322973608,1.0389547072302665,0.0010444322973607789,0.022024017140864105,0.001456514726439151,1,0.035471331389698824,0.035471331389698824,74.7685185185185,0.18416710351089277,0.9722596333415436,-0.33555595054457155,0.030703224508949536,0.013642412524874024,0.07843137254902466,0.7058823529411732,0.21568627450980216,0.21568627450980216,2024-05-16,2024-05-17,2024-05-22,21.31,22.226329999999997,0.04299999999999993,0.039999999999999925,0.06663538244955425,-0.030502111684654998,4.0,target,1,1
2024-08-21,1D,HCM,20.89,20.96,20.66,20.81,8754738,19.923,19.754399999999997,1.0085348074353055,1.0485368669377102,0.008534807435305625,0.04085470978527761,-0.001919928861583431,1,0.011132623426912014,0.06202338586680223,70.96774193548389,0.27046776128661276,1.3160806606456616,-0.2560564594841577,0.03439786637488888,0.025601627614117446,0.2666666666666722,0.23333333333333373,0.49999999999999406,0.7666666666666663,2024-08-21,2024-08-22,2024-08-23,20.96,21.86128,0.04299999999999993,0.039999999999999925,0.08540076335877855,-0.010496183206107013,2.0,target,1,1
2024-12-16,1D,HCM,22.48,22.56,22.29,22.33,5486416,22.005,21.9188,1.0039326970454585,1.0215860031810953,0.0039326970454586045,0.013821700069108545,-0.00248482255818383,1,0.006717420510524041,0.0,65.03067484662577,0.15314149942942734,0.7676353167545957,0.04129466043860508,0.02240086426029482,0.024307527036563012,0.5555555555555644,0.29629629629629045,0.14814814814814523,0.7037037037037096,2024-12-16,2024-12-17,2024-12-19,22.6,22.148,-0.02000000000000013,-0.023000000000000128,0.016814159292035447,-0.03716814159292037,3.0,stop,0,0
2025-02-04,1D,HCM,22.53,22.53,22.1,22.14,7652166,21.858999999999998,21.7704,1.0040697460772425,1.0306967381856444,0.0040697460772424745,0.019162625885863482,0.005004154741021116,1,0.0121293800539084,0.03348623853211019,62.972972972972975,0.1264042904887006,1.2709945406221772,0.3402540927918418,0.020670851562995324,0.009580543976885075,0.9069767441860485,0.0,0.09302325581395157,1.0,2025-02-04,2025-02-05,2025-02-10,22.57,22.1186,-0.020000000000000018,-0.023000000000000017,0.02569782897651751,-0.032786885245901676,4.0,stop,0,0
2025-06-13,1D,HCM,19.78,20.13,19.62,19.98,13117109,20.253,20.218200000000003,1.0017212214737214,0.9766454352441614,0.0017212214737215505,-0.003051932069899177,-0.011006104719417653,1,-0.011988011988011915,-0.01395812562313048,43.478260869565204,-0.023595411645849496,1.2818786671416462,0.9963827373456686,0.023472483027589194,0.01778702349510531,0.3921568627450982,0.2941176470588219,0.3137254901960799,0.3137254901960799,2025-06-13,2025-06-16,2025-06-18,19.74,20.58882,0.04299999999999993,0.039999999999999925,0.06382978723404253,0.0,3.0,target,1,1
2023-07-19,1D,HDB,10.4,10.43,10.31,10.43,3321815,10.020999999999999,9.9916,1.0029424716762079,1.0378205767887438,0.002942471676207913,0.00926578708832726,0.0029108867163187835,1,0.02564102564102555,0.04417670682730912,74.33628318584068,0.040895971141811066,1.2797751384594829,-0.01685527108277729,0.014835164835164812,0.010989300839775167,0.2499999999999963,0.0,0.7500000000000037,0.7500000000000037,2023-07-19,2023-07-20,2023-07-27,10.46,10.90978,0.04299999999999993,0.039999999999999925,0.0468451242829826,-0.008604206500956169,6.0,target,1,1
2023-09-11,1D,HDB,10.55,10.8,10.55,10.77,8082376,10.369,10.339,1.0029016345874842,1.0174558780981773,0.0029016345874842207,0.018465769570769064,0.003864377815752551,1,-0.006591337099811523,0.014423076923076872,70.37037037037038,0.05709687187550361,2.392845611957857,0.42115256054035743,0.018957345971563972,0.012010834751050511,0.8799999999999955,0.12000000000000455,0.0,0.0,2023-09-11,2023-09-12,2023-09-15,10.58,11.034939999999999,0.04299999999999993,0.039999999999999925,0.05293005671077511,-0.008506616257088817,4.0,target,1,1
2024-05-08,1D,HDB,14.87,15.0,14.72,14.97,6260999,14.435999999999998,14.425,1.0007625649913343,1.0300637295649766,0.0007625649913343124,0.017192784667418026,0.002320798243419908,1,-0.014579191517561374,0.020590253946465298,47.89644012944982,0.08297705891545237,0.7842516629291325,-0.10540377073585372,0.029926025554808326,0.018833196518311578,0.35714285714286303,0.1071428571428551,0.5357142857142818,0.5357142857142818,2024-05-08,2024-05-09,2024-05-09,14.87,14.5726,-0.020000000000000018,-0.023000000000000017,0.04169468728984538,-0.03496973772696699,1.0,stop,0,0
2024-06-13,1D,HDB,14.87,14.97,14.75,14.94,8024997,14.678999999999998,14.631200000000002,1.0032669910875387,1.0130117855439744,0.0032669910875387496,0.003966896929074704,-0.0007239547050225115,1,0.008135593220338855,0.01640464798359531,48.60557768924303,0.0002644117583692797,1.189130939072242,0.2424788584982489,0.019934671918532067,0.013617054430185566,0.31818181818181857,0.13636363636364113,0.5454545454545403,0.5454545454545403,2024-06-13,2024-06-14,2024-06-17,14.94,14.6412,-0.020000000000000018,-0.023000000000000017,0.002008032128514081,-0.0789825970548862,2.0,stop,0,0
2024-07-09,1D,HDB,15.58,15.61,15.0,15.0,14663829,14.747,14.702,1.003060808053326,1.0564860649623653,0.003060808053326073,0.0255215577190544,0.005870198820487005,1,0.02838283828382826,0.04774714189643592,66.9039145907473,0.13328258004852173,1.6955442510759386,1.0098747349878536,0.020630845406198407,0.015788961265950304,0.9508196721311486,0.04918032786885146,0.0,0.9508196721311486,2024-07-09,2024-07-10,2024-07-17,15.58,16.24994,0.04299999999999993,0.039999999999999925,0.047496790757381335,-0.01732991014120666,6.0,target,1,1
2024-12-11,1D,HDB,18.2,18.28,17.97,18.2,14904252,17.02,16.9118,1.0063978996913399,1.0693301997649824,0.006397899691339779,0.032829661994052906,-0.0003192017591564511,1,0.05507246376811592,0.09375,93.46153846153852,0.2547455390712825,1.654764036070448,-0.25144510238213624,0.016875981161695485,0.014243730719771695,0.0,0.2580645161290363,0.7419354838709636,0.7419354838709636,2024-12-11,2024-12-12,2024-12-20,18.24,17.8752,-0.019999999999999907,-0.022999999999999906,0.014802631578947567,-0.025767543859649078,7.0,stop,0,0
2025-03-06,1D,HDB,17.77,17.77,17.62,17.66,8487624,17.804,17.8028,1.000067405127283,0.9980903167827455,6.740512728319159e-05,0.002421034851641135,-0.002107576063316796,1,0.0016910935738445598,-0.006707657909446718,54.90196078431367,0.007034745819400792,0.9058014027395772,-0.1255920003370864,0.01398826272208377,0.008608139795313795,0.7333333333333365,0.0,0.2666666666666635,1.0,2025-03-06,2025-03-07,2025-03-20,17.77,17.81,0.0022509848058525073,-0.0007490151941474928,0.039392234102419765,-0.003939223410241999,10.0,timeout,0,0
2025-05-21,1D,HDB,17.27,17.5,17.12,17.2,10024307,16.877000000000002,16.788800000000002,1.0052535023348899,1.0232861290513715,0.005253502334889956,0.015280033688263472,-0.002021066647644787,1,0.02008269344359115,0.008761682242990565,65.89861751152077,0.12183541169096516,0.9735979614702929,-0.2166317949288621,0.018777400943006048,0.010019821180163205,0.1842105263157907,0.6052631578947395,0.21052631578946976,0.39473684210526044,2025-05-21,2025-05-22,2025-05-30,17.12,16.7776,-0.02000000000000013,-0.023000000000000128,0.024532710280373626,-0.03621495327102808,7.0,stop,0,0
2023-09-15,1D,HDG,25.09,25.81,25.01,25.57,2927189,24.982,24.9354,1.001868829054276,1.0043231126411016,0.0018688290542761686,0.022637029759711602,0.0013975566853809962,1,-0.001591723040190951,-0.009474930911962054,63.272120200333916,0.1890483351866333,1.102944581461064,-0.2794239209903774,0.0297785116437966,0.02257447773941351,0.6000000000000026,0.2999999999999991,0.09999999999999823,0.09999999999999823,2023-09-15,2023-09-18,2023-09-18,25.13,24.627399999999998,-0.020000000000000018,-0.023000000000000017,0.015917230401910176,-0.1571826502188619,1.0,stop,0,0
2023-11-21,1D,HDG,22.26,22.5,22.14,22.3,739072,22.324,22.187399999999997,1.0061566474665804,0.9971331302633937,0.0061566474665803545,0.015096398690432888,-0.0074883246551078475,1,-0.019383259911894157,-0.003581020590868289,71.29629629629632,0.14681011657569765,0.6551818595246095,-0.24320305884111781,0.030548068283917314,0.021440269152663297,0.11111111111110891,0.5555555555555545,0.33333333333333665,0.33333333333333665,2023-11-21,2023-11-22,2023-11-23,22.26,23.21718,0.04299999999999993,0.039999999999999925,0.05750224618149136,-0.0341419586702606,2.0,target,1,1
2024-03-01,1D,HDG,22.7,22.7,21.18,21.38,6859646,21.395999999999997,21.384,1.0005611672278338,1.060945971209572,0.0005611672278337496,0.0020606968902210365,-0.002016129032258007,1,0.06773283160865473,0.09661835748792269,67.92452830188677,0.09986697171999473,3.2080017116460913,3.0304271826976468,0.022404027690371295,0.02653729066005801,0.8684210526315794,0.0,0.13157894736842063,1.0,2024-03-01,2024-03-04,2024-03-04,23.06,22.598799999999997,-0.020000000000000018,-0.023000000000000017,0.062012142237640955,-0.027753686036426584,1.0,stop,0,0
2024-05-21,1D,HDG,25.77,25.97,24.69,25.05,7559432,22.614,22.538800000000002,1.0033364686673647,1.1395595648713186,0.0033364686673646696,0.04539571005917176,0.005298840321141807,1,0.17671232876712328,0.19195189639222932,86.82042833607915,0.4937541150001146,3.1642201277268964,-0.3753162802247543,0.029131326570208987,0.02914368398015661,0.5625000000000002,0.15624999999999975,0.2812500000000001,0.8437500000000002,2024-05-21,2024-05-22,2024-05-23,25.97,27.086709999999997,0.04299999999999993,0.039999999999999925,0.09395456295725846,-0.024643819792067756,2.0,target,1,1
2024-09-25,1D,HDG,26.11,26.34,25.67,25.89,8447602,25.251,25.099399999999996,1.0060399850195625,1.0340184547146647,0.006039985019562441,0.006737899689019944,-0.006538793410543087,1,0.0191256830601092,0.044399999999999995,63.21585903083699,0.1034781428148094,2.25715819452557,2.0927419650087793,0.0227608469661323,0.01428640554751416,0.3283582089552231,0.34328358208955384,0.3283582089552231,0.6567164179104462,2024-09-25,2024-09-26,2024-09-27,26.16,25.6368,-0.020000000000000018,-0.023000000000000017,0.006880733944954143,-0.06842507645259932,2.0,stop,0,0
2024-11-13,1D,HDG,25.71,25.71,24.91,24.95,5590056,24.855,24.7852,1.0028161967625842,1.0343995171997586,0.002816196762584153,0.019608647495590104,0.0004682403849258776,1,0.02471104025508164,0.035858178887993475,79.44785276073624,0.1881776864315005,2.087048580161286,0.688287809415659,0.01761404678557539,0.012992020332856045,0.9500000000000011,0.0,0.04999999999999889,1.0,2024-11-13,2024-11-14,2024-11-14,25.76,25.2448,-0.020000000000000018,-0.023000000000000017,0.01552795031055898,-0.06444099378881984,1.0,stop,0,0
2025-03-06,1D,HDG,24.73,24.73,24.33,24.73,2619267,24.917,24.8964,1.0008274288652175,0.9924950836778103,0.0008274288652175306,-0.0005214600882470499,-0.005703057605674355,1,-0.01434834595456358,-0.020981789390340455,52.777777777777786,0.02195144341543996,1.0841098425338864,-0.17712269863675167,0.019178556986886933,0.009067624750836856,0.0,0.0,1.0,1.0,2025-03-06,2025-03-07,2025-03-20,24.82,24.46,-0.014504431909750148,-0.017504431909750148,0.035858178887993475,-0.016116035455277955,10.0,timeout,0,0
2025-05-23,1D,HDG,23.52,23.75,23.21,23.66,2321992,22.282000000000004,22.1144,1.0075787722027278,1.0555605421416387,0.007578772202727804,0.018372943327239488,-0.004465732704289294,1,0.07544581618655677,0.06860517946388,83.3333333333333,0.2600405555505449,0.9940562551729792,-0.6478988419895877,0.02487244897959184,0.013028961510241176,0.25925925925926074,0.16666666666666666,0.5740740740740726,0.5740740740740726,2025-05-23,2025-05-26,2025-05-26,23.52,23.049599999999998,-0.020000000000000018,-0.023000000000000017,0.05314625850340127,-0.0323129251700679,1.0,stop,0,0
2023-09-08,1D,HPG,21.78,22.08,21.51,21.59,33810390,20.84,20.7442,1.0046181583285931,1.04510556621881,0.00461815832859308,0.0314789150663235,0.006472334892386522,1,0.03418803418803429,0.05676855895196509,54.64895635673625,0.1703213037719457,1.1866908918458483,0.003489437705438858,0.030204643841007444,0.01836385857236146,0.3333333333333375,0.5263157894736823,0.14035087719298026,0.47368421052631776,2023-09-08,2023-09-11,2023-09-11,21.97,21.5306,-0.019999999999999907,-0.022999999999999906,0.013654984069185305,-0.07783340919435577,1.0,stop,0,0
2023-11-14,1D,HPG,20.45,20.83,20.23,20.76,23269182,19.712,19.6964,1.0007920229077394,1.0374391233766234,0.0007920229077394433,0.04567396955068692,-0.0014600612414576997,1,0.010874938210578389,0.04657113613101327,68.86632825719121,0.31762008342131237,1.0271739028233904,-0.47135445816414057,0.03506811037373384,0.025041237394242483,0.5166666666666723,0.11666666666666163,0.3666666666666661,0.3666666666666661,2023-11-14,2023-11-15,2023-11-15,20.87,20.4526,-0.020000000000000018,-0.023000000000000017,0.009103977000479047,-0.07235265931959756,1.0,stop,0,0
2024-05-15,1D,HPG,23.64,23.75,22.92,22.92,45136493,22.701999999999998,22.586400000000005,1.0051181241809228,1.0413179455554578,0.005118124180922744,0.019947883906909825,-0.00022132315836975724,1,0.024707412223667014,0.016337059329320613,77.18120805369124,0.2014800706834453,2.091025245659833,1.8797134328525802,0.024715977761663028,0.015365430201694268,0.8674698795180728,0.1325301204819273,0.0,0.8674698795180728,2024-05-15,2024-05-16,2024-05-29,23.94,23.83,-0.0045948203842941515,-0.007594820384294152,0.02673350041771072,-0.014202172096908883,10.0,timeout,0,0
2024-10-02,1D,HPG,21.92,22.25,21.92,22.25,21303476,21.679000000000002,21.668200000000002,1.0004984262652181,1.0111167489275334,0.0004984262652181398,0.01640958319658692,-0.0040173564507529624,1,0.009672961768770083,0.0041227668346313084,68.93939393939404,0.1474028209094062,0.9588789108311577,-0.437554232178487,0.016944734098018742,0.010207515811938468,1.0,0.0,0.0,0.0,2024-10-02,2024-10-03,2024-10-10,22.04,22.987719999999996,0.04299999999999993,0.039999999999999925,0.047186932849364815,-0.013157894736842035,6.0,target,1,1
2024-12-05,1D,HPG,23.21,23.21,22.0,22.25,44772623,22.222,22.2208,1.0000540034562213,1.044460444604446,5.400345622123218e-05,0.0177704497572595,0.0025989026855326447,1,0.03523639607493312,0.05499999999999994,77.62711864406788,0.1236753500552642,2.188298586577317,2.5769334781279376,0.01803409860281899,0.014167849289105396,0.7933884297520662,0.0,0.20661157024793375,1.0,2024-12-05,2024-12-06,2024-12-13,23.21,22.7458,-0.02000000000000013,-0.023000000000000128,0.012494614390349046,-0.03791469194312802,6.0,stop,0,0
2025-02-26,1D,HPG,23.12,23.29,22.96,23.0,31840327,22.259999999999998,22.1622,1.0044129192950157,1.0386343216531897,0.0044129192950158125,0.021382031751858266,-0.00015339083985987934,1,0.04900181488203281,0.04710144927536253,59.65770171149148,0.15200205923063673,1.4267288720937104,0.007683890531334114,0.018011616411270394,0.015452631448753496,0.36363636363636853,0.5151515151515123,0.12121212121211926,0.4848484848484878,2025-02-26,2025-02-27,2025-03-12,23.17,23.17,0.0,-0.003,0.023305999136814748,-0.009063444108761365,10.0,timeout,0,0
2025-06-04,1D,HPG,21.62,22.0,21.62,21.75,25708828,21.394,21.374800000000004,1.0008982540187508,1.010563709451248,0.0008982540187507873,0.00177935943060481,-0.003496536098238523,1,0.007455731593662529,0.013595874355368132,44.44444444444452,0.029722029774571456,1.0123221743390904,-0.17234732387667262,0.01820404387471918,0.007273939851980418,0.342105263157893,0.657894736842107,0.0,0.0,2025-06-04,2025-06-05,2025-06-18,21.67,22.60181,0.04299999999999993,0.039999999999999925,0.046146746654360804,-0.011536686663590201,10.0,target,1,1
2023-11-14,1D,HSG,20.54,20.73,19.93,20.64,13585287,19.08,18.7286,1.0187627478829169,1.0765199161425576,0.018762747882916937,0.06330806954971013,0.004257555283872838,1,0.043169121381411824,0.09839572192513368,71.68037602820209,0.438581891916697,1.1511596521244452,-0.3341048926595842,0.044686326331895974,0.030664325834526964,0.12500000000000167,0.11249999999999973,0.7624999999999986,0.7624999999999986,2023-11-14,2023-11-15,2023-11-15,21.21,20.785800000000002,-0.019999999999999907,-0.022999999999999906,0.01084394153701096,-0.11173974540311182,1.0,stop,0,0
2024-03-28,1D,HSG,22.77,22.91,22.48,22.91,13652119,21.671,21.5968,1.003435694176915,1.0507129343362096,0.003435694176914987,0.022120554664654124,0.0052597771343989574,1,0.0459347726228756,0.059562587249883725,65.66265060240963,0.19132788715874877,0.9470195922369793,-0.5014562339392944,0.03086768304159605,0.016981120619280254,0.32558139534883873,0.0,0.6744186046511612,0.6744186046511612,2024-03-28,2024-03-29,2024-04-01,22.77,22.3146,-0.020000000000000018,-0.023000000000000017,0.0061484409310497146,-0.06851119894598146,2.0,stop,0,0
2024-05-23,1D,HSG,21.72,21.72,21.23,21.33,14560476,20.9,20.8182,1.0039292542102582,1.0392344497607655,0.003929254210258219,0.021655179156278903,-0.00032653061224485747,1,0.0182841068917019,0.039731929152704515,84.17910447761206,0.25056606031833795,1.805349400252406,-0.06582354009224689,0.02397395422257299,0.009594580699592625,0.7959183673469424,0.0,0.20408163265305754,1.0,2024-05-23,2024-05-24,2024-05-24,21.47,21.040599999999998,-0.020000000000000018,-0.023000000000000017,0.08616674429436433,-0.03819282720074524,1.0,stop,0,0
2024-10-04,1D,HSG,20.45,20.65,20.16,20.31,10815683,20.255000000000003,20.2128,1.002087785957413,1.0096272525302392,0.00208778595741318,0.012395661518468826,-0.004971989484980566,1,-0.012077294685990392,0.004420432220039183,75.4512635379062,0.1363425878674199,0.9289624221453681,-0.4913838864413529,0.023576667830946547,0.013956545637488164,0.2857142857142878,0.4081632653061223,0.3061224489795899,0.5918367346938777,2024-10-04,2024-10-07,2024-10-08,20.7,20.285999999999998,-0.020000000000000018,-0.023000000000000017,0.01400966183574881,-0.0497584541062801,2.0,stop,0,0
2025-03-03,1D,HSG,18.36,18.56,18.12,18.56,8299043,17.518,17.3702,1.0085088254596954,1.0480648475853407,0.008508825459695349,0.0370589628226381,0.0012335147099513666,1,0.05577918343875776,0.05577918343875776,84.26229508196721,0.23731279727727145,1.1451594389608861,-0.04217213782170137,0.02361500155617803,0.023074273128458694,0.45454545454545525,0.0,0.5454545454545447,0.5454545454545447,2025-03-03,2025-03-04,2025-03-05,18.22,17.8556,-0.020000000000000018,-0.023000000000000017,0.03183315038419332,-0.02414928649835335,2.0,stop,0,0
2025-05-22,1D,HSG,16.25,16.8,16.2,16.5,7450800,15.8,15.667,1.0084891810812537,1.0284810126582278,0.008489181081253648,0.03436988543371533,-0.006984762822300539,1,0.0,0.018808777429467183,83.56164383561648,0.2819998339517773,0.8665907560396053,0.15328534943115857,0.03450549450549451,0.016307650440540975,0.4166666666666657,0.5,0.08333333333333431,0.08333333333333431,2025-05-22,2025-05-23,2025-05-23,16.35,16.023,-0.02000000000000013,-0.023000000000000128,0.0366972477064218,-0.061162079510703515,1.0,stop,0,0
2023-09-12,1D,HVN,10.28,10.64,9.81,10.56,2332955,10.352,10.3356,1.0015867487131855,0.9930448222565686,0.0015867487131855779,0.015399705738107006,-0.004181520377685932,1,-0.01532567049808431,-0.03383458646616555,59.81735159817349,0.037374110344013306,2.246168225936725,0.1710046037982842,0.03633963312951643,0.018378286626099534,0.3373493975903628,0.09638554216867477,0.5662650602409625,0.5662650602409625,2023-09-12,2023-09-13,2023-09-13,10.4,10.192,-0.020000000000000018,-0.023000000000000017,0.0038461538461538325,-0.101923076923077,1.0,stop,0,0
2023-12-01,1D,HVN,8.87,8.91,8.75,8.83,165304,8.84,8.8314,1.000973798038816,1.003393665158371,0.0009737980388159858,0.009478131780290111,-0.006904462036703918,1,-0.007829977628635354,0.0045300113250281715,62.765957446808414,0.0483412089437947,0.5268948951399345,-0.40340695827919737,0.026574327588983756,0.0088974431524863,0.24999999999999445,0.25000000000000555,0.5,0.7499999999999944,2023-12-01,2023-12-04,2023-12-04,8.87,8.692599999999999,-0.020000000000000018,-0.023000000000000017,0.025930101465614586,-0.05862457722660652,1.0,stop,0,0
2023-12-26,1D,HVN,9.89,9.89,9.26,9.26,1966150,8.770999999999999,8.687999999999999,1.0095534069981584,1.1275795234294836,0.009553406998158402,0.019172670230071853,0.0007371913011424702,1,0.15133876600698493,0.17319098457888504,71.77033492822967,0.09684070191821612,4.7191362095386244,2.6836188888160297,0.026289180990899903,0.029474760891795904,1.0,0.0,0.0,1.0,2023-12-26,2023-12-27,2023-12-27,9.89,10.31527,0.04299999999999993,0.039999999999999925,0.07583417593528807,-0.09201213346814963,1.0,target,1,1
2024-09-30,1D,HVN,16.59,16.94,16.55,16.9,842129,16.889000000000003,16.8676,1.0012687044985655,0.9822961691041504,0.0012687044985654993,0.006855848336711823,-0.02256475633076449,1,-0.029824561403508865,-0.007181328545781018,57.97101449275363,0.08665642346111274,0.6042268087874556,-0.531361681051993,0.03069835529148369,0.02175847494223459,0.7948717948717904,0.10256410256410933,0.10256410256410023,0.10256410256410023,2024-09-30,2024-10-01,2024-10-01,16.94,16.601200000000002,-0.019999999999999907,-0.022999999999999906,0.01416765053128688,-0.11157024793388437,1.0,stop,0,0
2024-10-31,1D,HVN,18.32,18.48,17.57,17.61,4048433,16.686,16.657,1.0017410097856756,1.097926405369771,0.0017410097856756868,0.02841294298921415,0.002781322994678259,1,0.128773875539125,0.13366336633663356,77.91798107255515,0.22470985149941564,3.3318087494490616,0.41862275854069897,0.022886774797255125,0.02444890903468907,0.780219780219781,0.17582417582417595,0.04395604395604301,0.824175824175824,2024-10-31,2024-11-01,2024-11-01,18.4,18.032,-0.019999999999999907,-0.022999999999999906,0.17336956521739144,-0.10054347826086951,1.0,stop,0,0
2025-02-14,1D,HVN,22.97,22.97,21.48,21.55,5254064,21.726,21.686,1.001844507977497,1.0572585841848476,0.0018445079774969634,0.01022970333860318,0.0012096141238606695,1,0.05803777061262072,0.059990770650669045,67.96116504854366,0.11657527567317122,3.7153975115767097,6.864046746653256,0.03025685676969961,0.028119400531751715,0.9530201342281877,0.0,0.04697986577181232,1.0,2025-02-14,2025-02-17,2025-02-17,23.64,23.1672,-0.020000000000000018,-0.023000000000000017,0.016920473773265554,-0.08671742808798644,1.0,stop,0,0
2023-12-27,1D,IMP,24.86,25.21,24.86,24.99,9460,25.329,25.3048,1.0009563402990738,0.9814836748391171,0.0009563402990737111,0.004242328126238926,-0.00705524120449208,1,-0.018942383583267608,-0.02241447109712935,55.925925925925945,0.0557794294510274,0.5499408493853859,-0.6352560148056755,0.01778531203309965,0.01082100829888737,0.37142857142856706,0.6285714285714329,0.0,0.0,2023-12-27,2023-12-28,2024-01-03,24.9,25.970699999999997,0.04299999999999993,0.039999999999999925,0.12489959839357434,-0.0016064257028112205,4.0,target,1,1
2024-01-02,1D,IMP,25.34,25.52,25.12,25.21,12307,25.205000000000002,25.179399999999998,1.001016704131155,1.0053560801428287,0.0010167041311550033,-0.004895574242962608,-0.004955581549745625,1,0.0193081255028158,0.0,60.85526315789475,0.04047180415244667,0.7546764861889972,1.8944026340545626,0.017194723193144686,0.008318409245509572,0.3249999999999987,0.4500000000000009,0.22500000000000045,0.5499999999999992,2024-01-02,2024-01-03,2024-01-03,25.3,26.3879,0.04299999999999993,0.039999999999999925,0.11422924901185771,-0.0015810276679841806,1.0,target,1,1
2024-05-29,1D,IMP,30.41,30.41,30.01,30.06,27779,29.958999999999996,29.918200000000002,1.0013637184055189,1.015053907006242,0.0013637184055188389,0.007465447086121513,0.0017276824278624758,1,0.013328890369876722,0.03154681139755766,57.97752808988767,0.09775946316101328,1.365255982425014,1.9312018571277831,0.01994174848499081,0.02138220014694572,0.8750000000000067,0.0,0.12499999999999334,1.0,2024-05-29,2024-05-30,2024-06-11,30.24,31.540319999999998,0.04299999999999993,0.039999999999999925,0.05423280423280419,-0.007605820105820005,9.0,target,1,1
2024-12-06,1D,IMP,45.95,47.54,45.86,47.14,391115,45.296,44.96,1.0074733096085409,1.014438361003179,0.007473309608540892,0.041095890410958846,-0.003603515754854625,1,-0.046284765462847544,0.034443944169293195,69.13372582001685,0.6378239664526087,1.9155509985485764,0.3678649744169047,0.0370433701228043,0.034776539926134636,0.7083333333333321,0.23809523809523728,0.05357142857143061,0.05357142857143061,2024-12-06,2024-12-09,2024-12-10,46.45,48.44735,0.04299999999999993,0.039999999999999925,0.08310010764262654,-0.009687836383207804,2.0,target,1,1
2025-02-13,1D,IMP,47.44,48.33,47.19,47.64,243459,45.975,45.883,1.0020050999280778,1.0318651441000544,0.00200509992807791,0.022348232154769887,0.005901722724263481,1,0.03130434782608682,0.019119226638023568,67.79661016949152,0.4605677872965579,1.5514368820489552,1.0580493000608642,0.02954107443989402,0.022540804009757064,0.17543859649123048,0.6052631578947345,0.21929824561403496,0.21929824561403496,2025-02-13,2025-02-14,2025-02-19,48.03,47.0694,-0.020000000000000018,-0.023000000000000017,0.041432438059546106,-0.030814074536747893,4.0,stop,0,0
2025-05-14,1D,IMP,47.54,48.38,47.24,47.24,95234,45.415,45.0128,1.008935236199481,1.046790707915887,0.008935236199481049,0.03509971509971499,0.0005290182044499492,1,-0.026418185541675188,0.08119172162838306,67.85431512272368,0.7178974543748619,0.722827188333241,-0.6923628563860372,0.03120680329346716,0.026975332448983248,0.2631578947368395,0.7368421052631605,0.0,0.2631578947368395,2025-05-14,2025-05-15,2025-05-15,46.8,48.8124,0.04299999999999993,0.039999999999999925,0.15961538461538471,0.0,1.0,target,1,1
2023-11-22,1D,KBC,32.4,32.4,31.65,32.1,7207659,31.275,31.261,1.0004478423594894,1.0359712230215827,0.0004478423594894388,0.029629629629629672,-0.004521860968697333,1,0.030206677265500748,0.055374592833876246,92.39130434782606,0.43966192601533416,0.8382827463293155,0.24656547009398455,0.03395061728395063,0.007588817136763393,0.3999999999999962,0.0,0.6000000000000038,1.0,2023-11-22,2023-11-23,2023-11-23,32.7,32.046,-0.02000000000000013,-0.023000000000000128,0.0183486238532109,-0.08562691131498479,1.0,stop,0,0
2024-02-21,1D,KBC,31.75,32.4,31.6,31.85,6851448,31.385,31.343000000000004,1.001340012123919,1.0116297594392225,0.0013400121239191536,0.013072950290510255,-0.0010199203187249983,1,0.009538950715421324,0.017628205128205066,65.93406593406593,0.14569816764553775,1.085598916031198,0.2662490098546948,0.021147356580427434,0.013927294031465198,0.12500000000000222,0.6874999999999989,0.1874999999999989,0.1874999999999989,2024-02-21,2024-02-22,2024-02-23,31.85,31.213,-0.020000000000000018,-0.023000000000000017,0.058084772370486704,-0.04552590266875989,2.0,stop,0,0
2024-06-06,1D,KBC,31.6,31.9,31.2,31.9,4465028,31.629999999999995,31.618,1.0003795306470997,0.9990515333544105,0.0003795306470996553,0.0034898477157359054,-0.005034929825665668,1,-0.021671826625386914,0.0031746031746031633,56.77966101694916,0.10236823494059488,0.6972487198714803,-0.41619006587923646,0.026785714285714288,0.01757133157592133,0.42857142857142494,0.0,0.5714285714285751,0.5714285714285751,2024-06-06,2024-06-07,2024-06-12,31.7,31.066,-0.020000000000000018,-0.023000000000000017,0.015772870662460692,-0.06782334384858035,4.0,stop,0,0
2024-09-26,1D,KBC,27.95,28.55,27.8,28.2,5081500,26.43,26.364,1.0025034137460171,1.0575104048429815,0.0025034137460172566,0.029807130333138643,-0.0007201607095476126,1,0.058712121212121327,0.04485981308411202,61.599999999999994,0.31594464389714355,1.5974385654960814,0.22286663137122775,0.026578073089700994,0.030199357503229884,0.3333333333333333,0.46666666666666856,0.1999999999999981,0.1999999999999981,2024-09-26,2024-09-27,2024-10-02,28.2,27.636,-0.020000000000000018,-0.023000000000000017,0.024822695035460862,-0.04255319148936165,4.0,stop,0,0
2024-11-07,1D,KBC,28.8,29.65,28.8,29.5,13866300,26.890000000000004,26.869,1.0007815698388478,1.0710301227222014,0.0007815698388479046,0.024185869358217538,0.0031735364396654475,1,0.06469500924214411,0.09505703422053235,60.57692307692309,0.23945127787744588,3.0395454590291684,-0.3168738268722011,0.02306547619047618,0.021811698180599703,0.8235294117647071,0.17647058823529288,0.0,0.0,2024-11-07,2024-11-08,2024-11-08,28.9,28.322,-0.020000000000000018,-0.023000000000000017,0.02941176470588247,-0.09342560553633217,1.0,stop,0,0
2024-12-03,1D,KBC,28.0,28.25,27.85,27.95,4479900,27.55,27.537000000000003,1.0004720920942731,1.0163339382940109,0.0004720920942730916,0.0005447612130016211,0.0017825960419091125,1,0.007194244604316502,0.0053859964093356805,37.6,-0.006938914061761531,0.5805709161172935,0.15690933037213028,0.03022959183673469,0.007561505822133869,0.12500000000000222,0.6250000000000022,0.24999999999999556,0.3749999999999978,2024-12-03,2024-12-04,2024-12-06,28.0,29.203999999999997,0.04299999999999993,0.039999999999999925,0.044642857142857206,-0.010714285714285787,3.0,target,1,1
2025-01-15,1D,KBC,29.9,29.9,28.9,28.9,10247200,28.160000000000004,28.061,1.0035280282242258,1.0617897727272725,0.0035280282242259276,0.018076644974692746,0.004798223940988944,1,0.05653710247349819,0.06216696269982247,69.66292134831463,0.21591878346661214,2.634363543814367,0.44334892106597557,0.021141901576684188,0.015083959839648834,1.0,0.0,0.0,1.0,2025-01-15,2025-01-16,2025-01-20,29.9,29.302,-0.020000000000000018,-0.023000000000000017,0.013377926421404673,-0.04682274247491636,3.0,stop,0,0
2025-03-28,1D,KBC,29.9,30.2,29.5,29.65,8201200,29.580000000000002,29.572000000000003,1.0002705261734073,1.0108181203515887,0.0002705261734072473,-0.0011818335303055427,0.002814608837193644,1,0.0016750418760467234,0.023972602739726012,46.987951807228924,-0.04130291535046383,1.83804899476793,2.7692802647302144,0.018752986144290478,0.012632778913884028,0.3571428571428575,0.42857142857143005,0.21428571428571247,0.57142857142857,2025-03-28,2025-03-31,2025-03-31,29.8,31.0814,0.04299999999999993,0.039999999999999925,0.05033557046979875,-0.2600671140939598,1.0,target,1,1
2025-05-23,1D,KBC,26.5,26.7,26.35,26.4,4764700,26.145,25.994,1.0058090328537355,1.013578122011857,0.00580903285373547,0.025093118996275088,-0.008732791823971242,1,-0.014869888475836368,0.025145067698259194,75.6756756756757,0.3768209951716394,0.6065659648602424,-0.5098700791046464,0.026415094339622615,0.019103933335938333,0.2857142857142915,0.5714285714285728,0.1428571428571356,0.4285714285714271,2025-05-23,2025-05-26,2025-05-26,26.65,26.116999999999997,-0.020000000000000018,-0.023000000000000017,0.039399624765478425,-0.04315196998123827,1.0,stop,0,0
2023-07-28,1D,KDC,60.79,60.79,60.12,60.69,870050,60.569,60.523599999999995,1.0007501206141076,1.0036487311991282,0.000750120614107685,0.006965918536991023,-0.0007198615752421755,1,-0.0031157756641521095,-0.0076722167809336606,70.58823529411768,0.16859480259942192,0.8712311716609794,-0.23334966410308833,0.014006063027283624,0.006349379113139297,0.14925373134328532,0.0,0.8507462686567147,1.0,2023-07-28,2023-07-31,2023-08-11,60.69,61.26,0.009391992090953982,0.006391992090953982,0.029823694183555904,-0.00313066403031792,10.0,timeout,1,0
2023-08-31,1D,KDC,63.54,63.54,61.17,62.12,1227687,60.766999999999996,60.477599999999995,1.0047852428006403,1.0456333207168365,0.004785242800640246,0.0102576891105568,0.0014140898990266937,1,0.03552803129074311,0.05355662410877127,68.74999999999997,0.25134520725104603,1.1881295341044789,0.2516332472870968,0.02904806870812536,0.010961902328582913,0.5991561181434613,0.0,0.40084388185653874,1.0,2023-08-31,2023-09-05,2023-09-05,63.83,62.553399999999996,-0.020000000000000018,-0.023000000000000017,0.0,-0.046216512611624516,1.0,stop,0,0
2024-01-02,1D,KDC,59.84,61.17,59.65,60.69,794830,59.858000000000004,59.8342,1.000397765826233,0.9996992883156804,0.00039776582623318057,0.00239470819727039,-0.001105167912067273,1,0.0,0.0,55.272727272727415,0.05234355300116634,0.9290975580490178,0.056367604177465225,0.014204545454545494,0.0031749170315773616,0.5592105263157846,0.3157894736842125,0.12500000000000291,0.12500000000000291,2024-01-02,2024-01-03,2024-01-16,59.65,59.74,0.001508801341156829,-0.001491198658843171,0.016093880972338548,-0.008046940486169274,10.0,timeout,0,0
2024-02-19,1D,KDC,60.71,60.71,59.94,60.13,806310,59.714,59.6924,1.0003618551105333,1.0166795056435678,0.00036185511053332415,0.002905560874019608,0.0012848942729948298,1,0.014538770053475814,0.019479429051217467,64.54849498327746,0.10708770594041764,1.0682002916284434,0.10524129820035566,0.008965338729792697,0.004600111650298193,0.753246753246748,0.0,0.24675324675325203,1.0,2024-02-19,2024-02-20,2024-03-04,60.9,61.29,0.0064039408866995995,0.0034039408866995994,0.014285714285714457,-0.007881773399014746,10.0,timeout,1,0
2024-05-10,1D,KDC,62.25,62.74,61.77,62.16,834957,60.94100000000001,60.729000000000006,1.0034909186714749,1.0214797919298992,0.003490918671474967,0.009926750853468835,0.000949376477219932,1,0.01566324033284383,0.023680315737543145,78.6833855799373,0.2377085797585147,1.0946173712137643,-0.02357115375394836,0.012105565117613291,0.0014969560659887284,0.0927835051546428,0.5051546391752604,0.40206185567009683,0.4948453608247396,2024-05-10,2024-05-13,2024-05-24,62.54,62.93,0.006236008954269234,0.0032360089542692342,0.015510073552926107,-0.0123121202430444,10.0,timeout,1,0
2024-12-02,1D,KDC,49.9,50.29,49.51,50.29,643681,49.406,49.360600000000005,1.0009197619153736,1.0099987855726025,0.0009197619153736718,0.006724264406227087,-0.0015575189734129413,1,0.005845595646039037,0.013815522145469217,68.22429906542058,0.17027411777160756,1.03005012301117,-0.017834227740402775,0.0156742055539651,0.005160377660940497,0.5,0.0,0.5,0.5,2024-12-02,2024-12-03,2024-12-04,49.81,48.8138,-0.020000000000000018,-0.023000000000000017,0.15679582413170046,-0.026500702670146592,2.0,stop,0,0
2025-05-05,1D,KDC,55.18,55.96,54.79,55.96,535667,55.160000000000004,55.1432,1.000304661318168,1.0003625815808557,0.000304661318168033,0.008557010166020618,-0.0021208677461617143,1,-0.008801868151607772,-0.007018175274428606,59.20502092050211,0.20340011964009633,1.1909909557374083,0.2195536755063383,0.023805208926629733,0.009056030928217685,0.6666666666666666,0.0,0.3333333333333333,0.3333333333333333,2025-05-05,2025-05-06,2025-05-12,55.47,54.3606,-0.020000000000000018,-0.023000000000000017,0.0,-0.026320533621777553,5.0,stop,0,0
2025-06-25,1D,KDC,56.64,56.94,55.86,56.15,404579,54.162,54.090199999999996,1.0013274123593554,1.0457516339869282,0.0013274123593553582,0.029715393828779968,0.003405890929867317,1,-0.01700798333911835,0.08609779482262714,70.07376185458382,0.6538722683557703,0.9059440831514428,-0.3115459030090375,0.03344430992736075,0.02313529204754409,0.4537037037037063,0.27777777777777557,0.26851851851851816,0.7222222222222244,2025-06-25,2025-06-26,2025-06-27,56.64,55.5072,-0.020000000000000018,-0.023000000000000017,0.0,-0.051730225988700584,2.0,stop,0,0
2023-11-14,1D,KDH,26.41,26.61,26.07,26.36,1587464,25.199,25.0876,1.004440440695802,1.0480574625977221,0.004440440695802041,0.027985150736344222,-0.002711104397395414,1,0.0018968133535659515,0.09042113955408748,59.943582510578274,0.2682982026395326,1.1026965832197588,-0.12248506808841131,0.038188997674041214,0.028172344309523402,0.09259259259259406,0.37037037037036963,0.5370370370370363,0.6296296296296303,2023-11-14,2023-11-15,2023-11-15,26.86,26.322799999999997,-0.02000000000000013,-0.023000000000000128,0.007818317200297908,-0.07073715562174232,1.0,stop,0,0
2024-01-30,1D,KDH,25.62,25.74,25.46,25.66,1066159,25.662,25.600800000000003,1.0023905502953032,0.9983633387888707,0.0023905502953031122,0.012867066624565604,-0.0011704667821526016,1,-0.006591702210158923,-0.001558846453624252,62.91390728476824,0.06055565211425574,0.6086556826789553,0.08986353181702023,0.015306122448979559,0.01413882169447204,0.14285714285714105,0.2857142857142821,0.5714285714285768,0.5714285714285768,2024-01-30,2024-01-31,2024-02-01,25.7,25.186,-0.020000000000000018,-0.023000000000000017,0.02256809338521415,-0.022568093385213928,2.0,stop,0,0
2024-05-20,1D,KDH,30.5,30.79,30.29,30.74,3007236,30.025,29.9644,1.0020223999145652,1.015820149875104,0.0020223999145651947,0.011147033070654011,0.0020533056883924594,1,0.013962765957446832,0.016666666666666607,80.84415584415584,0.16485569647064913,1.0221655711313198,-0.04438236577358756,0.020819672131147552,0.00774818790176705,0.4799999999999969,0.10000000000000142,0.4200000000000017,0.4200000000000017,2024-05-20,2024-05-21,2024-05-24,30.33,29.723399999999998,-0.020000000000000018,-0.023000000000000017,0.04912627761292465,-0.046158918562479334,4.0,stop,0,0
2024-08-26,1D,KDH,31.16,31.28,30.74,31.12,1884701,30.529999999999994,30.398199999999996,1.0043357830397852,1.0206354405502787,0.004335783039785197,0.016853184119370868,-0.0005063524212853832,1,0.0,0.016307893020221842,75.57840616966581,0.2226903659729747,1.0045690357416275,-0.14614050912596677,0.01884283880432789,0.015980065759758636,0.07407407407407213,0.22222222222222296,0.7037037037037049,0.777777777777777,2024-08-26,2024-08-27,2024-08-28,30.99,30.370199999999997,-0.020000000000000018,-0.023000000000000017,0.03355921264924189,-0.023878670538883484,2.0,stop,0,0
2024-12-10,1D,KDH,31.36,31.36,31.14,31.27,2358226,30.358999999999998,30.338,1.0006922011998154,1.0329721005303205,0.0006922011998153221,0.0124053756627871,-0.0022757767897076953,1,0.03600925008258993,0.04847876964226017,79.01639344262293,0.1856409428231592,1.0944745978829469,-0.4188724643409665,0.015055575801749262,0.008804943404898609,0.40909090909091056,0.0,0.5909090909090895,1.0,2024-12-10,2024-12-11,2024-12-13,31.64,31.0072,-0.020000000000000018,-0.023000000000000017,0.03286978508217442,-0.020227560050568916,3.0,stop,0,0
2025-05-30,1D,KDH,26.73,27.09,26.41,27.09,2243164,26.449,26.357400000000002,1.0034753048479743,1.010624220197361,0.0034753048479743706,0.004138192862566337,-0.006273610870237256,1,-0.01980198019801982,0.04454865181711609,59.19117647058823,0.14785904184026094,0.8716582166753201,-0.5045708446129276,0.025947303725081514,0.0188428344612774,0.5294117647058817,0.0,0.47058823529411825,0.47058823529411825,2025-05-30,2025-06-02,2025-06-02,26.73,27.879389999999997,0.04299999999999993,0.039999999999999925,0.06808829031051244,-0.020576131687242816,1.0,target,1,1
2023-07-25,1D,KOS,38.55,38.7,38.5,38.5,318700,38.305,38.287,1.0004701334656672,1.006396031849628,0.0004701334656672156,0.004326166754063943,0.000548790048607195,1,0.00390625,0.006527415143603221,70.83333333333353,0.06327214643774835,0.9768980620512652,-0.0987016439433146,0.006392440244580328,0.0006170437517973561,0.24999999999998224,0.7500000000000178,0.0,0.24999999999998224,2023-07-25,2023-07-26,2023-08-08,38.9,38.85,-0.0012853470437017567,-0.004285347043701757,0.01285347043701801,-0.007712082262210762,10.0,timeout,0,0
2023-12-08,1D,KOS,39.15,39.5,39.05,39.05,382702,38.47,38.416000000000004,1.0014056643065388,1.0176761112555237,0.0014056643065388102,0.013835814995388107,-0.00036429872495435944,1,0.0038461538461538325,0.010322580645161228,90.90909090909052,0.23902465259826053,0.9718485366607438,0.017261727554969575,0.01569056741470535,0.011743534213132711,0.222222222222224,0.777777777777776,0.0,0.222222222222224,2023-12-08,2023-12-11,2023-12-22,39.5,39.3,-0.005063291139240533,-0.008063291139240533,0.0025316455696202667,-0.0151898734177216,10.0,timeout,0,0
2024-05-21,1D,KOS,38.8,38.8,38.7,38.7,308300,38.275,38.192,1.0021732299958106,1.0137165251469626,0.0021732299958105994,0.007369390709303758,-0.002507312996238964,1,0.011734028683181075,0.01305483028720622,75.60975609756095,0.14266845040411896,0.9423160741455734,-0.059487492373398454,0.010217231222385858,0.003359724380015089,1.0,0.0,0.0,1.0,2024-05-21,2024-05-22,2024-06-04,38.8,39.2,0.01030927835051565,0.007309278350515649,0.015463917525773141,-0.006443298969072142,10.0,timeout,1,0
2024-11-20,1D,KOS,38.5,38.5,38.1,38.4,327900,38.495,38.488,1.0001818748700892,1.0001298869983115,0.00018187487008932386,-0.0014267185473411104,-0.0022812111157196613,1,0.005221932114882533,-0.0012970168612190802,42.105263157894896,-0.013896048048256785,0.9330582627872235,0.19279738086576947,0.007050092764378447,0.002557221693506928,0.25000000000000444,0.0,0.7499999999999956,1.0,2024-11-20,2024-11-21,2024-12-04,38.55,38.75,0.005188067444876765,0.002188067444876765,0.005188067444876765,-0.014267185473411104,10.0,timeout,1,0
2025-01-13,1D,KOS,38.75,38.8,38.65,38.7,360800,38.57,38.56100000000001,1.0002333964368142,1.0046668395125746,0.00023339643681422252,0.0025994281258123753,0.0,1,0.0038860103626943143,0.005188067444876765,76.92307692307709,0.03336512455347511,1.064087061668682,0.12049689440993783,0.0064516129032257934,0.0010234008982414613,0.33333333333331755,0.33333333333331755,0.3333333333333649,0.6666666666666825,2025-01-13,2025-01-14,2025-02-03,38.9,39.1,0.005141388174807249,0.0021413881748072487,0.005141388174807249,-0.003856041131105381,10.0,timeout,1,0
2025-05-20,1D,KOS,38.7,39.0,38.6,39.0,536300,38.71,38.707,1.0000775053607875,0.9997416688194266,7.75053607874574e-05,0.0006462453147213498,-0.001058119128729329,1,0.0,-0.001290322580645098,57.14285714285802,0.010871440484374415,1.4091464456034788,-0.02135036496350362,0.007198228128460696,0.0008174806493655744,0.7499999999999956,0.0,0.25000000000000444,0.25000000000000444,2025-05-20,2025-05-21,2025-06-03,38.7,38.8,0.0025839793281652312,-0.0004160206718347688,0.0025839793281652312,-0.010335917312661591,10.0,timeout,0,0
2025-06-03,1D,KOS,38.8,38.8,38.6,38.75,433700,38.65,38.646,1.0001035035967498,1.0038809831824063,0.00010350359674992969,0.00038824899702349924,2.5876568766847186e-05,1,0.005181347150258864,0.005181347150258864,55.5555555555552,0.015067966661536399,1.0176451264723825,-0.15851765618936753,0.005983063328424167,0.001468623423444137,0.24999999999999112,0.0,0.7500000000000089,1.0,2025-06-03,2025-06-04,2025-06-17,38.8,38.8,0.0,-0.003,0.0038659793814435073,-0.010309278350515427,10.0,timeout,0,0
2024-01-08,1D,LGC,52.03,52.03,48.8,48.8,301,47.751,47.6764,1.0015647154567038,1.0896106887813868,0.0015647154567038758,0.006089081791749162,0.007080513379466469,1,0.13281079904202042,0.13281079904202042,53.26530612244898,0.10444511458179637,0.4135467472693549,-0.8415789473684211,0.027580242167980034,0.03351294671810446,1.0,0.0,0.0,1.0,2024-01-08,2024-01-09,2024-01-09,48.44,50.52291999999999,0.04299999999999993,0.039999999999999925,0.2167630057803469,0.0,1.0,target,1,1
2023-11-03,1D,LPB,12.16,12.4,12.12,12.36,3399127,11.860000000000001,11.818999999999999,1.0034689906083427,1.0252951096121417,0.0034689906083426813,0.021533161068044926,-3.38426654482582e-05,1,0.041095890410958846,-0.003278688524590123,62.116991643454064,0.0969657300419165,1.0672341498651596,0.6748890347402072,0.034715695488721804,0.03485710995649191,0.7142857142857089,0.14285714285714557,0.14285714285714557,0.14285714285714557,2023-11-03,2023-11-06,2023-11-17,12.28,12.24,-0.0032573289902279035,-0.0062573289902279035,0.039087947882736174,-0.009771986970683932,10.0,timeout,0,0
2024-04-10,1D,LPB,14.95,15.15,14.91,14.99,13020794,13.969999999999999,13.838,1.0095389507154213,1.070150322118826,0.00953895071542128,0.02630032324419629,0.00327707209558592,1,0.09604105571847499,0.08648255813953476,74.91749174917493,0.1538094234480582,2.653879903461324,0.32247876723243696,0.022885809842331604,0.025079093049021606,0.16666666666667038,0.6666666666666666,0.16666666666666297,0.16666666666666297,2024-04-10,2024-04-11,2024-04-11,14.91,14.6118,-0.020000000000000018,-0.023000000000000017,0.13682092555331993,-0.026156941649899457,1.0,stop,0,0
2024-08-21,1D,LPB,25.16,25.2,24.6,25.0,3065269,23.722,23.6518,1.0029680616274448,1.0606188348368601,0.0029680616274448375,0.03857099076222581,0.011028563123562707,1,0.02276422764227637,0.09534175010883761,68.28828828828829,0.2539989061052904,0.8633678833729249,-0.11893632035135981,0.027679990915285013,0.01620339903032707,0.26666666666666783,0.06666666666666549,0.6666666666666666,0.9333333333333346,2024-08-21,2024-08-22,2024-09-05,25.04,24.539199999999997,-0.020000000000000018,-0.023000000000000017,0.028753993610223683,-0.03314696485622992,9.0,stop,0,0
2024-12-03,1D,LPB,27.08,27.28,26.6,26.6,4701124,25.727999999999998,25.6432,1.00330691957322,1.0525497512437811,0.003306919573220104,0.01659554291133225,0.0032236862696002344,1,0.061128526645767955,0.06446540880503138,77.92207792207792,0.16801887157712664,3.0682873358002123,-0.3210034902186496,0.016670183583034435,0.01131573870673534,0.7058823529411722,0.2941176470588278,0.0,0.7058823529411722,2024-12-03,2024-12-04,2024-12-04,27.12,26.5776,-0.020000000000000018,-0.023000000000000017,0.017699115044247815,-0.03244837758112107,1.0,stop,0,0
2025-05-16,1D,LPB,34.0,35.07,34.0,34.51,4566935,31.9,31.5902,1.0098068388297636,1.0658307210031348,0.009806838829763635,0.0350421804023362,0.00026597597350375146,1,0.0503552672227372,0.057871810827629044,68.86075949367087,0.47050577125171966,1.2767263164281917,-0.4863916594306502,0.026407563025210093,0.021662986542180004,0.4766355140186896,0.5233644859813104,0.0,0.0,2025-05-16,2025-05-19,2025-05-19,34.0,33.32,-0.020000000000000018,-0.023000000000000017,0.0,-0.07941176470588229,1.0,stop,0,0
2023-09-07,1D,MBB,12.33,12.52,12.23,12.29,22297872,11.839,11.816199999999998,1.0019295543406512,1.0414730973899822,0.0019295543406511342,0.017883243057346787,0.005531349989788215,1,0.04403048264182896,0.05836909871244633,55.68181818181817,0.05495378773437097,2.1830404130651813,0.6100740466459138,0.0197543737689723,0.012503719861018385,0.1379310344827622,0.6551724137931036,0.20689655172413413,0.34482758620689635,2023-09-07,2023-09-08,2023-09-11,12.33,12.0834,-0.020000000000000018,-0.023000000000000017,0.020275750202757514,-0.029197080291970767,2.0,stop,0,0
2023-11-20,1D,MBB,11.5,11.65,11.34,11.34,8986247,11.643,11.637600000000003,1.0004640131985976,0.9877179421111397,0.00046401319859748334,0.00918783045852467,-0.0026908903933496875,1,-0.029535864978902926,-0.005190311418685201,62.719298245614,0.04533176064285272,1.042834757307335,-0.3241696129710142,0.024161490683229817,0.01549595980271625,0.5161290322580642,0.48387096774193583,0.0,0.5161290322580642,2023-11-20,2023-11-21,2023-11-24,11.62,11.387599999999999,-0.020000000000000018,-0.023000000000000017,0.002581755593803914,-0.04130808950086051,4.0,stop,0,0
2023-12-11,1D,MBB,11.59,11.65,11.53,11.62,4881115,11.501999999999999,11.475999999999999,1.0022655977692576,1.0076508433315945,0.0022655977692575637,0.006915871487350067,-0.001114128542580639,1,0.0025951557093424338,0.005203816131829964,51.7647058823529,0.020663453949411117,0.5762421876221135,-0.3470134428316447,0.013928263281153713,0.006605922086288775,0.2499999999999926,0.2500000000000074,0.5,0.5,2023-12-11,2023-12-12,2023-12-25,11.59,11.75,0.01380500431406384,0.010805004314063841,0.022433132010353685,-0.011216566005176842,10.0,timeout,1,0
2024-06-14,1D,MBB,15.08,15.67,15.08,15.67,25542079,14.819999999999999,14.762800000000002,1.0038746037337087,1.0175438596491229,0.003874603733708806,0.017228361589676666,-0.0038730921310101696,1,0.024456521739130377,0.029351535836177556,57.81818181818183,0.07751765763434235,1.3977148008269682,-0.34468157195477733,0.021930655551345213,0.017654577145719365,1.0,0.0,0.0,0.0,2024-06-14,2024-06-17,2024-06-24,15.27,14.964599999999999,-0.020000000000000018,-0.023000000000000017,0.0065487884741322056,-0.05108055009823176,6.0,stop,0,0
2024-12-30,1D,MBB,16.19,16.42,16.19,16.42,11072609,15.885000000000002,15.867,1.0011344299489506,1.019200503619767,0.0011344299489506953,0.008699517399034962,-0.002025259132534818,1,0.01441102756892243,0.031210191082802652,61.25000000000004,0.06792925918009948,1.4445038467746978,-0.33747042505468616,0.012662137121680076,0.011628302682241893,1.0,0.0,0.0,0.0,2024-12-30,2024-12-31,2025-01-13,16.19,15.866200000000001,-0.020000000000000018,-0.023000000000000017,0.02594193946880785,-0.028412600370599228,9.0,stop,0,0
2025-05-13,1D,MBB,18.39,18.39,18.01,18.05,40125235,17.753,17.6888,1.0036294152231922,1.0358812595054356,0.003629415223192053,0.008750497187340445,0.00188042320850057,1,0.04015837104072406,0.04015837104072406,69.9152542372882,0.08398585970507785,1.334300743647256,0.15566948109779344,0.020741085993940776,0.01225238968414209,0.8947368421052652,0.0,0.10526315789473488,1.0,2025-05-13,2025-05-14,2025-05-26,18.39,18.0222,-0.019999999999999907,-0.022999999999999906,0.04295812941816202,-0.02066340402392597,9.0,stop,0,0
2024-01-05,1D,MSB,8.69,8.72,8.59,8.69,7245067,8.309000000000001,8.283399999999999,1.0030905183861702,1.0458538933686363,0.003090518386170234,0.0176362522963871,0.0028086487009999495,1,0.043217286914765785,0.05975609756097566,86.66666666666652,0.065148932889944,1.559630740547805,-0.6804080381862325,0.016850238369225733,0.009815742117594239,0.0,0.23076923076923814,0.7692307692307618,0.7692307692307618,2024-01-05,2024-01-08,2024-01-11,8.72,9.09496,0.04299999999999993,0.039999999999999925,0.04357798165137594,-0.01490825688073405,4.0,target,1,1
2024-05-27,1D,MSB,9.17,9.17,9.07,9.07,1566641,9.151,9.1288,1.002431863990886,1.0020762758168507,0.0024318639908859625,0.004610824459326146,-0.001946078324185918,1,0.0,-0.009719222462203025,57.35294117647059,0.028412952805389066,0.3484485642514407,-0.79820818815892,0.017759775665991556,0.0075817749513078375,1.0,0.0,0.0,1.0,2024-05-27,2024-05-28,2024-05-30,9.2,9.016,-0.019999999999999907,-0.022999999999999906,0.05543478260869583,-0.02826086956521734,3.0,stop,0,0
2024-08-22,1D,MSB,9.61,9.71,9.55,9.68,6086217,9.379999999999999,9.314,1.0070861069357955,1.0245202558635396,0.007086106935795464,0.02023058516423748,-0.00027907176437746983,1,0.01264488935721797,0.03779697624190059,58.98876404494384,0.05695801411653491,1.2194758945200979,-0.4169212874677706,0.020514345176155763,0.012935970974310877,0.4375000000000014,0.18750000000000694,0.3749999999999917,0.3749999999999917,2024-08-22,2024-08-23,2024-09-06,9.58,9.3884,-0.019999999999999907,-0.022999999999999906,0.02609603340292277,-0.02609603340292277,9.0,stop,0,0
2025-02-13,1D,MSB,9.46,9.5,9.42,9.5,4012968,9.421000000000001,9.4206,1.000042460140543,1.0041396879312174,4.24601405431548e-05,0.011705326460481391,0.0,1,0.00424628450106157,0.0,73.74999999999997,0.04414278838427238,0.8215522995192704,-0.28969605014400013,0.015629719118091252,0.005547081327854944,0.4999999999999889,0.0,0.5000000000000111,0.5000000000000111,2025-02-13,2025-02-14,2025-02-27,9.5,9.5,0.0,-0.003,0.02210526315789485,-0.008421052631578996,10.0,timeout,0,0
2025-05-16,1D,MSB,9.79,10.04,9.75,10.0,9437742,9.54,9.531399999999998,1.000902280882137,1.0262054507337526,0.0009022808821370706,0.013707363723302501,0.0020816686992721767,1,0.026205450733752578,0.03927813163481941,64.102564102564,0.06844343904387518,1.1414827784056059,-0.5521325678282876,0.016124325113089193,0.015516839714393714,0.7241379310344879,0.1379310344827561,0.1379310344827561,0.1379310344827561,2025-05-16,2025-05-19,2025-05-30,9.75,9.62,-0.01333333333333342,-0.01633333333333342,0.029743589743589594,-0.017435897435897463,10.0,timeout,0,0
2023-12-19,1D,MSN,62.2,63.5,61.8,62.9,2056651,64.44,64.288,1.0023643603782977,0.9652389819987586,0.0023643603782976764,0.004677268475210106,-0.009643528360600229,1,-0.04307692307692301,-0.06042296072507558,47.85276073619634,0.060338980729623515,0.9156278904131093,0.2524875871850665,0.028364722094625632,0.02220400511675337,0.41176470588234976,0.3529411764705885,0.23529411764706176,0.23529411764706176,2023-12-19,2023-12-20,2023-12-25,62.8,65.5004,0.04299999999999993,0.039999999999999925,0.10350318471337583,-0.004777070063694211,4.0,target,1,1
2024-02-20,1D,MSN,68.8,69.7,68.2,69.7,3378102,65.83,65.806,1.0003647083852536,1.045116208415616,0.0003647083852536381,0.009817456665132784,0.0060233596282028845,1,0.06009244992295826,0.06172839506172845,63.26530612244893,0.2922612591786191,1.4914248969047246,-0.568908661037296,0.017649501661129555,0.0175079773008352,0.6000000000000038,0.0,0.3999999999999962,0.3999999999999962,2024-02-20,2024-02-21,2024-02-23,68.8,67.42399999999999,-0.020000000000000018,-0.023000000000000017,0.10029069767441867,-0.0392441860465117,3.0,stop,0,0
2024-05-22,1D,MSN,73.9,76.4,73.8,76.0,8357762,72.98,72.954,1.0003563889574254,1.0126061934776651,0.00035638895742537023,0.016010023666991335,-0.0019972640218878235,1,-0.02119205298013238,0.023545706371191244,70.62937062937064,0.6974083883415857,1.5583612948564876,0.4207828127642901,0.027933500869901443,0.019335296319230474,0.8076923076923028,0.15384615384615552,0.038461538461541614,0.038461538461541614,2024-05-22,2024-05-23,2024-05-30,73.9,77.07770000000001,0.04299999999999993,0.039999999999999925,0.07442489851150191,-0.016238159675236896,6.0,target,1,1
2024-08-19,1D,MSN,77.8,79.0,77.1,77.8,5460700,75.25,74.70599999999999,1.0072818782962547,1.0338870431893687,0.007281878296254801,0.02116976523273162,-0.0007223113964689443,1,0.01699346405228752,0.034574468085106336,59.756097560975604,0.5674191295845653,1.023071319604346,-0.32970405194741426,0.027084098420859373,0.01791136165197886,0.0,0.6315789473684207,0.3684210526315793,0.3684210526315793,2024-08-19,2024-08-20,2024-08-27,77.7,76.146,-0.020000000000000018,-0.023000000000000017,0.02445302445302433,-0.03217503217503215,6.0,stop,0,0
2024-09-27,1D,MSN,75.9,76.4,75.2,76.3,3725200,74.76,74.682,1.0010444283763156,1.0152487961476726,0.0010444283763156176,0.004163868368032286,0.0019319005071238848,1,0.014705882352941346,0.016064257028112428,53.73134328358211,0.1213859560895715,1.0361362675507888,-0.19322562481049943,0.015151515151515131,0.010305260965784145,0.33333333333332543,0.08333333333334024,0.5833333333333344,0.5833333333333344,2024-09-27,2024-09-30,2024-10-10,75.9,79.1637,0.04299999999999993,0.039999999999999925,0.06851119894598146,-0.01844532279314892,9.0,target,1,1
2025-03-04,1D,MSN,69.1,69.1,67.4,68.0,5946400,68.08000000000001,68.062,1.0002644647527257,1.0149823736780257,0.00026446475272567504,0.005761560053183734,-0.002783801207290826,1,0.010233918128654818,0.010233918128654818,50.6493506493506,0.14547524374738768,1.684301165420615,1.1559769406475473,0.01612569774653712,0.009458780712102556,0.6470588235294128,0.0,0.35294117647058726,1.0,2025-03-04,2025-03-05,2025-03-18,69.3,69.6,0.0043290043290042934,0.0013290043290042934,0.03751803751803773,-0.017316017316017396,10.0,timeout,1,0
2025-05-27,1D,MSN,64.0,64.8,63.5,63.9,4747700,63.089999999999996,62.858000000000004,1.0036908587610167,1.0144238389602156,0.0036908587610167713,0.006541161455009714,-0.00490754812563321,1,0.0,0.020733652312599604,68.67469879518076,0.2725954874068382,0.9129314488991443,0.07770009533754019,0.0229910714285714,0.008804421224378585,0.07692307692307819,0.6153846153846145,0.30769230769230727,0.38461538461538547,2025-05-27,2025-05-28,2025-05-30,64.1,62.81799999999999,-0.020000000000000018,-0.023000000000000017,0.03588143525741039,-0.03744149765990623,3.0,stop,0,0
2023-12-19,1D,MWG,39.76,40.0,38.34,38.63,5741334,40.461,40.330999999999996,1.003223326969329,0.9826746743777959,0.003223326969328868,0.0055920071577690855,-0.011558086984652993,1,-0.02285573851069056,-0.04354101515516007,60.684769775678845,0.138686574519267,0.6812573915271366,-0.3402424769494752,0.030576315033055457,0.022762408092551787,0.6807228915662638,0.14457831325301354,0.17469879518072273,0.8554216867469865,2023-12-19,2023-12-20,2023-12-20,39.76,41.46968,0.04299999999999993,0.039999999999999925,0.07494969818913488,-0.0037726358148892913,1.0,target,1,1
2024-08-13,1D,MWG,65.75,66.25,64.57,65.85,9396736,62.727,62.5348,1.003073488681502,1.0481929631578109,0.003073488681502135,0.02068146316063535,0.0028481073556860803,1,0.06893188099496017,0.07049820905242599,71.89597315436241,0.4343316722945417,1.0309130095398062,-0.14706742522946858,0.02527973927213469,0.021364826546421307,0.0595238095238059,0.23809523809524052,0.7023809523809535,0.7023809523809535,2024-08-13,2024-08-14,2024-08-15,65.85,64.53299999999999,-0.02000000000000013,-0.023000000000000128,0.0598329536826121,-0.022475322703113032,2.0,stop,0,0
2025-03-05,1D,MWG,58.75,59.35,58.46,58.95,7193772,57.669000000000004,57.61,1.001024127755598,1.0187449062754685,0.0010241277555980664,0.023625261812630916,-0.00149749377777475,1,0.02227248999477993,0.015206497321582857,79.89886219974713,0.399144972487439,1.090197352736895,0.12076160610820419,0.020243161094224933,0.009151203767127023,0.22471910112359855,0.4494382022471891,0.32584269662921234,0.32584269662921234,2025-03-05,2025-03-06,2025-03-11,58.95,61.48485,0.04299999999999993,0.039999999999999925,0.05682782018659882,-0.013401187446989038,4.0,target,1,1
2025-04-29,1D,MWG,59.94,60.23,59.64,59.94,5704973,57.512000000000015,57.455799999999996,1.0009781431987723,1.0422172763944912,0.000978143198772243,0.02747704291278108,0.006252320539135603,1,0.018521665250637254,0.06107275624004238,90.97658480868076,0.8423453095499308,0.5391717017989098,-0.2604263205471393,0.037311120644453966,0.01463571738582355,0.0,0.4915254237288152,0.5084745762711848,0.5084745762711848,2025-04-29,2025-05-05,2025-05-07,59.94,58.7412,-0.020000000000000018,-0.023000000000000017,0.062395729062395766,-0.03136469803136466,3.0,stop,0,0
2023-11-09,1D,NAB,9.28,9.6,9.09,9.28,567053,8.914000000000001,8.8962,1.0020008542973406,1.0410590083015479,0.0020008542973405665,0.025658727419169525,0.0060615656028768505,1,0.0,0.020902090209020896,70.85427135678395,0.09956778330927142,1.3131856527381647,-0.11293183823391384,0.038793103448275836,0.022444610731620736,0.0,0.6274509803921576,0.3725490196078423,0.3725490196078423,2023-11-09,2023-11-10,2023-11-13,9.22,9.0356,-0.020000000000000018,-0.023000000000000017,0.05531453362255956,-0.03470715835141003,2.0,stop,0,0
2024-05-03,1D,NAB,10.78,10.88,10.69,10.85,1137763,10.487,10.4372,1.0047713946269115,1.0279393534852674,0.004771394626911374,0.019541123857670817,0.004117601785576852,1,0.011257035647279423,0.026666666666666616,71.111111111111,0.07453517824366772,1.0003473810013455,0.19604633805333926,0.021269546779750882,0.006523243870423888,0.368421052631578,0.1578947368421102,0.4736842105263119,0.4736842105263119,2024-05-03,2024-05-06,2024-05-07,10.75,10.535,-0.020000000000000018,-0.023000000000000017,0.017674418604651132,-0.032558139534883734,2.0,stop,0,0
2024-06-13,1D,NAB,10.59,10.59,10.43,10.53,2526623,10.443000000000001,10.4176,1.0024381815389343,1.0140764148233266,0.0024381815389342264,0.011134779240898673,-7.678722260595627e-05,1,-0.0065666041275798115,0.02121504339440694,60.37735849056607,0.03541259282267377,1.8904370539049484,0.7784603147788383,0.016390125455281283,0.008187727650962904,0.3750000000000028,0.0,0.6249999999999972,1.0,2024-06-13,2024-06-14,2024-06-19,10.56,10.3488,-0.020000000000000018,-0.023000000000000017,0.012310606060605966,-0.048295454545454475,4.0,stop,0,0
2024-07-11,1D,NAB,11.2,11.24,10.72,10.72,3648302,10.49,10.446399999999999,1.0041736866288866,1.0676835081029552,0.004173686628886643,0.016177467790370992,-2.220446049250313e-16,1,0.0738255033557047,0.06666666666666665,83.67346938775508,0.07247038668469308,3.0204419721406337,1.5660282605484714,0.01747448979591836,0.020071372473729053,0.9230769230769212,0.07692307692307876,0.0,0.9230769230769212,2024-07-11,2024-07-12,2024-07-16,11.2,10.975999999999999,-0.020000000000000018,-0.023000000000000017,0.10357142857142865,-0.02142857142857124,3.0,stop,0,0
2024-12-09,1D,NAB,13.0,13.12,12.88,12.96,1063288,12.772000000000002,12.7224,1.003898635477583,1.017851550266207,0.003898635477582975,0.009803921568627638,-0.0025089380919526283,1,0.009316770186335255,0.028481012658227778,90.0,0.06614057021537328,1.1774057570620091,-0.16451198478770757,0.015164835164835163,0.006227220339473504,0.1666666666666642,0.5,0.3333333333333358,0.5,2024-12-09,2024-12-10,2024-12-13,13.12,12.8576,-0.020000000000000018,-0.023000000000000017,0.0030487804878049918,-0.05487804878048774,4.0,stop,0,0
2025-05-13,1D,NAB,13.8,13.88,13.68,13.8,1115888,13.588,13.536800000000001,1.003782282371018,1.0156020017662644,0.003782282371018107,0.018896220755848958,-0.00212301704310891,1,0.00877192982456143,0.0029069767441860517,72.50000000000003,0.09835100469495456,1.0014788103373577,0.027430356064289008,0.020910973084886125,0.012330860822762938,0.0,0.39999999999999825,0.6000000000000018,0.6000000000000018,2025-05-13,2025-05-14,2025-05-19,13.8,13.524000000000001,-0.020000000000000018,-0.023000000000000017,0.02318840579710124,-0.020289855072463836,4.0,stop,0,0
2025-07-08,1D,NAB,14.08,14.2,13.96,14.16,2605751,13.572,13.512,1.0044404973357015,1.0374300029472443,0.004440497335701504,0.018613029120384095,0.004520042821458237,1,0.03834808259587019,0.04451038575667643,71.42857142857142,0.1039429330237751,1.4285685307484628,-0.21701323001487693,0.015219155844155818,0.01268329838118612,0.3333333333333358,0.1666666666666642,0.5,0.5,2025-07-08,2025-07-09,2025-07-10,14.16,14.76888,0.04299999999999993,0.039999999999999925,0.05932203389830515,-0.005649717514124353,2.0,target,1,1
2023-09-07,1D,NKG,16.28,16.71,16.2,16.63,12063110,14.905000000000001,14.7848,1.0081299713218983,1.0922509225092252,0.0081299713218982,0.04165210706548317,0.00796291246250358,1,0.0831669993346642,0.13607815771109566,54.13005272407733,0.1814330005170315,1.204182943818026,-0.42657042949117163,0.0361969111969112,0.026044842871767154,0.6862745098039152,0.15686274509804235,0.15686274509804235,0.15686274509804235,2023-09-07,2023-09-08,2023-09-08,16.28,16.98004,0.04299999999999993,0.039999999999999925,0.1314496314496314,-0.009213759213759332,1.0,target,1,1
2023-11-14,1D,NKG,16.83,17.06,16.44,17.06,13701330,15.584,15.5106,1.0047322476242053,1.079953798767967,0.004732247624205347,0.05325763719924326,0.005771126212584798,1,0.04146039603960383,0.119760479041916,70.03424657534246,0.3128749597693812,1.4492071705035259,-0.30787615539995894,0.041974365503777276,0.030233218774416558,0.3709677419354861,0.0,0.6290322580645139,0.6290322580645139,2023-11-14,2023-11-15,2023-11-15,17.57,17.2186,-0.02000000000000013,-0.023000000000000128,0.03073420603301069,-0.0779738190096756,1.0,stop,0,0
2024-03-22,1D,NKG,19.86,20.18,19.36,19.94,17507970,19.061,18.971400000000003,1.0047228986790642,1.041918052568071,0.004722898679064129,0.011998938147066651,0.002971155472847542,1,0.011716760061130982,0.04251968503937009,59.90220048899754,0.1264722999281562,1.5845227591725453,0.04705393574960315,0.032081714861171035,0.026014783900834268,0.09756097560975832,0.2926829268292663,0.6097560975609754,0.6097560975609754,2024-03-22,2024-03-25,2024-03-26,19.94,19.5412,-0.020000000000000018,-0.023000000000000017,0.04513540621865597,-0.044633901705115386,2.0,stop,0,0
2024-05-21,1D,NKG,19.48,19.59,19.24,19.51,7035287,18.969,18.918999999999997,1.0026428458163752,1.0269386894406662,0.0026428458163752985,0.022036637931034386,0.0010794450382565213,1,0.01882845188284521,0.0400427122263749,94.48529411764711,0.20811265297074144,1.0736293755355577,-0.38284108547464557,0.02753740099735991,0.007919534873459162,0.08571428571428862,0.22857142857142276,0.6857142857142886,0.6857142857142886,2024-05-21,2024-05-22,2024-05-22,19.55,19.159,-0.02000000000000013,-0.023000000000000128,0.04398976982097191,-0.03785166240409221,1.0,stop,0,0
2024-07-15,1D,NKG,20.02,20.18,19.71,20.18,2559506,19.581,19.532,1.0025087036657792,1.0224196925591134,0.002508703665779208,0.017194805194805207,0.006026268349214492,1,0.013670886075949351,0.017793594306049654,60.000000000000036,0.06750204034857152,0.4578515989725258,-0.6724692180011366,0.027579563293849,0.017208331708916298,0.3404255319148947,0.0,0.6595744680851052,0.6595744680851052,2024-07-15,2024-07-16,2024-07-17,19.9,19.502,-0.020000000000000018,-0.023000000000000017,0.01005025125628145,-0.1251256281407035,2.0,stop,0,0
2024-10-02,1D,NKG,17.22,17.41,17.1,17.18,4955942,16.901,16.8112,1.0053416769772532,1.0188746228033843,0.005341676977253279,0.015990381725278224,-0.006207067781180187,1,0.011750881316098694,0.018934911242603603,65.77777777777774,0.11402877324201613,0.993641103700374,-0.5418502422555284,0.022233283557325352,0.011150931126542122,0.1290322580645139,0.6129032258064583,0.2580645161290278,0.3870967741935417,2024-10-02,2024-10-03,2024-10-03,17.41,17.061799999999998,-0.02000000000000013,-0.023000000000000128,0.0022975301550831606,-0.05801263641585308,1.0,stop,0,0
2025-02-27,1D,NKG,15.45,15.45,14.45,14.5,28034200,14.205000000000002,14.107000000000001,1.006946905791451,1.0876451953537485,0.006946905791451106,0.02526163839769069,-0.0024184651939014312,1,0.07291666666666652,0.0880281690140845,70.42253521126759,0.16813448192207078,4.098300622254839,2.573466240073422,0.026352288488210824,0.023103111028383576,0.9499999999999993,0.0,0.05000000000000071,1.0,2025-02-27,2025-02-28,2025-03-13,15.7,16.3751,0.04299999999999993,0.039999999999999925,0.05095541401273884,-0.019108280254776955,10.0,target,1,1
2025-06-04,1D,NKG,13.35,13.8,13.25,13.45,13439600,13.065000000000001,12.99,1.0057736720554273,1.0218140068886337,0.005773672055427333,0.015546055188496055,-0.009833066544705948,1,0.0,0.02298850574712641,63.888888888888914,0.10457150217646746,1.4808326185128318,0.07514219658728183,0.0334403424291065,0.012081403670965227,0.18181818181818094,0.6363636363636381,0.18181818181818094,0.18181818181818094,2025-06-04,2025-06-05,2025-06-10,13.35,13.083,-0.019999999999999907,-0.022999999999999906,0.02621722846441954,-0.041198501872659055,4.0,stop,0,0
2023-07-14,1D,NLG,32.99,32.99,31.02,31.11,6921108,29.662,29.575,1.0029416737109045,1.1121974243139372,0.0029416737109044717,0.012389501348168963,0.0018902951299493154,1,0.14231301939058172,0.1547077353867694,65.3983353151011,0.19183399306378174,2.1131348839265582,-0.14882240845925243,0.028818256614558543,0.03354154259107415,0.9543147208121828,0.0,0.04568527918781713,1.0,2023-07-14,2023-07-17,2023-07-18,32.72,34.12696,0.04299999999999993,0.039999999999999925,0.08465770171149156,-0.013447432762836109,2.0,target,1,1
2023-11-15,1D,NLG,32.81,33.89,32.54,33.89,3395459,31.207,31.0024,1.0065994890718137,1.0513666805524402,0.006599489071813769,0.05308092056421665,-0.003708488389282061,1,0.0055163959546429275,0.0577047066408769,63.70078740157483,0.5407337084020596,1.3302535955086994,0.1090120936199761,0.04739408716854617,0.03418880750942535,0.7999999999999979,0.0,0.2000000000000021,0.2000000000000021,2023-11-15,2023-11-16,2023-11-17,32.77,32.1146,-0.020000000000000018,-0.023000000000000017,0.047604516325907786,-0.03967043027159001,2.0,stop,0,0
2024-05-20,1D,NLG,39.03,39.65,39.03,39.65,2939622,37.7,37.4924,1.0055371221900973,1.0352785145888594,0.005537122190097175,0.026800305044122785,0.003189451264542509,1,0.029543656027433585,0.050605652759084796,87.57309941520458,0.49309634332687075,0.9798425797146104,-0.06708016620802792,0.02719519783316861,0.013800950678848045,1.0,0.0,0.0,0.0,2024-05-20,2024-05-21,2024-05-23,38.94,40.614419999999996,0.04299999999999993,0.039999999999999925,0.05392912172573183,-0.019517205957883865,3.0,target,1,1
2024-07-05,1D,NLG,39.79,39.79,38.75,38.88,6040032,38.188,38.1392,1.0012795234299618,1.0419503508955692,0.0012795234299618227,0.014612891226951641,0.010599058803578254,1,0.01973347001537662,0.06276709401709413,72.69681742043555,0.19930797655909904,2.447787976322478,2.22686274206017,0.0248985746598212,0.014488984519825669,0.8749999999999974,0.0,0.12500000000000255,1.0,2024-07-05,2024-07-08,2024-07-08,40.15,39.347,-0.019999999999999907,-0.022999999999999906,0.013449564134495606,-0.07646326276463267,1.0,stop,0,0
2024-09-11,1D,NLG,36.99,36.99,35.99,36.99,907259,37.132999999999996,37.1202,1.0003448257283096,0.9961489779980074,0.00034482572830961557,0.0021320235332218385,-0.0011140532162232653,1,-0.004842615012106477,-0.026066350710900354,55.98290598290603,0.09934001723519634,0.645971734237654,-0.5288182739313538,0.021917120457266445,0.011038167363553059,0.0,0.0,1.0,1.0,2024-09-11,2024-09-12,2024-09-25,36.99,38.34,0.03649635036496357,0.03349635036496357,0.041362530413625365,-0.0075696134090295075,10.0,timeout,1,0
2025-03-18,1D,NLG,31.33,32.1,31.29,32.1,3822297,30.432,30.368599999999997,1.0020876826722338,1.0295084121976867,0.0020876826722338684,0.0004273644761496609,-0.003301694826250756,1,0.03433476394849788,0.03433476394849788,61.28571428571427,0.1782196188173986,1.069681403974526,-0.630215221817348,0.028224887146048972,0.024019219459905112,0.9506172839506185,0.0,0.04938271604938153,0.04938271604938153,2025-03-18,2025-03-19,2025-03-20,31.15,30.526999999999997,-0.020000000000000018,-0.023000000000000017,0.02760834670947032,-0.036276083467094655,2.0,stop,0,0
2025-05-16,1D,NLG,30.7,30.93,30.07,30.11,3721441,28.774,28.4956,1.0097699293926081,1.066935427816779,0.009769929392608028,0.06157535510053491,-0.0005401424011786116,1,0.019594818997010988,0.06931382793451757,89.1275167785235,0.6954725418435016,1.1232638898845277,0.7780262759326484,0.030525825965565374,0.027350577797935947,0.6860465116279073,0.267441860465117,0.046511627906975786,0.732558139534883,2025-05-16,2025-05-19,2025-05-23,30.2,31.498599999999996,0.04299999999999993,0.039999999999999925,0.16490066225165556,0.0,5.0,target,1,1
2023-11-16,1D,NVL,16.75,16.8,16.1,16.2,29924932,15.65,15.575,1.0048154093097914,1.0702875399361023,0.0048154093097914005,0.06173677069199468,-0.01976209956573738,1,0.06349206349206349,0.027607361963190247,78.99159663865544,0.39096517673842834,1.1384241961901833,-0.00541302490797102,0.046695095948827293,0.03046921502825672,0.7857142857142875,0.07142857142857252,0.14285714285713996,0.9285714285714275,2023-11-16,2023-11-17,2023-11-17,16.75,16.415,-0.020000000000000018,-0.023000000000000017,0.09253731343283578,-0.0626865671641792,1.0,stop,0,0
2024-02-16,1D,NVL,17.7,18.0,17.5,17.5,35480128,17.0,16.963,1.002181217944939,1.0411764705882351,0.002181217944938928,0.015531660692950977,-0.0008834962893153886,1,0.02608695652173898,0.04117647058823515,59.09090909090905,0.11675002463384054,1.7884383147583371,0.3670535051946111,0.023405972558514933,0.009295885780105385,0.3999999999999986,0.6000000000000014,0.0,0.3999999999999986,2024-02-16,2024-02-19,2024-02-20,17.7,17.346,-0.019999999999999907,-0.022999999999999906,0.005649717514124353,-0.06497175141242928,2.0,stop,0,0
2024-03-26,1D,NVL,17.85,18.05,17.6,17.8,49156003,16.9,16.88,1.0011848341232228,1.0562130177514795,0.0011848341232227235,0.023932141775219407,0.0017209661147705724,1,0.04385964912280693,0.08181818181818201,65.67164179104479,0.1362915808231917,1.6239144654346271,-0.5551826936578346,0.02841136454581833,0.016093783953433666,0.11111111111111287,0.4444444444444436,0.4444444444444436,0.5555555555555565,2024-03-26,2024-03-27,2024-03-27,18.0,17.64,-0.020000000000000018,-0.023000000000000017,0.05277777777777781,-0.0527777777777777,1.0,stop,0,0
2024-08-27,1D,NVL,13.3,13.35,13.05,13.2,13244800,12.43,12.386999999999999,1.003471381286833,1.0699919549477073,0.003471381286833054,0.049387927395525555,-0.0041804003537262435,1,0.03100775193798455,0.047244094488189115,85.18518518518518,0.2751176831626903,0.9115046074862189,-0.3844065905974763,0.03249194414607948,0.02469100160227683,0.33333333333333925,0.16666666666666372,0.49999999999999706,0.8333333333333363,2024-08-27,2024-08-28,2024-08-28,13.3,13.034,-0.020000000000000018,-0.023000000000000017,0.015037593984962294,-0.15037593984962405,1.0,stop,0,0
2024-11-22,1D,NVL,11.0,11.25,11.0,11.25,8313000,10.8,10.763000000000002,1.0034377032425903,1.0185185185185184,0.0034377032425902654,0.015037593984962516,-0.002409861896375931,1,0.023255813953488413,0.05769230769230771,65.38461538461539,0.09438384277988131,1.0348800513892078,0.47752519417734574,0.03181818181818181,0.023982014134455908,1.0,0.0,0.0,0.0,2024-11-22,2024-11-25,2024-11-25,11.15,10.927,-0.020000000000000018,-0.023000000000000017,0.03139013452914785,-0.058295964125560595,1.0,stop,0,0
2025-02-28,1D,NVL,10.6,10.8,10.25,10.3,20444900,9.881,9.7728,1.01107154551408,1.0727659143811354,0.011071545514079902,0.033145127561689636,-0.0021442136862095396,1,0.0653266331658291,0.04433497536945796,78.90295358649789,0.14506820120689487,2.319067604355717,0.9211159346751612,0.028099730458221037,0.026418496269593906,0.5454545454545429,0.3636363636363651,0.09090909090909208,0.6363636363636349,2025-02-28,2025-03-03,2025-03-04,10.5,10.29,-0.02000000000000013,-0.023000000000000128,0.05714285714285716,-0.033333333333333326,2.0,stop,0,0
2025-04-25,1D,NVL,10.85,11.4,10.75,11.3,19032900,10.078,10.0712,1.0006751926284851,1.0766025004961302,0.0006751926284851993,0.07384123601491743,0.011184963553485083,1,0.018779342723004522,0.12202688728024813,68.49894291754757,0.23169602371519268,1.256532577724141,-0.39575601532761673,0.052534562211981564,0.02968444424551719,0.6923076923076936,0.15384615384615322,0.15384615384615322,0.15384615384615322,2025-04-25,2025-04-28,2025-04-28,11.05,11.52515,0.04299999999999993,0.039999999999999925,0.1809954751131222,-0.013574660633484226,1.0,target,1,1
2023-09-05,1D,OCB,9.76,9.95,9.61,9.61,4501360,9.180000000000001,9.1422,1.004134672179563,1.06318082788671,0.004134672179562985,0.009123886995713093,0.0037108603047737443,1,0.06666666666666665,0.0868596881959911,50.80213903743313,0.04135252373859189,2.162221309933767,0.9670492076934707,0.025029274004683813,0.010244725280840025,0.4411764705882365,0.5588235294117635,0.0,0.4411764705882365,2023-09-05,2023-09-06,2023-09-06,9.78,10.200539999999998,0.04299999999999993,0.039999999999999925,0.12269938650306766,0.0,1.0,target,1,1
2023-11-13,1D,OCB,10.06,10.1,9.95,9.99,2894362,9.85,9.8274,1.0022996926959316,1.0213197969543149,0.0022996926959316646,0.029043042206435388,0.004045853000674393,1,-0.003960396039603853,0.00700700700700696,60.61776061776063,0.0946986257475092,1.541874489374556,-0.10659732704140434,0.032093155353592764,0.024137450661987983,0.46666666666666745,0.26666666666666033,0.2666666666666722,0.7333333333333396,2023-11-13,2023-11-14,2023-11-20,10.21,10.0058,-0.020000000000000018,-0.023000000000000017,0.0391772771792358,-0.06464250734573951,5.0,stop,0,0
2024-01-08,1D,OCB,10.68,10.68,10.36,10.43,6706089,9.992,9.933200000000001,1.0059195425441951,1.0688550840672537,0.0059195425441951974,0.025030775543701145,0.007853243775238994,1,0.05325443786982231,0.09763617677286729,91.40625000000004,0.09838779199707741,3.429309602103091,-0.010431063257494988,0.017723381487426432,0.01018683540499788,0.7812499999999993,0.0,0.2187500000000007,1.0,2024-01-08,2024-01-09,2024-01-10,10.68,10.4664,-0.019999999999999907,-0.022999999999999906,0.055243445692883864,-0.04026217228464413,2.0,stop,0,0
2024-05-27,1D,OCB,10.65,10.65,10.54,10.54,1330506,10.501999999999999,10.4818,1.0019271499169988,1.0140925537992764,0.0019271499169989036,0.012240963855421505,-0.0006292666183592699,1,0.010436432637571214,0.0,65.42056074766353,0.059530957608167234,0.801508093478374,-0.6442608613580805,0.019315895372233417,0.015505127937092925,1.0,0.0,0.0,1.0,2024-05-27,2024-05-28,2024-06-03,10.65,11.107949999999999,0.04299999999999993,0.039999999999999925,0.07511737089201875,-0.014084507042253502,5.0,target,1,1
2024-07-30,1D,OCB,10.83,11.01,10.79,10.9,3559669,10.793,10.7798,1.0012245125141468,1.0034281478736218,0.0012245125141467778,0.00822045773003266,0.0014120357467997113,1,0.016901408450704203,0.020735155513666337,53.25443786982246,0.021494660687384766,1.7458911034040072,0.7247227105084142,0.02460097612452187,0.020906150399416526,0.31818181818181857,0.49999999999999595,0.1818181818181855,0.1818181818181855,2024-07-30,2024-07-31,2024-07-31,10.76,10.5448,-0.019999999999999907,-0.022999999999999906,0.0,-0.0715613382899628,1.0,stop,0,0
2024-10-03,1D,OCB,11.2,11.2,10.49,10.49,24125375,10.49,10.4552,1.0033284872599282,1.0676835081029552,0.003328487259928132,0.016965584100823827,-0.0008791712855015232,1,0.05362182502351831,0.06261859582542706,84.39306358381504,0.10002323770251878,8.208661999364889,6.857112848207173,0.02193877551020409,0.02341316862478214,1.0,0.0,0.0,1.0,2024-10-03,2024-10-04,2024-10-07,11.33,11.1034,-0.019999999999999907,-0.022999999999999906,0.015004413062665423,-0.058252427184465994,2.0,stop,0,0
2024-12-31,1D,OCB,10.01,10.01,9.57,9.57,3299585,9.599,9.5548,1.0046259471679155,1.0428169601000103,0.004625947167915604,0.0070289550986151195,-0.005392126246538842,1,0.04597701149425282,0.04597701149425282,53.19148936170213,0.03945205896146262,1.0755899224041923,1.254685038966541,0.020550877693734804,0.01320926944225374,1.0,0.0,0.0,1.0,2024-12-31,2025-01-02,2025-01-03,9.75,9.555,-0.020000000000000018,-0.023000000000000017,0.009230769230769154,-0.06769230769230772,2.0,stop,0,0
2025-02-04,1D,OCB,9.84,9.88,9.66,9.7,5607187,9.511000000000001,9.475,1.0037994722955146,1.0345915256019345,0.003799472295514656,0.018744644387318043,0.003920322102140217,1,0.028213166144200663,0.04237288135593231,65.62500000000003,0.060690939026671525,3.207009017045625,2.275771375491831,0.018800813008130083,0.011390886565198866,0.6363636363636371,0.1818181818181855,0.1818181818181774,0.8181818181818145,2025-02-04,2025-02-05,2025-02-18,9.88,10.30484,0.04299999999999993,0.039999999999999925,0.04453441295546545,-0.009109311740890802,10.0,target,1,1
2025-05-22,1D,OCB,9.44,9.53,9.44,9.48,2296580,9.48,9.4596,1.0021565393885576,0.9957805907172995,0.0021565393885576998,0.009799744354495266,-0.002972238031998975,1,-0.0042194092827004814,-0.022774327122153326,66.6666666666666,0.03675278803773991,0.9297935580000423,0.10214220378530547,0.015738498789346207,0.00982461430937739,0.4444444444444554,0.5555555555555446,0.0,0.0,2025-05-22,2025-05-23,2025-05-26,9.44,9.251199999999999,-0.020000000000000018,-0.023000000000000017,0.02754237288135597,-0.02330508474576254,2.0,stop,0,0
2023-07-26,1D,PC1,18.81,19.17,18.74,18.77,2543497,18.619999999999997,18.5824,1.0020234200103322,1.0102040816326532,0.0020234200103322305,0.01626459993450502,0.0,1,-0.013633980073413876,0.01237890204520986,73.84615384615385,0.13462265990530528,1.0630507268051075,0.08044308626053676,0.024531024531024497,0.017642861776368576,0.0930232558139508,0.837209302325582,0.06976744186046722,0.16279069767441803,2023-07-26,2023-07-27,2023-07-27,18.87,18.4926,-0.02000000000000013,-0.023000000000000128,0.02119766825649161,-0.04504504504504514,1.0,stop,0,0
2023-08-10,1D,PC1,18.68,19.17,18.61,19.14,3409452,18.445999999999998,18.4246,1.0011614906158068,1.012685677111569,0.0011614906158069272,0.001465877626363854,-0.0025984430995094066,1,0.02356164383561632,0.02356164383561632,42.804428044280435,0.03585461903180617,1.1102783408805046,-0.2786253000745188,0.025275313551544828,0.016804116069435993,0.8214285714285696,0.053571428571430386,0.125,0.125,2023-08-10,2023-08-11,2023-08-11,18.68,18.3064,-0.020000000000000018,-0.023000000000000017,0.006959314775160541,-0.15149892933618847,1.0,stop,0,0
2023-09-11,1D,PC1,19.69,20.75,19.69,20.45,5530961,18.195,18.0902,1.0057931918939538,1.0821654300632042,0.0057931918939536815,0.05289045772814083,0.004776663223025945,1,0.025520833333333437,0.10680157391793155,75.93984962406017,0.35485001267726357,2.048993669728157,-0.1683094337772807,0.03341072335485744,0.029464021263312296,0.7169811320754707,0.2830188679245293,0.0,0.0,2023-09-11,2023-09-12,2023-09-12,19.69,20.53667,0.04299999999999993,0.039999999999999925,0.09852717115286946,-0.04469273743016777,1.0,target,1,1
2023-11-21,1D,PC1,19.86,19.93,19.56,19.93,3088893,19.499000000000002,19.375,1.0064000000000002,1.0185137699369198,0.00640000000000012,0.029677351217193948,-0.001525411500366003,1,0.0035371399696817463,0.008633824276282231,83.94833948339482,0.2405070586146068,1.0715962820808325,0.25464435550923303,0.03931089051934973,0.02157986484298336,0.18918918918918945,0.0,0.8108108108108105,0.8108108108108105,2023-11-21,2023-11-22,2023-11-23,20.27,19.8646,-0.020000000000000018,-0.023000000000000017,0.04834731129748393,-0.07498766650222,2.0,stop,0,0
2024-01-29,1D,PC1,21.78,22.04,21.4,21.55,9268185,20.848999999999997,20.750799999999998,1.0047323476685235,1.0446544198762533,0.004732347668523552,0.017322143066263118,0.0054559021620101955,1,0.023015500234852215,0.0868263473053894,58.55670103092785,0.11146694748681768,2.8339875841837356,0.29315710582482546,0.027449822904368374,0.023877815617575925,0.35937500000000033,0.40624999999999656,0.2343750000000031,0.5937500000000034,2024-01-29,2024-01-30,2024-01-30,21.78,22.71654,0.04299999999999993,0.039999999999999925,0.08172635445362708,-0.008723599632690648,1.0,target,1,1
2024-03-13,1D,PC1,22.23,22.23,21.78,21.82,13754909,21.422,21.3816,1.0018894750626708,1.0377182335916348,0.0018894750626707903,0.011234894259818606,-2.80607234055541e-05,1,0.04073033707865181,0.050070854983467195,51.18279569892472,0.04469749495056839,1.5884721773157802,0.4949982169677931,0.028982713193239515,0.017115510522948654,0.9111111111111129,0.0,0.08888888888888713,1.0,2024-03-13,2024-03-14,2024-03-14,22.53,22.0794,-0.020000000000000018,-0.023000000000000017,0.0,-0.09365290723479802,1.0,stop,0,0
2024-05-23,1D,PC1,22.23,22.53,21.32,21.32,16202876,20.929000000000002,20.81,1.0057184046131669,1.0621625495723637,0.005718404613166907,0.01933567114747703,0.0010679340767181245,1,0.03684701492537301,0.06875000000000009,83.0555555555555,0.23736214145087614,4.83183818958706,1.9252570609851167,0.02358460253197095,0.01925292495478227,0.7520661157024789,0.24793388429752108,0.0,0.7520661157024789,2024-05-23,2024-05-24,2024-05-24,22.16,21.7168,-0.020000000000000018,-0.023000000000000017,0.022111913357400592,-0.04963898916967513,1.0,stop,0,0
2024-09-24,1D,PC1,21.78,21.82,21.67,21.7,1343966,21.787,21.773600000000002,1.0006154241834146,0.9996787074861156,0.0006154241834146485,0.006281465059350566,-0.005117520195927816,1,0.0,0.0,57.06806282722512,0.028531767742817123,0.7843227196144583,0.21625001809941646,0.015479470024924532,0.008278277747513484,0.5333333333333508,0.2666666666666635,0.1999999999999858,0.7333333333333365,2024-09-24,2024-09-25,2024-10-02,21.93,21.4914,-0.020000000000000018,-0.023000000000000017,0.017327861377108844,-0.05335157318741446,6.0,stop,0,0
2025-02-04,1D,PC1,20.13,20.17,19.96,20.09,2044128,19.752999999999997,19.708,1.0022833367160544,1.0190857084999747,0.0022833367160543004,0.019983476195393646,0.001626346818458968,1,0.013085052843482492,0.01769464105156704,75.26315789473665,0.12234466988363114,1.6091361090006515,1.0719606473762044,0.015257966077638224,0.0061197215593925,0.19047619047618564,0.19047619047620257,0.6190476190476119,0.8095238095237974,2025-02-04,2025-02-05,2025-02-07,20.13,20.995589999999996,0.04299999999999993,0.039999999999999925,0.05414803775459509,-0.008445106805762492,3.0,target,1,1
2025-05-19,1D,PC1,19.57,19.74,19.44,19.57,1057441,19.301000000000002,19.185,1.006046390409174,1.0139371017045749,0.0060463904091740015,0.019329284393979407,-0.004235308772694624,1,0.013464526152252798,0.016095534787123444,85.57692307692318,0.15141180626947456,0.7462825819924492,-0.531217554676604,0.023797357471348247,0.016152486166333767,0.0,0.5666666666666659,0.4333333333333341,0.4333333333333341,2025-05-19,2025-05-20,2025-05-21,19.57,19.1786,-0.020000000000000018,-0.023000000000000017,0.0378129790495656,-0.03576903423607558,2.0,stop,0,0
2025-07-16,1D,PC1,20.0,20.17,19.65,19.7,3600120,19.466,19.441,1.0012859420811688,1.0274324463166546,0.001285942081168774,0.014276781992496934,0.003323596502998516,1,0.028806584362139898,0.024590163934426146,71.73913043478264,0.10455324680311967,1.4243730875337701,0.07040694028725802,0.01796428571428568,0.013600032871488794,0.5769230769230749,0.32692307692307826,0.09615384615384694,0.6730769230769218,2025-07-16,2025-07-17,2025-07-22,20.09,19.6882,-0.02000000000000013,-0.023000000000000128,0.16426082628173222,-0.021901443504231066,4.0,stop,0,0
2023-10-13,1D,PDR,21.79,21.79,19.83,20.04,15811554,19.798,19.7348,1.003202464681679,1.1006162238609962,0.003202464681678982,0.011960744224084996,0.008472584189278765,1,0.12261720762493544,0.12784679089026918,65.14476614699333,0.08320294682229096,1.4625318950463726,0.12062248039758972,0.051563626827509305,0.039917781192622556,0.8928571428571425,0.0,0.10714285714285753,1.0,2023-10-13,2023-10-16,2023-10-16,21.75,21.315,-0.019999999999999907,-0.022999999999999906,0.0036781609195402076,-0.17287356321839087,1.0,stop,0,0
2023-11-15,1D,PDR,22.13,22.84,21.92,22.63,18218090,20.427,20.173,1.0125910870966144,1.0833700494443628,0.012591087096614354,0.06446065659197497,0.0033223582775463445,1,0.031220876048462243,0.11150175791059769,69.35096153846153,0.4104652268943818,1.3215653997578118,0.08157741629066728,0.04938351300755279,0.03394178400559762,0.5434782608695663,0.22826086956521877,0.2282608695652149,0.2282608695652149,2023-11-15,2023-11-16,2023-11-17,22.0,22.945999999999998,0.04299999999999993,0.039999999999999925,0.10090909090909084,-0.024545454545454537,2.0,target,1,1
2024-03-22,1D,PDR,26.35,26.35,25.81,26.18,18791582,24.092000000000002,23.9194,1.007215900064383,1.0937240577785157,0.007215900064383001,0.021236912381840556,0.005895909029740354,1,0.09745939192003328,0.12079965971926843,64.2857142857143,0.2432680183599601,1.3324585086327783,-0.5326540035931628,0.030279208457576593,0.026863197811738022,0.3148148148148164,0.0,0.6851851851851836,1.0,2024-03-22,2024-03-25,2024-04-01,26.44,27.576919999999998,0.04299999999999993,0.039999999999999925,0.05975794251134636,-0.015885022692889605,6.0,target,1,1
2024-08-30,1D,PDR,19.95,20.37,19.54,19.72,11755355,19.642000000000003,19.399,1.0125264188875716,1.0156806842480397,0.012526418887571632,0.05256953003590392,-0.007764388158029267,1,-0.009433962264151052,-0.0025000000000000577,81.83361629881155,0.40222655956809644,0.9944561904836631,0.6244919556565092,0.04285714285714285,0.02331957878615694,0.27710843373493965,0.5060240963855431,0.21686746987951724,0.4939759036144569,2024-08-30,2024-09-04,2024-09-04,19.63,20.474089999999997,0.04299999999999993,0.039999999999999925,0.06826286296484962,-0.030565461029037122,1.0,target,1,1
2024-12-06,1D,PDR,20.37,20.6,20.18,20.42,18713456,19.597,19.4774,1.0061404499573867,1.0394448129815788,0.0061404499573866084,0.007143591324905163,-0.004304351382300009,1,0.06259780907668233,0.037697401935812724,69.19431279620856,0.09806382093279803,2.4661514693011424,0.07921926937026824,0.02966547443719754,0.02434433300229118,0.11904761904762026,0.42857142857142616,0.4523809523809536,0.4523809523809536,2024-12-06,2024-12-09,2024-12-12,20.37,19.962600000000002,-0.019999999999999907,-0.022999999999999906,0.0181639666175748,-0.05891016200294552,4.0,stop,0,0
2025-03-04,1D,PDR,18.61,18.98,18.38,18.61,11993257,18.148000000000003,18.1028,1.0024968513158188,1.0254573506722502,0.0024968513158188125,0.014024696876571818,-0.004640626374593282,1,0.015275504637206838,0.03331482509716821,75.51020408163262,0.12658890715183585,1.786145706900232,0.5112427219527969,0.02322100253320028,0.013808071108412612,0.0,0.6166666666666669,0.38333333333333314,0.38333333333333314,2025-03-04,2025-03-05,2025-03-05,18.7,18.326,-0.019999999999999907,-0.022999999999999906,0.039572192513369187,-0.03208556149732611,1.0,stop,0,0
2025-06-04,1D,PDR,17.08,17.45,16.9,17.08,12645921,16.074,15.9038,1.0107018448421132,1.0625855418688563,0.010701844842113284,0.029328893442623016,-0.007166668747581095,1,0.07896399241945651,0.06616729088639195,65.9663865546218,0.22975841051279303,1.1998529710757297,-0.02134277006457197,0.03621612579458013,0.03430891742075641,0.0,0.6727272727272736,0.3272727272727263,0.3272727272727263,2025-06-04,2025-06-05,2025-06-05,17.13,16.787399999999998,-0.020000000000000018,-0.023000000000000017,0.0029188558085231353,-0.11091652072387614,1.0,stop,0,0
2023-12-08,1D,PGV,22.83,22.98,22.64,22.98,7929,22.16,22.004,1.0070896200690782,1.0302346570397112,0.007089620069078295,0.023934941317807823,-0.005397000461050183,1,0.003957783641160839,0.03678474114441421,72.3451327433628,0.2599315683719057,0.1401682053820419,-0.8382859823377047,0.024247543958450683,0.018066851248629667,0.4411764705882417,0.0,0.5588235294117583,0.5588235294117583,2023-12-08,2023-12-11,2023-12-12,23.03,22.5694,-0.020000000000000018,-0.023000000000000017,0.0,-0.03169778549717761,2.0,stop,0,0
2024-05-28,1D,PGV,22.45,22.6,22.2,22.3,130548,21.165,21.059,1.0050334773730945,1.0607134420033073,0.005033477373094548,0.010503700167104224,-4.7483380816615295e-05,1,0.0767386091127098,0.0898058252427183,75.32467532467533,0.19147239087252046,3.3527576243980737,-0.27471318647740217,0.025771555838370985,0.02410889234446285,0.37499999999999445,0.37500000000000333,0.2500000000000022,0.6249999999999967,2024-05-28,2024-05-29,2024-05-30,22.45,22.000999999999998,-0.020000000000000018,-0.023000000000000017,0.04454342984409809,-0.026726057906458656,2.0,stop,0,0
2024-12-30,1D,PGV,20.4,21.0,19.5,20.95,19300,19.55,19.515,1.0017934921854983,1.0434782608695652,0.0017934921854983418,0.02195504443282803,-0.0008192104858941729,1,0.05699481865284972,0.07086614173228334,70.90909090909088,0.2030370242506017,0.5250272034820457,-0.7654921020656136,0.018907563025210104,0.024955134943989397,0.36666666666666714,0.033333333333333805,0.5999999999999991,0.5999999999999991,2024-12-30,2024-12-31,2024-12-31,20.4,19.991999999999997,-0.020000000000000018,-0.023000000000000017,0.004901960784313708,-0.07352941176470584,1.0,stop,0,0
2025-01-20,1D,PGV,19.6,19.6,19.45,19.45,1900,19.37,19.368,1.0001032631144156,1.0118740320082602,0.00010326311441565698,-0.002574665293511691,5.163422316312172e-05,1,0.015544041450777257,0.015544041450777257,30.95238095238102,-0.004460543634393236,0.05511240029006526,-0.2962962962962963,0.028061224489795943,0.006929749532820111,1.0,0.0,0.0,1.0,2025-01-20,2025-01-21,2025-01-24,19.3,20.1299,0.04299999999999993,0.039999999999999925,0.059585492227979264,-0.005181347150259086,4.0,target,1,1
2025-05-29,1D,PGV,19.1,19.1,18.7,19.0,3100,19.095000000000002,19.084,1.0005763990777616,1.0002618486514794,0.0005763990777616216,0.0010484927916121212,-0.002404600104547794,1,0.002624671916010568,-0.0026109660574411553,56.25000000000011,0.019396553208270755,0.36992840095465396,-0.696078431372549,0.01626776364996262,0.004429585531247458,0.2500000000000022,0.0,0.7499999999999978,1.0,2025-05-29,2025-05-30,2025-06-02,19.1,18.718,-0.02000000000000013,-0.023000000000000128,0.005235602094240788,-0.020942408376963484,2.0,stop,0,0
2025-07-11,1D,PGV,19.05,19.1,18.75,19.0,20900,18.994999999999997,18.994,1.000052648204696,1.002895498815478,5.264820469609716e-05,0.0015818613234905854,0.00042136310965967816,1,0.005277044854881341,0.005277044854881341,61.90476190476193,0.012828563987748572,2.2046413502109705,0.10000000000000009,0.013498312710911129,0.0051686917777963,0.14285714285714432,0.14285714285714432,0.7142857142857114,0.8571428571428557,2025-07-11,2025-07-14,2025-07-25,19.15,19.1,-0.0026109660574411553,-0.005610966057441155,0.018276762402088753,-0.018276762402088642,10.0,timeout,0,0
2023-09-12,1D,PHR,45.58,46.09,44.7,45.21,345117,45.208999999999996,45.1992,1.0002168179967788,1.0082063305978899,0.00021681799677867035,0.018955102776775812,0.005163786776969825,1,-0.006971677559912903,0.0006586169045006418,77.912254160363,0.21789569878381598,0.7826116830617362,-0.37032097269761566,0.02161035541904346,0.012510401307472902,0.2661870503597103,0.36690647482014743,0.3669064748201423,0.6330935251798526,2023-09-12,2023-09-13,2023-09-14,46.14,45.2172,-0.020000000000000018,-0.023000000000000017,0.07628955353272637,-0.062418725617685356,2.0,stop,0,0
2023-10-16,1D,PHR,47.34,48.45,47.15,47.71,679425,45.175,45.123999999999995,1.0011302189522207,1.0479247371333704,0.0011302189522205907,0.017088436599423495,-5.7615685648881865e-05,1,0.032272132577409574,0.05481283422459904,74.87804878048784,0.2964696492604646,1.4104169596710117,0.26402299492102466,0.026751765344921234,0.016125623399225325,0.2846153846153817,0.5692307692307689,0.14615384615384938,0.14615384615384938,2023-10-16,2023-10-17,2023-10-17,47.53,46.5794,-0.020000000000000018,-0.023000000000000017,0.011571638964864128,-0.15022091310751107,1.0,stop,0,0
2023-12-04,1D,PHR,44.65,44.93,44.28,44.38,536068,43.495999999999995,43.493,1.0000689766169266,1.0265311752804855,6.897661692670103e-05,0.004294620180096853,-0.003605923427963953,1,0.029750922509225175,0.04322429906542058,67.76315789473678,0.18280943139390876,1.910641439656784,3.5906451778649355,0.022348424252119695,0.008070917521114425,0.4153846153846102,0.43076923076923346,0.15384615384615638,0.5692307692307665,2023-12-04,2023-12-05,2023-12-07,44.88,43.9824,-0.02000000000000013,-0.023000000000000128,0.008467023172905375,-0.02874331550802134,3.0,stop,0,0
2024-05-20,1D,PHR,55.58,56.79,55.49,56.7,439888,55.327,55.29240000000001,1.000625764119481,1.0045728125508342,0.0006257641194809849,0.011850984838786438,0.004206259262488077,1,-0.009975062344139696,0.025461254612546114,66.62665066026412,0.33908737831116187,1.1180929221821427,-0.16769375441092715,0.023698144245103574,0.012891809912135715,0.8615384615384669,0.06923076923076654,0.06923076923076654,0.06923076923076654,2024-05-20,2024-05-21,2024-05-28,55.49,57.87607,0.04299999999999993,0.039999999999999925,0.0634348531266895,-0.013335736168679113,6.0,target,1,1
2024-09-12,1D,PHR,53.73,54.66,52.99,53.36,69088,53.852999999999994,53.69839999999999,1.0028790429510004,0.9977160046794051,0.002879042951000441,0.006748672698721148,-0.0029596455852263226,1,-0.005184225143491927,0.017420943003219058,52.12399540757748,0.09198637025142575,0.3557847988102056,-0.41291638341264447,0.028196538246789478,0.016605595700593615,0.2215568862275441,0.5568862275449118,0.2215568862275441,0.4431137724550882,2024-09-12,2024-09-13,2024-09-26,53.82,56.13426,0.04299999999999993,0.039999999999999925,0.04663693794128565,-0.013749535488665976,10.0,target,1,1
2024-12-05,1D,PHR,53.73,53.73,52.81,53.18,266903,52.870000000000005,52.8072,1.0011892317714253,1.0162663135993946,0.0011892317714251627,0.010975982866758383,-0.0027646845540245657,1,0.01935116676152515,0.026557126480702964,74.63235294117645,0.20347374915966923,1.5669399925675394,0.4301107533046493,0.015367844513573141,0.011421357056080222,0.5978260869565222,0.0,0.4021739130434778,1.0,2024-12-05,2024-12-06,2024-12-19,53.45,52.381,-0.020000000000000018,-0.023000000000000017,0.03648269410664162,-0.03012160898035543,10.0,stop,0,0
2025-02-18,1D,PHR,55.35,55.45,54.37,54.47,434833,51.864999999999995,51.7712,1.0018118181537223,1.0671936758893281,0.0018118181537224278,0.019199025310485673,0.0021796951524044594,1,0.07392316647264274,0.10302909525707449,79.81366459627327,0.5579958580781539,2.359796632226634,-0.4959930547828345,0.02076396954445737,0.015732878009581293,0.8148148148148131,0.09259259259259345,0.09259259259259345,0.9074074074074066,2025-02-18,2025-02-19,2025-02-20,55.55,57.938649999999996,0.04299999999999993,0.039999999999999925,0.17029702970297045,-0.007020702070206997,2.0,target,1,1
2025-06-06,1D,PHR,49.49,50.27,49.1,49.59,554522,49.323,48.657399999999996,1.0136793170206382,1.0033858443322587,0.013679317020638277,0.032920776528240214,-0.015677976387956205,1,-0.002016535591853219,-0.011781150159744347,69.75697569756976,0.5245006458264931,0.7865298664888382,-0.015168817698907544,0.03241636116964466,0.030282432517002914,0.08547008547008655,0.5811965811965801,0.3333333333333333,0.3333333333333333,2025-06-06,2025-06-09,2025-06-11,49.01,51.11742999999999,0.04299999999999993,0.039999999999999925,0.14323607427055718,0.0,3.0,target,1,1
2023-11-21,1D,PNJ,76.97,77.06,75.45,75.64,1010985,73.92999999999999,73.469,1.0062747553389866,1.0411199783579062,0.006274755338986492,0.016569267789618314,-0.002465696138252871,1,0.039854093488246534,0.038451160280625896,84.67094703049753,0.6606457842457562,1.9954008387518514,0.5100236588819387,0.019645873160229404,0.01251176777464897,0.8260869565217384,0.05590062111801456,0.11801242236024707,0.9440993788819855,2023-11-21,2023-11-22,2023-11-28,76.59,75.0582,-0.020000000000000018,-0.023000000000000017,0.01736519127823466,-0.028593811202506814,5.0,stop,0,0
2024-05-17,1D,PNJ,94.61,94.99,92.6,92.98,2417381,92.80199999999999,92.6548,1.0015886926527282,1.0194823387426997,0.0015886926527281695,0.005602210543425246,0.0026794448917397684,1,0.028034336629360057,0.016437473141383663,71.0743801652893,0.24333659285655945,1.5360616401841052,1.147368710920185,0.019085871321364387,0.01152834095837961,0.6820083682008348,0.15899581589957965,0.15899581589958559,0.8410041841004203,2024-05-17,2024-05-20,2024-05-20,95.18,93.27640000000001,-0.020000000000000018,-0.023000000000000017,0.012082370245849905,-0.08226518176087427,1.0,stop,0,0
2024-06-20,1D,PNJ,93.37,94.22,92.12,92.12,1411414,91.715,91.66460000000001,1.0005498305779985,1.0180450308019409,0.0005498305779984445,0.007347934011378898,-4.1453761601584205e-05,1,0.018767048554282573,0.005167402303800195,70.16216216216216,0.32215652989668364,1.1402855646159182,1.7733841081204291,0.015613763980477044,0.011123966787191655,0.5952380952380969,0.40476190476190316,0.0,0.5952380952380969,2024-06-20,2024-06-21,2024-06-24,94.03,92.1494,-0.020000000000000018,-0.023000000000000017,0.0,-0.05072849090715725,2.0,stop,0,0
2024-07-15,1D,PNJ,93.27,93.56,92.51,93.56,930463,92.066,91.78839999999998,1.0030243473031453,1.0130775747833076,0.0030243473031452885,0.008146996342611956,0.0008963407054263239,1,-0.0030996152201796523,0.02415724168222244,56.28415300546444,0.2457039003918338,0.8641405578418603,-0.2153262449864901,0.018127096448099966,0.012007796592393972,0.27619047619048287,0.0,0.7238095238095171,0.7238095238095171,2024-07-15,2024-07-16,2024-07-17,93.56,91.6888,-0.020000000000000018,-0.023000000000000017,0.01421547669944423,-0.056113723813595584,2.0,stop,0,0
2024-08-01,1D,PNJ,93.37,94.8,91.27,92.12,2465855,91.46700000000001,91.3936,1.0008031196932827,1.0208053177648768,0.0008031196932827524,0.002938628713034408,-0.0004986920270517725,1,0.010388486094578653,0.03171270718232044,50.645994832041396,0.1889204200702667,2.120334693789457,2.2336579858083114,0.01999724597989564,0.008595254415252324,0.35410764872521233,0.40509915014164083,0.2407932011331468,0.5949008498583591,2024-08-01,2024-08-02,2024-08-05,91.27,89.4446,-0.020000000000000018,-0.023000000000000017,0.03549906869727204,-0.022022570395529684,2.0,stop,0,0
2024-12-09,1D,PNJ,93.74,94.32,93.55,93.65,920739,91.272,91.184,1.000965081593262,1.0270400560960644,0.0009650815932620644,0.010059426977855779,-0.0007824194513420535,1,0.027625520719140484,0.029770405360870056,79.3349168646081,0.5185327666040476,1.5205917753127263,0.2678234072670591,0.01165076655795664,0.006997700115235299,0.11688311688310346,0.7532467532467549,0.12987012987014163,0.2467532467532451,2024-12-09,2024-12-10,2024-12-23,93.94,94.23,0.0030870768575688157,8.70768575688156e-05,0.0216095380029806,-0.008303172237598466,10.0,timeout,1,0
2025-01-24,1D,PNJ,94.52,94.9,94.13,94.23,461741,92.628,92.49340000000001,1.001455238968402,1.0204257891782182,0.0014552389684019814,0.005874879190330917,0.0023711834025832434,1,0.02095484985958085,0.0252738908775354,53.14516129032259,0.17295758576534398,1.1840191354555831,-0.17739122379136063,0.014554742760413544,0.00758864168436974,0.37662337662336126,0.4935064935064995,0.1298701298701392,0.5064935064935006,2025-01-24,2025-02-03,2025-02-10,94.81,92.9138,-0.02000000000000013,-0.023000000000000128,0.02141124353971091,-0.028794430967197582,6.0,stop,0,0
2025-05-20,1D,PNJ,80.19,80.48,78.92,79.8,1119140,77.87899999999999,77.4026,1.006154832008227,1.0296742382413746,0.006154832008226906,0.038192870664142564,-0.009081831216714353,1,-0.024927042801556443,0.0012485953302534547,74.98949138293403,1.459548030895125,0.723289860476485,0.1638625836389087,0.031434272175012906,0.028402371811837385,0.25,0.18589743589743962,0.5641025641025603,0.8141025641025603,2025-05-20,2025-05-21,2025-05-21,80.48,78.8704,-0.020000000000000018,-0.023000000000000017,0.04112823061630211,-0.06771868787276347,1.0,stop,0,0
2023-08-08,1D,POW,11.65,11.69,11.36,11.36,27978432,11.252,11.192,1.005360972122945,1.0353714895129755,0.005360972122945005,0.011870503597122273,0.0008047929893588712,1,0.0439068100358424,0.04766187050359716,66.83673469387752,0.05368385455838985,2.3906097601301357,1.4172277302143184,0.022194972409564688,0.017437166496163472,0.8787878787878814,0.1212121212121186,0.0,0.8787878787878814,2023-08-08,2023-08-09,2023-08-09,11.74,11.5052,-0.020000000000000018,-0.023000000000000017,0.0,-0.1337308347529813,1.0,stop,0,0
2023-11-17,1D,POW,9.63,9.88,9.59,9.79,5793978,9.6,9.5992,1.0000833402783564,1.003125,8.334027835652053e-05,0.020733652312599604,-0.005985295640468125,1,-0.016343207354443168,-0.00413650465356763,68.13186813186817,0.08599187103631364,0.9833861089276862,0.5287254513174027,0.02677644266429313,0.014412633304490061,0.551724137931027,0.31034482758621157,0.13793103448276137,0.13793103448276137,2023-11-17,2023-11-20,2023-11-24,9.55,9.359,-0.02000000000000013,-0.023000000000000128,0.020942408376963373,-0.034554973821989576,5.0,stop,0,0
2024-01-19,1D,POW,9.55,9.59,9.46,9.46,5919733,9.47,9.457600000000001,1.0013111148705802,1.0084477296726504,0.0013111148705802235,0.0017983708875490834,0.00025382858109845863,1,0.0052631578947368585,0.009513742071881603,60.86956521739125,0.013263435289250843,1.1564838893307137,0.6568922408882911,0.01727748691099478,0.011628345943289327,0.6923076923076965,0.3076923076923035,0.0,0.6923076923076965,2024-01-19,2024-01-22,2024-01-24,9.59,9.3982,-0.020000000000000018,-0.023000000000000017,0.004171011470281538,-0.026068821689259614,3.0,stop,0,0
2024-02-19,1D,POW,9.92,10.0,9.5,9.5,22521564,9.450000000000001,9.424199999999999,1.0027376329025277,1.0497354497354496,0.0027376329025277524,0.005747126436781658,0.0018284256404803578,1,0.05756929637526653,0.06666666666666665,72.54901960784306,0.03327841810288682,4.847950512492556,6.771705777855075,0.012960829493087576,0.015302199491747801,0.8399999999999999,0.16000000000000014,0.0,0.8399999999999999,2024-02-19,2024-02-20,2024-02-21,9.96,9.760800000000001,-0.019999999999999907,-0.022999999999999906,0.016064257028112205,-0.050200803212851364,2.0,stop,0,0
2024-05-24,1D,POW,9.38,9.63,9.3,9.55,13368961,9.278,9.245800000000001,1.0034826623980617,1.010993748652727,0.003482662398061775,0.009465781743009716,-0.0015981685851887972,1,0.004282655246252709,0.008602150537634357,60.00000000000003,0.05203042897548177,1.9743274509383035,-0.11200287475710191,0.02040816326530613,0.010338228959552373,0.5151515151515148,0.2424242424242426,0.2424242424242426,0.2424242424242426,2024-05-24,2024-05-27,2024-05-27,9.46,9.86678,0.04299999999999993,0.039999999999999925,0.2494714587737843,-0.0042283298097252064,1.0,target,1,1
2024-12-05,1D,POW,10.33,10.37,10.12,10.17,8791441,10.179,10.088199999999999,1.0090006145794097,1.0148344631103252,0.009000614579409762,0.028909329829172048,-0.002037828426717514,1,0.007804878048780495,0.0038872691933917736,74.64114832535881,0.09539689975034556,1.302635798211463,0.521660023404453,0.026552344074125326,0.024861766562521245,0.6400000000000006,0.1599999999999966,0.20000000000000284,0.8400000000000034,2024-12-05,2024-12-06,2024-12-13,10.37,10.1626,-0.020000000000000018,-0.023000000000000017,0.03567984570877547,-0.027965284474445462,6.0,stop,0,0
2025-02-19,1D,POW,10.25,10.33,10.12,10.12,7541442,9.966999999999999,9.9104,1.0057111721020342,1.0283936992073845,0.005711172102034181,0.015486500254711988,-0.0009475997499950317,1,0.020916334661354563,0.04166666666666674,84.95575221238926,0.0710233099542419,1.615976318516857,2.16597272074659,0.01979094076655052,0.01002359706154436,0.6190476190476203,0.38095238095237977,0.0,0.6190476190476203,2025-02-19,2025-02-20,2025-02-20,10.29,10.0842,-0.020000000000000018,-0.023000000000000017,0.007774538386783325,-0.0437317784256559,1.0,stop,0,0
2025-05-09,1D,POW,10.54,10.7,10.46,10.66,7227301,10.101,10.0336,1.0067174294370915,1.0434610434610432,0.006717429437091475,0.019273461150353333,0.0022374940067124705,1,0.04563492063492047,0.07660878447395292,69.44444444444441,0.1061141852203226,0.769786535058924,-0.20561843002797753,0.02812415288696123,0.018941633007959983,0.5000000000000074,0.1666666666666642,0.3333333333333284,0.3333333333333284,2025-05-09,2025-05-12,2025-05-12,10.87,10.6526,-0.020000000000000018,-0.023000000000000017,0.04967801287948492,-0.034038638454461756,1.0,stop,0,0
2023-09-08,1D,PVD,25.87,26.01,25.67,25.91,4072444,24.875,24.764200000000002,1.0044742006606309,1.04,0.004474200660630974,0.027043765483071747,0.004078885483060013,1,0.02131859455191476,0.05376782077393072,60.264900662251655,0.19936547952718775,0.9834449704622558,-0.5149927941646371,0.027969517919266676,0.008313546502933044,0.11764705882352695,0.2941176470588278,0.5882352941176452,0.5882352941176452,2023-09-08,2023-09-11,2023-09-11,26.01,25.489800000000002,-0.020000000000000018,-0.023000000000000017,0.060361399461745346,-0.06382160707420226,1.0,stop,0,0
2023-10-10,1D,PVD,25.62,26.16,25.52,26.01,5479793,25.181,25.057399999999998,1.0049326745791665,1.017433779436877,0.004932674579166365,0.01996921581335065,0.0002634646398518292,1,0.013449367088607556,0.06705539358600587,45.79741379310346,0.051139904293598465,1.2487900465121218,-0.04209621737825464,0.044440727110516304,0.03136954818150859,0.6093750000000003,0.23437499999999759,0.15625000000000208,0.15625000000000208,2023-10-10,2023-10-11,2023-10-11,25.52,26.617359999999998,0.04299999999999993,0.039999999999999925,0.14576802507836994,0.0,1.0,target,1,1
2023-11-14,1D,PVD,26.79,27.19,26.5,27.19,3748214,25.846000000000004,25.803800000000003,1.0016354180392035,1.0365240269287315,0.0016354180392035716,0.030008368867811885,0.0038357997603597482,1,0.009039548022598876,0.04160186625194395,52.05479452054795,0.16619807377403018,0.5819063191922775,-0.22648402165721082,0.0441795979309977,0.02121340993418944,0.5797101449275383,0.0,0.42028985507246175,0.42028985507246175,2023-11-14,2023-11-15,2023-11-15,27.09,26.548199999999998,-0.02000000000000013,-0.023000000000000128,0.021410114433370264,-0.0612772240679218,1.0,stop,0,0
2024-02-06,1D,PVD,28.11,28.16,27.67,27.72,4911335,27.22,27.21,1.0003675119441382,1.03269654665687,0.0003675119441381114,0.008334876829042548,0.0027787400588179523,1,0.04342984409799544,0.028540065861690556,67.67371601208457,0.1136423498395148,1.2825549844557942,-0.26985336367102974,0.017685622808354954,0.010621330254022518,0.7959183673469424,0.10204081632653239,0.10204081632652513,0.8979591836734676,2024-02-06,2024-02-07,2024-02-23,28.11,27.5478,-0.020000000000000018,-0.023000000000000017,0.03842049092849531,-0.03984347207399508,8.0,stop,0,0
2024-05-17,1D,PVD,31.88,32.56,31.83,32.08,6443371,31.068,30.899,1.0054694326677238,1.0261362173297282,0.00546943266772389,0.025854383358097976,0.0018416325683641155,1,0.021794871794871717,0.013994910941475647,78.04295942720755,0.26515532862433266,1.2831939353409458,-0.3624580768338739,0.026886538806237675,0.014155619853743985,0.27397260273972357,0.6575342465753443,0.06849315068493211,0.06849315068493211,2024-05-17,2024-05-20,2024-05-24,32.08,31.438399999999998,-0.020000000000000018,-0.023000000000000017,0.03335411471321703,-0.061097256857855275,5.0,stop,0,0
2024-10-01,1D,PVD,26.79,27.23,26.79,27.14,4244176,26.447000000000003,26.427799999999998,1.0007265076926573,1.0129693348962074,0.0007265076926571638,0.020922601814321595,-0.002174783088040977,1,-0.011074197120708784,-0.005567928730512373,60.125260960334025,0.18982325432905703,1.0574107630534175,-0.09671841875240361,0.023729536607476124,0.01953721809341993,0.7954545454545464,0.20454545454545361,0.0,0.0,2024-10-01,2024-10-02,2024-10-03,27.14,26.5972,-0.020000000000000018,-0.023000000000000017,0.028739867354458326,-0.05969049373618274,2.0,stop,0,0
2025-02-06,1D,PVD,23.23,23.47,23.08,23.13,3264239,22.977,22.9302,1.0020409765287699,1.011011011011011,0.0020409765287699656,0.015872314086126105,0.0011176794181080307,1,0.015297202797202925,0.008684324793747145,73.43283582089552,0.13200565404515066,1.0470485728728776,-0.1858344062538504,0.021954369349978468,0.013260536788453044,0.25641025641025966,0.6153846153846105,0.12820512820512983,0.3846153846153895,2025-02-06,2025-02-07,2025-02-11,23.23,22.7654,-0.020000000000000018,-0.023000000000000017,0.04390873869995704,-0.02539819199311233,3.0,stop,0,0
2025-06-06,1D,PVD,19.07,19.75,18.97,18.97,14092299,18.604,18.5192,1.004579031491641,1.0250483766931844,0.0045790314916409865,0.020683601250891526,-0.011497443233375426,1,0.020877944325481845,0.0629877369007803,64.75644699140405,0.1576042099647564,2.0749576077942598,1.2657176000173638,0.030114615326990838,0.020485016816378855,0.12820512820512983,0.8717948717948701,0.0,0.12820512820512983,2025-06-06,2025-06-09,2025-06-09,19.17,18.7866,-0.02000000000000013,-0.023000000000000128,0.11476264997391761,-0.041210224308816046,1.0,stop,0,0
2023-09-12,1D,PVT,17.38,17.48,17.14,17.14,6184494,15.860999999999999,15.7174,1.0091363711555346,1.0957694975096148,0.009136371155534584,0.04321231254932911,0.005205935021744601,1,0.09583858764186637,0.08692933083176979,86.8347338935574,0.2549433454087914,1.6415626385555062,-0.5943775405947509,0.02560414269275029,0.019274015554081488,0.7058823529411722,0.2941176470588278,0.0,0.7058823529411722,2023-09-12,2023-09-13,2023-09-15,17.51,18.26293,0.04299999999999993,0.039999999999999925,0.11650485436893199,-0.013706453455168632,3.0,target,1,1
2023-12-08,1D,PVT,17.71,18.02,17.71,17.92,2741612,17.846,17.8298,1.000908591234899,0.9923792446486608,0.0009085912348989515,0.013919663655473924,-0.003164415421773148,1,-0.018836565096952862,-0.015564202334630184,61.83844011142062,0.08661212994927939,0.5878903796382648,-0.5073892192092209,0.03016858917480037,0.014968790464548796,0.6774193548387152,0.32258064516128476,0.0,0.0,2023-12-08,2023-12-11,2023-12-13,17.85,17.493000000000002,-0.019999999999999907,-0.022999999999999906,0.022969187675069946,-0.03809523809523807,3.0,stop,0,0
2023-12-21,1D,PVT,18.05,18.22,17.85,17.92,3400196,17.609,17.5776,1.0017863644638632,1.0250440115849848,0.0017863644638631796,-0.004241121918117985,-0.005443085244825618,1,0.051252184041933546,0.046983758700696265,50.833333333333364,0.013284293164769125,0.841461902323338,-0.1624371771720139,0.023031262366442394,0.01743943331359216,0.3513513513513511,0.45945945945945765,0.18918918918919125,0.5405405405405423,2023-12-21,2023-12-22,2023-12-22,18.19,17.8262,-0.020000000000000018,-0.023000000000000017,0.028037383177569986,-0.02034084661902147,1.0,stop,0,0
2024-05-08,1D,PVT,21.06,21.06,19.56,19.86,7958786,19.094,19.0028,1.0047992927358074,1.1029642819733947,0.0047992927358073865,0.026172945665609904,0.005832971639689655,1,0.10609243697478998,0.1310418904403865,63.00751879699249,0.21534425966843493,2.5834457731058174,1.825728561573532,0.03673178673178674,0.023994981695174042,0.7999999999999995,0.0,0.20000000000000048,1.0,2024-05-08,2024-05-09,2024-05-15,21.66,22.591379999999997,0.04299999999999993,0.039999999999999925,0.05170821791320401,-0.018928901200369386,5.0,target,1,1
2024-08-29,1D,PVT,21.25,21.47,21.25,21.43,947733,21.643,21.6116,1.0014529234300098,0.981841704015155,0.0014529234300098756,0.00599609556567815,-0.003182568748097303,1,-0.008399440037330841,-0.035406264185202097,52.959501557632414,0.033104697199158616,0.4912368181018896,-0.2622917897499726,0.021075630252100862,0.015328507676441413,0.8181818181818211,0.18181818181817888,0.0,0.0,2024-08-29,2024-08-30,2024-09-10,21.25,20.825,-0.020000000000000018,-0.023000000000000017,0.01741176470588246,-0.060235294117647165,6.0,stop,0,0
2024-09-30,1D,PVT,21.17,21.4,21.17,21.4,1052868,21.137,21.1232,1.0006533101045296,1.0015612433174055,0.0006533101045296078,0.007195273039169114,-0.0021258302548162744,1,-0.0075011720581339425,0.008575512148642384,59.336099585062286,0.05802311483051618,0.882139180054821,-0.29188253057628355,0.017781226803428075,0.008566697995159151,1.0,0.0,0.0,0.0,2024-09-30,2024-10-01,2024-10-09,21.25,22.163749999999997,0.04299999999999993,0.039999999999999925,0.051764705882352935,-0.012235294117647122,7.0,target,1,1
2024-11-13,1D,PVT,21.29,21.44,20.83,21.44,2339309,21.217000000000002,21.1748,1.0019929349982055,1.0034406372248668,0.001992934998205467,0.009804388177621304,0.0004063081705738547,1,-0.010687732342007483,0.0,60.83650190114071,0.0674255493228825,1.4430434015547526,0.615394282991572,0.019626920754210544,0.014532778863530887,0.2459016393442646,0.0,0.7540983606557354,0.7540983606557354,2024-11-13,2024-11-14,2024-11-14,21.33,20.903399999999998,-0.020000000000000018,-0.023000000000000017,0.01406469760900153,-0.057196436943272366,1.0,stop,0,0
2024-12-25,1D,PVT,21.36,21.67,21.36,21.67,2109532,20.875999999999998,20.8246,1.0024682346839795,1.023184518106917,0.0024682346839794015,0.00855113773612226,-0.000806087882771811,1,0.014245014245014342,0.01762744163887575,62.59842519685045,0.11152162812098156,1.1445528520392048,-0.6034590553013497,0.01865971107544141,0.01417900638376444,1.0,0.0,0.0,0.0,2024-12-25,2024-12-26,2024-12-27,21.36,20.9328,-0.019999999999999907,-0.022999999999999906,0.0074906367041198685,-0.07771535580524347,2.0,stop,0,0
2025-06-04,1D,PVT,17.5,17.77,17.39,17.5,3066354,16.906,16.7866,1.007112816174806,1.0351354548680942,0.0071128161748060265,0.013549160671462834,-0.007133055739566574,1,0.05231509320505112,0.02639296187683282,66.95278969957076,0.11587283292565353,1.3113522582184731,-0.41956026449549977,0.023224489795918346,0.014928938333230899,0.0,0.7105263157894744,0.28947368421052555,0.28947368421052555,2025-06-04,2025-06-05,2025-06-09,17.5,17.15,-0.02000000000000013,-0.023000000000000128,0.08857142857142852,-0.03028571428571436,3.0,stop,0,0
2023-12-13,1D,REE,41.68,42.77,41.54,42.77,588444,42.123000000000005,42.053599999999996,1.0016502748872869,0.9894831802103363,0.00165027488728691,0.0063790137614681,-0.004417592719731522,1,-0.025485153144727657,-0.01883239171374762,51.12179487179488,0.09764638699579498,1.877343712613058,1.0475950212782243,0.018456950918563208,0.01497087629336834,0.8861788617886178,0.0,0.1138211382113822,0.1138211382113822,2023-12-13,2023-12-14,2023-12-15,41.97,41.1306,-0.019999999999999907,-0.022999999999999906,0.005241839409101612,-0.04479390040505116,2.0,stop,0,0
2024-02-20,1D,REE,42.48,42.84,42.26,42.84,626086,41.147000000000006,41.0446,1.0024948470687984,1.0323960434539576,0.002494847068798403,0.013547799098455604,0.0015177246818147694,1,0.008547008547008517,0.04630541871921179,64.35643564356425,0.28559757456523804,1.1047043530841807,-0.42465642646768276,0.017739440408931953,0.012917132883488057,0.6206896551724193,0.0,0.3793103448275807,0.3793103448275807,2024-02-20,2024-02-21,2024-02-29,42.48,44.306639999999994,0.04299999999999993,0.039999999999999925,0.07815442561205277,-0.01365348399246702,7.0,target,1,1
2024-05-07,1D,REE,47.71,48.37,47.57,48.37,1419900,45.335,45.1452,1.004204212186456,1.0523877798610346,0.0042042121864561055,0.024705031418109646,0.006810913518793704,1,0.012306386590282159,0.08333333333333348,59.61049957662999,0.42463288538322186,1.213586009478945,-0.12004486847772533,0.025885558583106278,0.023803041184424792,0.8249999999999986,0.0,0.17500000000000132,0.17500000000000132,2024-05-07,2024-05-08,2024-05-16,48.15,50.22044999999999,0.04299999999999993,0.039999999999999925,0.05192107995846307,-0.013707165109034247,7.0,target,1,1
2024-11-28,1D,REE,56.56,56.73,56.22,56.64,643178,55.089,55.028999999999996,1.0010903341874284,1.026702245457351,0.0010903341874284882,0.006945840720905316,0.0012008078161671598,1,0.0015937666017356023,0.030800072899580977,62.79949558638083,0.3085551007896167,0.7504719634818493,-0.33641270928682565,0.018109719135178826,0.016018710906049304,0.1568627450980365,0.17647058823528755,0.666666666666676,0.666666666666676,2024-11-28,2024-11-29,2024-12-12,56.73,55.71,-0.01797990481226852,-0.02097990481226852,0.02080028203772244,-0.01797990481226852,10.0,timeout,0,0
2025-02-13,1D,REE,57.32,57.74,56.98,57.4,520505,56.202,56.1972,1.0000854135081463,1.0198925305149282,8.54135081462407e-05,0.009248118950562878,0.0008441704155668361,1,0.01649228586628837,0.028899658948124296,58.41584158415842,0.24248831045895,1.1483044691779178,-0.21652934110825794,0.013582893031602058,0.008548683486650815,0.1052631578947339,0.4473684210526331,0.4473684210526331,0.4473684210526331,2025-02-13,2025-02-14,2025-02-19,57.32,59.78476,0.04299999999999993,0.039999999999999925,0.1191556175854851,-0.019190509420795587,4.0,target,1,1
2025-05-16,1D,REE,60.76,61.7,60.5,60.76,880646,59.84499999999999,59.640600000000006,1.0034271955681195,1.0152894978694964,0.00342719556811946,0.008799285268782597,-0.0015769702083205939,1,0.03350910018710662,0.03350910018710662,61.23949579831934,0.2892407377471969,1.2303989631992167,0.3488924220284102,0.020419919119721637,0.017694429710668647,0.0,0.7833333333333355,0.2166666666666645,0.2166666666666645,2025-05-16,2025-05-19,2025-05-26,60.5,59.29,-0.020000000000000018,-0.023000000000000017,0.04677685950413224,-0.023966942148760384,6.0,stop,0,0
2023-07-28,1D,SAB,64.56,65.87,64.56,65.79,324848,64.04299999999999,64.0302,1.0001999056695121,1.0080727011539123,0.00019990566951217693,0.013338607594936436,-0.0002747947626619007,1,-0.006310604894566696,0.025575853852263686,67.96875000000003,0.39557215773158405,1.969352240686213,1.1409185872552445,0.012579660116834828,0.012892577658227948,0.9389312977099251,0.061068702290074925,0.0,0.0,2023-07-28,2023-07-31,2023-08-11,64.52,65.59,0.01658400495970258,0.013584004959702582,0.03564786112833218,-0.002014879107253509,10.0,timeout,1,0
2023-09-06,1D,SAB,65.38,65.79,65.09,65.09,239685,64.139,64.0848,1.0008457543754525,1.0193486022544787,0.0008457543754524392,0.008934891695898894,0.0010934971287890338,1,-0.0050220666565210514,0.017270888439396392,54.2787286063569,0.18836305997650143,0.8656452232408325,-0.287180036223156,0.019403050299348874,0.012338275841700512,0.4142857142857012,0.5857142857142987,0.0,0.4142857142857012,2023-09-06,2023-09-07,2023-09-11,65.54,68.35822,0.04299999999999993,0.039999999999999925,0.10421116875190717,-0.014952700640830097,3.0,target,1,1
2024-03-13,1D,SAB,50.2,50.2,49.36,49.95,1487461,50.047999999999995,49.99179999999999,1.0011241843662362,1.003037084398977,0.0011241843662361435,0.012625445127872892,-0.0012785731124066446,1,-0.006727344677483149,-0.0276970753437924,58.00711743772243,0.20812134822707468,0.9453132886919804,0.15205334204915189,0.0222965281730222,0.016054590193371025,0.2976190476190464,0.0,0.7023809523809535,1.0,2024-03-13,2024-03-14,2024-03-14,50.45,49.441,-0.020000000000000018,-0.023000000000000017,0.001783944499504475,-0.06342913776015857,1.0,stop,0,0
2024-05-14,1D,SAB,48.09,48.43,47.92,48.01,479856,48.05,47.857400000000005,1.0040244559879976,1.0008324661810615,0.004024455987997502,0.018893530397166902,0.00034698416414458144,1,-0.008658008658008587,-0.01049382716049374,75.49407114624508,0.28905831922932423,0.5484315835725393,-0.33960984001376227,0.02340849003356801,0.017154137143075114,0.15686274509805043,0.6666666666666621,0.17647058823528755,0.333333333333338,2024-05-14,2024-05-15,2024-05-23,48.18,50.25174,0.04299999999999993,0.039999999999999925,0.06641760066417612,0.0,7.0,target,1,1
2024-08-26,1D,SAB,49.38,50.25,49.38,49.55,579282,49.274,49.1062,1.0034170837898269,1.002151235945935,0.003417083789826941,0.01837346285005692,-0.005528643639427067,1,-0.012202440488097599,-0.018875422213391557,74.26229508196721,0.32796927443897644,0.6557836184169414,-0.1112989583173527,0.02088757738818493,0.012698163012470858,0.1954022988505691,0.804597701149431,0.0,0.0,2024-08-26,2024-08-27,2024-09-10,49.38,48.3924,-0.020000000000000018,-0.023000000000000017,0.03159173754556499,-0.029971648440664356,9.0,stop,0,0
2024-12-06,1D,SAB,50.25,50.94,49.9,50.25,1070661,49.14,48.989000000000004,1.0030823246034823,1.0225885225885225,0.0030823246034823375,0.011485735457576807,-0.0004978230443103415,1,0.026767470371884095,0.028659160696008268,73.07692307692304,0.22495870599687992,2.0047355574718817,0.5813594544576406,0.015493958777540876,0.008547267269964277,0.0,0.6634615384615368,0.3365384615384632,0.3365384615384632,2024-12-06,2024-12-09,2024-12-19,50.25,49.245,-0.020000000000000018,-0.023000000000000017,0.01213930348258696,-0.02268656716417916,9.0,stop,0,0
2025-05-19,1D,SAB,44.84,45.29,44.75,45.29,754833,44.402,44.265,1.0030949960465378,1.009864420521598,0.003094996046537907,0.006733930393379328,-0.0019165727170237234,1,0.0040304523063146025,0.00493052442850761,52.70758122743684,0.21613781378196836,0.5854001399144436,0.07745857646937915,0.0198164903784886,0.009017348890538027,0.8333333333333267,0.0,0.16666666666667324,0.16666666666667324,2025-05-19,2025-05-20,2025-06-02,44.66,44.34,-0.007165248544558689,-0.010165248544558688,0.009180474697716212,-0.019256605463502052,10.0,timeout,0,0
2023-09-08,1D,SBT,15.14,15.23,14.86,15.0,5592109,14.706,14.6454,1.004137818017944,1.0295117639058888,0.004137818017944139,0.03789964005928437,0.0037420840529649446,1,0.012709030100334529,0.03415300546448097,56.94117647058823,0.12470336556272868,1.6469635459883,0.6380066971843941,0.03368560105680317,0.022062810297617596,0.3783783783783789,0.2432432432432422,0.3783783783783789,0.7567567567567578,2023-09-08,2023-09-11,2023-09-11,15.23,14.9254,-0.020000000000000018,-0.023000000000000017,0.0026263952724885353,-0.08404464871963235,1.0,stop,0,0
2024-01-17,1D,SBT,12.64,12.95,12.64,12.68,5856368,12.397,12.373399999999998,1.0019073173097128,1.0196015164959265,0.00190731730971292,0.012744056858099873,-0.0013720299586778006,1,0.030154849225753955,0.015261044176706928,66.2983425414364,0.06415186254918834,2.3359295582799837,3.8393496375673877,0.02249095840867995,0.017286701308160842,0.1290322580645139,0.8709677419354861,0.0,0.0,2024-01-17,2024-01-18,2024-01-18,12.64,12.3872,-0.020000000000000018,-0.023000000000000017,0.007120253164556889,-0.03639240506329122,1.0,stop,0,0
2024-02-26,1D,SBT,12.18,12.27,12.05,12.23,2490743,12.258,12.253800000000002,1.0003427508201534,0.9936368086147822,0.00034275082015352925,0.004095674967234508,-0.0008154079485963583,1,-0.007334963325183352,-0.02168674698795181,44.23076923076925,0.003622438073558153,1.0857967554954735,-0.40980577028294096,0.019528501055594623,0.014468647505749908,0.22727272727273168,0.18181818181817888,0.5909090909090895,0.5909090909090895,2024-02-26,2024-02-27,2024-03-08,12.18,11.936399999999999,-0.020000000000000018,-0.023000000000000017,0.01477832512315258,-0.044334975369458074,9.0,stop,0,0
2024-05-29,1D,SBT,11.05,11.23,11.05,11.18,2552832,10.859,10.794399999999998,1.0059845845994222,1.017589096601897,0.0059845845994221285,0.023661387631975783,-0.0005925487000967289,1,-0.011627906976744096,0.025998142989786643,77.70700636942684,0.1180149361454052,0.9991172709176744,-0.3640052616893211,0.021396250808015504,0.015612055525188325,0.7222222222222179,0.2777777777777822,0.0,0.0,2024-05-29,2024-05-30,2024-05-30,11.0,10.78,-0.020000000000000018,-0.023000000000000017,0.032727272727272716,-0.037272727272727235,1.0,stop,0,0
2024-09-16,1D,SBT,12.05,12.32,12.05,12.32,1739883,11.626000000000001,11.597999999999999,1.0024142093464392,1.0364699810768965,0.002414209346439235,0.019020071873082633,0.006473783779092912,1,0.05240174672489095,0.05240174672489095,54.97835497835499,0.07532335119045055,0.7584367541196511,-0.671406474860905,0.026674570243034972,0.024010751152929544,1.0,0.0,0.0,0.0,2024-09-16,2024-09-17,2024-09-30,12.05,11.809000000000001,-0.020000000000000018,-0.023000000000000017,0.03734439834024883,-0.030705394190871482,10.0,stop,0,0
2024-12-09,1D,SBT,11.68,11.77,11.55,11.59,1744960,11.271,11.2434,1.0024547734671008,1.0362878182947386,0.0024547734671008237,0.021756867011150538,-0.0017933875492737172,1,0.040071237756010625,0.04472271914132375,81.81818181818187,0.09405678361178667,1.6718853200265458,0.28383384381306653,0.019386007827788636,0.008167927389011882,0.40909090909091056,0.40909090909091056,0.18181818181817888,0.5909090909090895,2024-12-09,2024-12-10,2024-12-11,11.68,11.446399999999999,-0.02000000000000013,-0.023000000000000128,0.015410958904109595,-0.023116438356164393,2.0,stop,0,0
2023-10-12,1D,SCS,56.35,56.52,55.94,56.02,29007,55.831999999999994,55.778400000000005,1.0009609454555883,1.0092778335005017,0.0009609454555883417,0.006362767894158017,-0.0014607948442534324,1,0.007329281372899565,0.019356005788712105,50.95238095238093,0.04592465230087284,1.4265901411983417,1.9904123711340205,0.011889973380656622,0.005415959250873103,0.5689655172413711,0.29310344827586227,0.13793103448276664,0.7068965517241377,2023-10-12,2023-10-13,2023-10-18,56.44,55.3112,-0.020000000000000018,-0.023000000000000017,0.00425230333097093,-0.03649893692416717,4.0,stop,0,0
2023-12-20,1D,SCS,54.79,54.79,54.38,54.79,74726,54.105,54.0546,1.000932390582855,1.0126605674152112,0.0009323905828550434,0.004436936100694178,-0.0016364012470633238,1,0.007539536594336038,0.01991809381980647,70.8171206225681,0.11779573259476926,3.2806144511931445,1.6230693625386126,0.011928662686100192,0.006459296141418664,0.0,0.0,1.0,1.0,2023-12-20,2023-12-21,2023-12-29,54.95,57.31285,0.04299999999999993,0.039999999999999925,0.0780709736123748,-0.019472247497725248,7.0,target,1,1
2024-11-12,1D,SCS,71.44,72.31,70.12,70.56,299615,69.071,68.8052,1.0038630801160378,1.0342980411460672,0.0038630801160377225,0.026986439871535595,-0.0011729524141333991,1,0.002525961268593724,0.034313015781091805,61.90845616757175,0.6574649742180988,0.8570096864991834,-0.18142003945161167,0.02392617181251001,0.01419124655702826,0.4018264840182632,0.3972602739726052,0.2009132420091316,0.6027397260273948,2024-11-12,2024-11-13,2024-11-13,71.35,69.92299999999999,-0.02000000000000013,-0.023000000000000128,0.0,-0.08969866853538877,1.0,stop,0,0
2024-12-03,1D,SCS,70.3,71.0,67.49,67.93,467710,68.263,67.95620000000001,1.0045146726862302,1.0298404699471162,0.004514672686230182,0.009329903004494877,-0.0014664394028445216,1,0.03488885617547455,0.028228755302032837,50.72347266881026,0.1056754486791575,1.7289543949509847,2.876360260904879,0.022718959561064827,0.013441583648416156,0.6752136752136715,0.19943019943019996,0.12535612535612858,0.8005698005698001,2024-12-03,2024-12-04,2024-12-17,70.56,70.56,0.0,-0.003,0.01743197278911568,-0.018565759637188206,10.0,timeout,0,0
2025-06-03,1D,SCS,58.11,59.38,58.11,59.11,725008,57.051,56.87080000000001,1.0031685856362138,1.018562338959878,0.003168585636213876,0.00448975279949293,-0.008507848839236387,1,0.012722202858138631,0.011136244997389966,54.31279620853079,0.2979856020443329,1.9115724263070597,0.41218085064940113,0.02328096958969441,0.014528112615145096,0.7874015748031477,0.21259842519685232,0.0,0.0,2025-06-03,2025-06-04,2025-06-05,58.11,56.9478,-0.020000000000000018,-0.023000000000000017,0.02977112373085533,-0.02977112373085522,2.0,stop,0,0
2023-11-15,1D,SHB,8.5,8.72,8.42,8.57,31716373,8.184,8.1804,1.0004400762798884,1.0386119257087,0.0004400762798883569,0.03190013869625519,-0.006630236794171074,1,0.03658536585365857,0.017964071856287456,73.41772151898738,0.1036032959024179,1.9280050201460357,-0.015834251258693977,0.030084033613445398,0.026959653200633704,0.23333333333333373,0.5,0.2666666666666663,0.2666666666666663,2023-11-15,2023-11-16,2023-11-17,8.46,8.2908,-0.020000000000000018,-0.023000000000000017,0.017730496453900457,-0.07801418439716323,2.0,stop,0,0
2024-01-05,1D,SHB,8.5,8.54,8.35,8.46,39868353,8.072,8.049399999999999,1.002807662682933,1.0530227948463826,0.002807662682932967,0.020480404551200815,0.005621907950627003,1,0.05459057071960283,0.0691823899371069,82.35294117647055,0.06749518773050651,2.0773000977569773,-0.3523610857449728,0.017310924369747918,0.009221544902816441,0.21052631578946976,0.21052631578946976,0.5789473684210605,0.7894736842105302,2024-01-05,2024-01-08,2024-01-10,8.57,8.938509999999999,0.04299999999999993,0.039999999999999925,0.07351225204200684,-0.008168028004667427,3.0,target,1,1
2024-05-09,1D,SHB,8.65,8.9,8.65,8.79,24170585,8.467,8.4376,1.0034844031478147,1.0216133223101453,0.0034844031478146343,0.01595872330213588,-0.0009472387989013509,1,0.0,0.004645760743321903,57.57575757575759,0.057605263466973325,0.8531036013763388,-0.5958537470741071,0.029232039636663935,0.019668655697114724,0.5599999999999952,0.44000000000000483,0.0,0.0,2024-05-09,2024-05-10,2024-05-14,8.68,8.5064,-0.020000000000000018,-0.023000000000000017,0.0426267281105992,-0.020737327188940058,3.0,stop,0,0
2024-07-10,1D,SHB,8.72,8.79,8.68,8.68,18893814,8.581,8.5794,1.0001864932279647,1.0161985782542828,0.000186493227964639,0.011314083677077313,0.002758362748077392,1,0.008092485549132888,0.008092485549132888,59.37500000000006,0.026161131783328177,0.9988077520382217,0.013532079271283859,0.016382699868938356,0.007899493764133007,0.3636363636363739,0.6363636363636261,0.0,0.3636363636363739,2024-07-10,2024-07-11,2024-07-22,8.76,8.5848,-0.020000000000000018,-0.023000000000000017,0.020547945205479312,-0.03995433789954339,8.0,stop,0,0
2024-10-01,1D,SHB,8.49,8.6,8.45,8.49,27377011,8.166,8.158000000000001,1.0009806325079675,1.0396767083027185,0.000980632507967531,0.020239880059969906,-0.0019818453181962292,1,0.02784503631961255,0.05728518057285181,79.59183673469393,0.07398908429126938,1.7598750771399438,0.11739148517582443,0.016321723035503975,0.010370839627167805,0.0,0.7333333333333278,0.2666666666666722,0.2666666666666722,2024-10-01,2024-10-02,2024-10-07,8.45,8.280999999999999,-0.020000000000000018,-0.023000000000000017,0.02721893491124261,-0.0272189349112425,4.0,stop,0,0
2025-02-05,1D,SHB,8.03,8.18,8.03,8.14,11060633,7.906000000000001,7.9034,1.0003289723410178,1.0156842904123449,0.00032897234101780977,0.010222335803731442,0.0018253264038536887,1,0.015170670037926604,0.029487179487179382,63.33333333333326,0.03157047753061323,1.237474795026437,-0.1822198296497255,0.013342821561999677,0.007098559341184787,0.7333333333333396,0.26666666666666033,0.0,0.0,2025-02-05,2025-02-06,2025-02-17,8.07,8.41701,0.04299999999999993,0.039999999999999925,0.057001239157372874,-0.004956629491945641,8.0,target,1,1
2023-11-27,1D,SIP,41.06,41.91,40.84,41.91,70324,40.977999999999994,40.9024,1.0018483023001095,1.0020010737468887,0.0018483023001093907,0.008440999138673355,-0.006929236327261834,1,-0.036602534021585975,-0.010125361620057727,67.20430107526883,0.3137884312661984,0.8944035550264732,-0.519566049079084,0.035696889569271424,0.027315684579241634,0.7943925233644857,0.0,0.20560747663551426,0.20560747663551426,2023-11-27,2023-11-28,2023-11-28,41.06,40.238800000000005,-0.019999999999999907,-0.022999999999999906,0.05723331709693125,-0.022649780808572828,1.0,stop,0,0
2024-05-15,1D,SIP,63.49,63.71,62.91,62.91,138150,62.23900000000001,61.8684,1.005990133897111,1.0200999373383246,0.0059901338971108066,0.019993772431537993,0.002531104060461198,1,0.010343730108211213,0.02452799741810563,78.06549885757804,0.5400881593818672,0.5810910083579941,-0.01209936928819666,0.027372139594536833,0.020447230096004722,0.7250000000000029,0.27499999999999714,0.0,0.7250000000000029,2024-05-15,2024-05-16,2024-05-16,63.71,66.44953,0.04299999999999993,0.039999999999999925,0.06733636791712438,-0.005650604300737716,1.0,target,1,1
2024-11-07,1D,SIP,66.41,67.24,65.49,65.65,683404,61.74000000000001,61.4076,1.005413010767397,1.0756397797214121,0.005413010767396982,0.024730290456431714,0.0016147816130200887,1,0.10132669983416243,0.0716475714055187,68.68250539956803,0.6730763911650075,1.9220924303358073,-0.6192750223258182,0.022124464904166734,0.028456583065750034,0.4342857142857091,0.4742857142857133,0.0914285714285776,0.5257142857142867,2024-11-07,2024-11-08,2024-11-13,66.41,69.26562999999999,0.04299999999999993,0.039999999999999925,0.09064899864478249,-0.08071073633488934,4.0,target,1,1
2025-02-04,1D,SIP,69.66,69.83,68.14,68.56,559846,68.628,68.5258,1.001491409075122,1.0150375939849623,0.0014914090751220166,0.011719959311839334,0.0014526557001390827,1,0.0036017864860971027,0.022307014969181083,55.13043478260866,0.14269050635486447,1.3858250018627147,0.9541895736251462,0.019615684344366512,0.013700766569876484,0.6508875739644946,0.1005917159763325,0.24852071005917295,0.8994082840236675,2025-02-04,2025-02-05,2025-02-10,70.09,68.68820000000001,-0.019999999999999907,-0.022999999999999906,0.011984591239834641,-0.03994863746611499,4.0,stop,0,0
2025-02-21,1D,SIP,74.06,75.16,72.29,72.54,1050316,69.796,69.536,1.003739070409572,1.0610923262078056,0.003739070409572094,0.015628183114577476,0.002635783208273068,1,0.08022170361726944,0.07754983267859727,69.92753623188403,0.5613042645628193,1.7260698392748284,0.34805912220265633,0.022771112225608594,0.02476228949442319,0.5296167247386764,0.3832752613240411,0.08710801393728253,0.6167247386759589,2025-02-21,2025-02-24,2025-02-26,74.4,77.5992,0.04299999999999993,0.039999999999999925,0.05120967741935467,-0.01586021505376356,3.0,target,1,1
2025-06-11,1D,SIP,54.98,55.75,54.98,55.57,312780,57.91700000000001,57.8362,1.001397048907086,0.9492895004920833,0.0013970489070860577,-0.019236956632177726,-0.02255504404199371,1,-0.05010366275051836,-0.06671193345781701,47.90631653655074,-0.30125166923454777,0.6542115890702866,-0.2679501762368174,0.03264823572208079,0.02397586382693403,0.7662337662337676,0.23376623376623246,0.0,0.0,2025-06-11,2025-06-12,2025-06-13,55.57,54.4586,-0.020000000000000018,-0.023000000000000017,0.05704516825625339,-0.05524563613460498,2.0,stop,0,0
2025-06-25,1D,SIP,58.22,58.74,57.54,57.63,749511,56.06,55.9674,1.001654534604073,1.0385301462718515,0.001654534604073165,0.013889893655501862,0.0016178391824899219,1,0.06571480871316115,0.05413724425131283,45.12195121951219,0.2541850217288988,1.5136072710243174,-0.23894686820316924,0.028328507631152793,0.019297123964767703,0.4916666666666624,0.4333333333333349,0.07500000000000266,0.5666666666666651,2025-06-25,2025-06-26,2025-07-02,58.74,61.26582,0.04299999999999993,0.039999999999999925,0.07558733401430029,-0.020429009193054237,5.0,target,1,1
2023-07-18,1D,SJS,17.3,17.53,16.7,16.99,245655,16.556,16.4662,1.0054535958508946,1.0449383909156802,0.005453595850894579,0.01689085437012472,0.004085565149519521,1,0.04216867469879504,0.027926322043969165,81.68316831683177,0.11954878721229507,3.9382146535796303,1.4734685247090096,0.02316267547481415,0.014076637059061233,0.3734939759036164,0.27710843373493965,0.34939759036144397,0.7228915662650603,2023-07-18,2023-07-19,2023-07-24,17.03,17.76229,0.04299999999999993,0.039999999999999925,0.4169113329418672,-0.0011743981209629828,4.0,target,1,1
2023-11-10,1D,SJS,23.17,24.32,23.17,24.13,405617,23.161,23.0684,1.0040141492257808,1.00038858425802,0.004014149225780761,0.01958971649938368,0.0019110161394000347,1,-0.03659043659043659,-0.025651808242220353,56.41592920353985,0.16664590651305425,2.0144662012464734,0.6161456382631147,0.050126394968863675,0.025719047023706566,0.8347826086956509,0.16521739130434915,0.0,0.0,2023-11-10,2023-11-13,2023-11-17,23.09,24.08287,0.04299999999999993,0.039999999999999925,0.17713295799047213,-0.011693373754872227,5.0,target,1,1
2024-02-22,1D,SJS,27.41,27.92,27.37,27.41,138008,26.782999999999998,26.6706,1.004214378379189,1.0234103722510548,0.004214378379188971,0.010908130142673667,-0.0017441947509470035,1,0.02890390390390385,0.02582335329341312,68.53582554517142,0.11680767926358482,0.8785315877455767,-0.34081638501733835,0.01790274665137854,0.015002442156725639,0.0,0.9272727272727289,0.07272727272727109,0.07272727272727109,2024-02-22,2024-02-23,2024-02-28,27.41,28.58863,0.04299999999999993,0.039999999999999925,0.09303174024078809,-0.013863553447646781,4.0,target,1,1
2024-07-16,1D,SJS,26.37,27.8,26.37,26.6,151025,24.750999999999998,24.640600000000003,1.0044804103796172,1.0654114985253123,0.004480410379617174,0.02365689234459656,-0.0009082431172200423,1,0.0807377049180329,0.08429276315789469,76.73378076062644,0.2947780290358665,3.2891190649123243,0.10711589071422822,0.025109702584105314,0.018579935013605997,0.16083916083916117,0.8391608391608388,0.0,0.0,2024-07-16,2024-07-17,2024-07-17,27.03,26.4894,-0.020000000000000018,-0.023000000000000017,0.014058453570107154,-0.10025897151313357,1.0,stop,0,0
2024-08-19,1D,SJS,24.56,24.9,24.56,24.71,8210,24.494,24.450599999999998,1.0017750075662766,1.0026945374377398,0.0017750075662765694,0.0033179043951991893,0.0008514191683925976,1,-0.004458856911228382,0.004909983633387682,42.54143646408838,0.0005942570924910573,0.5208928140901189,-0.732538441490748,0.024662633783154957,0.010650105947103288,0.4411764705882417,0.5588235294117583,0.0,0.0,2024-08-19,2024-08-20,2024-08-20,25.06,26.137579999999996,0.04299999999999993,0.039999999999999925,0.09856344772545911,-0.009177972865123674,1.0,target,1,1
2024-12-16,1D,SJS,24.71,25.1,24.59,24.67,6412,24.61,24.590400000000002,1.0007970590149,1.0040633888663146,0.0007970590148999997,0.02268949468085113,-0.0009100955600338523,1,-0.038895371450797356,0.0,56.13382899628253,0.2116905497993502,0.39846257577593625,-0.2711151528930317,0.025409030467711168,0.025945774862265812,0.07843137254901769,0.7647058823529399,0.15686274509804235,0.23529411764706004,2024-12-16,2024-12-17,2024-12-20,24.44,25.49092,0.04299999999999993,0.039999999999999925,0.14525368248772486,0.0,4.0,target,1,1
2025-06-17,1D,SJS,35.91,36.02,35.33,35.41,18921,34.753,34.5404,1.006155111116258,1.03329208989152,0.006155111116258118,0.012144687791239672,-0.008661909982722316,1,0.013261851015801351,0.052153530618224364,57.25047080979281,0.1798836253638934,1.4635957533213437,6.544258373205742,0.02140271313203645,0.01170191821124293,0.7246376811594152,0.15942028985508083,0.11594202898550396,0.8405797101449192,2025-06-17,2025-06-18,2025-06-20,35.91,37.45412999999999,0.04299999999999993,0.039999999999999925,0.13979392926761358,-0.010860484544694904,3.0,target,1,1
2024-01-09,1D,SSB,20.64,20.69,20.38,20.38,1080732,20.603,20.552799999999998,1.0024424895877935,1.0017958549725767,0.002442489587793576,0.010842900598567518,-0.0051598787960930315,1,-0.00434153400868309,-0.020872865275142205,64.94023904382476,0.08925440782874981,0.9512678258962961,0.028453644350381335,0.019968161683277936,0.018263666185222224,0.8387096774193538,0.16129032258064627,0.0,0.8387096774193538,2024-01-09,2024-01-10,2024-01-16,20.64,20.2272,-0.020000000000000018,-0.023000000000000017,0.019379844961240345,-0.02761627906976749,5.0,stop,0,0
2024-02-22,1D,SSB,20.25,20.25,19.94,20.2,1391538,20.288,20.2786,1.0004635428481257,0.9981269716088328,0.00046354284812558105,0.0012831902082717228,0.0007007362665560901,1,-0.0019714144898964614,-0.010747435271128425,46.226415094339686,0.0018498336320741243,0.9228709529043926,-0.17246657694780232,0.01858906525573191,0.005560698429554094,0.16129032258064813,0.0,0.8387096774193519,1.0,2024-02-22,2024-02-23,2024-03-07,20.25,20.03,-0.010864197530864095,-0.013864197530864094,0.008395061728395214,-0.01975308641975304,10.0,timeout,0,0
2024-06-19,1D,SSB,20.16,20.33,19.98,20.07,4469320,19.353,19.3056,1.0024552461461962,1.041698961401333,0.0024552461461960894,0.014361339692856134,0.0017746505183846573,1,0.04078471863706756,0.06049447659126761,91.27516778523476,0.1332460969142286,2.053352656468604,0.10355596620777763,0.017857142857142877,0.0077362648860097695,0.2571428571428583,0.4857142857142834,0.2571428571428583,0.5142857142857166,2024-06-19,2024-06-20,2024-06-21,20.2,21.068599999999996,0.04299999999999993,0.039999999999999925,0.04603960396039608,-0.12821782178217822,2.0,target,1,1
2024-07-31,1D,SSB,19.19,19.28,19.01,19.28,2533815,19.023,18.9666,1.002973648413527,1.0087788466593073,0.0029736484135269373,0.015263916315311876,-0.00018977132555264564,1,-0.006728778467908869,-0.006728778467908869,80.15267175572532,0.11429198807810781,0.9626401486418831,0.14646556053771076,0.01678701704756941,0.008648370461842582,0.3333333333333333,0.0,0.6666666666666666,0.6666666666666666,2024-07-31,2024-08-01,2024-08-05,19.19,18.8062,-0.020000000000000018,-0.023000000000000017,0.0364773319437206,-0.03439291297550806,3.0,stop,0,0
2024-11-14,1D,SSB,16.75,16.75,16.4,16.4,1872500,16.770000000000003,16.769,1.0000596338481724,0.9988073941562312,5.96338481725073e-05,0.0026905829596413078,-0.007222781362855923,1,0.0029940119760478723,-0.005934718100890302,53.571428571428626,0.02367347663977583,0.96863134589321,0.006233542909344969,0.02174840085287847,0.010301412363072892,1.0,0.0,0.0,1.0,2024-11-14,2024-11-15,2024-11-28,16.7,17.0,0.017964071856287456,0.014964071856287457,0.023952095808383422,-0.017964071856287456,10.0,timeout,1,0
2024-11-29,1D,SSB,17.0,17.0,16.8,17.0,2162800,16.915,16.91,1.000295683027794,1.0050251256281408,0.00029568302779414576,0.004155535767289997,0.0025493567320804544,1,0.00591715976331364,0.00591715976331364,80.00000000000028,0.03490891418255001,1.0683448262235482,0.11329592834714575,0.017226890756302495,0.00207118869563639,0.0,0.0,1.0,1.0,2024-11-29,2024-12-02,2024-12-13,17.0,17.35,0.020588235294117796,0.017588235294117797,0.03529411764705892,-0.014705882352941124,10.0,timeout,1,0
2024-12-05,1D,SSB,17.2,17.2,16.8,16.95,2301900,16.97,16.95,1.0011799410029498,1.013553329404832,0.0011799410029498273,0.0026587887740028293,0.0011813349084466296,1,0.014749262536873253,0.0117647058823529,78.57142857142864,0.03393302362589508,1.1270812371012875,0.3167257750829424,0.016611295681063093,0.005239882001008748,0.6250000000000022,0.0,0.3749999999999978,1.0,2024-12-05,2024-12-06,2024-12-19,17.0,16.66,-0.020000000000000018,-0.023000000000000017,0.03529411764705892,-0.02941176470588236,10.0,stop,0,0
2025-01-14,1D,SSB,17.45,17.45,17.15,17.15,1885900,17.035,16.985,1.002943773918163,1.0243616084531846,0.002943773918163127,0.010979228486646786,0.002538071065989911,1,0.02346041055718473,0.03869047619047605,61.11111111111104,0.07095863177556369,0.9702154805419296,-0.25582037723936546,0.020671305771592326,0.008360366605877741,1.0,0.0,0.0,1.0,2025-01-14,2025-01-15,2025-01-20,17.25,17.99175,0.04299999999999993,0.039999999999999925,0.09855072463768111,-0.008695652173912993,4.0,target,1,1
2025-04-10,1D,SSB,20.65,20.65,20.0,20.45,2667000,19.445,19.42,1.001287332646756,1.061969658009771,0.0012873326467558485,-0.0007708119218911014,0.0038769707934869224,1,0.07552083333333326,0.07552083333333326,60.25641025641022,0.00988769244493088,1.354188616589953,0.07905810001618385,0.0306122448979592,0.027317988610224032,0.30769230769230727,0.0,0.6923076923076927,1.0,2025-04-10,2025-04-11,2025-04-11,19.55,20.39065,0.04299999999999993,0.039999999999999925,0.0639386189258313,-0.07416879795396414,1.0,target,1,1
2025-07-09,1D,SSB,19.1,19.1,18.85,18.9,2517600,18.43,18.428,1.0001085304970696,1.036353771025502,0.00010853049706961643,0.014309301045679845,0.001848428835490079,1,0.032432432432432545,0.052341597796143446,85.71428571428594,0.13380376962303275,1.1806941314680592,0.13502547225102557,0.0114061331338818,0.008290036530176325,0.8000000000000114,0.0,0.19999999999998863,1.0,2025-07-09,2025-07-10,2025-07-17,19.15,19.973449999999996,0.04299999999999993,0.039999999999999925,0.04960835509138395,-0.007832898172323688,6.0,target,1,1
2023-11-22,1D,SSI,22.82,22.85,22.4,22.54,22928145,22.085,21.946199999999997,1.0063245573265533,1.0332805071315372,0.00632455732655327,0.03311970809748788,-0.00456302048369861,1,0.04439359267734555,0.029783393501805033,78.71900826446284,0.2949280828710125,0.8625801832771154,0.325773538402897,0.033053712282459013,0.014413277589128488,0.6222222222222208,0.06666666666666878,0.3111111111111104,0.9333333333333312,2023-11-22,2023-11-23,2023-11-23,23.02,22.5596,-0.020000000000000018,-0.023000000000000017,0.024326672458731435,-0.09035621198957422,1.0,stop,0,0
2024-06-17,1D,SSI,24.9,25.14,24.79,24.97,12556329,24.821,24.811799999999998,1.0003707913170348,1.0031827887675757,0.00037079131703477493,0.010051273703914676,-0.004285955069707081,1,-0.01891252955082745,0.015497553017944421,54.11764705882348,0.07165113919383422,0.8024853590922595,-0.5305192270446144,0.017269076305220874,0.009365515331888034,0.2,0.4857142857142886,0.3142857142857114,0.3142857142857114,2024-06-17,2024-06-18,2024-06-24,25.04,24.539199999999997,-0.020000000000000018,-0.023000000000000017,0.005191693290734989,-0.07348242811501593,5.0,stop,0,0
2024-08-29,1D,SSI,23.54,23.72,23.41,23.65,8717352,23.081,22.992000000000004,1.0038709116214333,1.0198864867206794,0.0038709116214333274,0.02268598520093934,-0.004097615066748328,1,0.0,0.025708061002178706,69.59314775160597,0.23952190533523543,0.6394037726130533,-0.5652657738642473,0.023152081563296525,0.020440645508796505,0.354838709677419,0.22580645161290508,0.41935483870967594,0.41935483870967594,2024-08-29,2024-08-30,2024-09-04,23.48,23.0104,-0.020000000000000018,-0.023000000000000017,0.004258943781942026,-0.05919931856899496,2.0,stop,0,0
2024-09-19,1D,SSI,23.3,23.51,23.27,23.41,24643580,22.716,22.703999999999997,1.000528541226216,1.0257087515407641,0.0005285412262158214,-0.0007478115514888417,-0.002530577815267887,1,0.04672057502246174,0.04157353598569502,44.850498338870445,0.020707435457288436,1.9124101977775791,-0.12478068535201536,0.02014101778050274,0.012724386182871536,0.45833333333332715,0.4166666666666691,0.1250000000000037,0.1250000000000037,2024-09-19,2024-09-20,2024-09-25,23.44,24.44792,0.04299999999999993,0.039999999999999925,0.07423208191126274,-0.011945392491467643,4.0,target,1,1
2024-12-18,1D,SSI,23.27,23.27,22.92,23.1,7208100,23.163000000000004,22.9628,1.008718448969638,1.0046194361697534,0.008718448969637952,0.021521499448732273,-0.0030910827472432345,1,0.015270506108202353,0.0017219113215669601,71.98952879581155,0.1494015365443545,0.5387814162277007,0.16193765568789442,0.02016698385413466,0.023433814416041282,0.4857142857142834,0.0,0.5142857142857166,1.0,2024-12-18,2024-12-19,2025-01-02,22.92,23.05,0.005671902268760798,0.0026719022687607978,0.042757417102966766,-0.013525305410122312,10.0,timeout,1,0
2025-02-26,1D,SSI,22.96,23.18,22.74,22.96,25223484,22.505000000000003,22.4542,1.0022623829840298,1.020217729393468,0.0022623829840298206,0.012735127351273468,-0.0009965920112471327,1,0.019538188277087087,0.019538188277087087,73.5099337748345,0.11054507104747019,1.740512109587821,-0.10179926918210036,0.015026132404181169,0.006332119001369145,0.0,0.49999999999999595,0.500000000000004,0.500000000000004,2025-02-26,2025-02-27,2025-03-07,23.05,24.04115,0.04299999999999993,0.039999999999999925,0.05032537960954442,-0.013449023861171416,7.0,target,1,1
2025-06-06,1D,SSI,20.96,21.32,20.96,21.23,28041102,21.132,21.0644,1.003209206053816,0.9918606852167329,0.003209206053816027,0.007244995233555818,-0.007154909927319708,1,-0.03676470588235292,0.006240998559769784,54.330708661417354,0.05992997986677629,1.1512790267878532,0.1369728387701259,0.022730370774263958,0.014573539600683865,0.75,0.25,0.0,0.0,2025-06-06,2025-06-09,2025-06-13,21.01,20.5898,-0.020000000000000018,-0.023000000000000017,0.029509757258448177,-0.025226082817705886,5.0,stop,0,0
2023-08-08,1D,STB,29.8,30.4,29.75,30.35,15549068,28.945,28.926,1.0006568485099911,1.0295387804456728,0.0006568485099910774,0.009944173063503037,0.004305256579404171,1,0.04195804195804187,0.029360967184801412,65.04854368932041,0.12348273142560925,0.5880733512343254,-0.6866941676346314,0.022171620325982733,0.016214824195704122,0.8461538461538491,0.07692307692307272,0.07692307692307819,0.07692307692307819,2023-08-08,2023-08-09,2023-08-09,29.85,31.13355,0.04299999999999993,0.039999999999999925,0.10217755443886078,-0.006700167504187671,1.0,target,1,1
2024-01-09,1D,STB,29.2,29.5,29.1,29.2,16762949,28.3,28.27,1.0010611956137248,1.0318021201413428,0.0010611956137248368,0.023138105567606537,0.002766742338251804,1,0.020979020979020824,0.05225225225225216,81.70731707317073,0.28917654313536156,1.0187864600308854,0.057129300304148645,0.021159491193737747,0.011843823552883723,0.0,0.7500000000000044,0.24999999999999556,0.24999999999999556,2024-01-09,2024-01-10,2024-01-22,29.1,30.3513,0.04299999999999993,0.039999999999999925,0.054982817869415834,0.0,9.0,target,1,1
2024-06-05,1D,STB,29.6,30.4,29.6,30.0,15298255,28.805,28.801,1.0001388840665255,1.0275993751084882,0.00013888406652551424,0.016587259572966362,-0.0025973126471809937,1,0.06283662477558338,0.04778761061946901,62.2448979591837,0.21254860732348313,1.2610598184527828,-0.2440168847580818,0.02388996138996136,0.02487412687509157,0.5,0.5,0.0,0.0,2024-06-05,2024-06-06,2024-06-10,29.95,31.237849999999998,0.04299999999999993,0.039999999999999925,0.06510851419031716,-0.010016694490818101,3.0,target,1,1
2024-08-26,1D,STB,29.75,30.2,29.75,30.05,7701300,29.55,29.49,1.002034587995931,1.0067681895093061,0.002034587995930901,0.011293634496919891,-0.0020979967514890285,1,-0.006677796327211993,0.003372681281618828,74.54545454545458,0.1526670285795661,0.953538330103819,0.31052497234748566,0.01584633853541418,0.0073884746270843965,0.6666666666666693,0.3333333333333307,0.0,0.0,2024-08-26,2024-08-27,2024-09-10,29.75,29.155,-0.019999999999999907,-0.022999999999999906,0.03865546218487381,-0.02184873949579824,9.0,stop,0,0
2024-12-18,1D,STB,34.2,34.2,33.85,34.1,4850900,33.91,33.84,1.0020685579196216,1.008552049542908,0.0020685579196215477,0.012843488649940005,0.00044345898004438666,1,0.00588235294117645,0.01634472511144147,62.65060240963857,0.12318621092828558,0.7742480214450853,0.30970894756736334,0.01629072681704263,0.016142214171529383,0.28571428571428864,0.0,0.7142857142857114,1.0,2024-12-18,2024-12-19,2024-12-25,33.8,35.25339999999999,0.04299999999999993,0.039999999999999925,0.11982248520710082,-0.008875739644970349,5.0,target,1,1
2025-04-23,1D,STB,40.2,41.2,40.15,41.05,13621800,38.58,38.536,1.0011417894955366,1.04199066874028,0.0011417894955365613,0.04326663061114111,0.003593937184228402,1,0.04280155642023353,0.053735255570118046,52.8700906344411,0.4279816955886894,0.6000302618442414,-0.5745779915364075,0.05143923240938169,0.03090355038373247,0.8095238095238009,0.14285714285714768,0.04761904761905149,0.04761904761905149,2025-04-23,2025-04-24,2025-04-25,40.2,39.396,-0.020000000000000018,-0.023000000000000017,0.00746268656716409,-0.04104477611940316,2.0,stop,0,0
2023-10-16,1D,SZC,30.33,31.54,30.33,31.27,1931512,28.962,28.9494,1.000435242181185,1.0472343070229957,0.0004352421811850697,0.030126267117197347,0.0037933425797502807,1,0.0,0.05129982668977462,70.45215562565718,0.3016575339388905,1.1936945754720991,-0.060994848265196966,0.039352833121379105,0.029094263174859008,0.7768595041322319,0.22314049586776807,0.0,0.0,2023-10-16,2023-10-17,2023-10-17,30.95,30.331,-0.020000000000000018,-0.023000000000000017,0.0,-0.1405492730210015,1.0,stop,0,0
2023-11-17,1D,SZC,30.64,31.3,30.14,30.18,3622877,29.07,28.8406,1.0079540647559344,1.0540075679394565,0.007954064755934406,0.03988553031658015,-0.000512902264394266,1,0.036886632825719134,0.04787961696306442,72.44444444444444,0.3558797875196972,2.8043906343022447,3.7122809618946535,0.037928944423722494,0.0216056083052987,0.3965517241379317,0.5689655172413793,0.03448275862068892,0.43103448275862066,2023-11-17,2023-11-20,2023-11-20,30.25,31.550749999999997,0.04299999999999993,0.039999999999999925,0.15438016528925624,-0.0009917355371901193,1.0,target,1,1
2024-05-14,1D,SZC,41.79,42.42,40.53,40.82,3502882,40.446,40.184200000000004,1.0065149984322195,1.0332294911734163,0.006514998432219474,0.01984417156257079,0.0003933440216690176,1,0.027538726333907082,0.02126099706744866,91.2343470483005,0.3437477685101636,2.1153300743189463,1.741228828713207,0.029706354903770545,0.012211789113648114,0.5132275132275125,0.3333333333333346,0.15343915343915293,0.6666666666666654,2024-05-14,2024-05-15,2024-05-23,41.89,41.0522,-0.020000000000000018,-0.023000000000000017,0.05323466221055129,-0.037240391501551784,7.0,stop,0,0
2024-09-30,1D,SZC,36.59,36.93,36.25,36.35,1041504,36.004,35.8106,1.0054006355660055,1.0162759693367405,0.00540063556600551,0.01631570033308849,-0.002840228777643561,1,-0.0027255382938128347,0.03157597970115611,71.7948717948719,0.21032907617816946,1.1275719015141452,-0.1028045112004714,0.017530160465388675,0.014078587792258644,0.3529411764705913,0.4999999999999948,0.1470588235294139,0.5000000000000052,2024-09-30,2024-10-01,2024-10-03,36.64,35.9072,-0.019999999999999907,-0.022999999999999906,0.014737991266375428,-0.04230349344978157,3.0,stop,0,0
2025-02-03,1D,SZC,41.31,41.99,40.77,41.16,1563469,40.776,40.7114,1.0015867791331177,1.013095938787522,0.0015867791331176469,0.008533056318171806,0.0007669578812297129,1,0.006088650754992653,0.004864996351252815,58.41784989858015,0.08797038795551139,1.293596290089197,0.9198815752796379,0.01960784313725487,0.00905803942745138,0.12295081967213592,0.5573770491803282,0.3196721311475359,0.44262295081967185,2025-02-03,2025-02-04,2025-02-05,41.35,43.12805,0.04299999999999993,0.039999999999999925,0.06940749697702531,-0.0033857315598548876,2.0,target,1,1
2025-06-04,1D,SZC,34.21,34.79,33.92,34.65,2069010,33.789,33.5912,1.0058884469742075,1.0124596762259908,0.005888446974207556,0.018907182920209875,-0.015359722352499827,1,0.005584950029394298,0.007065057403591535,60.73059360730599,0.32060709645530944,0.8184814350991864,-0.185844225089964,0.030358708815300447,0.023904513257996633,0.5057471264367804,0.1609195402298862,0.3333333333333333,0.3333333333333333,2025-06-04,2025-06-05,2025-06-06,34.31,33.6238,-0.020000000000000018,-0.023000000000000017,0.01836199358787516,-0.10055377440979318,2.0,stop,0,0
2023-12-19,1D,TCB,14.46,14.46,14.08,14.17,2110482,14.475,14.473999999999998,1.000069089401686,0.9989637305699482,6.908940168586585e-05,0.004162330905306932,-0.0034837448191344933,1,0.0020790020790022457,-0.014314928425357865,58.58585858585862,0.02044299032083815,0.7169194153284623,-0.11311765022288855,0.01699268919185934,0.012269299693918679,0.7631578947368429,0.0,0.23684210526315702,1.0,2023-12-19,2023-12-20,2023-12-28,14.31,14.925329999999999,0.04299999999999993,0.039999999999999925,0.07617051013277432,-0.004891684136967167,7.0,target,1,1
2024-09-05,1D,TCB,22.21,22.46,22.11,22.31,11380507,22.12,22.1024,1.000796293615173,1.0040687160940325,0.000796293615173086,0.017713365539452575,-0.002896249312028032,1,-0.008924587237840176,0.006343452650656944,77.65957446808521,0.17370583446947224,0.6961402349341098,-0.17086700716432246,0.017366694539139377,0.010299849467999127,0.2857142857142785,0.42857142857143293,0.28571428571428864,0.28571428571428864,2024-09-05,2024-09-06,2024-09-10,22.21,21.7658,-0.02000000000000013,-0.023000000000000128,0.01755965781179647,-0.03737055380459264,3.0,stop,0,0
2024-09-19,1D,TCB,22.6,22.6,22.31,22.6,13437506,21.964,21.943,1.0009570250193682,1.0289564742305592,0.0009570250193682378,-0.0009097525473072965,-0.0011925787010905742,1,0.04484512251502548,0.0405156537753224,53.38078291814949,0.06197117623305605,0.9778349280246321,-0.1078604381643159,0.015802781289506976,0.011841025182128411,0.0,0.0,1.0,1.0,2024-09-19,2024-09-20,2024-09-26,22.7,23.676099999999998,0.04299999999999993,0.039999999999999925,0.08149779735682827,0.0,5.0,target,1,1
2024-12-10,1D,TCB,23.43,23.58,23.38,23.43,7041729,23.186,23.1494,1.0015810344976543,1.0105235918226516,0.0015810344976543655,0.007692642009648365,-0.0005871432888658878,1,-0.006361323155216203,0.01692708333333326,79.69543147208124,0.10828782451840632,0.7415356989755509,-0.0735426516356048,0.014236936772148035,0.011200437053006154,0.0,0.7499999999999956,0.25000000000000444,0.25000000000000444,2024-12-10,2024-12-11,2024-12-24,23.43,23.38,-0.0021340162185232714,-0.0051340162185232715,0.020913358941528015,-0.01237729406743493,10.0,timeout,0,0
2025-01-17,1D,TCB,23.77,23.77,23.14,23.23,10018863,23.176,23.1252,1.0021967377579437,1.025629962029686,0.002196737757943665,-0.0027109600240973197,0.0006404043201329035,1,0.03392779469334495,0.04254385964912277,47.297297297297305,-0.0023404818937907135,1.160585363521036,0.24052958051597773,0.018570827573772472,0.013018839667455272,0.8571428571428571,0.0,0.14285714285714285,1.0,2025-01-17,2025-01-20,2025-02-06,23.77,24.792109999999997,0.04299999999999993,0.039999999999999925,0.05721497686159016,-0.010096760622633538,9.0,target,1,1
2025-05-12,1D,TCB,28.64,28.69,26.89,26.94,46721231,26.182,26.105999999999998,1.002911208151383,1.0938812924910244,0.0029112081513828435,0.028277433037467548,0.0037371966411368085,1,0.08897338403041832,0.10921766072811767,79.29203539823011,0.3372268738187081,2.4088668092227623,1.5523601634931539,0.026985235434956123,0.02020106276189187,0.9444444444444436,0.02777777777777816,0.02777777777777816,0.9722222222222219,2025-05-12,2025-05-13,2025-05-20,28.74,29.975819999999995,0.04299999999999993,0.039999999999999925,0.06437021572720947,-0.013569937369519725,6.0,target,1,1
2023-11-20,1D,TCH,10.58,10.71,10.09,10.09,13444264,10.020999999999999,9.941799999999999,1.0079663642398762,1.0557828560023952,0.007966364239876097,0.036512205213073745,-0.002368193951070907,1,0.0569430569430569,0.04856293359762143,87.8787878787878,0.14963969923728182,1.4357891987584277,-0.42568708053264814,0.044761004590872275,0.025619970602758873,0.7903225806451604,0.20967741935483963,0.0,0.7903225806451604,2023-11-20,2023-11-21,2023-11-22,10.75,10.535,-0.020000000000000018,-0.023000000000000017,0.022325581395348904,-0.11813953488372086,2.0,stop,0,0
2024-03-19,1D,TCH,11.61,12.06,11.61,12.06,14020355,10.875,10.853,1.002027089284069,1.0675862068965516,0.0020270892840689434,0.012287070650656151,0.00332809466580386,1,0.07999999999999985,0.10571428571428565,71.49999999999999,0.08753238344717615,1.3816304554057468,-0.6919532379278224,0.029039005783191834,0.025942955933759827,1.0,0.0,0.0,0.0,2024-03-19,2024-03-20,2024-03-20,11.65,12.15095,0.04299999999999993,0.039999999999999925,0.14077253218884112,-0.010300429184549431,1.0,target,1,1
2024-09-04,1D,TCH,15.05,15.1,14.77,14.93,6459200,15.201999999999998,15.183800000000002,1.0011986459252622,0.9900013156163664,0.001198645925262231,0.01030105668904091,-0.0071405218073626875,1,-0.005944517833553542,-0.0033112582781456013,72.13622291021673,0.09474764478818251,0.5626719579713177,-0.028748689926455406,0.03364973896535358,0.015445792469706761,0.3636363636363666,0.15151515151514824,0.4848484848484852,0.8484848484848517,2024-09-04,2024-09-05,2024-09-06,15.05,14.749,-0.020000000000000018,-0.023000000000000017,0.01661129568106312,-0.06777408637873761,2.0,stop,0,0
2024-10-01,1D,TCH,14.93,15.18,14.81,14.93,8800797,14.639,14.590399999999999,1.0033309573418139,1.0198784069950133,0.0033309573418138245,0.009377370199268986,-0.0030883598895845576,1,0.002686366689053088,0.0396935933147633,60.251046025104614,0.05871557484954504,1.66887086212262,0.6061953007711594,0.021768251841928994,0.010807192585549954,0.0,0.6756756756756771,0.3243243243243229,0.3243243243243229,2024-10-01,2024-10-02,2024-10-03,14.85,14.552999999999999,-0.020000000000000018,-0.023000000000000017,0.002693602693602859,-0.14343434343434336,2.0,stop,0,0
2025-02-11,1D,TCH,12.59,12.72,12.39,12.43,4274921,12.401,12.338600000000001,1.0050572998557372,1.0152407063946456,0.005057299855737154,0.023269246637511287,-0.0010039672900977736,1,-0.007097791798107211,-0.010220125786163603,71.7948717948718,0.12125358348525744,1.4045845303462237,0.055839766253749534,0.026041075683649162,0.022021174229743083,0.4848484848484852,0.3939393939393962,0.1212121212121186,0.6060606060606037,2025-02-11,2025-02-12,2025-02-19,12.59,13.131369999999999,0.04299999999999993,0.039999999999999925,0.13026211278792688,-0.012708498808578272,6.0,target,1,1
2025-05-07,1D,TCH,14.4,14.6,14.03,14.11,10810353,14.157,14.1558,1.000084770906625,1.0171646535282899,8.477090662489976e-05,0.011431020933057034,0.002691637507260314,1,0.020552799433026347,-0.0055248618784530246,57.281553398058264,0.06156941175657329,1.1512049484904254,0.2586793938556329,0.04186507936507936,0.020780846930095114,0.5087719298245628,0.35087719298245473,0.1403508771929825,0.6491228070175453,2025-05-07,2025-05-08,2025-05-19,14.52,15.144359999999999,0.04299999999999993,0.039999999999999925,0.05096418732782371,-0.017217630853994526,8.0,target,1,1
2023-07-14,1D,TDM,36.61,36.79,35.69,36.79,148302,35.585,35.5344,1.0014239722634968,1.0288042714626948,0.0014239722634968614,0.01709206276617037,0.0017195983469304732,1,0.007707129094412402,0.04749642346208849,74.84143763213534,0.27061844189598894,1.5604552511557264,0.8105702670036259,0.01900339485698675,0.01333581066044442,0.16363636363636316,0.0,0.8363636363636369,0.8363636363636369,2023-07-14,2023-07-17,2023-07-26,37.16,36.416799999999995,-0.020000000000000018,-0.023000000000000017,0.0,-0.0347147470398278,8.0,stop,0,0
2023-09-27,1D,TDM,37.16,37.16,36.61,36.79,4001,36.748000000000005,36.7442,1.0001034176822465,1.0112114945031019,0.00010341768224659551,0.006050318942152577,0.0003484756910980824,1,0.01005708072845879,0.007592190889370798,62.585034013605366,0.03343496473231304,0.038866961528410966,-0.9563781072830353,0.014916192526526217,0.007807396733039874,0.6727272727272715,0.0,0.32727272727272844,1.0,2023-09-27,2023-09-28,2023-10-11,37.16,37.71,0.014800861141011978,0.01180086114101198,0.037136706135629804,-0.014800861141011756,10.0,timeout,1,0
2023-11-24,1D,TDM,37.99,37.99,37.53,37.66,4300,37.669,37.661,1.0002124213377233,1.008521596007327,0.00021242133772325658,0.006761813128073557,0.0029133245986856515,1,-0.002363445378151141,0.007425086184036145,54.09356725146203,0.0749184919074724,0.07128286782581451,-0.9011494252873563,0.018444703493400494,0.009109450787086349,0.7173913043478365,0.0,0.2826086956521635,1.0,2023-11-24,2023-11-27,2023-11-27,38.63,37.8574,-0.02000000000000013,-0.023000000000000128,0.0,-0.04763137457934252,1.0,stop,0,0
2023-12-25,1D,TDM,38.26,38.26,37.89,37.89,5771,37.742,37.6502,1.0024382340598457,1.0137247628636532,0.0024382340598456107,0.004123766195758938,-0.001151389095230937,1,0.0023578726748754164,0.01593202336696775,62.02020202020199,0.08369464784540591,0.056333931065854374,-0.8855686865482233,0.018146516316929335,0.013810075765814448,1.0,0.0,0.0,1.0,2023-12-25,2023-12-26,2023-12-28,37.53,39.143789999999996,0.04299999999999993,0.039999999999999925,0.06288302691180392,0.0,3.0,target,1,1
2024-08-30,1D,TDM,49.68,49.68,47.73,47.73,10901,48.11,47.97,1.0029184907233688,1.0326335481188942,0.002918490723368784,0.0030648624981757244,0.0014070217482975433,1,0.040854808296668876,0.040854808296668876,59.49612403100769,0.047876758150437106,0.6652427302962804,0.6892918022625136,0.01772774327122155,0.015576318749465053,1.0,0.0,0.0,1.0,2024-08-30,2024-09-04,2024-09-04,49.68,48.6864,-0.020000000000000018,-0.023000000000000017,0.0,-0.058776167471819685,1.0,stop,0,0
2024-10-10,1D,TDM,48.7,48.7,47.39,48.7,207411,48.158,48.071000000000005,1.00180982297019,1.0112546202084804,0.001809822970189848,0.00607934485135897,0.0013915449064874075,1,0.02764296265034827,0.009954375777685653,57.22801788375563,0.10870915099929143,8.045937773364082,43.13,0.018597829275447345,0.01385948129171168,0.0,0.0,1.0,1.0,2024-10-10,2024-10-11,2024-10-17,47.49,46.5402,-0.020000000000000018,-0.023000000000000017,0.03790271636133924,-0.06253948199620973,5.0,stop,0,0
2024-12-09,1D,TDM,49.68,49.68,48.22,48.7,2904,48.533,48.405,1.002644354922012,1.0236334040755775,0.0026443549220121912,0.004117184590557432,0.0009884774139117258,1,0.00996137426306154,0.020123203285420832,66.74311926605503,0.10256386659897183,2.3093439363817096,1.6376021798365121,0.009201748332183143,0.012208881910929312,0.6712328767123262,0.0,0.32876712328767377,1.0,2024-12-09,2024-12-10,2024-12-10,49.78,48.7844,-0.020000000000000018,-0.023000000000000017,0.0,-0.06850140618722389,1.0,stop,0,0
2025-01-06,1D,TDM,48.8,49.39,48.8,49.39,2022,48.821000000000005,48.6624,1.0032591898467813,0.9995698572335674,0.0032591898467812306,0.004216718775711836,0.00012331368535267728,1,0.005978148835291686,0.005978148835291686,47.14975845410626,-0.0011934206013526072,0.46104384704836177,-0.7339823707406921,0.020535714285714296,0.020288271008191118,1.0,0.0,0.0,0.0,2025-01-06,2025-01-07,2025-01-07,49.48,48.490399999999994,-0.020000000000000018,-0.023000000000000017,0.013945028294260364,-0.0313257881972514,1.0,stop,0,0
2025-05-06,1D,TDM,55.2,56.0,55.0,56.0,8200,53.31,53.198,1.0021053423061017,1.0354530106921778,0.0021053423061017686,0.006228765571913986,0.0019587900704411965,1,0.049429657794676896,0.05142857142857138,55.73770491803281,0.1385004113785417,0.16135379771743408,0.5185185185185186,0.016045548654244304,0.015424873066016863,0.7999999999999972,0.0,0.20000000000000284,0.20000000000000284,2025-05-06,2025-05-07,2025-05-08,53.1,55.3833,0.04299999999999993,0.039999999999999925,0.0734463276836157,0.0,2.0,target,1,1
2023-12-27,1D,TMS,39.86,39.86,38.27,38.27,16431,37.980000000000004,37.883,1.002560515270702,1.0494997367035281,0.0025605152707019324,0.018367073334227157,-0.00037469786686072926,1,0.0,0.09205479452054788,65.47202797202794,0.39722260607325705,2.1430527839730797,5.641471301535974,0.03324134470647268,0.031602369767966,1.0,0.0,0.0,1.0,2023-12-27,2023-12-28,2024-01-02,39.42,38.6316,-0.020000000000000018,-0.023000000000000017,0.014459665144596734,-0.05834601725012689,3.0,stop,0,0
2024-08-13,1D,TMS,44.74,44.83,43.84,44.83,3301,44.69200000000001,44.6566,1.0007927159703158,1.0010740177212922,0.000792715970315919,0.004924336114046968,-0.001243508483143474,1,0.018438424766674233,0.01936659831396681,50.0,0.019479774359100976,1.2580509927969816,2.000909090909091,0.03156331821955426,0.017278546980029143,0.09090909090908765,0.0,0.9090909090909124,0.9090909090909124,2024-08-13,2024-08-14,2024-08-16,44.74,43.8452,-0.02000000000000013,-0.023000000000000128,0.017881090746535433,-0.029950827000447156,3.0,stop,0,0
2024-08-22,1D,TMS,45.1,45.54,43.93,45.54,363,44.791000000000004,44.7042,1.0019416520147997,1.0068987073295974,0.0019416520147995885,0.005138907589426145,0.0006804883399218475,1,0.010078387458006821,-0.0017706949977865927,44.97153700189754,0.029839735507647236,0.2702903946388682,0.815,0.024279379157427946,0.010053585729160484,0.2732919254658372,0.0,0.7267080745341628,0.7267080745341628,2024-08-22,2024-08-23,2024-08-28,45.01,44.1098,-0.019999999999999907,-0.022999999999999906,0.021772939346812015,-0.03199289046878462,4.0,stop,0,0
2024-09-18,1D,TMS,44.65,44.65,42.99,42.99,410,44.669,44.6676,1.0000313426286613,0.9995746490854955,3.134262866141761e-05,0.003234138124649011,-0.0003625475004364054,1,0.027854511970534013,-0.011730854360336496,48.98266767143933,-0.008493868003571332,0.32516456499325874,0.25,0.027163653815389557,0.036173990342022705,1.0,0.0,0.0,1.0,2024-09-18,2024-09-19,2024-09-23,44.65,43.757,-0.020000000000000018,-0.023000000000000017,0.04949608062709965,-0.05666293393057109,3.0,stop,0,0
2025-02-25,1D,TMS,41.65,41.65,40.5,41.65,929,40.747,40.717000000000006,1.0007367929857307,1.0221611406974747,0.0007367929857306292,-0.013198682553521301,0.000761932851595315,1,0.02359302039813227,0.01165897498178281,54.461279461279446,-0.043332145657717466,0.4417813919204889,4.104395604395604,0.02910306979934831,0.012321716954039713,0.0,0.0,1.0,1.0,2025-02-25,2025-02-26,2025-03-04,41.65,40.817,-0.020000000000000018,-0.023000000000000017,0.0,-0.05306122448979589,5.0,stop,0,0
2025-07-01,1D,TMS,42.7,42.7,39.25,39.73,20780,40.344,40.2388,1.0026143920792867,1.0583977790997423,0.002614392079286746,0.006963684013477911,0.001029917357838972,1,0.07475459350616687,0.061924894304899336,68.79084967320266,0.1370604074662725,5.867653079953127,0.3743386243386244,0.020843091334894613,0.021919391587594938,0.8608695652173923,0.0,0.13913043478260767,1.0,2025-07-01,2025-07-02,2025-07-02,42.03,41.1894,-0.020000000000000018,-0.023000000000000017,0.0,-0.0637639781108732,1.0,stop,0,0
2023-11-21,1D,TPB,12.27,12.53,12.24,12.38,2617136,12.415,12.395200000000003,1.0015973925390471,0.9883205799436167,0.0015973925390470895,0.01206488954104512,-0.007272144802178082,1,-0.02619047619047621,-0.020750199521149204,64.61038961038962,0.06810792816483638,0.46859674207005686,-0.4458783388223886,0.0339969728722785,0.01990832360697223,0.37931034482759146,0.5172413793103414,0.10344827586206706,0.10344827586206706,2023-11-21,2023-11-22,2023-11-27,12.27,12.0246,-0.020000000000000018,-0.023000000000000017,0.023634881825590925,-0.03178484107579449,4.0,stop,0,0
2024-03-26,1D,TPB,13.79,13.82,13.61,13.68,10845104,13.484,13.4776,1.000474861993233,1.0226935627410263,0.00047486199323316426,0.007020164301717591,0.0034397009991511407,1,0.021481481481481435,0.05267175572519078,49.33920704845812,-0.004074314413788679,0.7985261697065661,-0.3833057316249616,0.026831036983321257,0.016041191672593033,0.523809523809519,0.14285714285714768,0.3333333333333333,0.8571428571428523,2024-03-26,2024-03-27,2024-04-01,13.82,13.5436,-0.020000000000000018,-0.023000000000000017,0.015918958031837738,-0.05716353111432715,4.0,stop,0,0
2024-06-12,1D,TPB,13.28,13.32,13.07,13.1,6748117,13.015,12.9844,1.0023566741628416,1.0203611217825586,0.0023566741628415436,0.009775777795018925,-0.0027189357747430254,1,0.019186492709132752,0.024691358024691246,53.142857142857125,0.0412234849588302,0.9069837065446765,0.4832698719657842,0.01947074010327024,0.010702116709734486,0.7199999999999989,0.1600000000000037,0.11999999999999744,0.8399999999999963,2024-06-12,2024-06-13,2024-06-24,13.32,13.0536,-0.020000000000000018,-0.023000000000000017,0.03228228228228236,-0.03903903903903905,8.0,stop,0,0
2024-07-12,1D,TPB,13.28,13.32,13.17,13.24,4263833,13.097999999999999,13.065999999999999,1.0024491045461503,1.0138952511833867,0.002449104546150316,0.008547008547008517,0.002347453856421655,1,0.0030211480362536403,0.014514896867837912,71.13402061855673,0.02658517707058399,0.6890427297723092,-0.5414261452615388,0.015114027538726328,0.003264638556793188,0.26666666666666033,0.2666666666666722,0.46666666666666745,0.7333333333333278,2024-07-12,2024-07-15,2024-07-22,13.28,13.851039999999998,0.04299999999999993,0.039999999999999925,0.052710843373493965,-0.036144578313252906,6.0,target,1,1
2024-08-28,1D,TPB,13.13,13.32,13.09,13.17,8035333,13.075999999999999,13.074000000000002,1.000152975370965,1.0041297032731724,0.00015297537096505391,0.009106343571538611,-0.0010086191087473884,1,-0.008308157099697788,-0.008308157099697788,75.60975609756103,0.04642655298926597,0.8570697460054005,0.7993570504217844,0.017299532151017327,0.010641154702248455,0.17391304347825684,0.6521739130434786,0.17391304347826456,0.17391304347826456,2024-08-28,2024-08-29,2024-09-13,13.13,13.43,0.022848438690022732,0.019848438690022733,0.03427265803503432,-0.013709063214013772,10.0,timeout,1,0
2025-01-03,1D,TPB,14.38,14.69,14.38,14.65,9678572,14.536999999999997,14.525,1.000826161790017,0.9891999724840066,0.0008261617900169984,0.005742355057423376,-0.003184319969254723,1,-0.027063599458727938,-0.021102791014295352,48.48484848484851,0.028563384801942423,1.0860006596632104,0.8780463573331843,0.01937214385058615,0.012162080226175159,0.8709677419354861,0.1290322580645139,0.0,0.0,2025-01-03,2025-01-06,2025-01-10,14.38,14.092400000000001,-0.019999999999999907,-0.022999999999999906,0.009735744089012455,-0.030598052851182334,5.0,stop,0,0
2025-02-04,1D,TPB,14.69,14.74,14.34,14.43,10940880,14.418000000000001,14.3882,1.0020711416299468,1.0188653072548202,0.0020711416299468736,0.008886711916590961,0.002215039982168321,1,0.011707988980716344,0.021557719054241975,58.201058201058146,0.036790459118306584,1.6551029682829643,0.2326560429425526,0.01677526013809201,0.013142898047492682,0.6499999999999989,0.12500000000000167,0.22499999999999945,0.8749999999999983,2025-02-04,2025-02-05,2025-02-18,14.74,15.0,0.01763907734056991,0.01463907734056991,0.03595658073270003,-0.014925373134328401,10.0,timeout,1,0
2025-05-19,1D,TPB,12.81,12.91,12.76,12.86,8531993,12.758000000000001,12.701799999999999,1.0044245697460203,1.004075873961436,0.004424569746020427,0.021866239487384975,-0.007392704198055822,1,-0.02511415525114158,-0.022137404580152564,72.77486910994767,0.1359452703703639,0.6266590834881571,-0.007121800606805895,0.020240883238541323,0.01876297354933045,0.33333333333332543,0.33333333333333726,0.33333333333333726,0.33333333333333726,2025-05-19,2025-05-20,2025-05-23,12.81,12.5538,-0.020000000000000018,-0.023000000000000017,0.022638563622170205,-0.052302888368462086,4.0,stop,0,0
2023-09-12,1D,VCB,59.7,59.77,59.04,59.1,1573590,59.19100000000001,59.1676,1.000395486719083,1.0085992802959909,0.00039548671908290034,0.009516824996162798,0.0025518071064267733,1,0.004374158815612539,-0.002172822998495638,50.434782608695656,0.07623529923894067,0.9994724091048984,-0.04699005982997606,0.016367552045943996,0.009372128466795982,0.8219178082191756,0.09589041095890398,0.08219178082192047,0.9041095890410961,2023-09-12,2023-09-13,2023-09-14,59.77,58.574600000000004,-0.020000000000000018,-0.023000000000000017,0.0,-0.04450393173833034,2.0,stop,0,0
2023-11-08,1D,VCB,59.44,59.57,58.37,58.44,1273201,58.122,58.0494,1.0012506589215393,1.022676439214067,0.0012506589215392637,0.012737188757819151,0.0016288499698040582,1,0.006775067750677488,0.019379180243525918,72.43243243243239,0.33879283582287384,1.3847694513486184,2.065464911625981,0.021378100365314363,0.010704696267957715,0.8333333333333314,0.10833333333333521,0.05833333333333343,0.8916666666666648,2023-11-08,2023-11-09,2023-11-10,59.44,58.2512,-0.020000000000000018,-0.023000000000000017,0.0,-0.05030282637954231,2.0,stop,0,0
2024-01-11,1D,VCB,59.3,59.77,58.84,59.44,1491432,56.886,56.6454,1.004247476405851,1.042435748690363,0.004247476405851147,0.023055895259333825,0.0014355369650769223,1,0.028799444829979093,0.03962131837307159,79.93562231759654,0.6091724082292274,0.9329137500836235,-0.17157762363302687,0.01673090821488798,0.0178564416785358,0.1505376344086028,0.35483870967742526,0.49462365591397195,0.49462365591397195,2024-01-11,2024-01-12,2024-01-19,58.51,61.025929999999995,0.04299999999999993,0.039999999999999925,0.061186122030422174,-0.008032814903435326,6.0,target,1,1
2024-08-01,1D,VCB,60.23,60.7,59.24,59.3,4807705,58.406000000000006,58.2852,1.0020725673069666,1.0312296681847755,0.00207256730696648,0.004005294552455574,-0.0012269349930085216,1,0.038985682249439435,0.038985682249439435,80.473372781065,0.18475402038526845,2.9683182047142167,1.5769722041914815,0.01222693958871947,0.008285036905183825,0.6369863013698625,0.321917808219182,0.04109589041095557,0.678082191780818,2024-08-01,2024-08-02,2024-08-05,60.03,58.8294,-0.020000000000000018,-0.023000000000000017,0.0,-0.04081292686989846,2.0,stop,0,0
2024-12-03,1D,VCB,61.76,62.69,61.49,62.69,2447450,61.15599999999999,61.133599999999994,1.0003664106154389,1.0098763817123424,0.0003664106154389327,0.008542498103499385,0.0016975258069800159,1,0.004390957879329971,0.006518904823989535,53.061224489795904,0.16515129413430124,1.5673103923927378,0.5536090170199044,0.013184678016284226,0.006985987013483751,0.7750000000000025,0.0,0.22499999999999748,0.22499999999999748,2024-12-03,2024-12-04,2024-12-17,61.63,61.76,0.002109362323543751,-0.0008906376764562492,0.026934934285250733,-0.0032451728054518902,10.0,timeout,0,0
2025-02-27,1D,VCB,62.42,63.35,62.42,63.02,5035025,61.340999999999994,61.2618,1.0012928121602693,1.0175901925302817,0.0012928121602694184,0.004223761111929569,-0.0009165334811962467,1,0.005314865517796807,0.024958949096880234,57.74647887323946,0.12059816754538705,3.1843138757859397,5.529673881045106,0.009955600311255544,0.008351439924224909,0.6451612903225824,0.35483870967741765,0.0,0.0,2025-02-27,2025-02-28,2025-03-12,62.56,65.25008,0.04299999999999993,0.039999999999999925,0.08871483375959066,-0.015984654731457826,9.0,target,1,1
2025-07-02,1D,VCB,57.58,58.18,57.28,57.88,2921604,56.568000000000005,56.567800000000005,1.0000035355803125,1.0178899731296844,3.5355803124663478e-06,0.004760213143872205,-0.0008054630175893251,1,0.022917036773849597,0.024737497775404904,69.87951807228913,0.22484437009400537,0.7910879151156465,-0.7096835738125721,0.013360293752791134,0.008374561181636741,0.3333333333333386,0.3333333333333307,0.3333333333333307,0.3333333333333307,2025-07-02,2025-07-03,2025-07-09,57.68,60.160239999999995,0.04299999999999993,0.039999999999999925,0.08616504854368934,-0.006934812760055475,5.0,target,1,1
2023-12-06,1D,VCF,155.7,155.7,153.71,153.71,500,149.38899999999998,149.21,1.0011996514978887,1.0422454129822143,0.0011996514978887046,-0.00015393676545383261,-0.001656657138880857,1,0.061783960720130926,0.032151143520052994,67.48790145182579,0.22109980050295708,1.8804061677322303,-0.7727272727272727,0.012102027708964111,0.023991906137506742,1.0,0.0,0.0,1.0,2023-12-06,2023-12-07,2023-12-08,144.97,142.07059999999998,-0.02000000000000013,-0.023000000000000128,0.06849693039939297,-0.033938056149548146,2.0,stop,0,0
2023-12-14,1D,VCF,154.9,154.9,150.93,151.01,800,149.81799999999998,149.2656,1.0037007857135198,1.033921157671308,0.003700785713519909,0.010603996060601695,0.0015661045062747014,1,0.05345484221980423,0.05345484221980423,55.60165975103736,0.7553966065909212,2.157788267026298,-0.20159680638722555,0.024545789910541346,0.03323315546545138,0.9798488664987446,0.0,0.02015113350125544,1.0,2023-12-14,2023-12-15,2023-12-21,154.82,151.7236,-0.019999999999999907,-0.022999999999999906,0.0005167291047669664,-0.07079188735305508,5.0,stop,0,0
2024-01-19,1D,VCF,146.24,147.75,146.24,147.75,401,149.522,149.4762,1.0003064032936346,0.9780500528350344,0.0003064032936346096,-0.0006817088167672125,-0.0019190243824266373,1,0.0005473453749316182,-0.05541919648624194,42.43556219648864,-0.44547753319524974,1.8407160890521002,1.005,0.01563476867771178,0.028246896875744686,1.0,0.0,0.0,0.0,2024-01-19,2024-01-22,2024-01-29,146.24,152.52832,0.04299999999999993,0.039999999999999925,0.05921772428884031,-0.009778446389496764,6.0,target,1,1
2024-06-26,1D,VCF,177.14,177.14,174.76,174.76,756,175.15699999999998,174.8306,1.0018669500648054,1.0113212717733233,0.0018669500648054646,0.0013606297772110754,-0.0022849838213557794,1,0.013618677042801508,0.004479727814006296,76.57295850066934,0.06833020808689313,1.1226611226611227,755.0,0.007947708834013467,0.006062321512209924,1.0,0.0,0.0,1.0,2024-06-26,2024-06-27,2024-07-08,177.14,173.5972,-0.020000000000000018,-0.023000000000000017,0.02156486394941859,-0.020153550863723613,8.0,stop,0,0
2023-12-06,1D,VCG,19.79,19.87,19.51,19.63,7042387,18.485999999999997,18.4742,1.000638728605298,1.0705398680082225,0.0006387286052980572,0.012265907348592453,0.0025179348592885287,1,0.09276642738818341,0.08083014746040429,58.9928057553957,0.18984430680952227,0.8138117175444571,-0.39418122483080464,0.03421641521692052,0.034805372590945974,0.44444444444444553,0.2222222222222277,0.33333333333332676,0.7777777777777724,2023-12-06,2023-12-07,2023-12-07,19.87,19.4726,-0.020000000000000018,-0.023000000000000017,0.01610468042274782,-0.06643180674383498,1.0,stop,0,0
2024-03-25,1D,VCG,20.23,20.98,20.19,20.59,10630099,19.913999999999998,19.842,1.003628666465074,1.0158682334036357,0.003628666465074044,0.013847876998268838,0.00165579629667012,1,0.007972097658196287,0.005967180507210346,53.52112676056337,0.09538024833623707,1.2631544712367284,-0.1896219671236582,0.025174775792669996,0.011428828177470153,0.45569620253164533,0.4936708860759506,0.050632911392404036,0.050632911392404036,2024-03-25,2024-03-26,2024-04-03,20.19,21.05817,0.04299999999999993,0.039999999999999925,0.05695889053987124,-0.0316988608221892,7.0,target,1,1
2024-06-14,1D,VCG,18.41,18.99,18.41,18.72,8165745,18.424,18.3862,1.0020558897433944,0.9992401215805472,0.0020558897433945417,-0.001409214092140898,-0.006462838677603888,1,0.014325068870523427,-0.003248511099079532,59.63302752293581,0.010792911387667296,1.3410129496530476,0.053480852781064625,0.023744859160394174,0.00871675328845259,0.5344827586206891,0.465517241379311,0.0,0.0,2024-06-14,2024-06-17,2024-06-17,18.45,18.081,-0.020000000000000018,-0.023000000000000017,0.0027100271002711285,-0.12086720867208678,1.0,stop,0,0
2024-08-22,1D,VCG,16.98,17.29,16.93,17.29,2981544,16.762999999999998,16.6504,1.0067626002978907,1.0129451768776474,0.0067626002978905565,0.03392339480663642,-0.004138854996530883,1,0.005328596802841812,0.02722323049001818,63.15789473684212,0.18330400872121147,0.8982388572124066,-0.5953279424001972,0.032264849402658564,0.01609733164277596,0.8611111111111089,0.0,0.1388888888888911,0.1388888888888911,2024-08-22,2024-08-23,2024-09-04,17.02,16.6796,-0.019999999999999907,-0.022999999999999906,0.02350176263219761,-0.02585193889541726,7.0,stop,0,0
2024-09-25,1D,VCG,16.84,17.07,16.84,16.98,5503428,16.526000000000003,16.485,1.002487109493479,1.0190003630642621,0.002487109493479158,0.002669578934595629,-0.0009212009551399225,1,0.010197960407918316,0.02682926829268295,48.20717131474104,0.018293913480912295,1.5610327543192755,1.0081523989953816,0.021292840176450643,0.016283585230381776,0.6086956521739144,0.3913043478260856,0.0,0.0,2024-09-25,2024-09-26,2024-10-04,16.93,16.5914,-0.020000000000000018,-0.023000000000000017,0.028942705256940426,-0.044890726520968594,7.0,stop,0,0
2024-12-12,1D,VCG,15.86,16.04,15.82,16.0,2205551,15.910999999999998,15.893200000000002,1.0011199758387233,0.9967946703538434,0.001119975838723216,0.004228730118656765,-0.0040856226188088485,1,-0.01673899566026038,-0.013681592039800905,55.84415584415586,0.04077785836857231,0.6642806226323502,-0.05658236202702416,0.019591064673031875,0.015846838517883863,0.6363636363636422,0.18181818181817888,0.18181818181817888,0.18181818181817888,2024-12-12,2024-12-13,2024-12-19,15.86,15.5428,-0.020000000000000018,-0.023000000000000017,0.039722572509457654,-0.03089533417402268,5.0,stop,0,0
2024-12-27,1D,VCG,16.26,16.4,15.95,16.08,5967606,15.754,15.744200000000001,1.0006224514424358,1.0321188269645805,0.0006224514424358478,0.007095825608898432,-0.0006220642376539853,1,0.055158987670343995,0.05174644243208282,52.74261603375532,0.05202413272396787,1.4973226690223957,0.8203188818697325,0.01827446845897028,0.020068636604603365,0.4000000000000079,0.31111111111110495,0.28888888888888714,0.688888888888895,2024-12-27,2024-12-30,2025-01-07,16.26,15.934800000000001,-0.020000000000000018,-0.023000000000000017,0.03321033210332103,-0.021525215252152563,6.0,stop,0,0
2025-04-23,1D,VCG,19.35,20.06,19.35,19.88,9161672,19.33,19.0686,1.0137084001971828,1.001034661148474,0.013708400197182714,0.03418757690867258,0.003673916247342035,1,-0.01124169647419515,-0.03346653346653339,50.0,0.10845388502072706,0.732331909131782,-0.6759627631738478,0.05574012550756734,0.0328474142832978,0.7464788732394361,0.25352112676056393,0.0,0.0,2025-04-23,2025-04-24,2025-04-24,19.57,19.1786,-0.020000000000000018,-0.023000000000000017,0.01124169647419504,-0.04087889626980079,1.0,stop,0,0
2023-11-21,1D,VCI,31.37,31.52,30.81,31.07,7524997,30.451999999999998,30.1928,1.0085848281709546,1.0301458032313149,0.008584828170954661,0.02332145977552247,-0.010422538904256928,1,0.013242894056847643,0.03839788149619339,78.68504772004243,0.4140818347401185,0.9489138799907949,0.13280055807573454,0.03920943576665602,0.026689226656641418,0.4225352112676061,0.21126760563380056,0.36619718309859334,0.7887323943661995,2023-11-21,2023-11-22,2023-11-23,31.37,30.7426,-0.020000000000000018,-0.023000000000000017,0.0643927319094677,-0.061842524705132296,2.0,ambiguous_stop,0,0
2024-06-13,1D,VCI,37.82,38.42,37.82,38.42,5383606,36.705,36.501599999999996,1.0055723584719574,1.0303773327884485,0.00557235847195745,0.01608349020042077,-0.003015404785316478,1,0.04302261445118605,0.049680821537607445,65.64885496183201,0.21402538582665465,0.9625681022297106,0.24627519557234345,0.02341920374707261,0.018065800780370667,1.0,0.0,0.0,0.0,2024-06-13,2024-06-14,2024-06-14,38.05,37.288999999999994,-0.02000000000000013,-0.023000000000000128,0.01182654402102501,-0.10801576872536134,1.0,stop,0,0
2024-08-23,1D,VCI,35.75,36.13,35.19,35.64,3549123,34.743,34.545,1.0057316543638732,1.0289842558213165,0.00573165436387322,0.024081825148853486,-0.0033121945308396405,1,0.021428571428571352,0.015913611821540385,82.49694002447985,0.37494363681586074,1.0698427727759983,0.20151875644917983,0.028471528471528475,0.019437066340290354,0.11702127659574348,0.4042553191489368,0.47872340425531973,0.5957446808510631,2024-08-23,2024-08-26,2024-08-28,36.13,35.4074,-0.020000000000000018,-0.023000000000000017,0.0166066980348738,-0.07915859396623304,3.0,stop,0,0
2024-09-30,1D,VCI,35.91,36.35,34.93,35.08,11156143,34.326,33.9878,1.0099506293434704,1.0461457787100157,0.009950629343470319,0.027693781623304714,7.650388992863633e-05,1,0.03100775193798455,0.07322175732217562,69.24198250728863,0.28460425270284406,1.5471178220377175,0.13551615092237101,0.02478418267891954,0.018637871224976076,0.5845070422535192,0.3098591549295805,0.10563380281690028,0.6901408450704195,2024-09-30,2024-10-01,2024-10-03,36.06,35.3388,-0.02000000000000013,-0.023000000000000128,0.04187465335551854,-0.020521353300055556,3.0,stop,0,0
2024-12-18,1D,VCI,33.71,33.76,33.42,33.66,2203003,33.817,33.6398,1.0052675699617715,0.9968359109323713,0.005267569961771447,0.014094221369238769,-0.005122290243397498,1,0.007471607890017884,-0.001481042654028375,65.81986143187065,0.12533289794474348,0.5084981629922973,-0.11131572291321845,0.018985464253930585,0.022892814811918082,0.1470588235294259,0.147058823529405,0.7058823529411691,0.852941176470595,2024-12-18,2024-12-19,2024-12-31,33.27,32.604600000000005,-0.019999999999999907,-0.022999999999999906,0.02043883378418987,-0.023444544634806164,9.0,stop,0,0
2025-02-05,1D,VCI,33.95,34.25,33.71,34.25,6850555,32.842999999999996,32.7284,1.0035015460578578,1.0337058125019032,0.0035015460578578794,0.024838518426061773,0.003981766088114069,1,0.008615567439097083,0.06093750000000009,78.9366053169735,0.34256601214489946,1.4279022001669155,-0.05979997458234487,0.023248474647590972,0.017849736322649815,0.5555555555555511,0.0,0.4444444444444488,0.4444444444444488,2025-02-05,2025-02-06,2025-02-18,34.1,35.5663,0.04299999999999993,0.039999999999999925,0.050733137829911845,-0.017302052785923894,9.0,target,1,1
2025-07-09,1D,VCI,37.7,38.34,37.06,37.06,18920605,35.975,35.9026,1.0020165670452836,1.0479499652536484,0.0020165670452836786,0.01690363795686478,0.0019255670655475843,1,0.04230024882499306,0.048095635251598656,73.85740402193778,0.2908108659612153,2.542671179208232,0.7695426738880156,0.021276998863205738,0.01283688567251916,0.5,0.5,0.0,0.5,2025-07-09,2025-07-10,2025-07-11,38.09,39.72787,0.04299999999999993,0.039999999999999925,0.1281176161722235,-0.019427671304804495,2.0,target,1,1
2023-09-06,1D,VGC,45.65,46.1,43.48,44.02,2047831,41.805,41.7134,1.0021959370370193,1.091974644181318,0.0021959370370192716,0.03163635466278425,0.006320655032158395,1,0.09080047789725199,0.10292341145204142,57.831325301204814,0.4376949375026426,1.900483034445803,0.4416776373684397,0.03420434986700048,0.017314350417015578,0.6221374045801499,0.17175572519084048,0.20610687022900967,0.8282442748091595,2023-09-06,2023-09-07,2023-09-11,46.19,45.2662,-0.020000000000000018,-0.023000000000000017,0.04719636284910145,-0.03918597098939158,3.0,stop,0,0
2023-11-16,1D,VGC,47.64,47.64,45.79,46.16,609537,45.596999999999994,45.376599999999996,1.0048571290048174,1.0448055793144286,0.0048571290048174155,0.041098705390779866,0.002496487243612844,1,0.019910083493898556,0.030054054054054147,57.670273711012115,0.4459424172383469,0.6568886190366728,-0.029272930541886066,0.03857802566870577,0.018885105792970917,0.8000000000000015,0.0,0.19999999999999846,1.0,2023-11-16,2023-11-17,2023-11-20,47.73,46.7754,-0.020000000000000018,-0.023000000000000017,0.0852713178294573,-0.048397234443745996,2.0,stop,0,0
2024-02-21,1D,VGC,52.17,52.35,48.56,48.93,3698486,49.393,49.022000000000006,1.0075680306801027,1.0562225416557003,0.00756803068010271,0.00925623212096438,-0.0027097845192370906,1,0.06425948592411257,0.07015384615384623,73.10574521232309,0.2822509575653212,4.18263593915121,4.970423008129556,0.02560311070949369,0.026612513390318834,0.8548812664907659,0.04749340369393133,0.09762532981530278,0.9525065963060687,2024-02-21,2024-02-22,2024-02-22,52.17,51.1266,-0.020000000000000018,-0.023000000000000017,0.019551466359976954,-0.06919685643089901,1.0,stop,0,0
2024-05-30,1D,VGC,50.87,51.52,50.13,50.87,721596,50.919,50.783,1.0026780615560325,0.999037687307292,0.0026780615560324456,0.007678454809918689,-0.003958042396949524,1,0.010930047694753586,-0.01624444014697357,59.161147902869736,0.1951932692397699,1.162066592936654,-0.2566314794001511,0.023631666151815542,0.020959852637361658,0.0,0.46762589928057946,0.5323741007194206,0.5323741007194206,2024-05-30,2024-05-31,2024-06-06,51.52,50.4896,-0.020000000000000018,-0.023000000000000017,0.01979813664596275,-0.02697981366459623,5.0,stop,0,0
2024-10-02,1D,VGC,40.24,40.79,40.05,40.7,991456,40.487,40.309,1.0044158872708329,0.9938992763109146,0.004415887270832925,0.010633783480192838,-0.009606879606879781,1,-0.009111056390051608,-0.015655577299412915,67.4868189806678,0.202406043803463,1.0566803895556123,-0.3001547986523412,0.02222380005680206,0.01563365950347412,0.6216216216216212,0.1216216216216163,0.25675675675676257,0.25675675675676257,2024-10-02,2024-10-03,2024-10-16,40.1,39.298,-0.020000000000000018,-0.023000000000000017,0.025436408977556058,-0.029925187032418976,10.0,stop,0,0
2024-11-13,1D,VGC,41.26,41.26,39.83,40.49,1631933,39.836,39.6568,1.0045187710556576,1.0357465608996888,0.004518771055657582,0.017288490513036603,0.0007015064725326425,1,0.01650652870165059,0.011770475723393847,68.72370266479659,0.3156812041916334,1.6630072889993257,0.08545011446913864,0.0241499896129077,0.02527286120666741,0.5384615384615358,0.0,0.46153846153846423,1.0,2024-11-13,2024-11-14,2024-11-18,41.21,40.3858,-0.019999999999999907,-0.022999999999999906,0.03591361320067943,-0.09123999029361796,3.0,stop,0,0
2024-12-04,1D,VGC,40.59,41.11,40.16,41.02,1013183,39.923,39.846399999999996,1.0019223819466754,1.0167071612854746,0.0019223819466753893,0.011707762094219643,0.00028618049453976724,1,0.009450385476249767,0.025258903763576646,45.90964590964594,0.10450168987626807,0.6878842320024227,-0.4062745387592266,0.029722310210115087,0.010654915971971568,0.4526315789473668,0.09473684210525898,0.45263157894737427,0.45263157894737427,2024-12-04,2024-12-05,2024-12-12,40.88,42.63784,0.04299999999999993,0.039999999999999925,0.06873776908023466,-0.011741682974559797,6.0,target,1,1
2025-05-21,1D,VGC,42.21,42.78,39.68,42.78,809532,43.062,42.9854,1.0017820004001359,0.9802145743346803,0.0017820004001358396,0.028076206847156504,-0.007522303699735833,1,-0.03893442622950827,-0.03276810265811181,74.5360824742268,0.493738871362424,1.0126098402147323,-0.05822378370832271,0.033421328730497184,0.025725890830606682,0.18387096774193548,0.0,0.8161290322580645,0.8161290322580645,2025-05-21,2025-05-22,2025-05-23,42.16,41.31679999999999,-0.02000000000000013,-0.023000000000000128,0.05882352941176472,-0.04743833017077803,2.0,stop,0,0
2023-08-31,1D,VHC,58.8,59.56,58.8,59.56,759514,55.863,55.794799999999995,1.0012223361316825,1.052575049675098,0.0012223361316826028,0.01113162467419615,0.012150566893423864,1,0.019771071800208206,0.06753812636165568,59.58840037418147,0.24461288187410246,0.8499792936774289,-0.44804285928150245,0.029069484936831876,0.02075497846472047,1.0,0.0,0.0,0.0,2023-08-31,2023-09-05,2023-09-05,59.87,58.672599999999996,-0.020000000000000018,-0.023000000000000017,0.04058794053783199,-0.0559545682311674,1.0,stop,0,0
2023-12-13,1D,VHC,57.44,58.35,56.98,58.04,928501,55.27,55.1154,1.0028050236413053,1.0392618056812013,0.0028050236413053715,0.032215893173966004,-0.004008153647094392,1,0.009490333919156324,-0.003815469996531373,68.73990306946689,0.7017981018687258,1.1033620361636172,0.9225892082502489,0.027233386390767996,0.028024942394155903,0.4379562043795616,0.22627737226277464,0.33576642335766377,0.33576642335766377,2023-12-13,2023-12-14,2023-12-14,57.74,56.5852,-0.020000000000000018,-0.023000000000000017,0.0,-0.07758919293384148,1.0,stop,0,0
2024-05-09,1D,VHC,73.78,77.26,72.84,74.25,4408312,70.549,70.20360000000001,1.004919975613786,1.0457979560305601,0.004919975613786157,0.0286509973171587,0.010635602492197638,1,0.039740698985343936,0.03420241098962706,78.11400422237855,0.5719452272488437,5.638537031105945,2.8893484567225913,0.03039925647678428,0.02166341638609434,0.10633484162895898,0.6809954751131231,0.21266968325791796,0.21266968325791796,2024-05-09,2024-05-10,2024-05-10,74.91,73.4118,-0.019999999999999907,-0.022999999999999906,0.0037378187157923737,-0.07395541316246157,1.0,stop,0,0
2024-06-13,1D,VHC,72.84,72.84,71.15,71.62,2219405,70.333,70.0244,1.0044070352619943,1.0356447186953492,0.004407035261994368,0.011883695167393071,-0.0015826529826593605,1,0.01973960520789575,0.0587209302325582,70.11952191235056,0.2807510973833064,1.7505368371860068,1.7748597820025855,0.020191025339295537,0.012850722889575483,0.7218934911242606,0.0,0.27810650887573934,1.0,2024-06-13,2024-06-14,2024-06-14,73.31,71.8438,-0.020000000000000018,-0.023000000000000017,0.029600327376892777,-0.08975583140090027,1.0,stop,0,0
2024-08-27,1D,VHC,69.08,69.93,68.71,69.93,364082,67.907,67.502,1.0059998222274895,1.0172736242213616,0.005999822227489573,0.020038153605816067,-0.0015590009377671743,1,0.025077904733640022,0.01797819039198356,78.77358490566029,0.5209281219377423,0.744430628097624,-0.6596391117459759,0.016316486061709014,0.01294936717164304,0.6967213114754094,0.0,0.30327868852459067,0.30327868852459067,2024-08-27,2024-08-28,2024-09-05,69.08,67.69839999999999,-0.02000000000000013,-0.023000000000000128,0.019108280254777288,-0.050231615518239736,5.0,stop,0,0
2024-09-27,1D,VHC,67.67,68.43,67.49,68.43,486037,67.127,66.9264,1.0029973224318056,1.0080891444575208,0.0029973224318056006,0.009732250300842127,-0.001068688617570701,1,0.0,-0.005584129316678843,60.90686274509805,0.17674667580819853,1.175043918758426,-0.1788306492488393,0.018556439865734957,0.011935000264681228,0.8085106382978675,0.0,0.1914893617021325,0.1914893617021325,2024-09-27,2024-09-30,2024-10-02,67.67,66.3166,-0.02000000000000013,-0.023000000000000128,0.011230973843653125,-0.036057337076991214,3.0,stop,0,0
2024-10-16,1D,VHC,68.99,68.99,67.39,67.67,655147,67.08,66.9904,1.0013375050753541,1.028473464519976,0.0013375050753541456,0.007328207592503411,0.0033489698472892737,1,0.019506428254765673,0.026636904761904612,54.5551982851018,0.24998024216456025,1.377633989265908,0.40228081703592244,0.017818317354482024,0.011335311842424221,0.8249999999999986,0.0,0.17500000000000132,1.0,2024-10-16,2024-10-17,2024-10-18,69.37,67.9826,-0.020000000000000018,-0.023000000000000017,0.0025947816058813356,-0.050165777713709114,2.0,stop,0,0
2024-11-08,1D,VHC,70.12,70.78,68.05,68.14,1812334,67.24100000000001,67.20500000000001,1.000535674428986,1.042816138962835,0.0005356744289859587,0.0063155689250067315,-0.0008088088802455928,1,0.050801738348568826,0.055229495861550015,60.831122900088445,0.20947563000857305,2.909992239042314,1.6506341628932804,0.02089275527666856,0.014812494645488028,0.7252747252747257,0.24175824175824015,0.03296703296703417,0.7582417582417599,2024-11-08,2024-11-11,2024-11-13,70.4,68.992,-0.020000000000000018,-0.023000000000000017,0.018749999999999822,-0.08139204545454548,3.0,stop,0,0
2024-12-03,1D,VHC,69.27,70.4,68.52,68.99,1022783,67.768,67.673,1.001403809495663,1.0221638531460275,0.0014038094956629506,0.002930294509397635,0.0010295340175197065,1,0.030803571428571264,0.022133687472332797,48.523206751054836,0.09066669913130782,1.1576691707281406,1.561587569531929,0.025779042669471383,0.009366152821313912,0.14893617021276578,0.601063829787236,0.2499999999999981,0.3989361702127639,2024-12-03,2024-12-04,2024-12-04,69.55,68.15899999999999,-0.02000000000000013,-0.023000000000000128,0.04629762760603873,-0.07289719626168212,1.0,stop,0,0
2025-02-27,1D,VHC,69.0,69.48,68.03,68.03,1003599,68.03299999999999,67.9048,1.0018879372297687,1.014213690414946,0.0018879372297686255,0.003421778439845813,-0.002555861736693421,1,0.01276970497578156,0.014258415404968305,57.42574257425739,0.14742963986290675,1.5518217920467043,0.5005158215167844,0.01821946169772255,0.00991177012623248,0.6689655172413772,0.3310344827586228,0.0,0.6689655172413772,2025-02-27,2025-02-28,2025-03-10,69.0,67.62,-0.019999999999999907,-0.022999999999999906,0.016811594202898572,-0.05318840579710149,7.0,stop,0,0
2025-05-30,1D,VHC,53.64,55.47,53.64,55.47,1934278,53.23,53.0656,1.003098052222155,1.0077024234454255,0.0030980522221550955,0.0158590812801771,-0.011592907167337185,1,-0.04961020552799433,0.05528231359433411,56.930430164630906,0.620851690410106,1.3284299747428545,0.6635730718785611,0.03508842015553423,0.03415117228358972,1.0,0.0,0.0,0.0,2025-05-30,2025-06-02,2025-06-09,53.64,52.5672,-0.020000000000000018,-0.023000000000000017,0.032252050708426516,-0.04511558538404181,6.0,stop,0,0
2023-12-28,1D,VHM,43.7,43.8,42.05,42.1,13136725,40.845,40.799,1.001127478614672,1.0698983963765456,0.0011274786146719129,0.013397841458876014,-0.0013707012605556068,1,0.06067961165048552,0.08706467661691542,78.32167832167835,0.3966311564581817,1.8073133474301772,1.1758626406816486,0.01912389669826741,0.01607951395750733,0.9142857142857151,0.057142857142853894,0.028571428571431006,0.9428571428571461,2023-12-28,2023-12-29,2024-01-02,44.05,43.169,-0.020000000000000018,-0.023000000000000017,0.0011350737797957144,-0.07150964812712823,2.0,stop,0,0
2024-02-19,1D,VHM,45.55,45.65,42.9,43.0,20165747,42.015,41.75899999999999,1.0061304150003594,1.0841366178745686,0.00613041500035938,0.010340266923169361,0.0032674242606247628,1,0.08971291866028719,0.10424242424242425,73.88059701492536,0.24119432445366415,3.5875623846249582,2.34577415259981,0.016935863258585548,0.022704526428557456,0.9272727272727262,0.03636363636363688,0.03636363636363688,0.9636363636363631,2024-02-19,2024-02-20,2024-02-21,46.0,45.08,-0.020000000000000018,-0.023000000000000017,0.01521739130434785,-0.06304347826086953,2.0,stop,0,0
2024-04-05,1D,VHM,42.95,43.1,42.4,42.7,13466948,42.905,42.893,1.0002797659291727,1.0010488288078312,0.00027976592917260286,0.001985053713218221,0.0004198250728864039,1,-0.004634994206257126,0.002333722287047868,60.24096385542175,0.03139043922336447,1.3742741668772553,0.3927800823095149,0.0184600033261267,0.008128834253700628,0.3571428571428557,0.2142857142857114,0.42857142857143293,0.7857142857142886,2024-04-05,2024-04-08,2024-04-16,43.05,42.18899999999999,-0.02000000000000013,-0.023000000000000128,0.04065040650406515,-0.06387921022067367,7.0,stop,0,0
2024-08-21,1D,VHM,39.75,39.75,38.9,39.25,13661500,37.885000000000005,37.662000000000006,1.0059210875683713,1.0492279266200342,0.005921087568371275,0.03060391730141454,0.0011696528257749694,1,0.03515625,0.06854838709677402,67.01030927835049,0.41037256420292734,1.3139066159446682,-0.22166895506571793,0.03054806828391733,0.01392215267463499,0.5882352941176461,0.0,0.4117647058823539,1.0,2024-08-21,2024-08-22,2024-08-27,39.75,41.45925,0.04299999999999993,0.039999999999999925,0.1182389937106918,-0.010062893081761004,4.0,target,1,1
2025-02-27,1D,VHM,41.05,41.15,40.6,40.75,6360000,39.92,39.852,1.00170631335943,1.028306613226453,0.001706313359430015,0.020449897750511425,-0.0003762510346904113,1,0.019875776397515477,0.012330456226880449,73.00000000000004,0.3141018486961382,1.338648638409113,0.518914787925105,0.015225334957369038,0.012189688686802376,0.5454545454545431,0.18181818181818535,0.27272727272727154,0.8181818181818147,2025-02-27,2025-02-28,2025-03-04,41.05,42.815149999999996,0.04299999999999993,0.039999999999999925,0.2070645554202193,-0.004872107186357999,3.0,target,1,1
2023-09-13,1D,VIB,14.3,14.3,13.89,13.96,11139308,13.908000000000001,13.894200000000001,1.0009932201925984,1.0281852171412136,0.0009932201925983368,0.012153409504402912,0.0024964645444314204,1,0.019971469329529423,0.017069701280227667,71.82320441988952,0.05326203652186629,2.439999579873436,1.9638328730770143,0.016933066933066943,0.01319436455262564,0.8292682926829262,0.0,0.1707317073170738,1.0,2023-09-13,2023-09-14,2023-09-18,14.5,14.209999999999999,-0.020000000000000018,-0.023000000000000017,0.03310344827586209,-0.1103448275862069,3.0,stop,0,0
2023-11-17,1D,VIB,13.04,13.41,13.0,13.34,4532645,13.106,13.102199999999998,1.000290027628948,0.9949641385624904,0.00029002762894794786,0.01723067370381859,-0.0036652877479013135,1,-0.022488755622188994,0.007727975270479082,70.70312499999996,0.09772323514346792,1.3412557957522597,0.7397638372531303,0.02349912357581069,0.018346947023207664,0.7317073170731722,0.1707317073170738,0.09756097560975398,0.09756097560975398,2023-11-17,2023-11-20,2023-11-24,12.97,12.710600000000001,-0.019999999999999907,-0.022999999999999906,0.01542020046260606,-0.03932151117964533,5.0,stop,0,0
2023-12-01,1D,VIB,12.9,12.94,12.7,12.8,1736171,12.830000000000002,12.83,1.0000000000000002,1.005455962587685,1.3845337797351913e-16,-0.01025997068579787,-0.005811700891127369,1,0.01335428122545168,0.0078125,45.45454545454547,-0.019863308408192688,0.5834012907053485,0.3275143060750736,0.020819490586932426,0.012080120788714892,0.4166666666666648,0.16666666666666297,0.41666666666667224,0.833333333333337,2023-12-01,2023-12-04,2023-12-15,13.04,12.8,-0.018404907975460016,-0.021404907975460016,0.01840490797546024,-0.018404907975460016,10.0,timeout,0,0
2024-05-27,1D,VIB,15.87,15.97,15.76,15.9,3450945,15.994,15.9752,1.0011768240773198,0.9922470926597474,0.001176824077319883,0.008004033528707266,0.0035934162583239893,1,-0.008744534665834025,-0.022181146025878062,56.32183908045973,0.03507199083157691,0.6661605747457108,-0.7689775638225551,0.01890359168241965,0.01176873328977301,0.14285714285714768,0.3333333333333333,0.523809523809519,0.523809523809519,2024-05-27,2024-05-28,2024-05-30,16.08,15.758399999999998,-0.020000000000000018,-0.023000000000000017,0.022388059701492713,-0.031094527363183966,3.0,stop,0,0
2024-06-07,1D,VIB,16.15,16.33,16.08,16.3,2832652,15.998,15.9628,1.0022051269200891,1.009501187648456,0.002205126920089187,0.003261005894895197,-0.0028609622327997464,1,0.0,0.029318036966220484,47.77777777777773,0.023128695740281507,0.5061273636677497,-0.22812593583856722,0.018929677134011523,0.011825550740788927,0.6000000000000085,0.11999999999999034,0.28000000000000114,0.28000000000000114,2024-06-07,2024-06-10,2024-06-19,16.15,15.826999999999998,-0.020000000000000018,-0.023000000000000017,0.034055727554179516,-0.026625386996903866,8.0,stop,0,0
2024-08-27,1D,VIB,15.44,15.53,15.44,15.53,3449683,15.343,15.2752,1.004438567089138,1.0063221012839731,0.004438567089137955,0.01027194310923818,-0.002064441947369877,1,-0.0057952350289761645,0.0006480881399870686,68.9655172413793,0.06738667127381398,0.8650342455272272,0.08141583821034004,0.014156180606957803,0.00824635238163206,1.0,0.0,0.0,0.0,2024-08-27,2024-08-28,2024-09-09,15.44,15.1312,-0.020000000000000018,-0.023000000000000017,0.008419689119171014,-0.02720207253886009,7.0,stop,0,0
2024-09-19,1D,VIB,15.44,15.48,15.4,15.44,2097267,15.237,15.2346,1.000157536134851,1.0133228325785915,0.00015753613485091408,0.0,9.190452432839002e-05,1,0.016458196181698526,0.00849118223383405,50.0,0.010976711803309913,0.6886413918964089,-0.291031524290995,0.011149148778682467,0.007964200748060259,0.0,0.5000000000000111,0.4999999999999889,0.4999999999999889,2024-09-19,2024-09-20,2024-09-25,15.53,16.197789999999998,0.04299999999999993,0.039999999999999925,0.08692852543464258,-0.008370895041854398,4.0,target,1,1
2024-12-06,1D,VIB,16.24,16.37,16.2,16.24,7407589,15.910000000000002,15.8538,1.0035448914455842,1.0207416719044624,0.003544891445584166,0.015121546608817926,-0.0007941309937981034,1,0.023959646910466592,0.013100436681222627,73.15789473684205,0.09383055966566531,0.9096676827703502,-0.3517177806514128,0.014778325123152733,0.011839520479444214,0.0,0.7647058823529486,0.23529411764705144,0.23529411764705144,2024-12-06,2024-12-09,2024-12-19,16.28,15.954400000000001,-0.020000000000000018,-0.023000000000000017,0.005528255528255421,-0.022727272727272818,9.0,stop,0,0
2025-05-27,1D,VIB,16.36,16.45,16.05,16.05,12318268,16.059,16.0092,1.003110711340979,1.0187433837723394,0.0031107113409790106,0.008351123948260764,-0.0052072329584293975,1,0.027638190954773822,0.024420788979336194,70.42801556420233,0.07952069982468236,2.308607930053138,1.7926475935872523,0.018774013272790793,0.01540212845777924,0.7749999999999996,0.22500000000000045,0.0,0.7749999999999996,2025-05-27,2025-05-28,2025-05-30,16.36,16.032799999999998,-0.02000000000000013,-0.023000000000000128,0.007946210268948706,-0.04584352078239606,3.0,stop,0,0
2023-08-01,1D,VIC,29.45,29.45,29.0,29.4,12267009,26.365,26.127000000000002,1.009109350480346,1.1170111890764272,0.009109350480345849,0.016383962991519008,0.003186914452465217,1,0.1526418786692758,0.14368932038834958,82.05128205128204,0.29957805759713513,3.354932111698071,0.16068233348544791,0.021222410865874362,0.031071317260036008,0.11111111111111287,0.0,0.8888888888888872,1.0,2023-08-01,2023-08-02,2023-08-04,29.5,30.7685,0.04299999999999993,0.039999999999999925,0.2779661016949153,-0.016949152542372836,3.0,target,1,1
2023-12-15,1D,VIC,21.85,21.98,21.52,21.85,6068694,21.7,21.6226,1.003579588023642,1.0069124423963134,0.0035795880236419676,0.011607850449862456,-0.0028867614778742556,1,-0.01220614828209765,0.01722532588454384,69.13580246913574,0.12844086215619038,1.7659070739769342,0.9929289980371829,0.01794704151683557,0.010665435298922952,0.0,0.2826086956521712,0.7173913043478288,0.7173913043478288,2023-12-15,2023-12-18,2023-12-19,21.85,21.413,-0.020000000000000018,-0.023000000000000017,0.026086956521739202,-0.03203661327231133,2.0,stop,0,0
2024-02-20,1D,VIC,24.25,24.68,23.95,24.0,8987903,21.794,21.74,1.0024839006439743,1.112691566486189,0.0024839006439743355,0.026662898059166995,0.0058481696709480335,1,0.13956766917293217,0.14657210401891252,85.22427440633248,0.2939068865730553,2.825215547208241,-0.46030969718892056,0.01767304860088364,0.02421060261334085,0.34246575342465735,0.5890410958904102,0.06849315068493245,0.4109589041095898,2024-02-20,2024-02-21,2024-02-21,24.28,23.7944,-0.020000000000000018,-0.023000000000000017,0.0,-0.08772652388797375,1.0,stop,0,0
2024-05-20,1D,VIC,23.35,23.78,23.18,23.5,3230491,22.925,22.9226,1.0001047001649028,1.0185387131952017,0.00010470016490282569,0.014829570606463172,0.0019757489924552285,1,0.007333908541846457,0.03777777777777791,90.10238907849832,0.1716296750906372,1.4434150889551427,0.48810548741866766,0.02600183542367694,0.008631324149195933,0.24999999999999703,0.46666666666666745,0.2833333333333355,0.2833333333333355,2024-05-20,2024-05-21,2024-05-22,23.5,23.03,-0.019999999999999907,-0.022999999999999906,0.014893617021276562,-0.08170212765957452,2.0,stop,0,0
2024-08-08,1D,VIC,20.9,21.1,20.82,21.02,1544923,20.928,20.9128,1.000726827588845,0.9986620795107033,0.000726827588845114,0.005090769378542026,-0.003402560021349421,1,0.012106537530266248,-0.0071258907363421775,62.49999999999998,0.05562121976851894,0.6299504930056821,-0.709644384035772,0.025598086124401922,0.01224713269368151,0.4285714285714304,0.28571428571429114,0.2857142857142785,0.2857142857142785,2024-08-08,2024-08-09,2024-08-12,20.9,20.482,-0.020000000000000018,-0.023000000000000017,0.013397129186602852,-0.028708133971291794,2.0,stop,0,0
2024-08-26,1D,VIC,21.08,21.18,20.82,20.82,2501840,20.672,20.663600000000002,1.0004065119340289,1.019736842105263,0.0004065119340288326,0.004080046629104217,-0.0009283075792443363,1,0.007648183556405286,0.024295432458697697,58.70445344129554,0.04927619433478185,1.077515625837152,0.4292153266011578,0.018467064245052872,0.0065185785104605876,0.7222222222222179,0.2777777777777822,0.0,0.7222222222222179,2024-08-26,2024-08-27,2024-08-27,21.05,21.95515,0.04299999999999993,0.039999999999999925,0.09501187648456066,0.0,1.0,target,1,1
2025-02-26,1D,VIC,20.5,20.55,20.4,20.5,1367140,20.253999999999998,20.2348,1.0009488603791488,1.0121457489878543,0.0009488603791486886,0.006060003973773043,-0.001273407500271495,1,0.008858267716535417,0.014851485148514865,58.94039735099335,0.046420894915077664,0.9702985615927449,-0.2382110323830241,0.010627177700348423,0.006281352083138587,0.0,0.3333333333333333,0.6666666666666666,0.6666666666666666,2025-02-26,2025-02-27,2025-03-07,20.6,21.4858,0.04299999999999993,0.039999999999999925,0.17087378640776696,-0.012135922330097082,7.0,target,1,1
2023-11-21,1D,VIX,10.94,11.1,10.78,11.0,29384689,10.376999999999999,10.117199999999999,1.0256790416320722,1.0542546015225982,0.025679041632072144,0.058769513314967714,-0.012069369580501643,1,0.012025901942645634,0.052935514918190485,86.09625668449195,0.24144129752884652,0.7437004720709272,-0.40209832846817106,0.048903107861060335,0.03163215950632262,0.1875000000000014,0.3124999999999986,0.5,0.5,2023-11-21,2023-11-22,2023-11-23,10.94,10.7212,-0.020000000000000018,-0.023000000000000017,0.05575868372943349,-0.08866544789762332,2.0,stop,0,0
2024-06-12,1D,VIX,12.26,12.38,11.84,11.87,50549806,11.739,11.712200000000001,1.0022882122914567,1.0443819746145326,0.0022882122914567467,0.00885183911997256,-0.00794511265458242,1,0.05598621877691645,0.04965753424657526,60.29411764705882,0.05716741311824934,2.361534849470531,1.9571480978795792,0.02412025168958287,0.014154616482408665,0.722222222222222,0.22222222222222368,0.055555555555554276,0.7777777777777763,2024-06-12,2024-06-13,2024-06-14,12.35,12.103,-0.020000000000000018,-0.023000000000000017,0.0024291497975710286,-0.13522267206477734,2.0,stop,0,0
2024-09-30,1D,VIX,9.65,9.81,9.49,9.61,23715592,9.322000000000001,9.3034,1.0019992690844208,1.0351855824930272,0.0019992690844208632,0.019689345876175768,-0.007722007722007707,1,0.0,0.056955093099671394,67.56756756756758,0.07261999877511084,1.2687981713797838,0.02162785819806068,0.024870466321243505,0.01812056721039424,0.12500000000000278,0.5,0.3749999999999972,0.5,2024-09-30,2024-10-01,2024-10-01,9.73,10.14839,0.04299999999999993,0.039999999999999925,0.04522096608427528,-0.05755395683453246,1.0,target,1,1
2025-02-12,1D,VIX,8.03,8.16,7.99,7.99,15571319,7.999,7.959,1.0050257570046488,1.0038754844355544,0.0050257570046488296,0.013686478266379476,0.00045252281469188027,1,-0.011083743842364546,0.0,67.17557251908397,0.04988621262953005,1.060392450826431,0.8116325813077228,0.02250489236790603,0.016567764196241,0.2352941176470539,0.7647058823529461,0.0,0.2352941176470539,2025-02-12,2025-02-13,2025-02-17,8.03,8.375289999999998,0.04299999999999993,0.039999999999999925,0.17185554171855544,-0.002490660024906499,3.0,target,1,1
2023-07-24,1D,VJC,96.8,98.3,96.7,98.0,915166,96.38000000000001,96.376,1.0000415041089068,1.0043577505706578,4.1504108906832494e-05,0.010802307288935609,0.00029061319383894,1,0.0010341261633919352,-0.005138746145940343,63.636363636363626,0.3810322380914559,1.0207738315263521,-0.04114974105261615,0.012913223140495856,0.012860140549469733,0.7500000000000044,0.1874999999999989,0.06249999999999667,0.06249999999999667,2023-07-24,2023-07-25,2023-07-31,96.9,101.0667,0.04299999999999993,0.039999999999999925,0.06604747162022684,-0.014447884416924683,5.0,target,1,1
2023-09-06,1D,VJC,101.7,101.8,99.5,100.6,1019971,98.09,97.75399999999999,1.0034371995007878,1.0368029360791111,0.003437199500787822,0.006464190437102557,0.003387255707012704,1,0.049535603715170184,0.037755102040816446,49.39024390243902,0.16555751728068485,1.1151306153001035,-0.27819762237198087,0.021983424638291883,0.011234264959758001,0.4782608695652217,0.0434782608695628,0.4782608695652155,0.9565217391304373,2023-09-06,2023-09-07,2023-09-11,101.1,99.07799999999999,-0.020000000000000018,-0.023000000000000017,0.00791295746785381,-0.04055390702274975,3.0,stop,0,0
2023-10-18,1D,VJC,104.9,105.0,102.2,103.0,1298004,99.63000000000001,99.26800000000001,1.0036466937986057,1.0528957141423265,0.0036466937986057413,0.017463235294117974,0.001291103490014267,1,0.010597302504816941,0.07479508196721318,67.7215189873418,0.8016984499501377,1.1442643595147646,0.3777904682244071,0.022266103772300157,0.021619617394915722,0.6785714285714313,0.03571428571428372,0.285714285714285,0.9642857142857163,2023-10-18,2023-10-19,2023-10-23,104.9,102.802,-0.020000000000000018,-0.023000000000000017,0.0057197330791229906,-0.07530981887511923,3.0,stop,0,0
2023-12-26,1D,VJC,108.0,108.2,107.5,108.0,901815,105.42,105.35400000000001,1.0006264593655674,1.0244735344336937,0.000626459365567404,0.008707300736771728,0.0024358218044111535,1,0.025641025641025772,0.03547459252157248,59.64912280701756,0.3169089568748245,1.0663697088875672,0.1606206347143091,0.01851851851851854,0.011605026186953893,0.0,0.28571428571428864,0.7142857142857114,0.7142857142857114,2023-12-26,2023-12-27,2024-01-03,108.1,105.93799999999999,-0.020000000000000018,-0.023000000000000017,0.0018501387604070718,-0.03515263644773359,5.0,stop,0,0
2024-04-19,1D,VJC,103.3,103.6,102.0,102.0,947587,103.38,103.28,1.0009682416731216,0.9992261559295802,0.0009682416731215561,0.005153135634418993,-0.0005806077027288303,1,-0.02455146364494809,0.022772277227722793,51.020408163265294,0.25988886541495504,1.114489491299606,-0.1380926262976313,0.021781219748305897,0.022385848380158353,0.8125000000000011,0.1874999999999989,0.0,0.8125000000000011,2024-04-19,2024-04-22,2024-04-23,103.3,101.234,-0.020000000000000018,-0.023000000000000017,0.149080348499516,-0.022265246853823806,2.0,stop,0,0
2024-07-26,1D,VJC,107.8,107.9,106.5,107.6,631700,106.14000000000001,105.43799999999999,1.0066579411597338,1.0156397211230448,0.006657941159733936,0.018813591860242118,-0.005395717385152543,1,0.016981132075471583,0.02083333333333326,89.15662650602391,0.7467424775576089,0.7296159992996056,-0.22681295654387712,0.014974821097270084,0.008745822077148893,0.14285714285714432,0.07142857142857723,0.7857142857142785,0.9285714285714227,2024-07-26,2024-07-29,2024-07-30,107.8,105.64399999999999,-0.020000000000000018,-0.023000000000000017,0.0009276437847867136,-0.1001855287569573,2.0,stop,0,0
2024-08-22,1D,VJC,104.5,105.3,103.8,105.0,592700,103.49000000000001,103.32599999999998,1.001587209414862,1.0097593970431924,0.0015872094148619896,0.015404238618524468,-0.0006383472609102769,1,-0.004761904761904745,0.01653696498054469,48.95104895104896,0.3740014135034061,0.963238640057206,0.01143344709897609,0.025495557074504432,0.009469034275376105,0.3333333333333333,0.1999999999999981,0.46666666666666856,0.46666666666666856,2024-08-22,2024-08-23,2024-09-09,104.7,102.606,-0.02000000000000013,-0.023000000000000128,0.00764087870105068,-0.024832855778414653,10.0,stop,0,0
2025-06-06,1D,VJC,90.0,91.0,88.8,90.5,998300,89.10999999999999,88.87200000000001,1.0026780088216758,1.0099876557064305,0.0026780088216757933,0.011119936457505863,-0.00365479046615369,1,0.00222717149220486,0.034482758620689724,59.43396226415095,0.3372716925632694,1.2714848849575555,0.4292054402290624,0.019603174603174605,0.013466223645334834,0.227272727272727,0.227272727272727,0.5454545454545461,0.5454545454545461,2025-06-06,2025-06-09,2025-06-09,90.0,88.2,-0.020000000000000018,-0.023000000000000017,0.0,-0.03555555555555556,1.0,stop,0,0
2025-07-08,1D,VJC,95.0,95.0,89.5,90.0,2138100,89.4,89.016,1.0043138312213535,1.0626398210290826,0.004313831221353468,0.011884550084889867,0.0044911868920534115,1,0.0674157303370786,0.04972375690607733,74.8299319727891,0.5809463292553213,2.6221807969192654,1.709199189052205,0.01909774436090226,0.020380072708333287,0.9090909090909091,0.0,0.09090909090909091,1.0,2025-07-08,2025-07-09,2025-07-11,95.0,99.085,0.04299999999999993,0.039999999999999925,0.07052631578947377,-0.021052631578947323,3.0,target,1,1
2023-11-22,1D,VND,18.03,18.08,17.71,17.91,31413973,17.066,17.0196,1.002726268537451,1.0564865815070903,0.0027262685374508473,0.0414352840666381,-0.007788634190704968,1,0.08093525179856131,0.06812796208530814,79.06976744186049,0.31677074017054957,1.2134042605698547,-0.06789625303110525,0.039656128674431496,0.021441486173270855,0.3243243243243292,0.1351351351351284,0.5405405405405423,0.8648648648648716,2023-11-22,2023-11-23,2023-11-23,18.12,17.7576,-0.020000000000000018,-0.023000000000000017,0.043046357615893927,-0.0954746136865342,1.0,stop,0,0
2024-09-27,1D,VND,14.73,15.07,14.64,14.69,24231947,14.336999999999998,14.294199999999998,1.0029942214324692,1.027411592383344,0.0029942214324690944,0.016520136131593866,-0.0009365651821411358,1,0.026480836236933758,0.013067400275103225,60.81081081081083,0.08164612157172382,2.2733250738739623,0.7481137326782559,0.023033653379885576,0.015598313247362624,0.0930232558139557,0.7906976744186048,0.11627906976743946,0.20930232558139517,2024-09-27,2024-09-30,2024-10-03,14.73,14.4354,-0.020000000000000018,-0.023000000000000017,0.03326544467074011,-0.03598099117447395,4.0,stop,0,0
2025-02-17,1D,VND,12.7,12.89,12.36,12.41,24780199,12.310999999999998,12.215399999999999,1.0078261866168934,1.03159775810251,0.007826186616893369,0.02335827098919352,-0.004806752264876479,1,0.03168155970755482,0.04013104013103996,68.30065359477123,0.12258926592683425,2.198490593068772,1.0793226698557188,0.029133858267716535,0.02510414223139571,0.5471698113207519,0.3584905660377375,0.09433962264151058,0.6415094339622625,2025-02-17,2025-02-18,2025-02-25,12.7,13.246099999999998,0.04299999999999993,0.039999999999999925,0.0645669291338582,-0.00393700787401563,6.0,target,1,1
2024-02-19,1D,VNM,62.79,63.4,61.74,61.91,6660129,59.512,59.2408,1.0045779260239565,1.055081328135502,0.004577926023956468,0.01278058576266572,0.0020127939271130657,1,0.06369642554633237,0.057426743011114834,80.03273322422268,0.3729928421235085,2.1736901799850776,-0.40109026438025464,0.014026346324482977,0.013592459082400376,0.5301204819277134,0.3674698795180727,0.10240963855421382,0.6325301204819272,2024-02-19,2024-02-20,2024-03-04,62.61,62.87,0.004152691263376473,0.0011526912633764734,0.02236064526433479,-0.013895543842836533,10.0,timeout,1,0
2024-06-05,1D,VNM,60.59,61.21,58.56,58.56,11876432,58.727,58.684799999999996,1.0007190959158079,1.031723057537419,0.0007190959158078604,0.0032972289609456418,-0.0010859833255602025,1,0.04736387208297321,0.033077578857630074,57.14285714285718,0.1061929859484034,3.0644318647159827,3.8521655003807727,0.01675193926390491,0.0156728470494144,0.7660377358490574,0.23396226415094257,0.0,0.7660377358490574,2024-06-05,2024-06-06,2024-06-06,61.04,59.819199999999995,-0.020000000000000018,-0.023000000000000017,0.0,-0.05652031454783746,1.0,stop,0,0
2024-07-10,1D,VNM,59.09,59.97,59.09,59.71,3884733,58.79799999999999,58.7444,1.0009124273973347,1.0049661553114053,0.0009124273973347037,0.0086631327946749,0.0024778495269559553,1,-0.005888290713324307,0.009050546448087449,60.00000000000004,0.16243721596685484,1.1407047520474782,-0.23059053511798422,0.011338635979015048,0.005939136240283885,0.7045454545454553,0.29545454545454475,0.0,0.0,2024-07-10,2024-07-11,2024-07-18,59.18,57.9964,-0.020000000000000018,-0.023000000000000017,0.0015207840486650692,-0.026867184859749815,6.0,stop,0,0
2024-07-31,1D,VNM,63.34,63.69,60.59,60.59,21167413,58.913,58.725,1.0032013622818219,1.0751447049038414,0.0032013622818219717,0.012929626381939618,0.0024444452031175956,1,0.0881291874248411,0.0915043942788214,81.99181446111871,0.39753653097319286,4.78344541209882,2.316953852508673,0.014953313185078244,0.018943811764547753,0.88709677419355,0.11290322580644999,0.0,0.88709677419355,2024-07-31,2024-08-01,2024-08-01,63.51,62.239799999999995,-0.020000000000000018,-0.023000000000000017,0.0362147693276651,-0.04597701149425282,1.0,stop,0,0
2025-03-04,1D,VNM,58.58,58.86,58.03,58.3,6046776,57.547000000000004,57.3094,1.004145916725703,1.0179505447720991,0.004145916725703072,0.013472579338522861,-0.0010911245903927336,1,0.020913210177762265,0.009477856281233876,65.09803921568624,0.29080816059284714,1.521528858233852,0.6730121005283174,0.01437594498366091,0.015456889686781649,0.33734939759036353,0.33734939759036353,0.325301204819273,0.6626506024096365,2025-03-04,2025-03-05,2025-03-06,58.67,57.4966,-0.020000000000000018,-0.023000000000000017,0.0,-0.026759843190727772,2.0,stop,0,0
2025-06-11,1D,VNM,52.73,53.11,52.63,52.82,1724703,52.955,52.943000000000005,1.000226658859528,0.9957511094325371,0.00022665885952804617,-0.0009056091164650892,-0.004175679488385153,1,-0.0017039000378644698,-0.029806807727690954,51.71790235081372,0.0023633858901117993,0.5067636686311425,-0.4262787621055236,0.01630950123269484,0.012425942938203958,0.18750000000000833,0.6041666666666689,0.20833333333332285,0.20833333333332285,2025-06-11,2025-06-12,2025-06-25,53.11,54.26,0.021653172660515807,0.018653172660515808,0.03954057616268125,-0.007154961400866133,10.0,timeout,1,0
2023-09-11,1D,VPB,19.3,19.65,18.94,19.47,38043120,18.622999999999998,18.6026,1.0010966209024543,1.036352896955378,0.0010966209024544226,0.019823667926181177,0.00495926702249494,1,0.004685059864653729,0.0455037919826653,70.31802120141344,0.09689176105994364,2.0512147282479036,1.2686054218085268,0.023353071798667635,0.01514129610496035,0.23943661971830818,0.25352112676056393,0.5070422535211279,0.5070422535211279,2023-09-11,2023-09-12,2023-09-22,19.3,18.914,-0.019999999999999907,-0.022999999999999906,0.03419689119170988,-0.06891191709844569,9.0,stop,0,0
2023-10-17,1D,VPB,20.0,20.0,19.56,19.78,25978478,19.080000000000002,18.9634,1.0061486864169928,1.0482180293501047,0.006148686416992829,0.01236271024566249,0.0011614769763588217,1,0.03896103896103886,0.05097214923804505,73.00613496932512,0.13761125573624833,1.9386321602560959,-0.0046849976782284974,0.02482142857142861,0.009889556136873054,0.49999999999999595,0.0,0.500000000000004,1.0,2023-10-17,2023-10-18,2023-10-18,19.82,19.4236,-0.020000000000000018,-0.023000000000000017,0.029263370332996974,-0.13067608476286574,1.0,stop,0,0
2024-01-12,1D,VPB,18.16,18.26,17.84,17.98,25024618,17.839,17.771,1.0038264588374317,1.0179942821907058,0.0038264588374316492,0.01629351108072674,0.0016684139921314678,1,0.025988700564971712,0.023098591549295833,77.60000000000002,0.12039030898472733,1.8667048273455178,0.39474165729718513,0.020099118942731305,0.013404768513395575,0.42857142857142616,0.23809523809524052,0.3333333333333333,0.7619047619047595,2024-01-12,2024-01-15,2024-01-15,18.3,17.934,-0.020000000000000018,-0.023000000000000017,0.007650273224043769,-0.030054644808743203,1.0,stop,0,0
2024-04-04,1D,VPB,17.84,18.12,17.75,17.93,12595229,17.947,17.893800000000002,1.0029730968268338,0.9940380007800746,0.0029730968268336963,0.013840244040221439,-4.4706224223922675e-05,1,-0.017621145374449365,-0.017621145374449365,62.711864406779696,0.06388038856362792,0.7295211026041539,-0.22599378409644333,0.023702754644458715,0.013027669873981998,0.2432432432432422,0.5135135135135156,0.2432432432432422,0.2432432432432422,2024-04-04,2024-04-05,2024-04-10,17.65,18.408949999999997,0.04299999999999993,0.039999999999999925,0.04475920679886691,-0.06005665722379594,4.0,target,1,1
2024-05-20,1D,VPB,18.3,18.35,18.02,18.07,25257606,17.576,17.5188,1.0032650638171565,1.0411925352753755,0.0032650638171565233,0.0167765822052528,-0.0004336315501186627,1,0.03918228279386726,0.05293440736478727,70.94339622641515,0.13395626145535858,1.9574113029323945,1.0411930134153682,0.01666666666666665,0.01262399923630714,0.6969696969696944,0.15151515151515282,0.15151515151515282,0.8484848484848472,2024-05-20,2024-05-21,2024-05-22,18.3,17.934,-0.020000000000000018,-0.023000000000000017,0.002732240437158584,-0.05846994535519123,2.0,stop,0,0
2024-06-10,1D,VPB,17.57,17.72,17.52,17.57,10498933,17.6,17.5994,1.0000340920713207,0.9982954545454544,3.409207132073562e-05,-0.0019280934558238982,-0.00029537734455775677,1,-0.002837684449489286,-0.014029180695847354,31.840796019900566,-0.02305354103943974,0.7560733460782807,0.05413312885757815,0.01654606065533786,0.0070291909386806855,0.0,0.7499999999999956,0.25000000000000444,0.25000000000000444,2024-06-10,2024-06-11,2024-06-12,17.72,18.481959999999997,0.04299999999999993,0.039999999999999925,0.09029345372460496,-0.008465011286681645,2.0,target,1,1
2024-08-29,1D,VPB,18.45,18.84,18.4,18.45,23613933,18.262999999999998,18.215799999999998,1.002591157127329,1.010239281607622,0.0025911571273290294,0.014949427586973263,-0.0004280164182708379,1,-0.002702702702702786,0.010958904109588996,84.96240601503744,0.09269545262219732,1.317419121086199,0.7143320423898731,0.015950445218737945,0.007860085146241449,0.0,0.8863636363636351,0.11363636363636492,0.11363636363636492,2024-08-29,2024-08-30,2024-09-04,18.59,18.2182,-0.020000000000000018,-0.023000000000000017,0.0,-0.05486820871436249,2.0,stop,0,0
2024-09-23,1D,VPB,18.5,18.69,18.4,18.5,29078562,18.079,18.0654,1.0007528203084348,1.0232866862105205,0.0007528203084349242,0.008703900016738375,-0.0010285335102853121,1,0.018722466960352513,0.035834266517357216,51.14155251141555,0.05481374945542426,1.4448542922321672,-0.4434910834078364,0.015328185328185324,0.0086519218817138,0.0,0.6551724137931018,0.34482758620689824,0.34482758620689824,2024-09-23,2024-09-24,2024-09-26,18.5,19.295499999999997,0.04299999999999993,0.039999999999999925,0.07621621621621633,-0.002702702702702786,3.0,target,1,1
2025-02-17,1D,VPB,18.35,18.59,18.35,18.5,11948649,18.419999999999998,18.403000000000002,1.0009237624300384,0.9961997828447342,0.0009237624300383582,0.002394427514148978,-0.0005322384428223526,1,-0.0027173913043476716,0.0,60.89108910891096,0.036280429473260656,1.0710771169269107,0.03564602626227242,0.01627092253795251,0.00797790250655048,0.6249999999999981,0.37500000000000183,0.0,0.0,2025-02-17,2025-02-18,2025-03-03,18.35,18.69,0.018528610354223485,0.015528610354223486,0.03978201634877365,-0.005449591280654031,10.0,timeout,1,0
2025-05-21,1D,VPB,18.45,18.8,18.25,18.3,68316753,17.707,17.6152,1.00521140832917,1.0419608064607218,0.005211408329170217,0.033201073637530776,-0.0009981398303161582,1,0.02216066481994461,0.0027173913043478937,85.02994011976048,0.2653762053174614,2.2560520626720826,1.4534860748889673,0.027332559039876112,0.02412611118801445,0.27272727272726976,0.6363636363636381,0.09090909090909208,0.36363636363636187,2025-05-21,2025-05-22,2025-05-23,18.5,18.13,-0.020000000000000018,-0.023000000000000017,0.0108108108108107,-0.06486486486486487,2.0,stop,0,0
2023-07-21,1D,VPI,44.91,44.91,44.25,44.41,686400,44.32899999999999,44.248400000000004,1.0018215347899582,1.013106544248686,0.0018215347899582762,0.00947327670621445,0.0006377176041718613,1,0.011258725512272028,0.014915254237288122,77.85234899328863,0.16112001727018405,0.9558900737556092,0.02739110911540199,0.009240703629481166,0.009001356405626035,0.7575757575757615,0.0,0.24242424242423852,1.0,2023-07-21,2023-07-24,2023-08-04,44.91,45.5,0.01313738588287694,0.01013738588287694,0.02605210420841697,-0.0017813404586951576,10.0,timeout,1,0
2023-10-11,1D,VPI,44.91,45.0,44.08,44.16,963000,43.963,43.873599999999996,1.0020376718573358,1.021540841161886,0.0020376718573357285,0.003606894190161025,-0.002160632815236263,1,0.024640657084188833,0.026514285714285712,64.30020283975654,0.11858771899618552,1.0784341337953764,0.06092204371263232,0.015793491745395564,0.011547688742645732,0.8152173913043463,0.09782608695652527,0.08695652173912842,0.9021739130434747,2023-10-11,2023-10-12,2023-10-18,44.91,44.011799999999994,-0.020000000000000018,-0.023000000000000017,0.01313738588287694,-0.029614785125807175,5.0,stop,0,0
2024-01-19,1D,VPI,46.58,46.91,46.58,46.75,795600,46.038,46.0094,1.0006216121053524,1.0117728832703419,0.0006216121053523257,0.007859191313295044,0.001053066730489105,1,0.0053960716598315805,0.01636482653283866,60.50420168067229,0.1373295686332364,0.7534793014803651,-0.014248544170486932,0.01093357050849534,0.0036627792238205954,0.515151515151523,0.48484848484847703,0.0,0.0,2024-01-19,2024-01-22,2024-01-26,46.58,45.648399999999995,-0.020000000000000018,-0.023000000000000017,0.05732073851438391,-0.021468441391155002,5.0,stop,0,0
2024-05-07,1D,VPI,49.33,49.33,48.58,49.33,1520300,48.437,48.374,1.0013023525034108,1.0184363193426513,0.0013023525034108257,0.015195338698859695,-0.0007931852170104392,1,0.01189743589743597,0.008587200981394538,64.72663139329808,0.22459088650142062,1.436172938725067,0.24784133216891124,0.014494222582606941,0.008705549478626217,0.0,0.0,1.0,1.0,2024-05-07,2024-05-08,2024-05-09,49.33,48.343399999999995,-0.020000000000000018,-0.023000000000000017,0.006689641191972351,-0.032029191161564885,2.0,stop,0,0
2024-07-04,1D,VPI,51.16,51.66,49.83,50.08,2086322,48.946,48.8084,1.002819186861278,1.0452335226576226,0.0028191868612779574,0.01539291345116589,0.004118646648096469,1,0.04068348250610243,0.05680644494939058,84.21052631578948,0.3115166590519539,1.7509626605254234,0.8289887673939704,0.015916452585725445,0.009204114677589297,0.5901639344262292,0.27322404371584724,0.13661202185792362,0.7267759562841527,2024-07-04,2024-07-05,2024-07-18,51.16,51.08,-0.0015637216575449253,-0.004563721657544925,0.006645817044566238,-0.016223612197028947,10.0,timeout,0,0
2024-10-18,1D,VPI,58.3,58.8,57.8,58.1,1506300,57.31999999999999,57.266000000000005,1.0009429679041664,1.0170969993021635,0.0009429679041663086,0.00649692712906047,0.0019596178745144854,1,0.006908462867011966,0.017452006980802848,48.78048780487803,0.09739398307410457,0.9981512037055444,0.17762489250254077,0.0149473168341093,0.0037831070724314926,0.19999999999999574,0.5,0.30000000000000426,0.5,2024-10-18,2024-10-21,2024-10-23,58.3,57.13399999999999,-0.020000000000000018,-0.023000000000000017,0.012006861063464935,-0.03430531732418529,3.0,stop,0,0
2024-12-25,1D,VPI,59.0,60.0,58.8,59.6,1919300,58.18000000000001,58.122,1.0009979009669316,1.0140941904434513,0.000997900966931746,0.003795721187025869,0.0010333781130515973,1,0.04424778761061954,0.008547008547008517,45.78313253012047,0.0471782162689767,1.1417880258899675,0.2426675299449661,0.01985472154963682,0.01663890475190781,0.5,0.33333333333333137,0.16666666666666863,0.16666666666666863,2024-12-25,2024-12-26,2024-12-30,59.5,58.31,-0.019999999999999907,-0.022999999999999906,0.010084033613445342,-0.026890756302521024,3.0,stop,0,0
2025-02-28,1D,VPI,59.5,59.6,58.9,59.2,1112900,58.7,58.604000000000006,1.0016381134393557,1.0136286201022147,0.001638113439355616,0.009111225717723936,0.0012985237834883812,1,0.008474576271186418,0.020583190394511286,82.05128205128212,0.18718593070104617,0.718282678989796,-0.24920731295958987,0.01044417767106843,0.004946652762814332,0.4285714285714228,0.14285714285714432,0.42857142857143293,0.8571428571428557,2025-02-28,2025-03-03,2025-03-04,59.4,58.211999999999996,-0.020000000000000018,-0.023000000000000017,0.0033670033670034627,-0.0639730639730639,2.0,stop,0,0
2025-04-02,1D,VPI,58.8,59.0,57.5,57.9,1830400,58.24000000000001,58.13400000000001,1.0018233735851654,1.0096153846153844,0.0018233735851653358,0.00848484848484854,-0.0004814139816374796,1,0.015544041450777257,0.00512820512820511,69.56521739130432,0.17093575296024743,0.9113676988264349,0.15264483627204029,0.020651117589893127,0.016943542068356438,0.5999999999999991,0.13333333333333522,0.2666666666666657,0.8666666666666648,2025-04-02,2025-04-03,2025-04-04,56.8,55.663999999999994,-0.020000000000000018,-0.023000000000000017,0.05457746478873249,-0.051056338028169,2.0,stop,0,0
2025-06-26,1D,VPI,52.6,53.4,52.3,52.6,1140900,52.29,52.201,1.0017049481810694,1.0059284758079938,0.001704948181069302,0.005576923076923146,-0.0070758754493751574,1,0.005736137667304186,0.005736137667304186,64.81481481481492,0.11078414549567266,0.5157740792896974,-0.3548040490866934,0.02749864204236827,0.007674161318560389,0.0,0.7272727272727237,0.27272727272727626,0.27272727272727626,2025-06-26,2025-06-27,2025-07-02,52.3,51.254,-0.020000000000000018,-0.023000000000000017,0.03250478011472291,-0.043977055449330726,4.0,stop,0,0
2023-07-14,1D,VRE,28.0,28.3,27.6,28.3,10209955,27.415,27.352000000000004,1.0023033050599588,1.0213386832026263,0.0023033050599588797,0.01162361623616226,0.001574572485261383,1,0.02564102564102555,0.03703703703703698,65.85365853658539,0.1411787161715656,1.9001475328690216,0.4433826762214026,0.01938775510204081,0.012904409720764754,0.42857142857143005,0.0,0.57142857142857,0.57142857142857,2023-07-14,2023-07-17,2023-07-25,28.05,29.256149999999998,0.04299999999999993,0.039999999999999925,0.04634581105169344,-0.012477718360071388,7.0,target,1,1
2024-01-04,1D,VRE,23.4,23.6,23.25,23.25,4794666,23.240000000000002,23.169,1.003064439552851,1.0068846815834767,0.003064439552850857,0.006278415241394164,-0.007964033397559356,1,0.0042918454935620964,0.006451612903225712,61.70212765957444,0.0772327928423279,1.3271578595396878,0.7894237131766368,0.016330891330891335,0.008984813487677847,0.4285714285714228,0.5714285714285773,0.0,0.4285714285714228,2024-01-04,2024-01-05,2024-01-12,23.55,23.079,-0.020000000000000018,-0.023000000000000017,0.023354564755838636,-0.02972399150743099,6.0,stop,0,0
2024-02-22,1D,VRE,26.4,26.65,25.75,25.8,13523968,23.415,23.293000000000003,1.0052376250375648,1.1274823830877643,0.005237625037564776,0.04182424916573968,0.00791864993509317,1,0.09771309771309755,0.19999999999999996,68.02721088435375,0.43488384189648327,1.304678566317128,-0.3584142832765145,0.028814935064935036,0.029596021818605257,0.6666666666666653,0.27777777777777823,0.055555555555556434,0.7222222222222218,2024-02-22,2024-02-23,2024-02-23,26.4,25.872,-0.019999999999999907,-0.022999999999999906,0.05681818181818188,-0.043560606060605966,1.0,stop,0,0
2024-09-05,1D,VRE,19.7,20.35,19.65,19.8,12485100,19.535,19.434,1.0051970772872285,1.0084463782953672,0.005197077287228522,0.016918271733472157,-0.0027197618925437483,1,0.023376623376623273,-0.017456359102244412,70.23809523809524,0.17732435772839383,1.1825150192885265,0.08259195671401076,0.03136330674401741,0.020330741100435642,0.14285714285714432,0.7857142857142836,0.07142857142857216,0.07142857142857216,2024-09-05,2024-09-06,2024-09-10,19.75,19.355,-0.020000000000000018,-0.023000000000000017,0.02784810126582271,-0.0582278481012658,3.0,stop,0,0
2025-02-25,1D,VRE,17.25,17.5,17.25,17.4,5837200,16.935000000000002,16.897,1.0022489199266145,1.0186005314437554,0.0022489199266144174,0.011951000896325059,-0.0016543574593796961,1,-0.0057636887608070175,0.023738872403560762,58.333333333333265,0.1110952474247072,0.8764485605234787,-0.19999999999999996,0.017805383022774332,0.01182690779759624,0.5999999999999943,0.4000000000000057,0.0,0.0,2025-02-25,2025-02-26,2025-02-27,17.25,16.905,-0.019999999999999907,-0.022999999999999906,0.07246376811594213,-0.020289855072463836,2.0,stop,0,0
2025-07-10,1D,VRE,28.45,28.5,27.0,27.0,13962700,25.619999999999997,25.441999999999997,1.0069963053219086,1.1104605776736924,0.0069963053219086885,0.028089887640449396,0.009803532446913898,1,0.11568627450980395,0.1357285429141717,86.66666666666667,0.3047434043589887,2.8478132065254527,0.7993401976829599,0.023349234245543565,0.020644106030132094,0.9666666666666662,0.033333333333333805,0.0,0.9666666666666662,2025-07-10,2025-07-11,2025-07-11,28.7,28.125999999999998,-0.020000000000000018,-0.023000000000000017,0.05574912891986061,-0.026132404181184676,1.0,stop,0,0
2023-09-15,1D,VSC,15.63,15.99,15.48,15.99,799171,15.539000000000001,15.511,1.0018051705241442,1.0058562327048073,0.0018051705241443007,0.032491694352159595,-0.002045963404277207,1,-0.012010113780025256,-0.02128991859737006,68.61826697892272,0.1601438491097219,0.5706793490805941,-0.4097716179358539,0.031578466319349234,0.02558139544430179,0.7058823529411756,0.0,0.29411764705882437,0.29411764705882437,2023-09-15,2023-09-18,2023-09-18,15.48,15.1704,-0.020000000000000018,-0.023000000000000017,0.02390180878552961,-0.19573643410852715,1.0,stop,0,0
2023-11-21,1D,VSC,14.55,14.94,14.36,14.5,3347755,13.475,13.3674,1.0080494336969044,1.0797773654916514,0.008049433696904387,0.05347509967946196,-0.006938666349696976,1,0.06985294117647056,0.08339538346984376,87.10601719197706,0.2892436917015541,2.558463116248893,0.2008931309840547,0.03568973981345115,0.019881490815420347,0.08620689655172535,0.6724137931034461,0.24137931034482854,0.3275862068965539,2023-11-21,2023-11-22,2023-11-22,14.62,14.327599999999999,-0.020000000000000018,-0.023000000000000017,0.012311901504788114,-0.11354309165526666,1.0,stop,0,0
2024-05-28,1D,VSC,15.3,15.38,15.09,15.2,3475842,15.536000000000001,15.523200000000001,1.0008245722531437,0.9848094747682801,0.0008245722531437053,0.0035527420709258184,-0.0013895321908290459,1,-0.02361199744735154,-0.04315196998123827,48.54014598540146,0.02014871693812488,0.9280813715508769,-0.061245699318669966,0.03230625583566762,0.0198206965731742,0.34482758620690035,0.2758620689655166,0.379310344827583,0.7241379310344834,2024-05-28,2024-05-29,2024-05-30,15.41,15.101799999999999,-0.02000000000000013,-0.023000000000000128,0.1362751460090852,-0.039584685269305586,2.0,stop,0,0
2024-10-04,1D,VSC,13.27,13.35,13.23,13.31,1100221,13.52,13.5146,1.0003995678747428,0.981508875739645,0.00039956787474285956,0.0005180196847480723,-0.004229295608606076,1,-0.02855051244509521,-0.02855051244509521,62.06896551724136,0.02454927005520989,0.5170340724683531,-0.49101050667128054,0.01754763698998815,0.00888667407901343,0.3333333333333432,0.3333333333333284,0.3333333333333284,0.3333333333333284,2024-10-04,2024-10-07,2024-10-18,13.31,13.39,0.006010518407212562,0.0030105184072125616,0.037565740045078844,-0.006010518407212673,10.0,timeout,1,0
2024-11-15,1D,VSC,13.54,14.01,13.5,13.81,6547385,13.324000000000002,13.2984,1.0019250436142695,1.0162113479435604,0.0019250436142694408,0.01146284065892389,0.0010689390403637589,1,0.008190618019359608,0.02965779467680596,60.22727272727273,0.07582269865968443,2.218452170847366,-0.5636814378060364,0.02563832032074276,0.022261218605170375,0.5294117647058852,0.3921568627450968,0.07843137254901797,0.07843137254901797,2024-11-15,2024-11-18,2024-11-19,13.54,13.2692,-0.020000000000000018,-0.023000000000000017,0.017725258493352936,-0.1115214180206795,2.0,stop,0,0
2025-01-21,1D,VSC,12.96,13.31,12.96,13.08,2635803,12.613,12.531600000000001,1.0064955791758434,1.0275112978672798,0.006495579175843354,0.02038670010516941,-0.001593422352528684,1,0.006211180124223503,0.0401284109149278,67.4157303370787,0.09771838809061269,0.8870916946614207,-0.05441196782033919,0.023974867724867732,0.013850570343810646,0.342857142857141,0.657142857142859,0.0,0.0,2025-01-21,2025-01-22,2025-01-24,12.96,13.51728,0.04299999999999993,0.039999999999999925,0.095679012345679,0.0,3.0,target,1,1
2025-04-25,1D,VSC,15.91,15.95,15.13,15.41,7154879,13.956999999999999,13.7764,1.0131093754536742,1.1399297843376084,0.013109375453674276,0.0886895475819034,0.005650047448719109,1,0.12042253521126778,0.1613138686131388,75.37091988130564,0.394152395657773,2.19962552548267,-0.04231153898252815,0.04799317590015265,0.01864591294756944,0.6097560975609767,0.0487804878048771,0.3414634146341462,0.9512195121951229,2025-04-25,2025-04-28,2025-04-29,15.91,16.59413,0.04299999999999993,0.039999999999999925,0.19296040226272781,-0.014456316781898182,2.0,target,1,1
2025-07-16,1D,VSC,17.2,17.7,16.75,16.75,19081500,16.919999999999998,16.8978,1.001313780492135,1.0165484633569741,0.0013137804921349524,0.019584212112081945,-0.004348440924839103,1,0.0117647058823529,0.029940119760478945,65.21739130434781,0.09836317295930684,1.6689124879850263,0.02446606320265432,0.03862126245847174,0.028129162397742477,0.4736842105263154,0.5263157894736846,0.0,0.4736842105263154,2025-07-16,2025-07-17,2025-07-18,17.25,17.99175,0.04299999999999993,0.039999999999999925,0.5217391304347827,-0.01449275362318836,2.0,target,1,1
2023-10-19,1D,VSH,37.07,37.49,36.95,37.07,42825,37.498000000000005,37.4946,1.0000906797245472,0.9885860579230891,9.067972454716912e-05,0.005389173391961766,-0.0012466237274049163,1,-0.005633047210300446,-0.02008987575997878,56.03448275862073,0.0712982881769384,1.7780075106026543,1.2480314960629921,0.024972060580369188,0.010972548410051693,0.0,0.7777777777777821,0.22222222222221782,0.22222222222221782,2023-10-19,2023-10-20,2023-10-26,37.03,36.2894,-0.020000000000000018,-0.023000000000000017,0.024034566567647797,-0.04995949230353769,5.0,stop,0,0
2023-11-20,1D,VSH,36.82,37.07,36.82,37.07,3000,36.769999999999996,36.7512,1.0005115479222446,1.001359804188197,0.0005115479222446837,0.006790427687421108,-0.0005493399761772322,1,0.0,0.0,61.712846347607034,0.08805860136300019,0.12085979659296232,-0.7391304347826086,0.026751765344921224,0.01075695653258792,1.0,0.0,0.0,0.0,2023-11-20,2023-11-21,2023-11-23,36.91,36.1718,-0.020000000000000018,-0.023000000000000017,0.03874288810620441,-0.03440801950690864,3.0,stop,0,0
2024-05-20,1D,VSH,44.46,44.95,44.05,44.05,10930,43.61,43.5052,1.0024089074409495,1.0194909424443934,0.0024089074409495265,0.022748592870543982,-0.0006982791095102581,1,0.009307604994324814,0.019724770642201905,84.37500000000001,0.31819142204917455,0.5318812440084283,1.4224290780141846,0.02617119722382881,0.005915183952942602,0.45555555555555677,0.5444444444444432,0.0,0.45555555555555677,2024-05-20,2024-05-21,2024-06-03,44.41,43.92,-0.01103355100202641,-0.014033551002026409,0.0020265705922091204,-0.01823913532988053,10.0,timeout,0,0
2024-10-14,1D,VSH,45.04,45.31,45.04,45.31,2345,45.301,45.27440000000001,1.000587528492923,0.9942385377806229,0.0005875284929230392,0.0034555321741056577,-0.0007548235875749487,1,-0.017666303162486408,0.002002224694104493,51.79282868525889,0.050650514242991,0.10562587270843656,-0.19774204584331168,0.018285333671656964,0.0071492237124976135,1.0,0.0,0.0,0.0,2024-10-14,2024-10-15,2024-10-28,44.95,44.95,0.0,-0.003,0.04004449388209119,-0.004004449388209097,10.0,timeout,0,0
2024-11-19,1D,VSH,46.75,46.75,46.3,46.3,596,45.211,45.133,1.001728225466953,1.034040388401053,0.0017282254669531351,0.009647379351928498,0.0013578335012136566,1,0.025669153137340972,0.04004449388209119,68.18181818181812,0.1842102496604646,0.026516642975202932,-0.45818181818181813,0.016287242169595116,0.008201657436728755,1.0,0.0,0.0,1.0,2024-11-19,2024-11-20,2024-11-21,46.66,45.7268,-0.020000000000000018,-0.023000000000000017,0.002357479639948812,-0.036648092584654846,2.0,stop,0,0
